path,project_path,bytes,sha256,in_frozen_manifest,matches_frozen_manifest
.gitattributes,,193,895d435638c2a294cace85070b15d488eeeb4db02ab17786248c4888982d836f,False,
.gitignore,,161,f81d89e73bce60524a9b252b8e0315f2cd26d11115409954d0dfc8531bad18ba,False,
CITATION.cff,,1181,a0bd275f1048c3ab2f12cb297d09838074998e296fc282a4ef4934f92c659aa3,False,
LICENSE,,1069,035299495fe712ae1321aabd78e5027254fb79687fd4b1afc24a4b6430a76b41,False,
LICENSE-DATA.md,,597,5cab99ec81a5fbbfffae984b236bd643f9c5e5d023b84c0d37638172cd4241e4,False,
README.md,,16623,9f1b0c3075fcace54d239f78f0b23d425c1976c10f1cc83ca168987a9b82feed,False,
certificates/N31_global_certificate.json,N31_global_certificate.json,34696,e4e32dc3595bcaf18ee48df8c95152187c3944d6a61e6980b6efcc3c87d57caf,True,True
certificates/N31_inner_interval_cells.csv,N31_inner_interval_cells.csv,182234,606d366b91c45738a5dcf0bcb1c6c7fce329c8e2ee10889e072edb63b3e2f994,True,True
certificates/N31_interval_cells.csv,N31_interval_cells.csv,7737968,4742a630cb716f0a15507aaf3baef89943e33916a9c6207c968df970904750d0,True,True
certificates/N31_leakage_audit.csv,N31_leakage_audit.csv,8988,8427063721510b8d03f29a385244377c86229445cf7b6e2f8a61c80726f685bf,True,True
certificates/README.md,,2667,6bfb78c2d499455095ebd523bc8f95ffc97783a512b466e16afde089cc161ed7,False,
certificates/arb_full_replay_comparison.csv,arb_full_replay_comparison.csv,26261032,b3dd8fcfb37a6e29e838a866743ab858445521f90ae6958c9884f69784f0304f,True,True
certificates/continuum_global_certificate.json,continuum_global_certificate.json,1644,dcacb366a1a36e65541e216632a178989ec13dbade65522ff12fd587323f785a,True,True
certificates/epsilon_interval_obligations.csv,epsilon_interval_obligations.csv,11155116,051cf004037e9a9e719f0c36712fc0fc47eff8c88f2c6ff83d324eb4d02fdc7e,True,True
certificates/epsilon_interval_obligations_0p035.csv,epsilon_interval_obligations_0p035.csv,11155116,051cf004037e9a9e719f0c36712fc0fc47eff8c88f2c6ff83d324eb4d02fdc7e,True,True
certificates/explicit_N0_certificate.json,explicit_N0_certificate.json,4465,b5fd6cfd4587c193ee5b2e4a35d3bda259bfc7c2f04f4725ba4c107eb438854f,True,True
certificates/finite_epsilon_certificate.json,finite_epsilon_certificate.json,297776,ef3b1cb216d8f45d7dbdbb6be5091cf4cec27f2e90589af4c42f60ed18e0dc61,True,True
certificates/finite_width_epsilon_certificate.json,finite_width_epsilon_certificate.json,4146,763d8eb1aacb6c860f27caad436a9a1daeb92138888c81a8c4ae5849529e5187,True,True
certificates/finite_width_epsilon_certificate_0p035.json,finite_width_epsilon_certificate_0p035.json,4146,763d8eb1aacb6c860f27caad436a9a1daeb92138888c81a8c4ae5849529e5187,True,True
certificates/finite_width_epsilon_certificate_0p035.md,finite_width_epsilon_certificate_0p035.md,3250,4e71bacd9fde3f4c6f784e4d051c476859c378462e664ce1bf4c4df1ec5e677a,True,True
certificates/generalN_certified_instances.csv,generalN_certified_instances.csv,12925,f12aa1bebead58a95506d281de3b211d8b5846e9deb1bd1040abb75835908c54,True,True
certificates/independent_N0_replay.csv,independent_N0_replay.csv,4277615,68edbf8658593752f264e53d3077997cb60b586c9196593bcda47f7ed1c89609,True,True
certificates/independent_N0_replay.json,independent_N0_replay.json,2692,ffe5338d5a9f96ffb0095fc14e726379edbd996a5ae84634f62c19fb0fcdd9be,True,True
certificates/inner_cell_accounting.csv,inner_cell_accounting.csv,851,34fb02a8ec594686e63570179d1c39a26489bc10a2254e00569e1d69f1ed92b8,True,True
certificates/interval_boxes.csv,interval_boxes.csv,10294031,0742238f19b0bd2c7c91a6668cbd9ba4b5671699787fd9036844ae3bfef39dbb,True,True
certificates/largeN_condition_thresholds.csv,largeN_condition_thresholds.csv,2484,8df378042d1cadd0dba98bb738fa84d8e37986a84b482c6d4527e2019d5bd883,True,True
certificates/lower_transition_certificate.json,lower_transition_certificate.json,2890,b3e69d2259878e6cee150cc82906f51d1fc5c5d5b287be7d007efbc74df2f949,True,True
certificates/smallz_global_regimes.csv,smallz_global_regimes.csv,518,fb126efc0e8e145b8519f05f4e9faba636c324a757e721fce1f0dea670f296a7,True,True
certificates/stage11_N31_poison_test.json,stage11_N31_poison_test.json,881,3428b7c11c200644a86117212b42b1e33fd62916dc31676bea759c37a219659a,True,True
certificates/stage12_generalN/N11_certificate.json,stage12_generalN/N11_certificate.json,16129,97d51f7be0ceaa7dae273e0c5c6d90aa7f714249c0682c4c022ca783f4407ecb,True,True
certificates/stage12_generalN/N11_partition.csv,stage12_generalN/N11_partition.csv,770357,822965c657a2fe0830c4837e350c6bfcd0b9474639e81b116019a6e9501a16ad,True,True
certificates/stage12_generalN/N11_reference.json,stage12_generalN/N11_reference.json,2399,e56c6c82aa6cdf7c4b54b62d90b33ce6bc13eb36abffa210a328dc78eb3f33b1,True,True
certificates/stage12_generalN/N11_roots.csv,stage12_generalN/N11_roots.csv,6080,88ae09538391971b3117cab600f2b513664e19a27d4a4a9ecd1714a01081f152,True,True
certificates/stage12_generalN/N15_certificate.json,stage12_generalN/N15_certificate.json,20394,cf1f8065e11c40f70414fbd6985874257ee5bcdee7d5891e863c7638afdd612c,True,True
certificates/stage12_generalN/N15_partition.csv,stage12_generalN/N15_partition.csv,818720,711a2afe4cd849e10ad4fe413913f8c7f5d75e26515b3d023f2506692927b6aa,True,True
certificates/stage12_generalN/N15_reference.json,stage12_generalN/N15_reference.json,2400,439fd71cd75eb8ca1027ea10ae1a255ff4d1654bc2e50d46cd8ea2bf6fc8bb0d,True,True
certificates/stage12_generalN/N15_roots.csv,stage12_generalN/N15_roots.csv,9105,c088c4d747c727d3087c87e0d3956c396527c9cae535083afbde2f268da4bfac,True,True
certificates/stage12_generalN/N21_certificate.json,stage12_generalN/N21_certificate.json,26733,bf9c60fec2aec115466bc8c04c87274df3cff60b9f6ae9de71d4613c62c2196b,True,True
certificates/stage12_generalN/N21_partition.csv,stage12_generalN/N21_partition.csv,832567,1bbc2b1aa1209390d2924ba102c8ab35aba4f448673faca1f3067b3e2f263228,True,True
certificates/stage12_generalN/N21_reference.json,stage12_generalN/N21_reference.json,2392,5b8643337a4d55bf8ab0350b6eabd77c8b02a832c4e99776387d5abd61df8028,True,True
certificates/stage12_generalN/N21_roots.csv,stage12_generalN/N21_roots.csv,13575,4c84cc01da651745386bd39153246abcc9e5bac3068372884dc5f870a0e41899,True,True
certificates/stage12_generalN/N31_certificate.json,stage12_generalN/N31_certificate.json,37372,b3b1111938815d637b6cf66058d7fa9122bd06392f42e9bcee4fa54be7105ef9,True,True
certificates/stage12_generalN/N31_partition.csv,stage12_generalN/N31_partition.csv,890157,5da780e373dbc61a23ddc2cab847c206a0abab8621099905a0d4aeb8cf8de65e,True,True
certificates/stage12_generalN/N31_reference.json,stage12_generalN/N31_reference.json,2395,f3798d9ef43451dcacac7876691b1c4616d849128a676cd1fc0d30ba3bb46d76,True,True
certificates/stage12_generalN/N31_roots.csv,stage12_generalN/N31_roots.csv,21104,cc7e0722eff0d0d55178a96fc528afedcdaf49e09a87780f7da5e00dc76446e0,True,True
certificates/stage12_generalN/N41_certificate.json,stage12_generalN/N41_certificate.json,48065,ddc906b23b558bc6bb5b63bfebaefe6e640f87c54a861e68d88a02f629aff15c,True,True
certificates/stage12_generalN/N41_partition.csv,stage12_generalN/N41_partition.csv,977591,58a9d4b76f9e1ac764fd1e0a43448de5988511731ad5cdb9a58db2919e3960a0,True,True
certificates/stage12_generalN/N41_reference.json,stage12_generalN/N41_reference.json,2392,ec7acdd2cad4d8099f560e1c989c85b32570bdb1b34c1179aacd5e0fe96ff5ca,True,True
certificates/stage12_generalN/N41_roots.csv,stage12_generalN/N41_roots.csv,28667,33ccbb4baaf80c2b960ec011270758f8aae0d48a2b2d8b6b775816c976529a1a,True,True
certificates/stage12_replay/N21_predicates.csv,stage12_replay/N21_predicates.csv,15224048,60d3965cc9270a7889fc336784e8a9c91334fbc11fdaebe23fe354a90bbb9342,True,True
certificates/stage12_replay/N21_refinement_leaves.csv,stage12_replay/N21_refinement_leaves.csv,48525,72993123e66d6434aa2254b31cb03e158f17f1aad0b69d154b9fffd04df8cec2,True,True
certificates/stage12_replay/N21_summary.json,stage12_replay/N21_summary.json,724,5be6cf2a5753d273a4a5a9b47df42e8b6a76757095c98a96bda3339ddd344a61,True,True
certificates/stage12_replay/N31_predicates.csv,stage12_replay/N31_predicates.csv,11037063,264e4edc75dfd985cc9f46578751503216b636933e97879f42c4be4b15dc4123,True,True
certificates/stage12_replay/N31_refinement_leaves.csv,stage12_replay/N31_refinement_leaves.csv,16974,c0a39abb752db1b58558649b955bfd0cef1f595fbfbd1e8cae26eaf6828c5ce2,True,True
certificates/stage12_replay/N31_summary.json,stage12_replay/N31_summary.json,647,62c290ea1d0be27024d846b778813c43c92133b8b18ecac51ea033b552b45eb6,True,True
certificates/stage12_replay/coverage_audit.json,stage12_replay/coverage_audit.json,4184,c1b616faae0c4293ae1cee16dc2badea31d28678319d7a60dcc9edac78bfd2a1,True,True
certificates/stage12_replay/refinement_coverage_audit.json,stage12_replay/refinement_coverage_audit.json,75412,b780c6c8caf946c76614a03002e4865203d796f30009fbece8f63f2df1136548,True,True
certificates/stage14_continuum_candidate.json,stage14_continuum_candidate.json,1118,2f0790b7101783d05a68ae0e84c51256d585655b9117f8db0d5b857988b7b8f9,True,True
certificates/stage14_continuum_candidate_roots.csv,stage14_continuum_candidate_roots.csv,3934,039de3012e96b2b9c885830e0e38ba224a07aff08840f456bcfc27c8f8625f94,True,True
certificates/stage14_continuum_endpoint_interval.json,stage14_continuum_endpoint_interval.json,2263,c483c7c1a73f5cef0f52344001887a0c4d1270c920b284d9d445b84a6e886c56,True,True
certificates/stage14_continuum_global_partition.csv,stage14_continuum_global_partition.csv,1309298,fbbd7c1bb802ce2e2d16c46a438d4a9f4be7f347809a44f51dfa9c72eeafa3e5,True,True
certificates/stage14_continuum_global_replay.json,stage14_continuum_global_replay.json,505,ef916447b24cacf5201e5634277e4385957b4484ddc95184d751ca85fd05db5c,True,True
certificates/stage14_continuum_global_roots.csv,stage14_continuum_global_roots.csv,814,ee4701102fd594f9ee6e659c3f49ab8fbf2978ab4f9dbee5b3a67139e2ff42fd,True,True
certificates/stage14_continuum_local_interval.json,stage14_continuum_local_interval.json,3378,75f267b2525171efba34b7b93889a6f1ccb1d964c7e76087bd1f37fed45629dd,True,True
certificates/stage17_epsilon_coeff_crosscheck.json,stage17_epsilon_coeff_crosscheck.json,111,c6e68e309b85623b53e54f48ad1f494450ee67afe57105424672d4c9441304c0,True,True
certificates/stage17_epsilon_coverage_audit_0p035.json,stage17_epsilon_coverage_audit_0p035.json,432,86cd039c1f9d8cc9bca6544ea47d66b34dbc9e3abd1ff6992bc405ebf93279e4,True,True
certificates/stage17_epsilon_joints_0p035.json,stage17_epsilon_joints_0p035.json,4841729,fb19eef324f26047f100a559c9f350365e3504172cfd984f36049b98ff641f5e,True,True
certificates/stage17_epsilon_outer_refinement_0p035_14287.json,stage17_epsilon_outer_refinement_0p035_14287.json,8833000,4f200b24ec506106bc893b01f3b0a8944db30f7863c9ec9b12cb41cd06c3319b,True,True
certificates/stage17_epsilon_quadratic_trial.json,stage17_epsilon_quadratic_trial.json,385,5bc94a53d86393d7b664d0f3446af981bcc9ee738baef2d5a1e16f1fdd978087,True,True
certificates/stage17_epsilon_root_tiling_0p035.json,stage17_epsilon_root_tiling_0p035.json,17272712,912169c24fc8edfbc43c914fe7e60d53e9f16f0e9edbbf5d79ff81f524e35859,True,True
certificates/stage17_interval_trial_N10001.json,stage17_interval_trial_N10001.json,4261,2918b006722919efc5f8430d0f43e5963c20ae9cc224e141b0aaa7716c236c84,True,True
certificates/stage17_largeN_margins.json,stage17_largeN_margins.json,3361,ee30201f1dc3766306b4ab0cd07796c095913cac628b86e426138cd86379ed9e,True,True
certificates/stage17_refinement_N10001.json,stage17_refinement_N10001.json,1842,6dc13acef29e5a5536d656e5d6fc41c950ea2556ea84eaa46e1cdc0ecdb1eea0,True,True
certificates/stage2_cell_audit.json,stage2_cell_audit.json,2310,247ab80539e6f26f8d090f09e6a290e0d7d246fa71101e31a2978f2b1a63a53e,True,True
certificates/stage2_crossing_global.json,stage2_crossing_global.json,830,b13476a1d8636b28e8c5ec3cb9873428b9c37abffa3bfd3965e6c887c8b1aacc,True,True
certificates/stage2_crossing_interval.json,stage2_crossing_interval.json,3600,1ee57a6763e4218f84556bfced9eebb7ef0670374b1e792c3177c1d2a499b958,True,True
certificates/stage2_inner_cells.csv,stage2_inner_cells.csv,435558,4a1765a36778398788bbfa13041908a7597b39ab01984b2648a8bc00c4f1bbee,True,True
certificates/stage2_local_interval_checks.json,stage2_local_interval_checks.json,22616,2db99ba83ada3b1ed813f193b44e76f7619055435485490548f1469a6309cd97,True,True
certificates/stage2_reference.json,stage2_reference.json,4054,8e1f7d9d4081b80abf3d876586c64cabfb42786c1a0edfbb169a458310b1e78d,True,True
certificates/stage3_tangent_reference.json,stage3_tangent_reference.json,2392,5b8643337a4d55bf8ab0350b6eabd77c8b02a832c4e99776387d5abd61df8028,True,True
certificates/tangent_cost_vs_lambda.csv,tangent_cost_vs_lambda.csv,6138,b9356c630effa01b47d8614ce9f86118486a6d719797ebfd54e53adf8c531199,True,True
certificates/tightened_N0_certificate.json,tightened_N0_certificate.json,7032,5d2fdf933228f50768a0c83f1818d03fa745171ff029b767ccb2d595130b18db,True,True
certificates/validated_globality_certificate.json,validated_globality_certificate.json,23992,a3d6c4e381a21a7fa75ccd362d5a6a8478d1c14d24b680d1222da747b54aabb3,True,True
docs/CODE_README.md,CODE_README.md,2045,1359461d18601253d100b5ea5313487632ab0d00ef671a36a20f1864f4d03176,True,True
docs/EVIDENCE_LEVELS.md,,9872,cfd9896f8ef725ce0a35771a49e0d87838b5c92ac186da4c354f6adf9ae235c6,False,
docs/REPLAY_COMMANDS.md,,4565,27278f1faaf4432a7c16d5b1b5a9c8ad2bc90aeb17d9e8e400fc24e91a5a1d23,False,
docs/REPRODUCIBILITY_README.md,REPRODUCIBILITY_README.md,46431,64510983fdceffb5f78bf7092ae732f7f80c8433d58107bca2ac05a567fb5db6,True,False
docs/technical_notes/ARCHIVE_NOTE_N31_CERTIFICATE_REVISED.md,ARCHIVE_NOTE_N31_CERTIFICATE_REVISED.md,1291,5239b9a8d6e4474d36a072c615fbba3225cd2f13346e2f83ef1315f5252fd427,True,True
docs/technical_notes/N31_global_certificate.md,N31_global_certificate.md,6320,1fc9ddfda353fdc71004fbcc8fe104ac2cd08267923632d9fc2143f65ce1a808,True,True
docs/technical_notes/N31_leakage_audit.md,N31_leakage_audit.md,3214,4a2b543a7bc616d6b08e1ef87016559d527fc40cf7103338d7ff1629a774843c,True,True
docs/technical_notes/arb_full_replay_N21.md,arb_full_replay_N21.md,2745,f12269e47111807287ffc72ec062e3c78e3ba60e894a78aecf44523461c1e779,True,True
docs/technical_notes/arb_full_replay_N31.md,arb_full_replay_N31.md,2678,8ca3d8e33761c6dc7f414b900f0da9c8e5bccc7e6650359831fd78972de5a196,True,True
docs/technical_notes/b_dependence_analysis.md,b_dependence_analysis.md,5099,7e960018c1abb71f57caaa634aa3def6a996096f8cbdd4c1e476cc9e205b2c3c,True,True
docs/technical_notes/branch_continuation_interpretation.md,branch_continuation_interpretation.md,3398,14c1b499065e9c5dfd0fec1aa72be0a7fb7495e4b59d459d68e8a9bead6f69f9,True,True
docs/technical_notes/continuum_global_certificate.md,continuum_global_certificate.md,3412,1f86ccf5ec057320bd236fd4160475b8aee28975de297ac1f7fb32037dff1144,True,True
docs/technical_notes/explicit_N0_derivation.md,explicit_N0_derivation.md,6088,a7c7b0451910900dba09a85b2635fd72251c6aa3f8e4b93dd3b06614f28bfa60,True,True
docs/technical_notes/finite_epsilon_certificate.md,finite_epsilon_certificate.md,2907,0398ce04997ae10a29b14d616cd58486e98c696211f12fd5c9cb875b099e2748,True,True
docs/technical_notes/finite_width_epsilon_certificate.md,finite_width_epsilon_certificate.md,3250,4e71bacd9fde3f4c6f784e4d051c476859c378462e664ce1bf4c4df1ec5e677a,True,True
docs/technical_notes/fixed_delta_scaling.md,fixed_delta_scaling.md,5032,4b06dea09fe9423dc9fba95e0f4f77f85caafe28befac75b734dca6bd3482894,True,True
docs/technical_notes/full_second_backend_replay_summary.md,full_second_backend_replay_summary.md,1434,2f83b54534fe96abc1f209f3b8ae2224c77ddfa6492b16af8f460dba691093e0,True,True
docs/technical_notes/generalN_conditions.md,generalN_conditions.md,3413,02ccb66cf7cf515c0aaf00f6c195f9134a441ec2d914324f564fd0d0892a8d0f,True,True
docs/technical_notes/generalN_theorem.md,generalN_theorem.md,4357,778cae9f8e38d1ada70f79356b6e30805e66ef32e9596370338be316f48629fa,True,True
docs/technical_notes/independent_N0_replay.md,independent_N0_replay.md,6328,3b95c138d2baa7360fa905763ffc319446cb57382bc3daad014b62926a51b6f1,True,True
docs/technical_notes/inner_cell_accounting.md,inner_cell_accounting.md,2649,2d6203379ecc847558169b2cf94dacfe1eb0ea7df7efe68c0b320c98ac698631,True,True
docs/technical_notes/kappa_scaled_phase_theorem.md,kappa_scaled_phase_theorem.md,5528,62bd19487171982029d716729c22e1dc222d54a38621797901210e1b1d7f3799,True,True
docs/technical_notes/lambdaN_asymptotic_fit.md,lambdaN_asymptotic_fit.md,2570,ccf5ab9dafdbbe636238650b2f1bfd517e16081fafdd8e34cf26f47c7ad8264a,True,True
docs/technical_notes/lambdaN_asymptotic_theorem.md,lambdaN_asymptotic_theorem.md,2898,a523f334e6383b9421e5c676ba09b5286236056a2bd875ae308b97d918b45fc0,True,True
docs/technical_notes/lambda_asymptotic_independent_check.md,lambda_asymptotic_independent_check.md,3318,998d37bf0bbaec503d72efd0fddb0f5cd75b643d8a2a847eaf8709a69a0f493c,True,True
docs/technical_notes/largeN_expansion_derivation.md,largeN_expansion_derivation.md,3828,3f41187a38deec6d78f138f3f0161693fed59e791994728e937aff8c9263d507,True,True
docs/technical_notes/largeN_persistence_theorem.md,largeN_persistence_theorem.md,3965,19bd9443324f9188efed6a7ad38060f658c2e8029eba3ea341326e61ffd39e1a,True,True
docs/technical_notes/lemma_both_central_limit.md,lemma_both_central_limit.md,2055,0d15549fce52f27661bba23ee4e6984b1b174954d18c6b8d9407bd8e5333d0e9,True,True
docs/technical_notes/lemma_compactified_subspaces.md,lemma_compactified_subspaces.md,2094,172df9b91e6ff8acf88ae21c78139dc469fa1477398ddf75554dea9eb1742417,True,True
docs/technical_notes/lemma_one_central_scaling.md,lemma_one_central_scaling.md,1904,179793054433d1c0e9eb8cf438e824af88267bbd014b3a9a01bb7a0636bec852,True,True
docs/technical_notes/lower_transition_certificate.md,lower_transition_certificate.md,3140,6a554261c6df1a81af7011982d2d837f80f646f9415411630547820ca21fa9f2,True,True
docs/technical_notes/order_selection_sanity.md,order_selection_sanity.md,3561,023f124f9c6594126c7775bbaa4ce15c4be965b9d4c4c1e151f08be4fdd498a6,True,True
docs/technical_notes/p_bridge_certificate.md,p_bridge_certificate.md,4873,00601bf8b4ccca4433d762987a5315f54f3367aef44c7d6da92e64ef16b3275f,True,True
docs/technical_notes/quartic_conjugation_audit.md,quartic_conjugation_audit.md,861,c83095d5a657a8ce50fcd252fd61a4156c335d82e0f39535831c043f3e59d5a7,True,True
docs/technical_notes/quartic_term_source_audit.md,quartic_term_source_audit.md,1575,c053224535aff77c23b98fbd6f979471a5ca85df9d5532636954df5796454ecf,True,True
docs/technical_notes/strong_pair_phase_analysis.md,strong_pair_phase_analysis.md,4280,3792afe8e025205de35becdd1e36874ce5f9d2a71706ed313dcda9334b6199e7,True,True
docs/technical_notes/structural_stability_corollary.md,structural_stability_corollary.md,2741,287dcd233a62f164717c03e1e839edfecf199dcde962b1eac6c298de1359f334,True,True
docs/technical_notes/theta_factor_audit.md,theta_factor_audit.md,1390,c0cb8a1bc824ed223671eb5f67f5a860babcd054ed148e23df5a3c1ce330181e,True,True
docs/technical_notes/tightened_N0_derivation.md,tightened_N0_derivation.md,5562,1a27512397c204fa1f6965758c3e0b7c512844fa0d14d8d160e49bf5c55d0f51,True,True
docs/technical_notes/validated_globality_certificate.md,validated_globality_certificate.md,6181,26a71f4be6e244068f6c47f5437691290185492e8e81d6de9d24c66cb4f44a31,True,True
environment.yml,,198,6dd7c9a3648679f8ff40df3d9a164511410f61f52f337d3275d98e7b0cbd7113,False,
examples/README.md,,833,c12e1daf4f93f86eb1b207acdee574a51388edbbbd1c007c7e5b8059fe6d403a,False,
examples/inspect_certificate.py,,1423,37f4c18ce8ee88ab971fa35597a3f68b46870ca7cfe4ddb41ee7be12b202cae0,False,
examples/redraw_figures.sh,,154,fe2b72c661e490aebc7c939406a5b02cce326e15f19e40bb7e579e11df238ffb,False,
examples/replay_all.sh,,156,7e00b71ec607a98ee876e5dbb31511c6f793f4e903297eafab04dd8622382eb7,False,
examples/replay_finite_width_interval.sh,,175,3fc95ff101efada45565cbfeaeeffe5842ae177ca09586a2a7c0d4d16b8fc108,False,
examples/replay_independent_arb.sh,,187,ce960b9c36a4c6a490a54b727221a31e9d910b4ffd39e245a19bf9ec746576ea,False,
examples/verify_integrity.sh,,181,b259929c41734213fb9d61b37efb5a9cdd740d6fb0d5ee647c830e23a009b051,False,
manifests/README.md,,888,3925e3a3b57b4b19ed121cdb9d293277c4e4ccda610114fcccceae052eb5c1bd,False,
manifests/historical/artifact_manifest.csv,artifact_manifest.csv,9235,7581048f887fef9ef12c63596c76fb2c24f487d4017d5dea0d1f2359d7ebd623,True,True
manifests/historical/stage12_artifact_manifest.json,stage12_artifact_manifest.json,14320,96987351c9fbc7bb9c023aa430a11a2fee4abdca3af5e9af3a13b4918ee2980e,True,True
manifests/historical/stage17_artifact_manifest.csv,stage17_artifact_manifest.csv,5861,1fa867de14f08dab93c7584881efc25d0dcfedea104999a54a98b814ce03ae96,True,True
manifests/integrity/integrity_check_end_of_validation.json,paper/freeze_records/integrity_check_end_of_validation.json,160,34d71429b09c0b40b0958d41ff89407075c63876d75087c529ac1d308791e6d8,False,
manifests/integrity/integrity_check_final.json,paper/freeze_records/integrity_check_final.json,1506,9cb7bfc506f43aeae3f7ed93db88b8c7f7cb1a38394076a698316c6ee27007e6,False,
manifests/integrity/integrity_check_postmove_wsl_2026-09-28.json,paper/freeze_records/integrity_check_postmove_wsl_2026-09-28.json,557,83beb194fcfe9c8039dddb08f578f8519565faac6febeb167182c522d3000d2d,False,
manifests/integrity/integrity_check_run1.json,paper/freeze_records/integrity_check_run1.json,1506,d1a3e4c1c7d4a6edc4d3af6d09ca40ab1e3287aeb59dee1545688a7c4c3e58ab,False,
manifests/integrity/integrity_check_stage25_2026-09-28.json,paper/freeze_records/integrity_check_stage25_2026-09-28.json,1268,af60dfb392420eb649fd5167ebeed742c1863e391f4296ebd11241f7c89d856e,False,
manifests/stage24_freeze_diff.json,paper/stage24_freeze_diff.json,4641,9c2aae94eeb08ff95ae5dc8e0ce968e44c252f688ef9529c4c20a2fe449c149c,False,
manifests/stage24_revision_manifest.csv,paper/stage24_revision_manifest.csv,5582,968d3105e5ed36200a3fb9dfef9b63fc1cd3127ce276bb71d4902e2f30342f95,False,
manifests/stage25_revision_manifest.csv,paper/stage25_revision_manifest.csv,11798,935e5b58404ea9fc5cfca18a02e220f1d100790d2e758e52b2cc3b431daf7707,False,
numerical_validation/README.md,,2005,51eb691f30f3190cf32e739ec3c2209a22d2ebf692fcd950719fca06b6e3b0af,False,
numerical_validation/adversarial_overnight/AMENDMENTS.md,validation/adversarial_overnight/AMENDMENTS.md,4691,d5a0b89804645cbf0b61033d57855162d547f0c8bb0e62090b8aa7d9f07972dc,False,
numerical_validation/adversarial_overnight/FREEZE.md,validation/adversarial_overnight/FREEZE.md,12465,fe359b352c5f7904e859b9e1b2f46009fbec4598c3b9ad16daf42d9c3b1d0649,False,
numerical_validation/adversarial_overnight/PREREGISTRATION.md,validation/adversarial_overnight/PREREGISTRATION.md,16536,013f43fe3eae10f36b421698d6c4449fa57ac8e3637a066bc7b777cb04d45c9a,False,
numerical_validation/adversarial_overnight/RESULT_MATRIX.csv,validation/adversarial_overnight/RESULT_MATRIX.csv,48343,69435b1537d20ee4983e6257e0da591713e092e1493b056a1db92c248574edf8,False,
numerical_validation/adversarial_overnight/STATUS.json,validation/adversarial_overnight/STATUS.json,5805,5c5d5e41419eedc21b69fe4369d4632245f441e68974de7ea6e1b55ed36ae602,False,
numerical_validation/adversarial_overnight/_smoke/out/analysis/smoke_N15_rect.json,validation/adversarial_overnight/_smoke/out/analysis/smoke_N15_rect.json,148988,1e4c62b72984d2e122dfcba2852cc80b5405f68d0474a3f04884eb8785aa4492,False,
numerical_validation/adversarial_overnight/_smoke/out/scan/smoke_N15_rect.json,validation/adversarial_overnight/_smoke/out/scan/smoke_N15_rect.json,570880,7631d44785b00a0013cc1e1d3b7afffbd423018fbdf0b830a2eaf26c1f3ff894,False,
numerical_validation/adversarial_overnight/_smoke/smoke1.py,validation/adversarial_overnight/_smoke/smoke1.py,810,22da85a905cc4ee35428814671980bdab576766b54637b324fc39aef2ef3978c,False,
numerical_validation/adversarial_overnight/advcore.py,validation/adversarial_overnight/advcore.py,17854,6c71a72c3418ac8028a4003fb7a39454d883adc87b442d786e99937149b23f83,False,
numerical_validation/adversarial_overnight/advcross.py,validation/adversarial_overnight/advcross.py,9399,970ea663ae3d94a5a92be588d822f339b49148561f84edf2490f23ebb0a053b3,False,
numerical_validation/adversarial_overnight/advrun.py,validation/adversarial_overnight/advrun.py,8330,2660673a13aefc40addc7fb597c1d2a1067aa7a4b65261877f54a86c23dbff46,False,
numerical_validation/adversarial_overnight/advtangent.py,validation/adversarial_overnight/advtangent.py,8521,71e03a3412e58ce6ef149b6c4893e0d7050bb86ceb9fd6f6c720bcbb40bc6c35,False,
numerical_validation/adversarial_overnight/bcert_arb.py,validation/adversarial_overnight/bcert_arb.py,13640,4b80cc40b5eef62616c211a32f60ddc42eba74a35d6886761e482789b5ae4caa,False,
numerical_validation/adversarial_overnight/bcert_block.py,validation/adversarial_overnight/bcert_block.py,8996,9cf78ee5a55c6c0b25f82f7bf6d9e2e5b308e9c7e6032535a534b03b95dc1ec6,False,
numerical_validation/adversarial_overnight/bcert_primary.py,validation/adversarial_overnight/bcert_primary.py,14676,efea3ca93b65e34baa79e48b9e586e497e76bddf5e1e5497b56328feb8211a66,False,
numerical_validation/adversarial_overnight/freeze_manifest.json,validation/adversarial_overnight/freeze_manifest.json,151285,1410a153ff894bec997005f830c6e41e89a431d3dfa7bfd2be14dd4b26709ab2,False,
numerical_validation/adversarial_overnight/integrity_check.json,validation/adversarial_overnight/integrity_check.json,1506,9cb7bfc506f43aeae3f7ed93db88b8c7f7cb1a38394076a698316c6ee27007e6,False,
numerical_validation/adversarial_overnight/logs/stage0.log,validation/adversarial_overnight/logs/stage0.log,287,a308bb6fbb8238fe9cc6ef4bd03b444f8f3a0bf49cc0f7412ebac9ceb44b973a,False,
numerical_validation/adversarial_overnight/logs/stage1.log,validation/adversarial_overnight/logs/stage1.log,277,a21b3f2775b21d835e2b470c40115955372fc6b19e44359e950f321d6f20b142,False,
numerical_validation/adversarial_overnight/logs/stage2.log,validation/adversarial_overnight/logs/stage2.log,414,78b122195f5e7cd876d64498269e68a2b4631190524c347f1153db263639e328,False,
numerical_validation/adversarial_overnight/logs/stage3.log,validation/adversarial_overnight/logs/stage3.log,2188,30a5cbe483f95b12a056c35bb1f82f43494abfce9530402d5f108dc23d62307e,False,
numerical_validation/adversarial_overnight/logs/stage4.log,validation/adversarial_overnight/logs/stage4.log,232,7113c1a8b5c09cd31649cad087be34e47fdeb1dd9f708c03c8489699ad940086,False,
numerical_validation/adversarial_overnight/logs/stage5.log,validation/adversarial_overnight/logs/stage5.log,192,f67126e0ef97accdd039796a69857cecff7b25d5d9746624b929e6da2d9b0374,False,
numerical_validation/adversarial_overnight/logs/stage6.log,validation/adversarial_overnight/logs/stage6.log,1934,b72a3ef42c0f209411927923d6614a7e561bb230480a8fa8e98e4aab6b072b61,False,
numerical_validation/adversarial_overnight/logs/stage7.log,validation/adversarial_overnight/logs/stage7.log,428,08a028abb949a7de03c074eaaf4a1527db5989b74e953ac3e913e753c9d5826d,False,
numerical_validation/adversarial_overnight/logs/stage8.log,validation/adversarial_overnight/logs/stage8.log,158,a47413db6433b6d00e321f920c455e2dfdfd8115e2345035360763f1e8af6ebd,False,
numerical_validation/adversarial_overnight/logs/stage99.log,validation/adversarial_overnight/logs/stage99.log,15300,984d2f31f6bbc5f0f5cb37d628cf6fb0be3f6c75c066c3759aba33bd1281f34b,False,
numerical_validation/adversarial_overnight/matching_language_audit.md,validation/adversarial_overnight/matching_language_audit.md,6039,82611b824036281a0ce45820807e333fb0731f37c39405bd83738c35bfeb0ba9,False,
numerical_validation/adversarial_overnight/numerical_invariance_report.md,validation/adversarial_overnight/numerical_invariance_report.md,7092,6e859e465a3acdda3a9872ee899038e2429af31a794535cc4aa405771a5b2640,False,
numerical_validation/adversarial_overnight/overnight.log,validation/adversarial_overnight/overnight.log,21386,f017242028c0408449c800816f8fb4d68fa9acf06f887e5deaa9c1fb43562c89,False,
numerical_validation/adversarial_overnight/prereg_hash.json,validation/adversarial_overnight/prereg_hash.json,425,eecf924384db469ef7f645634d4e4f14ea5b6d77dd1e3fc22d35926a7170cd07,False,
numerical_validation/adversarial_overnight/run_all.py,validation/adversarial_overnight/run_all.py,2784,c7d79382c5f4b44d4f54d9b6272f0f8213d4ab57a06f4b907fb2f65f1189dafe,False,
numerical_validation/adversarial_overnight/run_all.sh,validation/adversarial_overnight/run_all.sh,406,d200f284cf45ff47e6190d170fa7dbc4ef3f8509b270dbb79d5e649a63038ec4,False,
numerical_validation/adversarial_overnight/s0_baseline.py,validation/adversarial_overnight/s0_baseline.py,6065,675ba96e45bcc2ef21568a385c3705a6e219f3f52a7e1105bfd3f166e3691f72,False,
numerical_validation/adversarial_overnight/s1_window.py,validation/adversarial_overnight/s1_window.py,9187,0baff96dbbb16d39dc4e8385a78a3765565702717f45d13fde00d44464b14c9f,False,
numerical_validation/adversarial_overnight/s2_phase.py,validation/adversarial_overnight/s2_phase.py,14077,4bc998c6074eeeca2f4b6bbbf1a2ff89b0fdea235f9f820e6f620582bbb188fe,False,
numerical_validation/adversarial_overnight/s3_bwidth.py,validation/adversarial_overnight/s3_bwidth.py,6495,3d75b8905d861ca7818059eae3749ca8da3448ea1411c9595065de4f9262c908,False,
numerical_validation/adversarial_overnight/s3b_bcert.py,validation/adversarial_overnight/s3b_bcert.py,7065,e9cf2a4330682ebfe6a747853eba3c6239b950ab81968622510ab53706304845,False,
numerical_validation/adversarial_overnight/s4_imbalance.py,validation/adversarial_overnight/s4_imbalance.py,3610,49ceeaeed8e9b93e95a5dca81261a4ca0ac8a1d79095e5c88957dcaf9795999b,False,
numerical_validation/adversarial_overnight/s5_matching.py,validation/adversarial_overnight/s5_matching.py,2949,244810f715a997c8c87fd37af6b746d596026fa9460430fbda5cbaebae614b17,False,
numerical_validation/adversarial_overnight/s6_noise.py,validation/adversarial_overnight/s6_noise.py,18710,fca7abdd0d63a8aadc77d723c72a7b038d5b91eb8a5cf396468ad2e861a35303,False,
numerical_validation/adversarial_overnight/s7_numinv.py,validation/adversarial_overnight/s7_numinv.py,14395,88a56fb7ae314ac61438b6e9f49b02971300b18248650690a9e0bf1be119bcbf,False,
numerical_validation/adversarial_overnight/s8_real.py,validation/adversarial_overnight/s8_real.py,5414,6a075ad4cacfa5297e73841ea719ba75334953fba3d8b2438c8c704406a77146,False,
numerical_validation/adversarial_overnight/stage0_baseline/BASELINE_REPORT.md,validation/adversarial_overnight/stage0_baseline/BASELINE_REPORT.md,4068,1bd913f13b17b080c4870939a8c23700246719307bdecf26d070be94e182785c,False,
numerical_validation/adversarial_overnight/stage0_baseline/analysis/S0_baseline_rect_N21_z2_b10.json,validation/adversarial_overnight/stage0_baseline/analysis/S0_baseline_rect_N21_z2_b10.json,148786,c40bcbdfbd536e2c0a82bd65169ee175e8aa5c3e19b317d03b8b70bc91fa7444,False,
numerical_validation/adversarial_overnight/stage0_baseline/baseline_numeric.json,validation/adversarial_overnight/stage0_baseline/baseline_numeric.json,3569,2b5b7944fddb5881084967af25f5ffc3cc978ab42a7debc2402c3b437eb72cf3,False,
numerical_validation/adversarial_overnight/stage0_baseline/replay_comparison.json,validation/adversarial_overnight/stage0_baseline/replay_comparison.json,15741,ae3143ed4e7b85091bbb3a78cb29962610959f719ca0abdf77342487a37ce2fa,False,
numerical_validation/adversarial_overnight/stage0_baseline/replay_logs/R1_arb_finite_z__stage12_cover_audit.log,validation/adversarial_overnight/stage0_baseline/replay_logs/R1_arb_finite_z__stage12_cover_audit.log,4226,5ba0356e0e37b57caac10737f674b5134a476d3bdc9448af8db7abeee9c04f79,False,
numerical_validation/adversarial_overnight/stage0_baseline/replay_logs/R1_arb_finite_z__stage12_full_arb_replay_21.log,validation/adversarial_overnight/stage0_baseline/replay_logs/R1_arb_finite_z__stage12_full_arb_replay_21.log,1539,a4523cf2dbbe4e3b70ed382399e387b8bc502e497f3257245bd9eeb403ee0568,False,
numerical_validation/adversarial_overnight/stage0_baseline/replay_logs/R1_arb_finite_z__stage12_full_arb_replay_31.log,validation/adversarial_overnight/stage0_baseline/replay_logs/R1_arb_finite_z__stage12_full_arb_replay_31.log,1190,58a0f84dbd5c0b522ec08e43805d12fba2a5acf4f04999d0812bf934ee5a68c4,False,
numerical_validation/adversarial_overnight/stage0_baseline/replay_logs/R2_generalN__stage12_generalN_11.log,validation/adversarial_overnight/stage0_baseline/replay_logs/R2_generalN__stage12_generalN_11.log,1718,8ce96c62b11c98ba694340b14251d4d146301adf14482a40d4b9a384631a7ccd,False,
numerical_validation/adversarial_overnight/stage0_baseline/replay_logs/R2_generalN__stage12_generalN_15.log,validation/adversarial_overnight/stage0_baseline/replay_logs/R2_generalN__stage12_generalN_15.log,1684,7c03e1e9e2765e2ef5cc7242d13a6787525ed037d98ee9ce6f47daac96cbdbf7,False,
numerical_validation/adversarial_overnight/stage0_baseline/replay_logs/R2_generalN__stage12_generalN_21.log,validation/adversarial_overnight/stage0_baseline/replay_logs/R2_generalN__stage12_generalN_21.log,1745,e84236e59d5b155e2c89986ea9e22c4a3afd583d2957acea1ff766f3bed082c9,False,
numerical_validation/adversarial_overnight/stage0_baseline/replay_logs/R2_generalN__stage12_generalN_31.log,validation/adversarial_overnight/stage0_baseline/replay_logs/R2_generalN__stage12_generalN_31.log,1705,cb3c04c23c10170d5338619a92659705f5c9d75001a6880cf2994c910be49ae8,False,
numerical_validation/adversarial_overnight/stage0_baseline/replay_logs/R2_generalN__stage12_generalN_41.log,validation/adversarial_overnight/stage0_baseline/replay_logs/R2_generalN__stage12_generalN_41.log,1610,2acaf1fb770882338c8b2b8082b0f52e57c009d455a9160dd214ea95088cac08,False,
numerical_validation/adversarial_overnight/stage0_baseline/replay_logs/R3_continuum__stage14_continuum.log,validation/adversarial_overnight/stage0_baseline/replay_logs/R3_continuum__stage14_continuum.log,1692,26866d4a197ba12e07bee5ff13ebd53495f9a580917f1ed7c9cb9ae4d448b15f,False,
numerical_validation/adversarial_overnight/stage0_baseline/replay_logs/R3_continuum__stage14_continuum_endpoint_interval.log,validation/adversarial_overnight/stage0_baseline/replay_logs/R3_continuum__stage14_continuum_endpoint_interval.log,2265,6140967db4fa118b49a70ac1a7e56db0ed91f87b41f395804768a4a4e473a896,False,
numerical_validation/adversarial_overnight/stage0_baseline/replay_logs/R3_continuum__stage14_continuum_global_hybrid.log,validation/adversarial_overnight/stage0_baseline/replay_logs/R3_continuum__stage14_continuum_global_hybrid.log,2107,49620abfaa8b6e9753ca8b1a3e5b8296fc5be2c72e054b446d666d583b24f439,False,
numerical_validation/adversarial_overnight/stage0_baseline/replay_logs/R3_continuum__stage14_continuum_interval.log,validation/adversarial_overnight/stage0_baseline/replay_logs/R3_continuum__stage14_continuum_interval.log,3380,82db07ec333647b8b85c6d0130230328ac00193f343f52fcb3bea6514888f1c0,False,
numerical_validation/adversarial_overnight/stage0_baseline/replay_logs/R3_continuum__stage14_replay_global.log,validation/adversarial_overnight/stage0_baseline/replay_logs/R3_continuum__stage14_replay_global.log,586,b89b33857a7a9a49e971c2d7cd6b8c3e4df5c9a4ffd69595e8b648b26366507c,False,
numerical_validation/adversarial_overnight/stage0_baseline/replay_logs/R4_independent_arb_N0__stage16_independent_arb.log,validation/adversarial_overnight/stage0_baseline/replay_logs/R4_independent_arb_N0__stage16_independent_arb.log,1892,95fe913bf31245faf99a9b03920f6de1e0fa0926c0265cecb382e041ccc97af6,False,
numerical_validation/adversarial_overnight/stage0_baseline/replay_logs/R5_largeN_floor_10001__stage17_annotate_condition_thresholds.log,validation/adversarial_overnight/stage0_baseline/replay_logs/R5_largeN_floor_10001__stage17_annotate_condition_thresholds.log,0,e3b0c44298fc1c149afbf4c8996fb92427ae41e4649b934ca495991b7852b855,False,
numerical_validation/adversarial_overnight/stage0_baseline/replay_logs/R5_largeN_floor_10001__stage17_largeN_margin_summary.log,validation/adversarial_overnight/stage0_baseline/replay_logs/R5_largeN_floor_10001__stage17_largeN_margin_summary.log,1442,0e3a4f0ee031f7b5614e365d62145f53cad79c94e6c3304b02dc1a5b53550192,False,
numerical_validation/adversarial_overnight/stage0_baseline/replay_logs/R5_largeN_floor_10001__stage17_refine_uniform_10001.log,validation/adversarial_overnight/stage0_baseline/replay_logs/R5_largeN_floor_10001__stage17_refine_uniform_10001.log,185,b1700140c7c02ce11ef664a87ab9505a6734f925bad06c59f4df7c9f88ae822a,False,
numerical_validation/adversarial_overnight/stage0_baseline/replay_logs/R5_largeN_floor_10001__stage17_uniform_trial_10001.log,validation/adversarial_overnight/stage0_baseline/replay_logs/R5_largeN_floor_10001__stage17_uniform_trial_10001.log,2414,4f268788098efff32935ec576bd01d8cd198789269ee1e327e1d738d372937c6,False,
numerical_validation/adversarial_overnight/stage0_baseline/replay_logs/R5_largeN_floor_10001__stage17_write_largeN.log,validation/adversarial_overnight/stage0_baseline/replay_logs/R5_largeN_floor_10001__stage17_write_largeN.log,3122,710b06c5fd1b63aa2b43fbb7c64ca884879cc7c200680b79caaa5735a95c5944,False,
numerical_validation/adversarial_overnight/stage0_baseline/replay_logs/R6_finite_width_eps_0p035__stage17_epsilon_coeff_crosscheck.log,validation/adversarial_overnight/stage0_baseline/replay_logs/R6_finite_width_eps_0p035__stage17_epsilon_coeff_crosscheck.log,375,7968f745ca1ab08a7ec8cb6f3672ce5516de15677bf17860eaf8daf2cccf5539,False,
numerical_validation/adversarial_overnight/stage0_baseline/replay_logs/R6_finite_width_eps_0p035__stage17_epsilon_coverage_audit_0p035.log,validation/adversarial_overnight/stage0_baseline/replay_logs/R6_finite_width_eps_0p035__stage17_epsilon_coverage_audit_0p035.log,434,7a0b196a845c613c849b736174162e3c53dc482d361b592c7866c8e1228ccb80,False,
numerical_validation/adversarial_overnight/stage0_baseline/replay_logs/R6_finite_width_eps_0p035__stage17_epsilon_inner_tiled__0p035_3000000.log,validation/adversarial_overnight/stage0_baseline/replay_logs/R6_finite_width_eps_0p035__stage17_epsilon_inner_tiled__0p035_3000000.log,1739,6327d2feb1b88d44c94a14f7335736bdc26d48ac5677925b1551cb9492ee83af,False,
numerical_validation/adversarial_overnight/stage0_baseline/replay_logs/R6_finite_width_eps_0p035__stage17_epsilon_joints__0p035.log,validation/adversarial_overnight/stage0_baseline/replay_logs/R6_finite_width_eps_0p035__stage17_epsilon_joints__0p035.log,1973,5d7637ac0a60ba7e7eb62bc975b7944c0f2bbd9366f060076cacfee8fc9b04b4,False,
numerical_validation/adversarial_overnight/stage0_baseline/replay_logs/R6_finite_width_eps_0p035__stage17_epsilon_refine_0p035_14287.log,validation/adversarial_overnight/stage0_baseline/replay_logs/R6_finite_width_eps_0p035__stage17_epsilon_refine_0p035_14287.log,59240,3b156de95b8f25fba9e0ac347c20966fc238be812ea1924c4e7bc8e23e07ff23,False,
numerical_validation/adversarial_overnight/stage0_baseline/replay_logs/R6_finite_width_eps_0p035__stage17_epsilon_root_tiling_0p035_4096.log,validation/adversarial_overnight/stage0_baseline/replay_logs/R6_finite_width_eps_0p035__stage17_epsilon_root_tiling_0p035_4096.log,3886,4f199345eca613d442eccd5c5920f14074738532d7fad18048cb85abd1fe08f4,False,
numerical_validation/adversarial_overnight/stage0_baseline/replay_logs/R6_finite_width_eps_0p035__stage17_write_epsilon_certificate_0p035.log,validation/adversarial_overnight/stage0_baseline/replay_logs/R6_finite_width_eps_0p035__stage17_write_epsilon_certificate_0p035.log,2015,f9f56b6f970d625baec639e3dbb9d79a0055cd17ce0d513b6db539a43167563f,False,
numerical_validation/adversarial_overnight/stage0_baseline/replay_logs/R7_lower_transition__stage13_build.log,validation/adversarial_overnight/stage0_baseline/replay_logs/R7_lower_transition__stage13_build.log,3155,22852f36ff14498c2c9deff3ccaa6abe61a9a9eece3a18098327ffe0fbda3468,False,
numerical_validation/adversarial_overnight/stage0_baseline/replay_logs_master.log,validation/adversarial_overnight/stage0_baseline/replay_logs_master.log,0,e3b0c44298fc1c149afbf4c8996fb92427ae41e4649b934ca495991b7852b855,False,
numerical_validation/adversarial_overnight/stage0_baseline/replay_state.json,validation/adversarial_overnight/stage0_baseline/replay_state.json,6203,455bbbc907da929530bdc587a68f51eec01c677094888ca5643f137ce141c5ee,False,
numerical_validation/adversarial_overnight/stage0_baseline/scan/S0_baseline_rect_N21_z2_b10.json,validation/adversarial_overnight/stage0_baseline/scan/S0_baseline_rect_N21_z2_b10.json,570842,ed17214c4b5911c614b4fa29622e77adedde17babe741e45055c3cd57ff32c58,False,
numerical_validation/adversarial_overnight/stage1_window/DONE.json,validation/adversarial_overnight/stage1_window/DONE.json,19011,75ad0cfc086068f5c86bd1503112d9aae3a24e84244ce17276ab54fa224c6c07,False,
numerical_validation/adversarial_overnight/stage1_window/amendment_A1_check.json,validation/adversarial_overnight/stage1_window/amendment_A1_check.json,5593,b7ea662277f60dcef7aae75b205b9848e9a09f0a58b6c5f5ac40abfd584532c9,False,
numerical_validation/adversarial_overnight/stage1_window/analysis/S1_dpss.json,validation/adversarial_overnight/stage1_window/analysis/S1_dpss.json,148170,5b75ceb75edaacd8977a3f85f75c70843e24a2b1989ca66bad2aa94df0cccf62,False,
numerical_validation/adversarial_overnight/stage1_window/analysis/S1_hamming.json,validation/adversarial_overnight/stage1_window/analysis/S1_hamming.json,148178,4f0fb8c3de7131fa7ecacea6638c91a5e318fd8c88fe10bd7dd232c75e778021,False,
numerical_validation/adversarial_overnight/stage1_window/analysis/S1_hann.json,validation/adversarial_overnight/stage1_window/analysis/S1_hann.json,148235,3bfc485d36f27b17d21c8bde7f419621ccf733d75a368b9545ba474b2dd64a76,False,
numerical_validation/adversarial_overnight/stage1_window/analysis/S1_hann2.json,validation/adversarial_overnight/stage1_window/analysis/S1_hann2.json,149125,eb751feeb2a4ad78e19626703a340a7c5ac4303162976089dd69481330a4ddd1,False,
numerical_validation/adversarial_overnight/stage1_window/analysis/S1_homotopy_0p0.json,validation/adversarial_overnight/stage1_window/analysis/S1_homotopy_0p0.json,148787,952a78a0bfefd35ebf146720ab34860f593709af3d8645bde59bbefd7d1c1e5f,False,
numerical_validation/adversarial_overnight/stage1_window/analysis/S1_homotopy_0p1.json,validation/adversarial_overnight/stage1_window/analysis/S1_homotopy_0p1.json,148879,7cc0f4cb030890ea96c90b4b30b3bec30ca0448b292fe65116b3fe0270824993,False,
numerical_validation/adversarial_overnight/stage1_window/analysis/S1_homotopy_0p2.json,validation/adversarial_overnight/stage1_window/analysis/S1_homotopy_0p2.json,148890,83ffe17b2b12cb1cca7fec9f445f1f104ea4125e2d09fe055d0702ffb58b6cfb,False,
numerical_validation/adversarial_overnight/stage1_window/analysis/S1_homotopy_0p3.json,validation/adversarial_overnight/stage1_window/analysis/S1_homotopy_0p3.json,149036,14879cf6a3c17c8b123a4bb60dfd0070fe404a20ba92e0ca05704680d50301d2,False,
numerical_validation/adversarial_overnight/stage1_window/analysis/S1_homotopy_0p4.json,validation/adversarial_overnight/stage1_window/analysis/S1_homotopy_0p4.json,149307,cafefd318f1f99c949ce0e702bfc3881f0ed465a9dfc5a7e49a3ba0a7d6f296c,False,
numerical_validation/adversarial_overnight/stage1_window/analysis/S1_homotopy_0p5.json,validation/adversarial_overnight/stage1_window/analysis/S1_homotopy_0p5.json,149404,30f29ff9f9be298911d2e6404d9ac53ba2015ad643c74c443e1d8ed594dd49ca,False,
numerical_validation/adversarial_overnight/stage1_window/analysis/S1_homotopy_0p6.json,validation/adversarial_overnight/stage1_window/analysis/S1_homotopy_0p6.json,149070,aef6688c2be111fc703beb87c174fbc9706602bb5b42c5803673ed0ed523e43e,False,
numerical_validation/adversarial_overnight/stage1_window/analysis/S1_homotopy_0p7.json,validation/adversarial_overnight/stage1_window/analysis/S1_homotopy_0p7.json,148575,2e47d83cca0a7195f31b7960161731f49d5ec43dfc20013eaf4e0c7bd175be6f,False,
numerical_validation/adversarial_overnight/stage1_window/analysis/S1_homotopy_0p8.json,validation/adversarial_overnight/stage1_window/analysis/S1_homotopy_0p8.json,148439,e24878a964bafadba920027b877f42779cf168a7aaaf4d829b366260003bf967,False,
numerical_validation/adversarial_overnight/stage1_window/analysis/S1_homotopy_0p9.json,validation/adversarial_overnight/stage1_window/analysis/S1_homotopy_0p9.json,148312,462073e542509b3e700f4de38e13d37cf9c1ff05509f1d2af99c1e36d1d501ba,False,
numerical_validation/adversarial_overnight/stage1_window/analysis/S1_homotopy_1p0.json,validation/adversarial_overnight/stage1_window/analysis/S1_homotopy_1p0.json,148192,918afc37ce3647b534c0042bf2331f56a4fb966be25389c95389b6e5139eee68,False,
numerical_validation/adversarial_overnight/stage1_window/analysis/S1_rect.json,validation/adversarial_overnight/stage1_window/analysis/S1_rect.json,148770,545e0110ab6607901a419f44953a5e66c82f3f3e7f4bdf215dcc0256472383c7,False,
numerical_validation/adversarial_overnight/stage1_window/homotopy_continuation.json,validation/adversarial_overnight/stage1_window/homotopy_continuation.json,44241,cff7632ab344e4933de1ba09c89c8952c949d25e037cd1343c1df5bf352aa9bb,False,
numerical_validation/adversarial_overnight/stage1_window/homotopy_match.json,validation/adversarial_overnight/stage1_window/homotopy_match.json,2340,9bc1503e11ba846b4ced9865519d1ceda941364b073a7edc236776046028d45f,False,
numerical_validation/adversarial_overnight/stage1_window/scan/S1_dpss.json,validation/adversarial_overnight/stage1_window/scan/S1_dpss.json,574094,be7d9db742e4a77d31d7af224512d3249c27ecf33c07ea768053ff6dc72d6e05,False,
numerical_validation/adversarial_overnight/stage1_window/scan/S1_hamming.json,validation/adversarial_overnight/stage1_window/scan/S1_hamming.json,573547,a1d20bc8e75d23dd39542120bfaa713b47b9be6d87e46264631c6ffe244e35db,False,
numerical_validation/adversarial_overnight/stage1_window/scan/S1_hann.json,validation/adversarial_overnight/stage1_window/scan/S1_hann.json,573638,1a0fe088fe0195ddf93b7c0fc48199a65a72edefa17b38bc470a30f330300b9f,False,
numerical_validation/adversarial_overnight/stage1_window/scan/S1_hann2.json,validation/adversarial_overnight/stage1_window/scan/S1_hann2.json,575216,5ddf61c8cffe3dd340812ffd7c688c1306d498b9207456a2ce1eb1e087ef155a,False,
numerical_validation/adversarial_overnight/stage1_window/scan/S1_homotopy_0p0.json,validation/adversarial_overnight/stage1_window/scan/S1_homotopy_0p0.json,570908,bb862c494584db161cbbe51e596ebea7a7c70e20ade599e468c9b9ab9b4c34ad,False,
numerical_validation/adversarial_overnight/stage1_window/scan/S1_homotopy_0p1.json,validation/adversarial_overnight/stage1_window/scan/S1_homotopy_0p1.json,571108,b3a7965e28b765236ca8620fbab43a6de85b45772c579304baac1786db7bfebd,False,
numerical_validation/adversarial_overnight/stage1_window/scan/S1_homotopy_0p2.json,validation/adversarial_overnight/stage1_window/scan/S1_homotopy_0p2.json,571254,b184d1a598746653f7afe92c4eb113b5c36a3abb3bf7abcd7b36fe4f0237ccca,False,
numerical_validation/adversarial_overnight/stage1_window/scan/S1_homotopy_0p3.json,validation/adversarial_overnight/stage1_window/scan/S1_homotopy_0p3.json,571633,40afa7b7f43a9f719dae89c7882692741df44dc6b33894ab8ad7d5d7b470af76,False,
numerical_validation/adversarial_overnight/stage1_window/scan/S1_homotopy_0p4.json,validation/adversarial_overnight/stage1_window/scan/S1_homotopy_0p4.json,573348,3298a28bef3319c96be28feada4f5ba22cfb2571b8b3e9481d3275ecd2670d3a,False,
numerical_validation/adversarial_overnight/stage1_window/scan/S1_homotopy_0p5.json,validation/adversarial_overnight/stage1_window/scan/S1_homotopy_0p5.json,572888,55c37862b88af82f04ff97d9c5e5a1eb86d011aa5642873cbc15f5c2901085d6,False,
numerical_validation/adversarial_overnight/stage1_window/scan/S1_homotopy_0p6.json,validation/adversarial_overnight/stage1_window/scan/S1_homotopy_0p6.json,573052,ad8c05a73fed922e3367dc20a220c84de9097adff1981c24074c4c6fc2470ef6,False,
numerical_validation/adversarial_overnight/stage1_window/scan/S1_homotopy_0p7.json,validation/adversarial_overnight/stage1_window/scan/S1_homotopy_0p7.json,573032,04db7123408bcb2fff5c6c2d1157ace537fb10f0d57519fda96d17ef80b4aba3,False,
numerical_validation/adversarial_overnight/stage1_window/scan/S1_homotopy_0p8.json,validation/adversarial_overnight/stage1_window/scan/S1_homotopy_0p8.json,573792,20348d42c2f203ca0cc3d79e2c523efa4c52742382803939db1bc4f543307482,False,
numerical_validation/adversarial_overnight/stage1_window/scan/S1_homotopy_0p9.json,validation/adversarial_overnight/stage1_window/scan/S1_homotopy_0p9.json,573726,4e028f5a1a4248590cbd71125557ca66d6afe14e4ebdf440be380137e7b38cef,False,
numerical_validation/adversarial_overnight/stage1_window/scan/S1_homotopy_1p0.json,validation/adversarial_overnight/stage1_window/scan/S1_homotopy_1p0.json,574033,bc468c3112ca2e07cc513366f7de5c51c16d8dda7183bf9f0e2175a72e98eabb,False,
numerical_validation/adversarial_overnight/stage1_window/scan/S1_rect.json,validation/adversarial_overnight/stage1_window/scan/S1_rect.json,570873,dd6315374e0503572c10cb6f965e7ec2bbf1c1b8cd70f5699916cfb2bb836297,False,
numerical_validation/adversarial_overnight/stage1_window/window_branches.pdf,validation/adversarial_overnight/stage1_window/window_branches.pdf,60532,7bb1f3b9723a197fa7c5bc61449b871fb1ff781b7022ef4f3e2bfff4c51b6914,False,
numerical_validation/adversarial_overnight/stage1_window/window_branches.png,validation/adversarial_overnight/stage1_window/window_branches.png,126793,fdb3ef93e6efe97f20ee3a1a745b94827900e4f285459c43fc63756851891d1b,False,
numerical_validation/adversarial_overnight/stage1_window/window_homotopy.png,validation/adversarial_overnight/stage1_window/window_homotopy.png,39007,927606da044c45df6afc99935f9eb2f04c9e6f07730bcb08bf013c1f0b1d4f7e,False,
numerical_validation/adversarial_overnight/stage1_window/window_minima.npz,validation/adversarial_overnight/stage1_window/window_minima.npz,124915,7ae0d1fe45bfaf3b71e352cf8cf254b4149e7b387c101c83df77abdadec26ebc,False,
numerical_validation/adversarial_overnight/stage1_window/window_summary.csv,validation/adversarial_overnight/stage1_window/window_summary.csv,7610,2ffac724a6e41152e6dd04f7bd57b7f1d0bea35c71d9dcac37874f70453d49e3,False,
numerical_validation/adversarial_overnight/stage2_phase/DONE.json,validation/adversarial_overnight/stage2_phase/DONE.json,28918,5f419db78430a8515ef8e50ebd90938b9150a4050860f74730da8d946a05e032,False,
numerical_validation/adversarial_overnight/stage2_phase/POSTHOC_fixed_delta_all_switches.json,validation/adversarial_overnight/stage2_phase/POSTHOC_fixed_delta_all_switches.json,14083,a1562c878d60306e54d282debcfce544d291a9582d0dcd557bbc0c4560297442,False,
numerical_validation/adversarial_overnight/stage2_phase/POSTHOC_fixed_delta_scaling.png,validation/adversarial_overnight/stage2_phase/POSTHOC_fixed_delta_scaling.png,74345,07a456029e02f9c0f7c29615b1c0bd361fd804306546cc39f333c77fe8dfa977,False,
numerical_validation/adversarial_overnight/stage2_phase/STAGE2_REPORT.md,validation/adversarial_overnight/stage2_phase/STAGE2_REPORT.md,8447,6eed5ab1f59a4cff413729fbf0a27f68baec1071046b6f2b357253103b7a122a,False,
numerical_validation/adversarial_overnight/stage2_phase/analysis/S2A_kM0p0500000000_z0p25.json,validation/adversarial_overnight/stage2_phase/analysis/S2A_kM0p0500000000_z0p25.json,151987,852314b4263a7a8b8206834cd287d31cccafaac6c0eaa46e1bb5333a3b6ac33e,False,
numerical_validation/adversarial_overnight/stage2_phase/analysis/S2A_kM0p0500000000_z0p5.json,validation/adversarial_overnight/stage2_phase/analysis/S2A_kM0p0500000000_z0p5.json,149939,ec60fe7330b34151ce628189d6db02daa4c4fd6329dc50afdd1c79852f49e1fa,False,
numerical_validation/adversarial_overnight/stage2_phase/analysis/S2A_kM0p0500000000_z1p0.json,validation/adversarial_overnight/stage2_phase/analysis/S2A_kM0p0500000000_z1p0.json,148530,26e2cba6aea60784e7c0af9a2c0be4e1f07e632b73835975269c559eca2177fe,False,
numerical_validation/adversarial_overnight/stage2_phase/analysis/S2A_kM0p0500000000_z2p0.json,validation/adversarial_overnight/stage2_phase/analysis/S2A_kM0p0500000000_z2p0.json,146589,9ebd339d0c8a6bd156a56f851322a5e9e7eccf00b2b3599ce823511d0d6558dc,False,
numerical_validation/adversarial_overnight/stage2_phase/analysis/S2A_kM0p1000000000_z0p25.json,validation/adversarial_overnight/stage2_phase/analysis/S2A_kM0p1000000000_z0p25.json,151644,5df778689a5df0973a4b3806bb69e75afd61ce4f3e842e55c10948141b03c1df,False,
numerical_validation/adversarial_overnight/stage2_phase/analysis/S2A_kM0p1000000000_z0p5.json,validation/adversarial_overnight/stage2_phase/analysis/S2A_kM0p1000000000_z0p5.json,150028,9a96e137f8747f4b224ef2214355e455f0a0b8ce635288a01925c0f1a3517093,False,
numerical_validation/adversarial_overnight/stage2_phase/analysis/S2A_kM0p1000000000_z1p0.json,validation/adversarial_overnight/stage2_phase/analysis/S2A_kM0p1000000000_z1p0.json,148154,8477c99d9c0dea99fe4ed816bd3d3f82a3f7984cb35674a83f1c3f0fb2f2a165,False,
numerical_validation/adversarial_overnight/stage2_phase/analysis/S2A_kM0p1000000000_z2p0.json,validation/adversarial_overnight/stage2_phase/analysis/S2A_kM0p1000000000_z2p0.json,145689,36f43cbdf38525621831a6ebeb5832f2c90826b21c124de6db5a873a462a0b65,False,
numerical_validation/adversarial_overnight/stage2_phase/analysis/S2A_kM0p2000000000_z0p25.json,validation/adversarial_overnight/stage2_phase/analysis/S2A_kM0p2000000000_z0p25.json,152028,b09e30cec730713a513afa4493c2789c09c1ddac1ef76719c7fd1479497a916e,False,
numerical_validation/adversarial_overnight/stage2_phase/analysis/S2A_kM0p2000000000_z0p5.json,validation/adversarial_overnight/stage2_phase/analysis/S2A_kM0p2000000000_z0p5.json,150139,aae4fc4b63e5435d00c008ca7d7037c9f4b76cadeec4715e1dda32d04f5595e8,False,
numerical_validation/adversarial_overnight/stage2_phase/analysis/S2A_kM0p2000000000_z1p0.json,validation/adversarial_overnight/stage2_phase/analysis/S2A_kM0p2000000000_z1p0.json,148550,b6e62bf685a29f89dd6633257e4d091ca4b6b374ccc982eb8eda6a800a3491be,False,
numerical_validation/adversarial_overnight/stage2_phase/analysis/S2A_kM0p2000000000_z2p0.json,validation/adversarial_overnight/stage2_phase/analysis/S2A_kM0p2000000000_z2p0.json,146089,41b501ea3570e084c2262b2f8f6e00fbb8cc1da0a8a7a1a627fb88ef8de2dc58,False,
numerical_validation/adversarial_overnight/stage2_phase/analysis/S2A_kM0p3000000000_z0p25.json,validation/adversarial_overnight/stage2_phase/analysis/S2A_kM0p3000000000_z0p25.json,297529,53d0039694ff6b942d45f11bc06a943c268b75c070cfef3ab2ed9ab1f8fb1a18,False,
numerical_validation/adversarial_overnight/stage2_phase/analysis/S2A_kM0p3000000000_z0p5.json,validation/adversarial_overnight/stage2_phase/analysis/S2A_kM0p3000000000_z0p5.json,294711,4f2a3fbe1c97abec08662e5fd9a9568f8005e781cde53007402544977e32bf93,False,
numerical_validation/adversarial_overnight/stage2_phase/analysis/S2A_kM0p3000000000_z1p0.json,validation/adversarial_overnight/stage2_phase/analysis/S2A_kM0p3000000000_z1p0.json,148321,417255a3eabdc9d1149284e29fffd878e1c29c717e26d8446402c77bf62c5c66,False,
numerical_validation/adversarial_overnight/stage2_phase/analysis/S2A_kM0p3000000000_z2p0.json,validation/adversarial_overnight/stage2_phase/analysis/S2A_kM0p3000000000_z2p0.json,145855,67ffeb193e3f41b47a6faa7bd6255be1b20ed910ecdc59f4b0033600eeea407f,False,
numerical_validation/adversarial_overnight/stage2_phase/analysis/S2A_kM0p3882278594_z0p25.json,validation/adversarial_overnight/stage2_phase/analysis/S2A_kM0p3882278594_z0p25.json,298391,86b92cbe5820fef476b9a3c0a48c615d21a23a91407f203497f6c29b567048cd,False,
numerical_validation/adversarial_overnight/stage2_phase/analysis/S2A_kM0p3882278594_z0p5.json,validation/adversarial_overnight/stage2_phase/analysis/S2A_kM0p3882278594_z0p5.json,295167,81a290440571056fdada892703f3dfa13c4c86a8704708676594d7a5e5af3a4f,False,
numerical_validation/adversarial_overnight/stage2_phase/analysis/S2A_kM0p3882278594_z1p0.json,validation/adversarial_overnight/stage2_phase/analysis/S2A_kM0p3882278594_z1p0.json,290373,0b1e257c237f6ebeabb474be13d97878e1f8ceb79722a7c024e9dde2247f71c5,False,
numerical_validation/adversarial_overnight/stage2_phase/analysis/S2A_kM0p3882278594_z2p0.json,validation/adversarial_overnight/stage2_phase/analysis/S2A_kM0p3882278594_z2p0.json,287600,f7835aa513e29d9e67914793d5218abdcfe728f3cf7364fe4a7aa12997d8dcde,False,
numerical_validation/adversarial_overnight/stage2_phase/analysis/S2A_kM0p4000000000_z0p25.json,validation/adversarial_overnight/stage2_phase/analysis/S2A_kM0p4000000000_z0p25.json,298822,6694b1f442f9e6752364413834d274422fba92e740affb246c79d30369eaaa3f,False,
numerical_validation/adversarial_overnight/stage2_phase/analysis/S2A_kM0p4000000000_z0p5.json,validation/adversarial_overnight/stage2_phase/analysis/S2A_kM0p4000000000_z0p5.json,294943,31987b4256ae1f20ed1406660972938d4456c05e0b53bf3c24f3585e7587a976,False,
numerical_validation/adversarial_overnight/stage2_phase/analysis/S2A_kM0p4000000000_z1p0.json,validation/adversarial_overnight/stage2_phase/analysis/S2A_kM0p4000000000_z1p0.json,290220,f61bd49833ffa14ca451baa3886a927095d9e6c1f5403a7585e10d1be87d0e7b,False,
numerical_validation/adversarial_overnight/stage2_phase/analysis/S2A_kM0p4000000000_z2p0.json,validation/adversarial_overnight/stage2_phase/analysis/S2A_kM0p4000000000_z2p0.json,287789,986577381dfcfcc4b6e9ab8fdd198d2745ecc4aa1b326071aa1c4a7202e7b84f,False,
numerical_validation/adversarial_overnight/stage2_phase/analysis/S2A_kM0p5000000000_z0p25.json,validation/adversarial_overnight/stage2_phase/analysis/S2A_kM0p5000000000_z0p25.json,298456,5a10606baa08bb108a1b87eb6f43a738982abbe3791527a1bb26fff9510a9162,False,
numerical_validation/adversarial_overnight/stage2_phase/analysis/S2A_kM0p5000000000_z0p5.json,validation/adversarial_overnight/stage2_phase/analysis/S2A_kM0p5000000000_z0p5.json,294316,fff95347d89fb7834658911c59f3639ff114aad27f8e4edb5142f6eb152a2c14,False,
numerical_validation/adversarial_overnight/stage2_phase/analysis/S2A_kM0p5000000000_z1p0.json,validation/adversarial_overnight/stage2_phase/analysis/S2A_kM0p5000000000_z1p0.json,289806,4bdc879266af2b3c2df991c3966c9d0049a149e5b776f92771895e018aac4843,False,
numerical_validation/adversarial_overnight/stage2_phase/analysis/S2A_kM0p5000000000_z2p0.json,validation/adversarial_overnight/stage2_phase/analysis/S2A_kM0p5000000000_z2p0.json,291321,69d7d660560ea79b263178c26096722a1589d0ed287c234f3bd65a89ee9263ff,False,
numerical_validation/adversarial_overnight/stage2_phase/analysis/S2A_kP0p0000000000_z0p25.json,validation/adversarial_overnight/stage2_phase/analysis/S2A_kP0p0000000000_z0p25.json,151871,886b4b2893fc2a1727976af6460b0cd59507b1fe4c2ee483f4d70b664c64fbb5,False,
numerical_validation/adversarial_overnight/stage2_phase/analysis/S2A_kP0p0000000000_z0p5.json,validation/adversarial_overnight/stage2_phase/analysis/S2A_kP0p0000000000_z0p5.json,150047,2bb9047c289cee4b943dc535ed5512c90f990b9d4f2b756b160ac119e859b489,False,
numerical_validation/adversarial_overnight/stage2_phase/analysis/S2A_kP0p0000000000_z1p0.json,validation/adversarial_overnight/stage2_phase/analysis/S2A_kP0p0000000000_z1p0.json,148820,b8cfed944b1433241f699878dcb8c5ca28295223c4c55fcf83d136371a2fa627,False,
numerical_validation/adversarial_overnight/stage2_phase/analysis/S2A_kP0p0000000000_z2p0.json,validation/adversarial_overnight/stage2_phase/analysis/S2A_kP0p0000000000_z2p0.json,146332,56b771621e3c3aa4ea727c47b323aed84db99dbcefd3b1328815af49885f41fb,False,
numerical_validation/adversarial_overnight/stage2_phase/analysis/S2A_kP0p0500000000_z0p25.json,validation/adversarial_overnight/stage2_phase/analysis/S2A_kP0p0500000000_z0p25.json,151845,e8cffedaee64f62178e039a650888a5bf5874bf3f71f17f4d6a87adcf89ebc0d,False,
numerical_validation/adversarial_overnight/stage2_phase/analysis/S2A_kP0p0500000000_z0p5.json,validation/adversarial_overnight/stage2_phase/analysis/S2A_kP0p0500000000_z0p5.json,150075,31f7b73ada0c71299cb11a756c422624652bc468806597d877775dcbd3f18925,False,
numerical_validation/adversarial_overnight/stage2_phase/analysis/S2A_kP0p0500000000_z1p0.json,validation/adversarial_overnight/stage2_phase/analysis/S2A_kP0p0500000000_z1p0.json,148724,0d691253dc8fe54ca6d9ea7f904f461ae482ba8fc7b1161bf67b7aa7ef352a71,False,
numerical_validation/adversarial_overnight/stage2_phase/analysis/S2A_kP0p0500000000_z2p0.json,validation/adversarial_overnight/stage2_phase/analysis/S2A_kP0p0500000000_z2p0.json,146421,d977d3ee04d10b3fbd4d7af08c888f9afabc79f12491e89eb160d9b581aa90fb,False,
numerical_validation/adversarial_overnight/stage2_phase/analysis/S2A_kP0p1000000000_z0p25.json,validation/adversarial_overnight/stage2_phase/analysis/S2A_kP0p1000000000_z0p25.json,151624,d887096cfa53c713110e76d7ab6b44b32cf6a0720c7050b8c8a74ab547f22a4e,False,
numerical_validation/adversarial_overnight/stage2_phase/analysis/S2A_kP0p1000000000_z0p5.json,validation/adversarial_overnight/stage2_phase/analysis/S2A_kP0p1000000000_z0p5.json,149852,c753d4a4dc8d70f639d80c09021739d7307089be639bd1cd3380253f6c39391b,False,
numerical_validation/adversarial_overnight/stage2_phase/analysis/S2A_kP0p1000000000_z1p0.json,validation/adversarial_overnight/stage2_phase/analysis/S2A_kP0p1000000000_z1p0.json,148556,e72a88f13ca1c6251589f50e8816e95f49811c75163deb4b17f1390687281734,False,
numerical_validation/adversarial_overnight/stage2_phase/analysis/S2A_kP0p1000000000_z2p0.json,validation/adversarial_overnight/stage2_phase/analysis/S2A_kP0p1000000000_z2p0.json,146059,0e17badc66bf3845c5ebd4213f7c3b18ff0bc555f52805210cc98f92294be5ee,False,
numerical_validation/adversarial_overnight/stage2_phase/analysis/S2A_kP0p2000000000_z0p25.json,validation/adversarial_overnight/stage2_phase/analysis/S2A_kP0p2000000000_z0p25.json,151735,5d37801d87ab10e7e9a2f74f8e659f1ce1e99ca3666ad5844da45fc48481ea09,False,
numerical_validation/adversarial_overnight/stage2_phase/analysis/S2A_kP0p2000000000_z0p5.json,validation/adversarial_overnight/stage2_phase/analysis/S2A_kP0p2000000000_z0p5.json,150092,451a48e07744b01932d0589eda579b950d150ec08116188512331b24a6d8283c,False,
numerical_validation/adversarial_overnight/stage2_phase/analysis/S2A_kP0p2000000000_z1p0.json,validation/adversarial_overnight/stage2_phase/analysis/S2A_kP0p2000000000_z1p0.json,148262,62995a2d49d5b515a2b0dc4a9505a96dadb41a1d688dbddbf8daaf69d8aa8a89,False,
numerical_validation/adversarial_overnight/stage2_phase/analysis/S2A_kP0p2000000000_z2p0.json,validation/adversarial_overnight/stage2_phase/analysis/S2A_kP0p2000000000_z2p0.json,146291,fca514ce878d1be18bdb7fe9738285f4a4c4be337f5208c4389cab93de5d78e1,False,
numerical_validation/adversarial_overnight/stage2_phase/analysis/S2A_kP0p3000000000_z0p25.json,validation/adversarial_overnight/stage2_phase/analysis/S2A_kP0p3000000000_z0p25.json,298069,1044edfb5148c47f2fe2c94d180d6b3a7537d4701232cdb067882da61c56d222,False,
numerical_validation/adversarial_overnight/stage2_phase/analysis/S2A_kP0p3000000000_z0p5.json,validation/adversarial_overnight/stage2_phase/analysis/S2A_kP0p3000000000_z0p5.json,294615,da8487d7e4f2cc509e14ff91fe2985ce619bca9e75888346725e1cc3a7288eaa,False,
numerical_validation/adversarial_overnight/stage2_phase/analysis/S2A_kP0p3000000000_z1p0.json,validation/adversarial_overnight/stage2_phase/analysis/S2A_kP0p3000000000_z1p0.json,148313,d6a6a9a5645d848a4f9358b190ee327092c107cb9a9151f4a38c0a2f7e6fd94e,False,
numerical_validation/adversarial_overnight/stage2_phase/analysis/S2A_kP0p3000000000_z2p0.json,validation/adversarial_overnight/stage2_phase/analysis/S2A_kP0p3000000000_z2p0.json,145905,64af0f8408dde83225c2fc5a544f2d2b7514a64d525268194b0d4aea1f0b550f,False,
numerical_validation/adversarial_overnight/stage2_phase/analysis/S2A_kP0p3882278594_z0p25.json,validation/adversarial_overnight/stage2_phase/analysis/S2A_kP0p3882278594_z0p25.json,297954,0f6dc16628e39ad11e10b5dd6c3b7aeff970d1dbdbb71e10d1845ed57a29bafc,False,
numerical_validation/adversarial_overnight/stage2_phase/analysis/S2A_kP0p3882278594_z0p5.json,validation/adversarial_overnight/stage2_phase/analysis/S2A_kP0p3882278594_z0p5.json,294692,94460269b2921485f8363e78ee6c8064f4d09f0fd1ed3fbe5709231b87fca47f,False,
numerical_validation/adversarial_overnight/stage2_phase/analysis/S2A_kP0p3882278594_z1p0.json,validation/adversarial_overnight/stage2_phase/analysis/S2A_kP0p3882278594_z1p0.json,290208,2e10e1427a59c505d1deabe74d6f7587522d5ca239580818b2c7c8bf6ab76721,False,
numerical_validation/adversarial_overnight/stage2_phase/analysis/S2A_kP0p3882278594_z2p0.json,validation/adversarial_overnight/stage2_phase/analysis/S2A_kP0p3882278594_z2p0.json,287383,f0e4647a5401bba97128413afcea819ec4cf631d51240886593eeb30abd986ab,False,
numerical_validation/adversarial_overnight/stage2_phase/analysis/S2A_kP0p4000000000_z0p25.json,validation/adversarial_overnight/stage2_phase/analysis/S2A_kP0p4000000000_z0p25.json,298762,6164a2ca75c651131084386eb8c3d3124486b3e77003661e2d337697dbbc315a,False,
numerical_validation/adversarial_overnight/stage2_phase/analysis/S2A_kP0p4000000000_z0p5.json,validation/adversarial_overnight/stage2_phase/analysis/S2A_kP0p4000000000_z0p5.json,294875,e0caccac4027d719b75fdb4dd8d8e459c136fcc9f8cc306b482d4c6f3f169533,False,
numerical_validation/adversarial_overnight/stage2_phase/analysis/S2A_kP0p4000000000_z1p0.json,validation/adversarial_overnight/stage2_phase/analysis/S2A_kP0p4000000000_z1p0.json,290319,2cce543bcb5b65251c9cb474f7692a6c18e3d55d94931d668da64d393421f92f,False,
numerical_validation/adversarial_overnight/stage2_phase/analysis/S2A_kP0p4000000000_z2p0.json,validation/adversarial_overnight/stage2_phase/analysis/S2A_kP0p4000000000_z2p0.json,288103,04d72422af0a39c96085cba67f8ae024dec36188a663c94df5e960331dea03ef,False,
numerical_validation/adversarial_overnight/stage2_phase/analysis/S2A_kP0p5000000000_z0p25.json,validation/adversarial_overnight/stage2_phase/analysis/S2A_kP0p5000000000_z0p25.json,298121,2eecb414a8401547ee4f6191a9cc61a8ff5958f91c3925a285ba465665ca283e,False,
numerical_validation/adversarial_overnight/stage2_phase/analysis/S2A_kP0p5000000000_z0p5.json,validation/adversarial_overnight/stage2_phase/analysis/S2A_kP0p5000000000_z0p5.json,294152,a53fd3b503414534482a11fb7f00df77bd91233de4cd72842284d4bf6b3feac5,False,
numerical_validation/adversarial_overnight/stage2_phase/analysis/S2A_kP0p5000000000_z1p0.json,validation/adversarial_overnight/stage2_phase/analysis/S2A_kP0p5000000000_z1p0.json,289995,bcdc2c6d0495491d6dc9aeb5c47a3cb0a89d9d9658ea0d929cb983ff783b8a49,False,
numerical_validation/adversarial_overnight/stage2_phase/analysis/S2A_kP0p5000000000_z2p0.json,validation/adversarial_overnight/stage2_phase/analysis/S2A_kP0p5000000000_z2p0.json,291108,d092395c73a2d5d5285d93505b582d40a9dadd3aa9386ead6cb648ccb7322123,False,
numerical_validation/adversarial_overnight/stage2_phase/analysis/S2B_d0p05_z0p05.json,validation/adversarial_overnight/stage2_phase/analysis/S2B_d0p05_z0p05.json,152523,267b575f84170b289fac208aab81fdd4dcf2126379d0a39d7cbd2cd80d7818e3,False,
numerical_validation/adversarial_overnight/stage2_phase/analysis/S2B_d0p05_z0p1.json,validation/adversarial_overnight/stage2_phase/analysis/S2B_d0p05_z0p1.json,151738,c4d262cf3dbc0018f82846deb50afab43d29514ef7876f025e6f722aa3498abe,False,
numerical_validation/adversarial_overnight/stage2_phase/analysis/S2B_d0p05_z0p2.json,validation/adversarial_overnight/stage2_phase/analysis/S2B_d0p05_z0p2.json,296250,19478b1b9534e6b24e84c7bdb79502f77ac2e8f4b2f74554bc183406b3c5b3c7,False,
numerical_validation/adversarial_overnight/stage2_phase/analysis/S2B_d0p05_z0p4.json,validation/adversarial_overnight/stage2_phase/analysis/S2B_d0p05_z0p4.json,294793,90c829a2fb299546148b3520c500f6b983948e31807b198369df6acb2199f484,False,
numerical_validation/adversarial_overnight/stage2_phase/analysis/S2B_d0p05_z0p8.json,validation/adversarial_overnight/stage2_phase/analysis/S2B_d0p05_z0p8.json,149176,a472c2b532799d8496a20ce180ae256fe5bef3aba32a2d9e0c3e0d2eae9a2527,False,
numerical_validation/adversarial_overnight/stage2_phase/analysis/S2B_d0p1_z0p05.json,validation/adversarial_overnight/stage2_phase/analysis/S2B_d0p1_z0p05.json,152355,e80a9db4bf1820459c8830a7246ab641dbd1aa3c4978636c7428de449b43d45a,False,
numerical_validation/adversarial_overnight/stage2_phase/analysis/S2B_d0p1_z0p1.json,validation/adversarial_overnight/stage2_phase/analysis/S2B_d0p1_z0p1.json,151639,76d7832aa2e644c754fb79673dbd66573ec33d1ae676e209808416e1aa614cdf,False,
numerical_validation/adversarial_overnight/stage2_phase/analysis/S2B_d0p1_z0p2.json,validation/adversarial_overnight/stage2_phase/analysis/S2B_d0p1_z0p2.json,295792,f3376c42a666405b599357a14308d4da93b0309f83c6eac57f7523dbcef0d2c5,False,
numerical_validation/adversarial_overnight/stage2_phase/analysis/S2B_d0p1_z0p4.json,validation/adversarial_overnight/stage2_phase/analysis/S2B_d0p1_z0p4.json,294332,97e574ad67a27da0f7a744d1ff845591b604a33a78c2bd265c6e91688d78eb38,False,
numerical_validation/adversarial_overnight/stage2_phase/analysis/S2B_d0p1_z0p8.json,validation/adversarial_overnight/stage2_phase/analysis/S2B_d0p1_z0p8.json,292492,996a0b1555e88e0df7c81c0e629d698aaec0e32a65d9014a4691dabc80354c3a,False,
numerical_validation/adversarial_overnight/stage2_phase/analysis/S2B_d0p2_z0p05.json,validation/adversarial_overnight/stage2_phase/analysis/S2B_d0p2_z0p05.json,151630,f2c3c326ad6dfbda78c830416acdc3bbbf1167f7c48bd58c8438d478a15c4e6d,False,
numerical_validation/adversarial_overnight/stage2_phase/analysis/S2B_d0p2_z0p1.json,validation/adversarial_overnight/stage2_phase/analysis/S2B_d0p2_z0p1.json,151142,9e2b6f57f5bcc06b6d7b317dddf566e54fb1579275b9d48a177b1365e723023d,False,
numerical_validation/adversarial_overnight/stage2_phase/analysis/S2B_d0p2_z0p2.json,validation/adversarial_overnight/stage2_phase/analysis/S2B_d0p2_z0p2.json,294855,655e2cf7bc7a8189adaa6d18cc9c507ff21515b16edd0f55df6478ebcfe03a5d,False,
numerical_validation/adversarial_overnight/stage2_phase/analysis/S2B_d0p2_z0p4.json,validation/adversarial_overnight/stage2_phase/analysis/S2B_d0p2_z0p4.json,293364,d6957ad4578cb9c62670c728968b2b7fb8b6471603a1a5aa2c1aced220302194,False,
numerical_validation/adversarial_overnight/stage2_phase/analysis/S2B_d0p2_z0p8.json,validation/adversarial_overnight/stage2_phase/analysis/S2B_d0p2_z0p8.json,294994,fdf8f2dd1d0903ff5d6336e5aaad6fb6518f466b8990685bf49be9758f22423b,False,
numerical_validation/adversarial_overnight/stage2_phase/analysis/S2B_d0p3_z0p05.json,validation/adversarial_overnight/stage2_phase/analysis/S2B_d0p3_z0p05.json,151328,e633bb8ed31fd8a9c43ecf77e7f53bc14e30169da1c8f64ceab4791263b6e19b,False,
numerical_validation/adversarial_overnight/stage2_phase/analysis/S2B_d0p3_z0p1.json,validation/adversarial_overnight/stage2_phase/analysis/S2B_d0p3_z0p1.json,295937,54d1e6a47e81584bbe21d10c88b52643ef1e0ff9c567ac1fa4c1ebe17807b55d,False,
numerical_validation/adversarial_overnight/stage2_phase/analysis/S2B_d0p3_z0p2.json,validation/adversarial_overnight/stage2_phase/analysis/S2B_d0p3_z0p2.json,294512,0b28372c1d59010b02cc78efc6b7289183b6ba9cd5f1584c32efb82718dcb148,False,
numerical_validation/adversarial_overnight/stage2_phase/analysis/S2B_d0p3_z0p4.json,validation/adversarial_overnight/stage2_phase/analysis/S2B_d0p3_z0p4.json,292947,9de87d1f26f8cac188de39c62133802ed76508916a82e16d838be5b10d2261da,False,
numerical_validation/adversarial_overnight/stage2_phase/analysis/S2B_d0p3_z0p8.json,validation/adversarial_overnight/stage2_phase/analysis/S2B_d0p3_z0p8.json,293805,b221fc5af7764c3508259ae1d18c681d9347f8e12c49b3473aa614632c4f4062,False,
numerical_validation/adversarial_overnight/stage2_phase/analysis/S2B_d0p4_z0p05.json,validation/adversarial_overnight/stage2_phase/analysis/S2B_d0p4_z0p05.json,297027,2659f989709ea0c627bc7ec15d5a669afd09d2f18a51efa593332045c30270d9,False,
numerical_validation/adversarial_overnight/stage2_phase/analysis/S2B_d0p4_z0p1.json,validation/adversarial_overnight/stage2_phase/analysis/S2B_d0p4_z0p1.json,295945,3e7789a91a4206e4a8dedb802f33f4b487eaafe4f9d4ddf22821f624de4b66d2,False,
numerical_validation/adversarial_overnight/stage2_phase/analysis/S2B_d0p4_z0p2.json,validation/adversarial_overnight/stage2_phase/analysis/S2B_d0p4_z0p2.json,297422,0a6a1054160ad79ea38f2b07ae2ff2b159afbdbb679cc492a9cd52272639d260,False,
numerical_validation/adversarial_overnight/stage2_phase/analysis/S2B_d0p4_z0p4.json,validation/adversarial_overnight/stage2_phase/analysis/S2B_d0p4_z0p4.json,294881,030b04d187ad21c4e891b9614e5f3edc8fd7b724180e7e98cfc051e701dadb5f,False,
numerical_validation/adversarial_overnight/stage2_phase/analysis/S2B_d0p4_z0p8.json,validation/adversarial_overnight/stage2_phase/analysis/S2B_d0p4_z0p8.json,151978,497e99e32f733148ac512bec057a239872e11d135652a8a3b78a38653aa263bf,False,
numerical_validation/adversarial_overnight/stage2_phase/kappa_to_record_shift.csv,validation/adversarial_overnight/stage2_phase/kappa_to_record_shift.csv,626,caf6596bb80095c34c5572b25ec2ccefbc77f04b70ec7eaef9d628324d7a5af9,False,
numerical_validation/adversarial_overnight/stage2_phase/phase_scaling.pdf,validation/adversarial_overnight/stage2_phase/phase_scaling.pdf,25367,86e286bdbf999417515394ba4e2315ad6fd2b4b43c1eb92df1b70b0bd9c72410,False,
numerical_validation/adversarial_overnight/stage2_phase/phase_scaling.png,validation/adversarial_overnight/stage2_phase/phase_scaling.png,102391,371ee9f3710ba6fc568891facfec161d00f2da5d156c863021a7d6b4f46b033c,False,
numerical_validation/adversarial_overnight/stage2_phase/scan/S2A_kM0p0500000000_z0p25.json,validation/adversarial_overnight/stage2_phase/scan/S2A_kM0p0500000000_z0p25.json,581671,07b6c8e89cdb7c75eb2e8ee4ceb6b0e5aa56f218f108afa7e685fb6582fed837,False,
numerical_validation/adversarial_overnight/stage2_phase/scan/S2A_kM0p0500000000_z0p5.json,validation/adversarial_overnight/stage2_phase/scan/S2A_kM0p0500000000_z0p5.json,576694,58eff6cdfbcbd3050ad83589fb2dbe0c586f5aa2a2001dbf12e36b4067617aff,False,
numerical_validation/adversarial_overnight/stage2_phase/scan/S2A_kM0p0500000000_z1p0.json,validation/adversarial_overnight/stage2_phase/scan/S2A_kM0p0500000000_z1p0.json,571238,36d42f72afa4a5c0afd34528b4ef005128099a74af980b6b2a57587ac68e8684,False,
numerical_validation/adversarial_overnight/stage2_phase/scan/S2A_kM0p0500000000_z2p0.json,validation/adversarial_overnight/stage2_phase/scan/S2A_kM0p0500000000_z2p0.json,566171,b392a0c0dd7e3d0793b40474d57e156ff86494ffdf02369c340e96f9773296c3,False,
numerical_validation/adversarial_overnight/stage2_phase/scan/S2A_kM0p1000000000_z0p25.json,validation/adversarial_overnight/stage2_phase/scan/S2A_kM0p1000000000_z0p25.json,581182,94188468d30868c0109eb8b54d3c9d20199ec00186371356dad09b1e5df69fbf,False,
numerical_validation/adversarial_overnight/stage2_phase/scan/S2A_kM0p1000000000_z0p5.json,validation/adversarial_overnight/stage2_phase/scan/S2A_kM0p1000000000_z0p5.json,576951,75e435564efa959ddcaa03f70ae01198ad97fefb4b0f8a699a86ac033ef0a72e,False,
numerical_validation/adversarial_overnight/stage2_phase/scan/S2A_kM0p1000000000_z1p0.json,validation/adversarial_overnight/stage2_phase/scan/S2A_kM0p1000000000_z1p0.json,571551,e1a275d156adb3bc01a9145ac71d4d5467356870b64042a26b22b6102a3e60ca,False,
numerical_validation/adversarial_overnight/stage2_phase/scan/S2A_kM0p1000000000_z2p0.json,validation/adversarial_overnight/stage2_phase/scan/S2A_kM0p1000000000_z2p0.json,565876,d2cc5e0e1b81f4e36d00c9a6cfb3b3f1ce324773fe32373b51302783eade01b3,False,
numerical_validation/adversarial_overnight/stage2_phase/scan/S2A_kM0p2000000000_z0p25.json,validation/adversarial_overnight/stage2_phase/scan/S2A_kM0p2000000000_z0p25.json,581581,e187a4ea7f8a271026f449103bf9854e50fd1917f2d33018c4fc3b7ae56255d7,False,
numerical_validation/adversarial_overnight/stage2_phase/scan/S2A_kM0p2000000000_z0p5.json,validation/adversarial_overnight/stage2_phase/scan/S2A_kM0p2000000000_z0p5.json,576810,d5e8cb72870c7f9efe4ea9248c059659c6613d0c13c86f978981fc51f5c0aba1,False,
numerical_validation/adversarial_overnight/stage2_phase/scan/S2A_kM0p2000000000_z1p0.json,validation/adversarial_overnight/stage2_phase/scan/S2A_kM0p2000000000_z1p0.json,571927,d17245ded3794fe0ccd1f2f428cbd123b5b3649c37277578f4568bd388cab958,False,
numerical_validation/adversarial_overnight/stage2_phase/scan/S2A_kM0p2000000000_z2p0.json,validation/adversarial_overnight/stage2_phase/scan/S2A_kM0p2000000000_z2p0.json,566445,1a420933ad4e5c6668595833f84ca5638d24557298c0f79b767e7819e7ee2d1d,False,
numerical_validation/adversarial_overnight/stage2_phase/scan/S2A_kM0p3000000000_z0p25.json,validation/adversarial_overnight/stage2_phase/scan/S2A_kM0p3000000000_z0p25.json,581666,f26da7913e9d354e1224c96b70a111c080cb45efe24a9ef8fad13228a9744e55,False,
numerical_validation/adversarial_overnight/stage2_phase/scan/S2A_kM0p3000000000_z0p25__ext.json,validation/adversarial_overnight/stage2_phase/scan/S2A_kM0p3000000000_z0p25__ext.json,576648,f29e31bdfbe959f998c49511478c7419c6005fd6cbf35acddb8f0c62a84d59a6,False,
numerical_validation/adversarial_overnight/stage2_phase/scan/S2A_kM0p3000000000_z0p5.json,validation/adversarial_overnight/stage2_phase/scan/S2A_kM0p3000000000_z0p5.json,577230,502c95a680c07bcfc903ccd0d9e526c24679deb59f71795c75b874bb20d2e8c3,False,
numerical_validation/adversarial_overnight/stage2_phase/scan/S2A_kM0p3000000000_z0p5__ext.json,validation/adversarial_overnight/stage2_phase/scan/S2A_kM0p3000000000_z0p5__ext.json,571057,6902764710f5fec8899c8a8ad1906fa942ea61b26059d11e5121fa874747e783,False,
numerical_validation/adversarial_overnight/stage2_phase/scan/S2A_kM0p3000000000_z1p0.json,validation/adversarial_overnight/stage2_phase/scan/S2A_kM0p3000000000_z1p0.json,571756,60b73dbc126c232376fb6e4d823684d844b5d4423298f6042f67ffb55417ba26,False,
numerical_validation/adversarial_overnight/stage2_phase/scan/S2A_kM0p3000000000_z2p0.json,validation/adversarial_overnight/stage2_phase/scan/S2A_kM0p3000000000_z2p0.json,566068,f7fe8ff6a26cba3030cd55719a38078bb7cd3d54f250641c82d9fa7ec198a80e,False,
numerical_validation/adversarial_overnight/stage2_phase/scan/S2A_kM0p3882278594_z0p25.json,validation/adversarial_overnight/stage2_phase/scan/S2A_kM0p3882278594_z0p25.json,581718,067c7f6d9e389feb4dc5195e84de7d2bbe0d43dea6de61575c6c8be1f98cd916,False,
numerical_validation/adversarial_overnight/stage2_phase/scan/S2A_kM0p3882278594_z0p25__ext.json,validation/adversarial_overnight/stage2_phase/scan/S2A_kM0p3882278594_z0p25__ext.json,577040,a7d11f32495fc1164e82c954ac15030e845d762d85bc6f7649de8c4a389d4fda,False,
numerical_validation/adversarial_overnight/stage2_phase/scan/S2A_kM0p3882278594_z0p5.json,validation/adversarial_overnight/stage2_phase/scan/S2A_kM0p3882278594_z0p5.json,576722,8fb28cdb2ec1afb617755cf2b7ef52bbad2adc6c19f4294cfa89d24838bbd711,False,
numerical_validation/adversarial_overnight/stage2_phase/scan/S2A_kM0p3882278594_z0p5__ext.json,validation/adversarial_overnight/stage2_phase/scan/S2A_kM0p3882278594_z0p5__ext.json,571496,31f05c300ff987c8b3dbb2775ae57c1b7a3c38c32e39c64d798aedf71cd225ee,False,
numerical_validation/adversarial_overnight/stage2_phase/scan/S2A_kM0p3882278594_z1p0.json,validation/adversarial_overnight/stage2_phase/scan/S2A_kM0p3882278594_z1p0.json,571425,797a7105495817fed30dbb81db10b3e5904125f75bb22edcadd44137f63a5549,False,
numerical_validation/adversarial_overnight/stage2_phase/scan/S2A_kM0p3882278594_z1p0__ext.json,validation/adversarial_overnight/stage2_phase/scan/S2A_kM0p3882278594_z1p0__ext.json,565073,82d19b70826896470e7b59b9560c35a69677c9cc6e446df964ad25625b6e2b3e,False,
numerical_validation/adversarial_overnight/stage2_phase/scan/S2A_kM0p3882278594_z2p0.json,validation/adversarial_overnight/stage2_phase/scan/S2A_kM0p3882278594_z2p0.json,566216,f24df37afb9dcbbb60ff84d4f8832ae75b3196295b24a207c9d67f58a5f0e840,False,
numerical_validation/adversarial_overnight/stage2_phase/scan/S2A_kM0p3882278594_z2p0__ext.json,validation/adversarial_overnight/stage2_phase/scan/S2A_kM0p3882278594_z2p0__ext.json,564072,8fcdf707bfedb8e32cc269266af2e4c0d7196d02f5792f72c51c2d7a11455bf1,False,
numerical_validation/adversarial_overnight/stage2_phase/scan/S2A_kM0p4000000000_z0p25.json,validation/adversarial_overnight/stage2_phase/scan/S2A_kM0p4000000000_z0p25.json,581696,1401e296e548da350a2cd4c6a69db17a28a5d7cb179a59deab0206097d24e21b,False,
numerical_validation/adversarial_overnight/stage2_phase/scan/S2A_kM0p4000000000_z0p25__ext.json,validation/adversarial_overnight/stage2_phase/scan/S2A_kM0p4000000000_z0p25__ext.json,576847,adb84dc1e83745d972d40b7fb5fabc9ef5d5e874af1faa90ed8e6ffc31fb7640,False,
numerical_validation/adversarial_overnight/stage2_phase/scan/S2A_kM0p4000000000_z0p5.json,validation/adversarial_overnight/stage2_phase/scan/S2A_kM0p4000000000_z0p5.json,576583,3af276ee406dc6e935a70826fc07492236e056a4cc9f0f59627cf686a29bada0,False,
numerical_validation/adversarial_overnight/stage2_phase/scan/S2A_kM0p4000000000_z0p5__ext.json,validation/adversarial_overnight/stage2_phase/scan/S2A_kM0p4000000000_z0p5__ext.json,571555,7aa1b5aa0701616034e4e555982996a8092c362a59dafa7659a185c318c06f04,False,
numerical_validation/adversarial_overnight/stage2_phase/scan/S2A_kM0p4000000000_z1p0.json,validation/adversarial_overnight/stage2_phase/scan/S2A_kM0p4000000000_z1p0.json,571375,5bef2148e167da2874e4dd69b51c1c7b91a8fe16c4e14b13887d133f3df230a8,False,
numerical_validation/adversarial_overnight/stage2_phase/scan/S2A_kM0p4000000000_z1p0__ext.json,validation/adversarial_overnight/stage2_phase/scan/S2A_kM0p4000000000_z1p0__ext.json,564664,a8e6b17c4974bc8739664a9ab615e5dda1d04c3953c0aefd00606201856032c7,False,
numerical_validation/adversarial_overnight/stage2_phase/scan/S2A_kM0p4000000000_z2p0.json,validation/adversarial_overnight/stage2_phase/scan/S2A_kM0p4000000000_z2p0.json,566287,00bc2da4da5eabd397c41a1defb3664c6fbe9df054a9d8305a1169068e6c1a78,False,
numerical_validation/adversarial_overnight/stage2_phase/scan/S2A_kM0p4000000000_z2p0__ext.json,validation/adversarial_overnight/stage2_phase/scan/S2A_kM0p4000000000_z2p0__ext.json,563812,91e8334e5a7a78f3e40bdd4b86d39e893de3391026a0693bdd189695e2a0041e,False,
numerical_validation/adversarial_overnight/stage2_phase/scan/S2A_kM0p5000000000_z0p25.json,validation/adversarial_overnight/stage2_phase/scan/S2A_kM0p5000000000_z0p25.json,581386,2bd834960b59a13aee89a91d751e76fd2b9f772f4fb89c5033a14c5df92e5a2c,False,
numerical_validation/adversarial_overnight/stage2_phase/scan/S2A_kM0p5000000000_z0p25__ext.json,validation/adversarial_overnight/stage2_phase/scan/S2A_kM0p5000000000_z0p25__ext.json,577026,fd39c4899401f7ecd7669c88e691054657690b68d83fda2ef9a6be646cf86129,False,
numerical_validation/adversarial_overnight/stage2_phase/scan/S2A_kM0p5000000000_z0p5.json,validation/adversarial_overnight/stage2_phase/scan/S2A_kM0p5000000000_z0p5.json,576471,b3e6282563a1e525ca296d7d49b61672edd150cc44d671207763949b6d7123d4,False,
numerical_validation/adversarial_overnight/stage2_phase/scan/S2A_kM0p5000000000_z0p5__ext.json,validation/adversarial_overnight/stage2_phase/scan/S2A_kM0p5000000000_z0p5__ext.json,571280,898037bc7460e88317e6e2880d51d2a43d84246cc5348b15c87bd507547c090d,False,
numerical_validation/adversarial_overnight/stage2_phase/scan/S2A_kM0p5000000000_z1p0.json,validation/adversarial_overnight/stage2_phase/scan/S2A_kM0p5000000000_z1p0.json,570936,326bf880359b9f03794f31bbce7f30bda0c93d83bfc0a93aef3f7d0966ce9675,False,
numerical_validation/adversarial_overnight/stage2_phase/scan/S2A_kM0p5000000000_z1p0__ext.json,validation/adversarial_overnight/stage2_phase/scan/S2A_kM0p5000000000_z1p0__ext.json,564789,ea1795711a680e1dd72a8dcd69af29a01b45ec9211925638e94da6ceb93d9881,False,
numerical_validation/adversarial_overnight/stage2_phase/scan/S2A_kM0p5000000000_z2p0.json,validation/adversarial_overnight/stage2_phase/scan/S2A_kM0p5000000000_z2p0.json,567360,7d63e7e935994a9ebc6755e4345737e52b44a6dab67cb2eb129953b3e8dc7aa8,False,
numerical_validation/adversarial_overnight/stage2_phase/scan/S2A_kM0p5000000000_z2p0__ext.json,validation/adversarial_overnight/stage2_phase/scan/S2A_kM0p5000000000_z2p0__ext.json,565681,5fccdfe88cc7cc53d06304af71433ad00d1207c76fe248416b425317c72e5783,False,
numerical_validation/adversarial_overnight/stage2_phase/scan/S2A_kP0p0000000000_z0p25.json,validation/adversarial_overnight/stage2_phase/scan/S2A_kP0p0000000000_z0p25.json,581354,26125174ff628a3d996b13b27d65b6dc99ec44672b90e83b3b064534b070ed59,False,
numerical_validation/adversarial_overnight/stage2_phase/scan/S2A_kP0p0000000000_z0p5.json,validation/adversarial_overnight/stage2_phase/scan/S2A_kP0p0000000000_z0p5.json,576823,96e41166ded59b82298486637024fe1db9bac894f6b9da2c4b555e6c6930d675,False,
numerical_validation/adversarial_overnight/stage2_phase/scan/S2A_kP0p0000000000_z1p0.json,validation/adversarial_overnight/stage2_phase/scan/S2A_kP0p0000000000_z1p0.json,571768,30c2f5cb5604b02670d1a4fb37b43e725106fc14bda5604ba01e4be3df11ce94,False,
numerical_validation/adversarial_overnight/stage2_phase/scan/S2A_kP0p0000000000_z2p0.json,validation/adversarial_overnight/stage2_phase/scan/S2A_kP0p0000000000_z2p0.json,566125,9097214de0334f692fa4e4e932ae8f8e4d1336fd5d64f231a8cf566abc425818,False,
numerical_validation/adversarial_overnight/stage2_phase/scan/S2A_kP0p0500000000_z0p25.json,validation/adversarial_overnight/stage2_phase/scan/S2A_kP0p0500000000_z0p25.json,581354,bf26f06fa945fed6bb714a5a20a03d93f04b7a634dec6777782e007f1b587cac,False,
numerical_validation/adversarial_overnight/stage2_phase/scan/S2A_kP0p0500000000_z0p5.json,validation/adversarial_overnight/stage2_phase/scan/S2A_kP0p0500000000_z0p5.json,576858,4215b9be7e60ebb507a257518085aa0447e7b370234200307185b1ba8955546b,False,
numerical_validation/adversarial_overnight/stage2_phase/scan/S2A_kP0p0500000000_z1p0.json,validation/adversarial_overnight/stage2_phase/scan/S2A_kP0p0500000000_z1p0.json,571482,ab287e245d486d4c12e37cd4a0266a8319be93496927be52af37ea9904777c3a,False,
numerical_validation/adversarial_overnight/stage2_phase/scan/S2A_kP0p0500000000_z2p0.json,validation/adversarial_overnight/stage2_phase/scan/S2A_kP0p0500000000_z2p0.json,565813,bf12aa22f74abd4983ffba1f8755f1bb52c7a34d9855a67d96005750dcd7d850,False,
numerical_validation/adversarial_overnight/stage2_phase/scan/S2A_kP0p1000000000_z0p25.json,validation/adversarial_overnight/stage2_phase/scan/S2A_kP0p1000000000_z0p25.json,581316,b14fecd6f2f6bea77da2946751686702dd373ea08273fd3c8aae9cc6a545c52e,False,
numerical_validation/adversarial_overnight/stage2_phase/scan/S2A_kP0p1000000000_z0p5.json,validation/adversarial_overnight/stage2_phase/scan/S2A_kP0p1000000000_z0p5.json,576749,cf587327443f807c245208df3d98408873356841ec8c9811a561181cf73c0448,False,
numerical_validation/adversarial_overnight/stage2_phase/scan/S2A_kP0p1000000000_z1p0.json,validation/adversarial_overnight/stage2_phase/scan/S2A_kP0p1000000000_z1p0.json,572021,f717f2e5fd6b6fe7f709937e2652fd4c8b56933d870927e7d04e731aa58c32db,False,
numerical_validation/adversarial_overnight/stage2_phase/scan/S2A_kP0p1000000000_z2p0.json,validation/adversarial_overnight/stage2_phase/scan/S2A_kP0p1000000000_z2p0.json,566161,bcb65a03e4f45ab155c92c4b32f2c30a6f7a40ac2d915b62f7bb545866db8cd3,False,
numerical_validation/adversarial_overnight/stage2_phase/scan/S2A_kP0p2000000000_z0p25.json,validation/adversarial_overnight/stage2_phase/scan/S2A_kP0p2000000000_z0p25.json,581116,e6c1baf0bb7b293969e5ad72d7bd4614cb72afc9a09520bc3f67a3e7aee3b518,False,
numerical_validation/adversarial_overnight/stage2_phase/scan/S2A_kP0p2000000000_z0p5.json,validation/adversarial_overnight/stage2_phase/scan/S2A_kP0p2000000000_z0p5.json,576858,3ed0fa5ee28141ac265892edf6737bc9a3a81858334cff64c732e05d2f149535,False,
numerical_validation/adversarial_overnight/stage2_phase/scan/S2A_kP0p2000000000_z1p0.json,validation/adversarial_overnight/stage2_phase/scan/S2A_kP0p2000000000_z1p0.json,571728,276e81969528130da7ef3afb32c46f156d1ae65a5def8180eb09a42b6740968b,False,
numerical_validation/adversarial_overnight/stage2_phase/scan/S2A_kP0p2000000000_z2p0.json,validation/adversarial_overnight/stage2_phase/scan/S2A_kP0p2000000000_z2p0.json,566691,b0c15b33282bad120ee15fe430c1648642b18193d7e06c36a378e958baf87209,False,
numerical_validation/adversarial_overnight/stage2_phase/scan/S2A_kP0p3000000000_z0p25.json,validation/adversarial_overnight/stage2_phase/scan/S2A_kP0p3000000000_z0p25.json,581368,8396160717df149083bd239421d5ce60c38ed227020627bf1f6b8c51510b64d2,False,
numerical_validation/adversarial_overnight/stage2_phase/scan/S2A_kP0p3000000000_z0p25__ext.json,validation/adversarial_overnight/stage2_phase/scan/S2A_kP0p3000000000_z0p25__ext.json,576894,e9e0aef5c1cd0ac5ce4b8140ffd8684064d888fbb9e1a050e19ab611ccb00cf9,False,
numerical_validation/adversarial_overnight/stage2_phase/scan/S2A_kP0p3000000000_z0p5.json,validation/adversarial_overnight/stage2_phase/scan/S2A_kP0p3000000000_z0p5.json,577076,2c48af0c06fae1711c420cac83ee23ec06b3d8aa80b00cf402a7ce99b3a7cf86,False,
numerical_validation/adversarial_overnight/stage2_phase/scan/S2A_kP0p3000000000_z0p5__ext.json,validation/adversarial_overnight/stage2_phase/scan/S2A_kP0p3000000000_z0p5__ext.json,571098,aa93858f7a8e7fd1c1fd4541f6f0c203e20db431a225476712fd1a76abd14822,False,
numerical_validation/adversarial_overnight/stage2_phase/scan/S2A_kP0p3000000000_z1p0.json,validation/adversarial_overnight/stage2_phase/scan/S2A_kP0p3000000000_z1p0.json,571655,378810b2bb7222d1445b2fdc8a1e52056c3b901e6b3ce43fd80a6591d04ce2e4,False,
numerical_validation/adversarial_overnight/stage2_phase/scan/S2A_kP0p3000000000_z2p0.json,validation/adversarial_overnight/stage2_phase/scan/S2A_kP0p3000000000_z2p0.json,566205,d1cd7c760eac6243153d81649e495e64b07c6ad7e6d1217bfd2a1614aedfd1b2,False,
numerical_validation/adversarial_overnight/stage2_phase/scan/S2A_kP0p3882278594_z0p25.json,validation/adversarial_overnight/stage2_phase/scan/S2A_kP0p3882278594_z0p25.json,581533,6109a87c10a9305a55f271371bc52cf4c63348a514e793fa5e5423b684088752,False,
numerical_validation/adversarial_overnight/stage2_phase/scan/S2A_kP0p3882278594_z0p25__ext.json,validation/adversarial_overnight/stage2_phase/scan/S2A_kP0p3882278594_z0p25__ext.json,576996,269032c5329cf1982f8ad950b5c86b928f89191f4973acb9020e9de40b98c42d,False,
numerical_validation/adversarial_overnight/stage2_phase/scan/S2A_kP0p3882278594_z0p5.json,validation/adversarial_overnight/stage2_phase/scan/S2A_kP0p3882278594_z0p5.json,576792,28bbd95c15cc60b52d971668f1df97e23a291a4222f86fbd90d01f586863f2d8,False,
numerical_validation/adversarial_overnight/stage2_phase/scan/S2A_kP0p3882278594_z0p5__ext.json,validation/adversarial_overnight/stage2_phase/scan/S2A_kP0p3882278594_z0p5__ext.json,570980,b0457dc91a00af433af33e836819ebc952596e5aa78a17bd3ed2e0423bbd0e46,False,
numerical_validation/adversarial_overnight/stage2_phase/scan/S2A_kP0p3882278594_z1p0.json,validation/adversarial_overnight/stage2_phase/scan/S2A_kP0p3882278594_z1p0.json,571531,d080820145f0113dcecf1844ab0c2086506a9f5bcd003ad3bcfa2bc397010649,False,
numerical_validation/adversarial_overnight/stage2_phase/scan/S2A_kP0p3882278594_z1p0__ext.json,validation/adversarial_overnight/stage2_phase/scan/S2A_kP0p3882278594_z1p0__ext.json,564808,980d557c57605454c2a581d33ca3f021bcfc3330814e0a5e7aaf1a4c9d5736f1,False,
numerical_validation/adversarial_overnight/stage2_phase/scan/S2A_kP0p3882278594_z2p0.json,validation/adversarial_overnight/stage2_phase/scan/S2A_kP0p3882278594_z2p0.json,566045,3934921d0f266b44eee5e045f658264c70025429761d468717c06f617c75bb69,False,
numerical_validation/adversarial_overnight/stage2_phase/scan/S2A_kP0p3882278594_z2p0__ext.json,validation/adversarial_overnight/stage2_phase/scan/S2A_kP0p3882278594_z2p0__ext.json,563729,7e0e61bf410b83319549496c038142d487bf00da41f2cb498110d592ea7c3b85,False,
numerical_validation/adversarial_overnight/stage2_phase/scan/S2A_kP0p4000000000_z0p25.json,validation/adversarial_overnight/stage2_phase/scan/S2A_kP0p4000000000_z0p25.json,581563,d7bb83eea5109b44d2e1850cf03469d8f88e428763ff7b0a38e525f965c53ccc,False,
numerical_validation/adversarial_overnight/stage2_phase/scan/S2A_kP0p4000000000_z0p25__ext.json,validation/adversarial_overnight/stage2_phase/scan/S2A_kP0p4000000000_z0p25__ext.json,576819,3af75df7634af5016849206193bd88949b2d41551bcd473adf9f8d32cf3bdc7a,False,
numerical_validation/adversarial_overnight/stage2_phase/scan/S2A_kP0p4000000000_z0p5.json,validation/adversarial_overnight/stage2_phase/scan/S2A_kP0p4000000000_z0p5.json,576708,6827c630bf0779cbf2e57eeb2661359b9775708cddca18f674c80d1acfb4efe8,False,
numerical_validation/adversarial_overnight/stage2_phase/scan/S2A_kP0p4000000000_z0p5__ext.json,validation/adversarial_overnight/stage2_phase/scan/S2A_kP0p4000000000_z0p5__ext.json,571279,cffd13e9dda8377a252d558ff963263a74cd684d2571394a87407f2a3017025b,False,
numerical_validation/adversarial_overnight/stage2_phase/scan/S2A_kP0p4000000000_z1p0.json,validation/adversarial_overnight/stage2_phase/scan/S2A_kP0p4000000000_z1p0.json,571451,3f037b7c742ff128fa6113bb97ac19f2a0498440decf6443f27a947fa4504876,False,
numerical_validation/adversarial_overnight/stage2_phase/scan/S2A_kP0p4000000000_z1p0__ext.json,validation/adversarial_overnight/stage2_phase/scan/S2A_kP0p4000000000_z1p0__ext.json,565027,7c1ddd76ac08cd10cc802e06fe1061576de253da2cd8e2e13d04fefbb7800889,False,
numerical_validation/adversarial_overnight/stage2_phase/scan/S2A_kP0p4000000000_z2p0.json,validation/adversarial_overnight/stage2_phase/scan/S2A_kP0p4000000000_z2p0.json,566432,bdef6d80846de45dceeb5a489024fa3de7408315761462924f090e68afa52347,False,
numerical_validation/adversarial_overnight/stage2_phase/scan/S2A_kP0p4000000000_z2p0__ext.json,validation/adversarial_overnight/stage2_phase/scan/S2A_kP0p4000000000_z2p0__ext.json,564079,eaa9ee7667889a149dbb133d6683ed63c49e122b22be1d49ad237e689fc96179,False,
numerical_validation/adversarial_overnight/stage2_phase/scan/S2A_kP0p5000000000_z0p25.json,validation/adversarial_overnight/stage2_phase/scan/S2A_kP0p5000000000_z0p25.json,581203,d96d3d2fe10497dadb6925cd6f4b17255bd5dc964a745652dbb579a9f907cf85,False,
numerical_validation/adversarial_overnight/stage2_phase/scan/S2A_kP0p5000000000_z0p25__ext.json,validation/adversarial_overnight/stage2_phase/scan/S2A_kP0p5000000000_z0p25__ext.json,577098,146479a57588f34483e07abc3ab5f46ffa5e3309e11423dab9de0bcf7e610f64,False,
numerical_validation/adversarial_overnight/stage2_phase/scan/S2A_kP0p5000000000_z0p5.json,validation/adversarial_overnight/stage2_phase/scan/S2A_kP0p5000000000_z0p5.json,576313,58f5e3c051ee60c4968416d798bdd2d9871d10a713f5ca53244d886c0ac55f82,False,
numerical_validation/adversarial_overnight/stage2_phase/scan/S2A_kP0p5000000000_z0p5__ext.json,validation/adversarial_overnight/stage2_phase/scan/S2A_kP0p5000000000_z0p5__ext.json,571150,ec2df96cf63afd021f988dd7206bb2d6c4eb8a95990e319ed507dfde94d4d885,False,
numerical_validation/adversarial_overnight/stage2_phase/scan/S2A_kP0p5000000000_z1p0.json,validation/adversarial_overnight/stage2_phase/scan/S2A_kP0p5000000000_z1p0.json,570789,e6cd5bb7dbd1144268ff2a5d071ffdc6a6d98f84390c286241bf4deb0ff636be,False,
numerical_validation/adversarial_overnight/stage2_phase/scan/S2A_kP0p5000000000_z1p0__ext.json,validation/adversarial_overnight/stage2_phase/scan/S2A_kP0p5000000000_z1p0__ext.json,565025,e1fc804683a8ba5f83ee5a24d425388fc55c760fe4070fa0bd5600cc659107ab,False,
numerical_validation/adversarial_overnight/stage2_phase/scan/S2A_kP0p5000000000_z2p0.json,validation/adversarial_overnight/stage2_phase/scan/S2A_kP0p5000000000_z2p0.json,567415,69e8b5d875af0420bf3559803c6afece281033400b60f46edd042fcae58a03c4,False,
numerical_validation/adversarial_overnight/stage2_phase/scan/S2A_kP0p5000000000_z2p0__ext.json,validation/adversarial_overnight/stage2_phase/scan/S2A_kP0p5000000000_z2p0__ext.json,565758,2d330fbe0cd1688644db8274291d8c716e7afc427932a032e2ebae8aea56111d,False,
numerical_validation/adversarial_overnight/stage2_phase/scan/S2B_d0p05_z0p05.json,validation/adversarial_overnight/stage2_phase/scan/S2B_d0p05_z0p05.json,582407,940f0e3f630371bb1317c4075b545b33e5d7ed841e47ac041f3b14692eb5b999,False,
numerical_validation/adversarial_overnight/stage2_phase/scan/S2B_d0p05_z0p1.json,validation/adversarial_overnight/stage2_phase/scan/S2B_d0p05_z0p1.json,580916,c137247d8ac512d5f85081a0e7f76e0c877a46a795673b0eda438c81cf909ba2,False,
numerical_validation/adversarial_overnight/stage2_phase/scan/S2B_d0p05_z0p2.json,validation/adversarial_overnight/stage2_phase/scan/S2B_d0p05_z0p2.json,578582,fee8e43f85d385cf007f1fd8ae1a8ace39b896d39c51b99c0aee0a9a42074386,False,
numerical_validation/adversarial_overnight/stage2_phase/scan/S2B_d0p05_z0p2__ext.json,validation/adversarial_overnight/stage2_phase/scan/S2B_d0p05_z0p2__ext.json,572591,94819521b146048fb953e5c4613e20f3a90ebf46aee72d457f604b441bb22f45,False,
numerical_validation/adversarial_overnight/stage2_phase/scan/S2B_d0p05_z0p4.json,validation/adversarial_overnight/stage2_phase/scan/S2B_d0p05_z0p4.json,575871,245bd31e1b899db64ae687beff08d489596826189d8de0bd8ee08e2e9235d674,False,
numerical_validation/adversarial_overnight/stage2_phase/scan/S2B_d0p05_z0p4__ext.json,validation/adversarial_overnight/stage2_phase/scan/S2B_d0p05_z0p4__ext.json,570789,b11573e83d4f4f1c4c898dcb9a04144e9c93ccb00534163d06f1595febfc47b5,False,
numerical_validation/adversarial_overnight/stage2_phase/scan/S2B_d0p05_z0p8.json,validation/adversarial_overnight/stage2_phase/scan/S2B_d0p05_z0p8.json,573223,aadbe6ae430e78fec42efdefba769dd7a4062adaf2e4ffeab377c0a29efcb25c,False,
numerical_validation/adversarial_overnight/stage2_phase/scan/S2B_d0p1_z0p05.json,validation/adversarial_overnight/stage2_phase/scan/S2B_d0p1_z0p05.json,582119,3116a6fa9d0caa82bda895057bc1863a691b443a8c414955a3ca59fd325a33df,False,
numerical_validation/adversarial_overnight/stage2_phase/scan/S2B_d0p1_z0p1.json,validation/adversarial_overnight/stage2_phase/scan/S2B_d0p1_z0p1.json,580545,29bfa7f0f9a7f9e8474295cc3060c065a49c19a9ac08d473a471b91e8190526f,False,
numerical_validation/adversarial_overnight/stage2_phase/scan/S2B_d0p1_z0p2.json,validation/adversarial_overnight/stage2_phase/scan/S2B_d0p1_z0p2.json,577990,3d5421b2d591927a25f300dd2828506957e1b89b6f0e4f124eac5270508781ba,False,
numerical_validation/adversarial_overnight/stage2_phase/scan/S2B_d0p1_z0p2__ext.json,validation/adversarial_overnight/stage2_phase/scan/S2B_d0p1_z0p2__ext.json,572771,5ebd3be11b5d331eea7961fe42843e0ed682dc7c59ffa416f8ec0bf341230c33,False,
numerical_validation/adversarial_overnight/stage2_phase/scan/S2B_d0p1_z0p4.json,validation/adversarial_overnight/stage2_phase/scan/S2B_d0p1_z0p4.json,575260,c8ca86f400083c8a9b44f34f94ddf4d5d28b12c6f7dfa19a5f611578bff9860f,False,
numerical_validation/adversarial_overnight/stage2_phase/scan/S2B_d0p1_z0p4__ext.json,validation/adversarial_overnight/stage2_phase/scan/S2B_d0p1_z0p4__ext.json,570558,1601c8e9caa5e70878208b58b50cba6412125949a2ecb246ae1881705384db9d,False,
numerical_validation/adversarial_overnight/stage2_phase/scan/S2B_d0p1_z0p8.json,validation/adversarial_overnight/stage2_phase/scan/S2B_d0p1_z0p8.json,573048,62fac60a81c52699e7f48219aa43ed295deaebdb297ada8c1ad71af28954d019,False,
numerical_validation/adversarial_overnight/stage2_phase/scan/S2B_d0p1_z0p8__ext.json,validation/adversarial_overnight/stage2_phase/scan/S2B_d0p1_z0p8__ext.json,567208,842bb9b181bae72c99475a4d140718c991a775e4e155f1de87e7638fc0444954,False,
numerical_validation/adversarial_overnight/stage2_phase/scan/S2B_d0p2_z0p05.json,validation/adversarial_overnight/stage2_phase/scan/S2B_d0p2_z0p05.json,580672,67355e6149b03d903cb133e491c3e129c4585f9a73e537003c68ad86c5670b7e,False,
numerical_validation/adversarial_overnight/stage2_phase/scan/S2B_d0p2_z0p1.json,validation/adversarial_overnight/stage2_phase/scan/S2B_d0p2_z0p1.json,579147,98a4aea08cfb7c89b3f866e2feb0c52bd06fe92732a372e983b2201b0b03616d,False,
numerical_validation/adversarial_overnight/stage2_phase/scan/S2B_d0p2_z0p2.json,validation/adversarial_overnight/stage2_phase/scan/S2B_d0p2_z0p2.json,575932,8b27b5edf1abd0f9cbcd9fbe42f7e8f18c58698f6b7ba9b15bb1fb15d1fad9c9,False,
numerical_validation/adversarial_overnight/stage2_phase/scan/S2B_d0p2_z0p2__ext.json,validation/adversarial_overnight/stage2_phase/scan/S2B_d0p2_z0p2__ext.json,572222,c6e5d72e5574d53eef5c495ff654e5707123c63e2831c86c961ab48bbd6560ab,False,
numerical_validation/adversarial_overnight/stage2_phase/scan/S2B_d0p2_z0p4.json,validation/adversarial_overnight/stage2_phase/scan/S2B_d0p2_z0p4.json,573402,9730ccd40cfd942aca2f9d9afca9594efd12feac826cc4c222edce948608e077,False,
numerical_validation/adversarial_overnight/stage2_phase/scan/S2B_d0p2_z0p4__ext.json,validation/adversarial_overnight/stage2_phase/scan/S2B_d0p2_z0p4__ext.json,570480,29529b528c334b95ab24311c7ba109b46efd31344287f7a62b892c60406d912b,False,
numerical_validation/adversarial_overnight/stage2_phase/scan/S2B_d0p2_z0p8.json,validation/adversarial_overnight/stage2_phase/scan/S2B_d0p2_z0p8.json,571444,84cf8747d7d582517882e6686d86fc4af9577d3ed3ff8317569ed16ad8503ac3,False,
numerical_validation/adversarial_overnight/stage2_phase/scan/S2B_d0p2_z0p8__ext.json,validation/adversarial_overnight/stage2_phase/scan/S2B_d0p2_z0p8__ext.json,566860,4109265f481c5329e3b5fca996246dc102f1f0ae3acd44a1edcba0635f5c2446,False,
numerical_validation/adversarial_overnight/stage2_phase/scan/S2B_d0p3_z0p05.json,validation/adversarial_overnight/stage2_phase/scan/S2B_d0p3_z0p05.json,579984,b547f884b0bdc215f79f3049546a66b2d30bc8dc82df9ebea1a2b0f0c38a276a,False,
numerical_validation/adversarial_overnight/stage2_phase/scan/S2B_d0p3_z0p1.json,validation/adversarial_overnight/stage2_phase/scan/S2B_d0p3_z0p1.json,577353,177e0590abeab14b29c7fdf5b5b07afad70e10333a17b8f9e2e2dc478c07aa15,False,
numerical_validation/adversarial_overnight/stage2_phase/scan/S2B_d0p3_z0p1__ext.json,validation/adversarial_overnight/stage2_phase/scan/S2B_d0p3_z0p1__ext.json,574151,e4d62de9e2c0f3a12d902df7744cf668c5aeecb285dbdc9e814fa6ac8b5c2c0b,False,
numerical_validation/adversarial_overnight/stage2_phase/scan/S2B_d0p3_z0p2.json,validation/adversarial_overnight/stage2_phase/scan/S2B_d0p3_z0p2.json,574889,2d3ac98ba9d38489b17e7ecad0e9c7706a2b48da1b11f64f23dd1d2c8f9069a4,False,
numerical_validation/adversarial_overnight/stage2_phase/scan/S2B_d0p3_z0p2__ext.json,validation/adversarial_overnight/stage2_phase/scan/S2B_d0p3_z0p2__ext.json,571867,3bc6b14370075ce70a8893306faa8c953026b2c3cad29e9d3a79599fa0cc5314,False,
numerical_validation/adversarial_overnight/stage2_phase/scan/S2B_d0p3_z0p4.json,validation/adversarial_overnight/stage2_phase/scan/S2B_d0p3_z0p4.json,572034,05ca5442f1540fbe49f9c95ec289c9044a2c8003fcbd1e4a58b6f20daab63ad4,False,
numerical_validation/adversarial_overnight/stage2_phase/scan/S2B_d0p3_z0p4__ext.json,validation/adversarial_overnight/stage2_phase/scan/S2B_d0p3_z0p4__ext.json,569621,e3d0380884863ed3841a3860e6e8efd0075d0283515ddb18cc391592ef08c596,False,
numerical_validation/adversarial_overnight/stage2_phase/scan/S2B_d0p3_z0p8.json,validation/adversarial_overnight/stage2_phase/scan/S2B_d0p3_z0p8.json,570167,c092b3b622559e75dcbff31adb15c7f2141effab71c1bce5b77f24cea15a69c5,False,
numerical_validation/adversarial_overnight/stage2_phase/scan/S2B_d0p3_z0p8__ext.json,validation/adversarial_overnight/stage2_phase/scan/S2B_d0p3_z0p8__ext.json,566710,50ba1c5dedbaceef58801f0c96027242fbcc7d9f1f86b6dcb2e4636977da9cad,False,
numerical_validation/adversarial_overnight/stage2_phase/scan/S2B_d0p4_z0p05.json,validation/adversarial_overnight/stage2_phase/scan/S2B_d0p4_z0p05.json,580539,a9f996d5d90294ba23a546f75c4552b572f9b53731da04e8dab5720a1562faf3,False,
numerical_validation/adversarial_overnight/stage2_phase/scan/S2B_d0p4_z0p05__ext.json,validation/adversarial_overnight/stage2_phase/scan/S2B_d0p4_z0p05__ext.json,576884,59b245bc767128ad54c4bd66dd01a9e542a9c71ce27a41ddb4d90f0be7cacb29,False,
numerical_validation/adversarial_overnight/stage2_phase/scan/S2B_d0p4_z0p1.json,validation/adversarial_overnight/stage2_phase/scan/S2B_d0p4_z0p1.json,577776,eef74d65a35d90225b5a1c97738bb092895595c3c5cff2f8994b33f873d0d91a,False,
numerical_validation/adversarial_overnight/stage2_phase/scan/S2B_d0p4_z0p1__ext.json,validation/adversarial_overnight/stage2_phase/scan/S2B_d0p4_z0p1__ext.json,574642,c9596c453d859a56d1963ac499f4ecc6d0e9b8daa04945bb3c98e0030c6e2fd9,False,
numerical_validation/adversarial_overnight/stage2_phase/scan/S2B_d0p4_z0p2.json,validation/adversarial_overnight/stage2_phase/scan/S2B_d0p4_z0p2.json,575136,dd6f5857b554519860bb710deb02cf678621fabc46b38cd02e564cf7b715c0bc,False,
numerical_validation/adversarial_overnight/stage2_phase/scan/S2B_d0p4_z0p2__ext.json,validation/adversarial_overnight/stage2_phase/scan/S2B_d0p4_z0p2__ext.json,571700,340195ed098db45804b02c42db3f30dcf17220909c4dad45fd946b5204e07c08,False,
numerical_validation/adversarial_overnight/stage2_phase/scan/S2B_d0p4_z0p4.json,validation/adversarial_overnight/stage2_phase/scan/S2B_d0p4_z0p4.json,572910,d71e541f8201e165dc235e59cc86eb10aa0996c2f5e45a2297241aaaeeb68307,False,
numerical_validation/adversarial_overnight/stage2_phase/scan/S2B_d0p4_z0p4__ext.json,validation/adversarial_overnight/stage2_phase/scan/S2B_d0p4_z0p4__ext.json,567324,af35de220bdf5451694aa37eb6fde641ed49c0518e24f044a16083a5f6cd36a4,False,
numerical_validation/adversarial_overnight/stage2_phase/scan/S2B_d0p4_z0p8.json,validation/adversarial_overnight/stage2_phase/scan/S2B_d0p4_z0p8.json,570678,981ef9a21bdc05dc75582223c054fa28906fe98fc8d55b274e441acba50ca0e0,False,
numerical_validation/adversarial_overnight/stage2_phase/stage2A_finite.csv,validation/adversarial_overnight/stage2_phase/stage2A_finite.csv,23128,a4319647dc885de82778c19b3ba1f5c9c8ad848f55c273491e13929f02002aa4,False,
numerical_validation/adversarial_overnight/stage2_phase/stage2A_tangent.csv,validation/adversarial_overnight/stage2_phase/stage2A_tangent.csv,6595,097f56f57ad3a0f03f86f462eea873bdc6d298d44877a335d2f7b774778d99cd,False,
numerical_validation/adversarial_overnight/stage2_phase/stage2B_fixed_delta.csv,validation/adversarial_overnight/stage2_phase/stage2B_fixed_delta.csv,7877,13abfb16c636a6706e55d274f9122111058237550d0ed10b6985b4195a112c95,False,
numerical_validation/adversarial_overnight/stage2_phase/tangent_results.json,validation/adversarial_overnight/stage2_phase/tangent_results.json,29057,d3642de6885ceb4f7edc69a486f20068ebf0ab2f4a828c4ee938d3a160406f22,False,
numerical_validation/adversarial_overnight/stage3_bwidth/DONE_3A.json,validation/adversarial_overnight/stage3_bwidth/DONE_3A.json,15951,21003267aeff9fdf7e0b1902af954feaf6e3cb5163f934591fdafdfee2d6f2a1,False,
numerical_validation/adversarial_overnight/stage3_bwidth/DONE_3B.json,validation/adversarial_overnight/stage3_bwidth/DONE_3B.json,789,1c1d50fd513f2df0c422023b8ddf85b46015109356c2351b077a04119df02213,False,
numerical_validation/adversarial_overnight/stage3_bwidth/STAGE3_REPORT.md,validation/adversarial_overnight/stage3_bwidth/STAGE3_REPORT.md,6164,6203bd7974538b6dbe9e4a6ba854164377762a4ea3b9cb2ed3227bb17e7e2916,False,
numerical_validation/adversarial_overnight/stage3_bwidth/_block_test.log,validation/adversarial_overnight/stage3_bwidth/_block_test.log,3745,7b2eeb41a631dd15779a046afd97ec7e21e5152057c6df3b9017e293dd25661b,False,
numerical_validation/adversarial_overnight/stage3_bwidth/analysis/S3F_b10p0.json,validation/adversarial_overnight/stage3_bwidth/analysis/S3F_b10p0.json,148921,e1bc4025495f03f02faf9ceec81f9503981b23841a8f81c35fdf095652533baa,False,
numerical_validation/adversarial_overnight/stage3_bwidth/analysis/S3F_b10p1.json,validation/adversarial_overnight/stage3_bwidth/analysis/S3F_b10p1.json,148912,97d3e3dcfe8bbb1b31cc4bacf31678353798384bd7c3e8717a458dc76b4158e6,False,
numerical_validation/adversarial_overnight/stage3_bwidth/analysis/S3F_b10p2.json,validation/adversarial_overnight/stage3_bwidth/analysis/S3F_b10p2.json,148894,4a1ef9862a5e29185ef8de657937b6f8d9ad6432ec36869971becce127bad52e,False,
numerical_validation/adversarial_overnight/stage3_bwidth/analysis/S3F_b10p3.json,validation/adversarial_overnight/stage3_bwidth/analysis/S3F_b10p3.json,148937,37aca56ea9f925bc39d820a6d282d4b1e155467c505b4f625eadac39141057b0,False,
numerical_validation/adversarial_overnight/stage3_bwidth/analysis/S3F_b10p4.json,validation/adversarial_overnight/stage3_bwidth/analysis/S3F_b10p4.json,148938,35cead05b792bdc7699e71491994247407ded868c43ea49fb708e383093ccd59,False,
numerical_validation/adversarial_overnight/stage3_bwidth/analysis/S3F_b10p5.json,validation/adversarial_overnight/stage3_bwidth/analysis/S3F_b10p5.json,148928,b0bb2778fa6831f2b14026a962ef0962541f633f1c3280b3670da9c6d2a64943,False,
numerical_validation/adversarial_overnight/stage3_bwidth/analysis/S3F_b9p5.json,validation/adversarial_overnight/stage3_bwidth/analysis/S3F_b9p5.json,148859,bcb6d05b368653b15ee500194338caf72cccb7aaa1c2604611f5442889f76a0f,False,
numerical_validation/adversarial_overnight/stage3_bwidth/analysis/S3F_b9p6.json,validation/adversarial_overnight/stage3_bwidth/analysis/S3F_b9p6.json,148959,358b912cf4873b0cffecd56c154bf9e0b23d4b9e5b9cb3a327acb2ae710e6b9d,False,
numerical_validation/adversarial_overnight/stage3_bwidth/analysis/S3F_b9p7.json,validation/adversarial_overnight/stage3_bwidth/analysis/S3F_b9p7.json,148940,94e5c226f75f2f2bb170eb68cb94a5611a461e08aaca91a1e3373ec9b19f75ec,False,
numerical_validation/adversarial_overnight/stage3_bwidth/analysis/S3F_b9p8.json,validation/adversarial_overnight/stage3_bwidth/analysis/S3F_b9p8.json,148910,5dbb553fcdb230527cd33eeceb7642832f0b8c8945c5d48d5414c4004acfaf9b,False,
numerical_validation/adversarial_overnight/stage3_bwidth/analysis/S3F_b9p9.json,validation/adversarial_overnight/stage3_bwidth/analysis/S3F_b9p9.json,148914,eaa409ba1f5fa1d440da11b0c2d4e180c84409003856860d109527abc0912c60,False,
numerical_validation/adversarial_overnight/stage3_bwidth/b_continuum_scan.csv,validation/adversarial_overnight/stage3_bwidth/b_continuum_scan.csv,3297,db5e64c9221de8aa07e596aeb21401d0682d85ac4c03773fe98d319b4a2f874e,False,
numerical_validation/adversarial_overnight/stage3_bwidth/b_width_scan.png,validation/adversarial_overnight/stage3_bwidth/b_width_scan.png,70258,885e6c0ae526625d769a15de1108de9978b464e531b92cc89adebac41d341c0a,False,
numerical_validation/adversarial_overnight/stage3_bwidth/bcert/blocks/10.00.json,validation/adversarial_overnight/stage3_bwidth/bcert/blocks/10.00.json,1015,9b0a9ca7f646bf1484cde27efcb870f8c13bf66e9d4e31d9d4c247992f045c27,False,
numerical_validation/adversarial_overnight/stage3_bwidth/bcert/blocks/10.01.json,validation/adversarial_overnight/stage3_bwidth/bcert/blocks/10.01.json,1013,0e9ce630b0b20c740979a9d699df25e8fc31367fd2e710e0f6d906e3a5596b8e,False,
numerical_validation/adversarial_overnight/stage3_bwidth/bcert/blocks/10.02.json,validation/adversarial_overnight/stage3_bwidth/bcert/blocks/10.02.json,1011,445a5aa89e5e0b82658b0a45a50f6813a4253e4a5b3fc6f30449ad39e49a7c2b,False,
numerical_validation/adversarial_overnight/stage3_bwidth/bcert/blocks/10.03.json,validation/adversarial_overnight/stage3_bwidth/bcert/blocks/10.03.json,1012,a9abff6f8cd1205fd2e15c618709ad33843f7e67ab8000705d050956338931e7,False,
numerical_validation/adversarial_overnight/stage3_bwidth/bcert/blocks/10.04.json,validation/adversarial_overnight/stage3_bwidth/bcert/blocks/10.04.json,1012,c6491bdc31d8d1115b1cd397d7ae0a210ed0050ccf517c022d4e8b233509f774,False,
numerical_validation/adversarial_overnight/stage3_bwidth/bcert/blocks/10.05.json,validation/adversarial_overnight/stage3_bwidth/bcert/blocks/10.05.json,1014,c537c3d25f921e935968d87275292b62a9a9b102613fac2e3578baa3d41409c8,False,
numerical_validation/adversarial_overnight/stage3_bwidth/bcert/blocks/10.06.json,validation/adversarial_overnight/stage3_bwidth/bcert/blocks/10.06.json,1011,593a927bfda60686d669ed244ceb44c27af9e6c325ca2d75b9a5b314e164250b,False,
numerical_validation/adversarial_overnight/stage3_bwidth/bcert/blocks/10.07.json,validation/adversarial_overnight/stage3_bwidth/bcert/blocks/10.07.json,1015,7ab9548706e6726d2a3b1734ac0f0c37866911f604c97e3c52a4caeca581006d,False,
numerical_validation/adversarial_overnight/stage3_bwidth/bcert/blocks/10.08.json,validation/adversarial_overnight/stage3_bwidth/bcert/blocks/10.08.json,1012,d432a824974a25fed775f163b44404834bac7bbda21893f367f5a182181d9961,False,
numerical_validation/adversarial_overnight/stage3_bwidth/bcert/blocks/10.09.json,validation/adversarial_overnight/stage3_bwidth/bcert/blocks/10.09.json,1011,f43ba4590a84ea784d0292dc843ed334358c964bac567710d62d81ec5db186c4,False,
numerical_validation/adversarial_overnight/stage3_bwidth/bcert/blocks/10.10.json,validation/adversarial_overnight/stage3_bwidth/bcert/blocks/10.10.json,1009,6502d1792ced139f4895174a8886805240eb45bdfb8d57d0dc5883c5542e669a,False,
numerical_validation/adversarial_overnight/stage3_bwidth/bcert/blocks/10.11.json,validation/adversarial_overnight/stage3_bwidth/bcert/blocks/10.11.json,1009,0b7c701218781c20ceb9b4b894c255536911c07f0aa09195ec22076fe2232a6f,False,
numerical_validation/adversarial_overnight/stage3_bwidth/bcert/blocks/9.88.json,validation/adversarial_overnight/stage3_bwidth/bcert/blocks/9.88.json,1011,4041878eac8beff3811e36c9e8dd295a6940fb887c08a807a7e81f3ad2465d1c,False,
numerical_validation/adversarial_overnight/stage3_bwidth/bcert/blocks/9.89.json,validation/adversarial_overnight/stage3_bwidth/bcert/blocks/9.89.json,1008,87d74586d4f49c5bcda226a77f3a8e272d2a16f225939bf82e8d61b79966fbf6,False,
numerical_validation/adversarial_overnight/stage3_bwidth/bcert/blocks/9.90.json,validation/adversarial_overnight/stage3_bwidth/bcert/blocks/9.90.json,1009,09f5677b3898d2ecf16c5a9fb9d1eb2b3112111559f5bb01a6e09db477083289,False,
numerical_validation/adversarial_overnight/stage3_bwidth/bcert/blocks/9.91.json,validation/adversarial_overnight/stage3_bwidth/bcert/blocks/9.91.json,1010,ab9b2afcfdd4cfcabbc68dbce0c388f0044f4b509b19bc20821ffc6c8c4359fe,False,
numerical_validation/adversarial_overnight/stage3_bwidth/bcert/blocks/9.92.json,validation/adversarial_overnight/stage3_bwidth/bcert/blocks/9.92.json,1007,e438c0b769cbd84375cfb95c9e235930bd56c3fb0bed5ddf2a09145a6c07d2d5,False,
numerical_validation/adversarial_overnight/stage3_bwidth/bcert/blocks/9.93.json,validation/adversarial_overnight/stage3_bwidth/bcert/blocks/9.93.json,1005,858a15cca4d28d729f1d10961237ada2c853bc503cc4a6082bb42380bc66a196,False,
numerical_validation/adversarial_overnight/stage3_bwidth/bcert/blocks/9.94.json,validation/adversarial_overnight/stage3_bwidth/bcert/blocks/9.94.json,1009,d45578891886e3517a2dd6c2c5a9f894145815c09bf2205b5c5f1ec0e4f35cff,False,
numerical_validation/adversarial_overnight/stage3_bwidth/bcert/blocks/9.95.json,validation/adversarial_overnight/stage3_bwidth/bcert/blocks/9.95.json,1008,0bea1970afb3eb40f93a4d31d491d7d02715323b94d0414c17cfc160446542d1,False,
numerical_validation/adversarial_overnight/stage3_bwidth/bcert/blocks/9.96.json,validation/adversarial_overnight/stage3_bwidth/bcert/blocks/9.96.json,1009,2db7cba55277d7ca52226944543ddb04cbae51a4d5dd2d349e82263162b871e4,False,
numerical_validation/adversarial_overnight/stage3_bwidth/bcert/blocks/9.97.json,validation/adversarial_overnight/stage3_bwidth/bcert/blocks/9.97.json,1009,edf29ed53de803a07904f6c869bb0228a68962455a480605e7d436f7f7ed986b,False,
numerical_validation/adversarial_overnight/stage3_bwidth/bcert/blocks/9.98.json,validation/adversarial_overnight/stage3_bwidth/bcert/blocks/9.98.json,1011,2e192a04eaae7e5f8be054c75abd139984cfca08f7a1c7772b78caf6d8dde4e3,False,
numerical_validation/adversarial_overnight/stage3_bwidth/bcert/blocks/9.99.json,validation/adversarial_overnight/stage3_bwidth/bcert/blocks/9.99.json,1008,20592857b7055a23267f02d2c5385c1aac8d0ff7a7dc36a853157ee1f73811cc,False,
numerical_validation/adversarial_overnight/stage3_bwidth/bcert/state.json,validation/adversarial_overnight/stage3_bwidth/bcert/state.json,36,b6e7b9a12a4931e5034a2af86d5695aa5f00f32593ea7097da22f7381ae16e21,False,
numerical_validation/adversarial_overnight/stage3_bwidth/scan/S3F_b10p0.json,validation/adversarial_overnight/stage3_bwidth/scan/S3F_b10p0.json,570863,81feb51989efdc8139ab0aec2c0f6f443494b1fb38bfe3984911274d8b5132d6,False,
numerical_validation/adversarial_overnight/stage3_bwidth/scan/S3F_b10p1.json,validation/adversarial_overnight/stage3_bwidth/scan/S3F_b10p1.json,570912,a76c511c7a8372fafbc339fe6d6ff450c59acabee471aa28d63df3ef6577ad05,False,
numerical_validation/adversarial_overnight/stage3_bwidth/scan/S3F_b10p2.json,validation/adversarial_overnight/stage3_bwidth/scan/S3F_b10p2.json,570689,269451bd43a04c9c880e0cb547bbafd0c56649123400c145428dfab5c97e135b,False,
numerical_validation/adversarial_overnight/stage3_bwidth/scan/S3F_b10p3.json,validation/adversarial_overnight/stage3_bwidth/scan/S3F_b10p3.json,570808,b6e33d55e08de48d51da721f85f10ad04aaccec7ae4f4f784eee11b9ef0a9d4a,False,
numerical_validation/adversarial_overnight/stage3_bwidth/scan/S3F_b10p4.json,validation/adversarial_overnight/stage3_bwidth/scan/S3F_b10p4.json,570675,d6ffc838a8ff4748565438efb5db659d7bd55c9310e2e8d970eb7ad37b2c3142,False,
numerical_validation/adversarial_overnight/stage3_bwidth/scan/S3F_b10p5.json,validation/adversarial_overnight/stage3_bwidth/scan/S3F_b10p5.json,570624,0c92c95805409783c7f72c43d7abe387606083a189fc8e9415b11eb8f8c89265,False,
numerical_validation/adversarial_overnight/stage3_bwidth/scan/S3F_b9p5.json,validation/adversarial_overnight/stage3_bwidth/scan/S3F_b9p5.json,571173,a34f40c5856d14703e4109f11cb24f5ed6fe430c781333bfb7e7e5c97da2c0c4,False,
numerical_validation/adversarial_overnight/stage3_bwidth/scan/S3F_b9p6.json,validation/adversarial_overnight/stage3_bwidth/scan/S3F_b9p6.json,571178,4711e2c69634263f956985421d8b6dc72316d19f6833701da0006314fa2cdddf,False,
numerical_validation/adversarial_overnight/stage3_bwidth/scan/S3F_b9p7.json,validation/adversarial_overnight/stage3_bwidth/scan/S3F_b9p7.json,571129,77deedde353b00e6e1642e4976b990ef60c7b57a922d9cac8704a408914b6096,False,
numerical_validation/adversarial_overnight/stage3_bwidth/scan/S3F_b9p8.json,validation/adversarial_overnight/stage3_bwidth/scan/S3F_b9p8.json,571059,b078cfe43e9d50b34cbb02d28e0395ef7bf265b2943788a79ba811dab1c39682,False,
numerical_validation/adversarial_overnight/stage3_bwidth/scan/S3F_b9p9.json,validation/adversarial_overnight/stage3_bwidth/scan/S3F_b9p9.json,570966,d212541cc7282b4a325621d0c50934aa27763b144b4949bfac3572522ea1cf39,False,
numerical_validation/adversarial_overnight/stage4_imbalance/DONE.json,validation/adversarial_overnight/stage4_imbalance/DONE.json,5979,35005cb9255bccd23c6a40a1282d07514d72fceaf3353ae522639d3b0eddd66d,False,
numerical_validation/adversarial_overnight/stage4_imbalance/STAGE4_REPORT.md,validation/adversarial_overnight/stage4_imbalance/STAGE4_REPORT.md,2082,8eb5f2d0a7045b9ccab268403a3558db72b0388ee638ba90d6dc86465cd05fb7,False,
numerical_validation/adversarial_overnight/stage4_imbalance/analysis/S4_etaM0p02.json,validation/adversarial_overnight/stage4_imbalance/analysis/S4_etaM0p02.json,148969,036aefd86c151e966acd1ea3ff3dd3c6b559c5a1020cb2ac244978eb797c7ec2,False,
numerical_validation/adversarial_overnight/stage4_imbalance/analysis/S4_etaM0p05.json,validation/adversarial_overnight/stage4_imbalance/analysis/S4_etaM0p05.json,149019,5dbbf4979dc5f3bcdb483384f031336ec3e4d962c7e0456a79094b7e62d4a574,False,
numerical_validation/adversarial_overnight/stage4_imbalance/analysis/S4_etaM0p10.json,validation/adversarial_overnight/stage4_imbalance/analysis/S4_etaM0p10.json,148998,6997ba000084703731b15b88d8426ce22f278032e5873307c1ccab513c3f8764,False,
numerical_validation/adversarial_overnight/stage4_imbalance/analysis/S4_etaM0p20.json,validation/adversarial_overnight/stage4_imbalance/analysis/S4_etaM0p20.json,149093,f69c75fc864cd0593808c67b1275ca675ff8a8529bff01a40f073a573bfa411c,False,
numerical_validation/adversarial_overnight/stage4_imbalance/analysis/S4_etaP0p00.json,validation/adversarial_overnight/stage4_imbalance/analysis/S4_etaP0p00.json,148947,a41ae532c4b8404f4326908e555e14259ce95347b6c5f09859065a94001a4ebb,False,
numerical_validation/adversarial_overnight/stage4_imbalance/analysis/S4_etaP0p02.json,validation/adversarial_overnight/stage4_imbalance/analysis/S4_etaP0p02.json,148992,70be46a32b9c444a930b90dd10dc5f313323aa39b29ca165051b2b05fa0ac70c,False,
numerical_validation/adversarial_overnight/stage4_imbalance/analysis/S4_etaP0p05.json,validation/adversarial_overnight/stage4_imbalance/analysis/S4_etaP0p05.json,148851,a91cdcc53e92b88cf2ce6fe44a8a97b7ce9326926701d4f9a764e0fbc51d7a1f,False,
numerical_validation/adversarial_overnight/stage4_imbalance/analysis/S4_etaP0p10.json,validation/adversarial_overnight/stage4_imbalance/analysis/S4_etaP0p10.json,148695,93c2e34ce98d7c9db81f60666782ecbab10fec0bd1bf0cd6d9a9106ca6a0326b,False,
numerical_validation/adversarial_overnight/stage4_imbalance/analysis/S4_etaP0p20.json,validation/adversarial_overnight/stage4_imbalance/analysis/S4_etaP0p20.json,148683,ae8b5d01042b2974f6c6e033608f3782c68324797be7e1fdb988a64992011cc5,False,
numerical_validation/adversarial_overnight/stage4_imbalance/imbalance.png,validation/adversarial_overnight/stage4_imbalance/imbalance.png,45892,80e7b9a2d99e885e151dbc7a6b1894949d7e326265c2c9adc99377dd6da4484f,False,
numerical_validation/adversarial_overnight/stage4_imbalance/imbalance_summary.csv,validation/adversarial_overnight/stage4_imbalance/imbalance_summary.csv,2807,8f073e4c21120801c92e2c7bbcf98296bf96c10d8650937bc90e267bbb306ff2,False,
numerical_validation/adversarial_overnight/stage4_imbalance/scan/S4_etaM0p02.json,validation/adversarial_overnight/stage4_imbalance/scan/S4_etaM0p02.json,571300,b27af6dd73fdb05757f9e0a075fd579a6123b1cd0be14b7df3fd9e21a7fedb78,False,
numerical_validation/adversarial_overnight/stage4_imbalance/scan/S4_etaM0p05.json,validation/adversarial_overnight/stage4_imbalance/scan/S4_etaM0p05.json,571463,476ae386b92567b6081d90c1983b91a3fa8928d67029fbe7c9d5d7d6c4062c07,False,
numerical_validation/adversarial_overnight/stage4_imbalance/scan/S4_etaM0p10.json,validation/adversarial_overnight/stage4_imbalance/scan/S4_etaM0p10.json,571767,8f80526c20134c69f35e086cba165f1d28a739076d577f86043c343bed98b0b3,False,
numerical_validation/adversarial_overnight/stage4_imbalance/scan/S4_etaM0p20.json,validation/adversarial_overnight/stage4_imbalance/scan/S4_etaM0p20.json,571620,570f95d649d17bf78d95eba1885196de0de35db740af0a26cf498c4de9564c10,False,
numerical_validation/adversarial_overnight/stage4_imbalance/scan/S4_etaP0p00.json,validation/adversarial_overnight/stage4_imbalance/scan/S4_etaP0p00.json,570934,9952fc239c5577abb449985747b22b4a7e63d56512db62597d32f77046e3e8ca,False,
numerical_validation/adversarial_overnight/stage4_imbalance/scan/S4_etaP0p02.json,validation/adversarial_overnight/stage4_imbalance/scan/S4_etaP0p02.json,570661,a445f77dfc2dc25ebc8b0b6685509b9b1cc8b91db60c6689fb1d741d8ae6fcab,False,
numerical_validation/adversarial_overnight/stage4_imbalance/scan/S4_etaP0p05.json,validation/adversarial_overnight/stage4_imbalance/scan/S4_etaP0p05.json,570581,5d9dc2671959cafcf226517ba7f92fed37bd9b67deb419b9a49ec34d88a9e3d2,False,
numerical_validation/adversarial_overnight/stage4_imbalance/scan/S4_etaP0p10.json,validation/adversarial_overnight/stage4_imbalance/scan/S4_etaP0p10.json,570282,6d7cc65416eb5f2f7ed83b2fffbf361585fc83b5abc278cf35afcfa29e8020ae,False,
numerical_validation/adversarial_overnight/stage4_imbalance/scan/S4_etaP0p20.json,validation/adversarial_overnight/stage4_imbalance/scan/S4_etaP0p20.json,569849,a61b43b4ec87997f6bda588d41b5253c35f28375ed02b8172b84c95db7f9acce,False,
numerical_validation/adversarial_overnight/stage5_matching/DONE.json,validation/adversarial_overnight/stage5_matching/DONE.json,6400,73408399f570cecd36f546c9c12fd96a610db51d885e7f5ae35e859257bbc19b,False,
numerical_validation/adversarial_overnight/stage5_matching/analysis/S5_A_N11.json,validation/adversarial_overnight/stage5_matching/analysis/S5_A_N11.json,149127,78891fbe804704c1639c58261c8325e1d29d5a2130e0465dbce8670113376ed3,False,
numerical_validation/adversarial_overnight/stage5_matching/analysis/S5_A_N21.json,validation/adversarial_overnight/stage5_matching/analysis/S5_A_N21.json,148931,fbcbba8891475ec67a2660d52f115b2707bba983806cdf12a3e0f18c36eee58e,False,
numerical_validation/adversarial_overnight/stage5_matching/analysis/S5_A_N31.json,validation/adversarial_overnight/stage5_matching/analysis/S5_A_N31.json,149012,605b96bb813839a07a4c681273e0809913d32ed09f102df6122b4b0b0a01dad2,False,
numerical_validation/adversarial_overnight/stage5_matching/analysis/S5_A_N41.json,validation/adversarial_overnight/stage5_matching/analysis/S5_A_N41.json,148730,429c5b44525f8d9c6d0768f23ff56785e95c1ba3d508d3968d078e9e790684a4,False,
numerical_validation/adversarial_overnight/stage5_matching/analysis/S5_A_N61.json,validation/adversarial_overnight/stage5_matching/analysis/S5_A_N61.json,148668,f2b45609d023cb8d7819ccc524867aaed3abe9c5cdaa576cd63896ad40bb8850,False,
numerical_validation/adversarial_overnight/stage5_matching/analysis/S5_B_N11.json,validation/adversarial_overnight/stage5_matching/analysis/S5_B_N11.json,148991,8dee7e612be8c2b89f7055041e8e7271727de085b95507fa21c8bfbbb8d877b1,False,
numerical_validation/adversarial_overnight/stage5_matching/analysis/S5_B_N21.json,validation/adversarial_overnight/stage5_matching/analysis/S5_B_N21.json,148957,01977d11c449e63e863001a4a35a101bd4982a09a74901835dae55bb65b6441e,False,
numerical_validation/adversarial_overnight/stage5_matching/analysis/S5_B_N31.json,validation/adversarial_overnight/stage5_matching/analysis/S5_B_N31.json,148423,fbdbf7eba0fc2900ed73a7b73390052133b5c83143b95e5da99550dedea7ae02,False,
numerical_validation/adversarial_overnight/stage5_matching/analysis/S5_B_N41.json,validation/adversarial_overnight/stage5_matching/analysis/S5_B_N41.json,148449,a852a33f3130b730c4a90f4357ff1501e27867ad781f4143f7437163d07c26d8,False,
numerical_validation/adversarial_overnight/stage5_matching/analysis/S5_B_N61.json,validation/adversarial_overnight/stage5_matching/analysis/S5_B_N61.json,147860,de16fd5c946512e9ef17ce60107d083ef545d2b38b6c342e6acaf888006858f0,False,
numerical_validation/adversarial_overnight/stage5_matching/matching.pdf,validation/adversarial_overnight/stage5_matching/matching.pdf,19483,7ccba1b6185b841ce1bfde992142a131ccbeeae3d5587fde91a4725c36df6882,False,
numerical_validation/adversarial_overnight/stage5_matching/matching.png,validation/adversarial_overnight/stage5_matching/matching.png,28485,90369b67d060f36a045fac6d01cf5105a34b952f21a3fa6bc3422a1051f28b5f,False,
numerical_validation/adversarial_overnight/stage5_matching/matching_table.csv,validation/adversarial_overnight/stage5_matching/matching_table.csv,2969,829226f99ac73846da1278c7827277989bd32d9eb741069f17bc7fbd81ce41b2,False,
numerical_validation/adversarial_overnight/stage5_matching/scan/S5_A_N11.json,validation/adversarial_overnight/stage5_matching/scan/S5_A_N11.json,566971,9166c005ac8026c7901400bae064240058368b2c9bc998adf6a6416d9370503b,False,
numerical_validation/adversarial_overnight/stage5_matching/scan/S5_A_N21.json,validation/adversarial_overnight/stage5_matching/scan/S5_A_N21.json,570868,e350d059f373f00679546a9fe5b59e2f1b6342751484ea066bd5baf462694ed2,False,
numerical_validation/adversarial_overnight/stage5_matching/scan/S5_A_N31.json,validation/adversarial_overnight/stage5_matching/scan/S5_A_N31.json,570899,eb42c115070dda0e0897b8b83b2211b4a8f6982556ba0f39e3617951380786c9,False,
numerical_validation/adversarial_overnight/stage5_matching/scan/S5_A_N41.json,validation/adversarial_overnight/stage5_matching/scan/S5_A_N41.json,569991,947925466d53c70255e316d0967b7daf7032169fa8340a0dd84a89ff046d84b6,False,
numerical_validation/adversarial_overnight/stage5_matching/scan/S5_A_N61.json,validation/adversarial_overnight/stage5_matching/scan/S5_A_N61.json,569327,2d3b71dbdae318f587b5abb83437e68c82e8fbedb5534e6e98fa5896360f833a,False,
numerical_validation/adversarial_overnight/stage5_matching/scan/S5_B_N11.json,validation/adversarial_overnight/stage5_matching/scan/S5_B_N11.json,568258,1f0eceba9de34d46e9345f18056f1c473203c3250804206544cfe0e159906cb9,False,
numerical_validation/adversarial_overnight/stage5_matching/scan/S5_B_N21.json,validation/adversarial_overnight/stage5_matching/scan/S5_B_N21.json,570936,523eb1b011989b5080d11efad919570e7003113adc284b25a8f0330ae70f1736,False,
numerical_validation/adversarial_overnight/stage5_matching/scan/S5_B_N31.json,validation/adversarial_overnight/stage5_matching/scan/S5_B_N31.json,568586,4107938e5863720f59852a988cf41e3968e4c72ee10e1544687fe149ad4cb1e2,False,
numerical_validation/adversarial_overnight/stage5_matching/scan/S5_B_N41.json,validation/adversarial_overnight/stage5_matching/scan/S5_B_N41.json,569689,ad54e09545f5e9178c1997731e5db98ce6c4943fcceb3f9ff77a3224948a81a7,False,
numerical_validation/adversarial_overnight/stage5_matching/scan/S5_B_N61.json,validation/adversarial_overnight/stage5_matching/scan/S5_B_N61.json,557430,84fc1a7948e621b8418ae12bcea74f7fd4598a35e97a029720bfa64f0a7e9b6f,False,
numerical_validation/adversarial_overnight/stage6_noise/DONE.json,validation/adversarial_overnight/stage6_noise/DONE.json,3419,cc282becb3fac7de0ca0392abf4e5c2b0e585e30b4cdb3df69169f1f381d0ecc,False,
numerical_validation/adversarial_overnight/stage6_noise/POSTHOC_labels_and_widths.json,validation/adversarial_overnight/stage6_noise/POSTHOC_labels_and_widths.json,1155,db44b7f4d69e1289742a443770f25886d3d5e4b0e12b40d6d7279b642523ca16,False,
numerical_validation/adversarial_overnight/stage6_noise/STAGE6_REPORT.md,validation/adversarial_overnight/stage6_noise/STAGE6_REPORT.md,7295,5f09d480a732858e8036def6bfd7fd43dab73eb069b484b97500fe7dc7fd8b33,False,
numerical_validation/adversarial_overnight/stage6_noise/bimodality.png,validation/adversarial_overnight/stage6_noise/bimodality.png,32512,0adfe29cc6fa66b15b3a4d7b42bf3770340c6d7a14451ddf8b24f445c9a3377c,False,
numerical_validation/adversarial_overnight/stage6_noise/blocks/s20_e0_b0.json,validation/adversarial_overnight/stage6_noise/blocks/s20_e0_b0.json,19447,88370bc92df1eb6aab7c2cadb567f3f0e8606a98dc703f933b90600ff2ca5c1d,False,
numerical_validation/adversarial_overnight/stage6_noise/blocks/s20_e0_b1.json,validation/adversarial_overnight/stage6_noise/blocks/s20_e0_b1.json,19464,2858d6b37f90d5fa7573e4bfc69ae72756dba52a9efe4f4cf2ff1b9fdc24a6d4,False,
numerical_validation/adversarial_overnight/stage6_noise/blocks/s20_e0_b10.json,validation/adversarial_overnight/stage6_noise/blocks/s20_e0_b10.json,19562,79e5a57a3c66c527889ee5be2f0862b1a17b61da9b0ec02760aef4bec660ab95,False,
numerical_validation/adversarial_overnight/stage6_noise/blocks/s20_e0_b11.json,validation/adversarial_overnight/stage6_noise/blocks/s20_e0_b11.json,19559,1b7a79a92f5608e5d80e5240e0752cf42ace759b0f2b64f5479bf5e351a5e165,False,
numerical_validation/adversarial_overnight/stage6_noise/blocks/s20_e0_b12.json,validation/adversarial_overnight/stage6_noise/blocks/s20_e0_b12.json,19563,82362a9bfc577aa29bd18b9a1afc2d013db378b467ebfae381dc185979ec7e1a,False,
numerical_validation/adversarial_overnight/stage6_noise/blocks/s20_e0_b13.json,validation/adversarial_overnight/stage6_noise/blocks/s20_e0_b13.json,19556,185050b9b9978f3bea70b6b00d6288e7b90c194795be52485d54001bb8247e00,False,
numerical_validation/adversarial_overnight/stage6_noise/blocks/s20_e0_b14.json,validation/adversarial_overnight/stage6_noise/blocks/s20_e0_b14.json,19562,2962d12fab84c113dc7ea13d623036428a0be412e3f650bafa6c6ad3f355d3ea,False,
numerical_validation/adversarial_overnight/stage6_noise/blocks/s20_e0_b15.json,validation/adversarial_overnight/stage6_noise/blocks/s20_e0_b15.json,19572,f9af8ad1f37887135712c80ef2d57e1f443c9196f5cefa2eca81713b438d558e,False,
numerical_validation/adversarial_overnight/stage6_noise/blocks/s20_e0_b16.json,validation/adversarial_overnight/stage6_noise/blocks/s20_e0_b16.json,19571,3e73dc4958ba6dc13f0d6cc6e4721ece2a4a7bc40b96604c42d361ccd9e701c6,False,
numerical_validation/adversarial_overnight/stage6_noise/blocks/s20_e0_b17.json,validation/adversarial_overnight/stage6_noise/blocks/s20_e0_b17.json,19563,aa902182b55252e2793da6774a3f195e0d87bcbb43aa667c89e59319aed5b8f7,False,
numerical_validation/adversarial_overnight/stage6_noise/blocks/s20_e0_b18.json,validation/adversarial_overnight/stage6_noise/blocks/s20_e0_b18.json,19560,288ede15e73a4246e9e70ad9f378e51a18ec5343b9ef3b13006d1d111f8bfec7,False,
numerical_validation/adversarial_overnight/stage6_noise/blocks/s20_e0_b19.json,validation/adversarial_overnight/stage6_noise/blocks/s20_e0_b19.json,19566,6bab9dc1959682843776fc150b893f67a22a2881c977f95f52d936121e5ac9f5,False,
numerical_validation/adversarial_overnight/stage6_noise/blocks/s20_e0_b2.json,validation/adversarial_overnight/stage6_noise/blocks/s20_e0_b2.json,19523,e502208583d9a5cc3e67c52cbd8e83c380050786ccbafa9176954b5f7c377fd3,False,
numerical_validation/adversarial_overnight/stage6_noise/blocks/s20_e0_b3.json,validation/adversarial_overnight/stage6_noise/blocks/s20_e0_b3.json,19525,ddfd3819b7818ef89a826b59214103aa8156cca5239e4667a1e2c6b1eb0c143f,False,
numerical_validation/adversarial_overnight/stage6_noise/blocks/s20_e0_b4.json,validation/adversarial_overnight/stage6_noise/blocks/s20_e0_b4.json,19519,8a00a1d2ebd5fb19dcfd8ae26d1935bda2ff7bb797fe874a1c1333e9df753d80,False,
numerical_validation/adversarial_overnight/stage6_noise/blocks/s20_e0_b5.json,validation/adversarial_overnight/stage6_noise/blocks/s20_e0_b5.json,19497,6f2f3b3bbb842abbad1d05df2df0618121050359fdeb8114b65168355b1e4532,False,
numerical_validation/adversarial_overnight/stage6_noise/blocks/s20_e0_b6.json,validation/adversarial_overnight/stage6_noise/blocks/s20_e0_b6.json,19509,682d20d5ac9c8b37cd414aad6685d97913b566c3b009c825164717e862da2376,False,
numerical_validation/adversarial_overnight/stage6_noise/blocks/s20_e0_b7.json,validation/adversarial_overnight/stage6_noise/blocks/s20_e0_b7.json,19520,0c21376cbdb09d96b469e08326dfef9a5b373c783160573b7a1bc1062002380a,False,
numerical_validation/adversarial_overnight/stage6_noise/blocks/s20_e0_b8.json,validation/adversarial_overnight/stage6_noise/blocks/s20_e0_b8.json,19542,e9c9e99a0f83d41ba09f94410876db7ace3240b411215023e15b7f10c67d7d14,False,
numerical_validation/adversarial_overnight/stage6_noise/blocks/s20_e0_b9.json,validation/adversarial_overnight/stage6_noise/blocks/s20_e0_b9.json,19501,930d3fd7d8d9e7d6f6bb0fc7c1782d3b4c92cb08971c83d619d604ffa23bb766,False,
numerical_validation/adversarial_overnight/stage6_noise/blocks/s20_e10_b0.json,validation/adversarial_overnight/stage6_noise/blocks/s20_e10_b0.json,19487,470ccc76af801c8986e81a98adc35977175e8c3e1c074f7521bf374de7e8bd0d,False,
numerical_validation/adversarial_overnight/stage6_noise/blocks/s20_e10_b1.json,validation/adversarial_overnight/stage6_noise/blocks/s20_e10_b1.json,19500,70e3a794e17a6dc3939c4188bede2d7c6a3ee8d442bed89042fe7bbed90c6c3b,False,
numerical_validation/adversarial_overnight/stage6_noise/blocks/s20_e10_b10.json,validation/adversarial_overnight/stage6_noise/blocks/s20_e10_b10.json,19595,d37adc68d07234e33ec0b9961daeb241f40610951232fde3db39515a04aaee2c,False,
numerical_validation/adversarial_overnight/stage6_noise/blocks/s20_e10_b11.json,validation/adversarial_overnight/stage6_noise/blocks/s20_e10_b11.json,19575,7a70bf80c10988f4eb96179b10ec68526fa6fa0895adfcfb164663acac00d178,False,
numerical_validation/adversarial_overnight/stage6_noise/blocks/s20_e10_b12.json,validation/adversarial_overnight/stage6_noise/blocks/s20_e10_b12.json,19603,a549b437b76988d3b226224aa2d08ee5e6c81eba5d065591ec533245fecd05fd,False,
numerical_validation/adversarial_overnight/stage6_noise/blocks/s20_e10_b13.json,validation/adversarial_overnight/stage6_noise/blocks/s20_e10_b13.json,19585,f0064f19efa8146a69e6188fd24eb29a194447ba2392acb64be0901281d7f8fb,False,
numerical_validation/adversarial_overnight/stage6_noise/blocks/s20_e10_b14.json,validation/adversarial_overnight/stage6_noise/blocks/s20_e10_b14.json,19582,13a107916a7ad86a0abf64dc1d57f6feef70176b7b277886b3a652001bce3d24,False,
numerical_validation/adversarial_overnight/stage6_noise/blocks/s20_e10_b15.json,validation/adversarial_overnight/stage6_noise/blocks/s20_e10_b15.json,19610,5f44e28b94def6ec45f1a917d27af1b9f2fe06520486a5d9cd1077a891653dfe,False,
numerical_validation/adversarial_overnight/stage6_noise/blocks/s20_e10_b16.json,validation/adversarial_overnight/stage6_noise/blocks/s20_e10_b16.json,19618,941e2a4c78c944acd12b3df518900f68e0a3c4ea3357a3f6c340f296fdbdfc43,False,
numerical_validation/adversarial_overnight/stage6_noise/blocks/s20_e10_b17.json,validation/adversarial_overnight/stage6_noise/blocks/s20_e10_b17.json,19604,07bb509131733874d77f505b54bede42ab02d304d5dbbc467d11c1d4abe21918,False,
numerical_validation/adversarial_overnight/stage6_noise/blocks/s20_e10_b18.json,validation/adversarial_overnight/stage6_noise/blocks/s20_e10_b18.json,19595,b1e3cc10fc11ec5222c464831e70a458f5034863d6860362b7a99f0d0d7dea61,False,
numerical_validation/adversarial_overnight/stage6_noise/blocks/s20_e10_b19.json,validation/adversarial_overnight/stage6_noise/blocks/s20_e10_b19.json,19597,ae62523fca8aa2f55af1f420ab24b9447c4f00d71f87b1c2c1da0c69009eda4f,False,
numerical_validation/adversarial_overnight/stage6_noise/blocks/s20_e10_b2.json,validation/adversarial_overnight/stage6_noise/blocks/s20_e10_b2.json,19541,2194a28d3f58aa5ecb6c4d4ad231cf576a5aa95e043276793e19f4cff8637fa4,False,
numerical_validation/adversarial_overnight/stage6_noise/blocks/s20_e10_b3.json,validation/adversarial_overnight/stage6_noise/blocks/s20_e10_b3.json,19545,6f8de760fe2254bf22515374653c42ad0a80a70e69470262586dd476f33f81b1,False,
numerical_validation/adversarial_overnight/stage6_noise/blocks/s20_e10_b4.json,validation/adversarial_overnight/stage6_noise/blocks/s20_e10_b4.json,19549,f0971c0f6baf101368122de91ec48c9c680d04dcbe4e503f28fc0f2c4860c0c0,False,
numerical_validation/adversarial_overnight/stage6_noise/blocks/s20_e10_b5.json,validation/adversarial_overnight/stage6_noise/blocks/s20_e10_b5.json,19547,17e45a4498ad9bc814a5673cc98e2475a5351e4afc8da1e9ed058de2928f07a8,False,
numerical_validation/adversarial_overnight/stage6_noise/blocks/s20_e10_b6.json,validation/adversarial_overnight/stage6_noise/blocks/s20_e10_b6.json,19549,1282a2f0f88578f802f75a9e4622e6cc57edc33e8968fbaab681fcb862a52651,False,
numerical_validation/adversarial_overnight/stage6_noise/blocks/s20_e10_b7.json,validation/adversarial_overnight/stage6_noise/blocks/s20_e10_b7.json,19551,37b62d3c21210d0d62362d90fd8d44fdede550b983a0805adfdbc0e3a6ded07d,False,
numerical_validation/adversarial_overnight/stage6_noise/blocks/s20_e10_b8.json,validation/adversarial_overnight/stage6_noise/blocks/s20_e10_b8.json,19552,b3e49c2bba3cfc74f3e5de5514260210173b4ed2d42c843057f6a6424748d35d,False,
numerical_validation/adversarial_overnight/stage6_noise/blocks/s20_e10_b9.json,validation/adversarial_overnight/stage6_noise/blocks/s20_e10_b9.json,19543,7721ba2c7f567a7b8c139e3f525adb92414b6d42f2a6135d1948f61041eedd9f,False,
numerical_validation/adversarial_overnight/stage6_noise/blocks/s20_e11_b0.json,validation/adversarial_overnight/stage6_noise/blocks/s20_e11_b0.json,19524,2b0d7764da123f1b5348a44fc7b9f1d89e03866b2a023d739d5f638f92df87c8,False,
numerical_validation/adversarial_overnight/stage6_noise/blocks/s20_e11_b1.json,validation/adversarial_overnight/stage6_noise/blocks/s20_e11_b1.json,19559,debf7ece5c9218dec0887e7692caa5935a27dbe6edac92281d9cbd1c97393011,False,
numerical_validation/adversarial_overnight/stage6_noise/blocks/s20_e11_b10.json,validation/adversarial_overnight/stage6_noise/blocks/s20_e11_b10.json,19643,9c133fdf6f035251561b1d7f50e5d4b90e6a943a0e95571da9b4190891f63272,False,
numerical_validation/adversarial_overnight/stage6_noise/blocks/s20_e11_b11.json,validation/adversarial_overnight/stage6_noise/blocks/s20_e11_b11.json,19665,ec205334b1a6f71a67e757bbd8e8315239a9485566edc97ef0e8a73e16178d4b,False,
numerical_validation/adversarial_overnight/stage6_noise/blocks/s20_e11_b12.json,validation/adversarial_overnight/stage6_noise/blocks/s20_e11_b12.json,19658,902a75412aff831ac002670b6e8fbf23f7a8d30f876b5784d8ced2be31dbec3e,False,
numerical_validation/adversarial_overnight/stage6_noise/blocks/s20_e11_b13.json,validation/adversarial_overnight/stage6_noise/blocks/s20_e11_b13.json,19643,9695a44a2b1dd4a6bce74bdd96e8334ff13fbb9144a9d4b1f12f0878743077b4,False,
numerical_validation/adversarial_overnight/stage6_noise/blocks/s20_e11_b14.json,validation/adversarial_overnight/stage6_noise/blocks/s20_e11_b14.json,19637,7eee22869fb2cde040aa6840636a631c49a0eb118bc38acb0d3f3381951c393a,False,
numerical_validation/adversarial_overnight/stage6_noise/blocks/s20_e11_b15.json,validation/adversarial_overnight/stage6_noise/blocks/s20_e11_b15.json,19649,38b53def771ffb6b293d4a46954991d995fe1e53e7ced5c08d37dd25036828e8,False,
numerical_validation/adversarial_overnight/stage6_noise/blocks/s20_e11_b16.json,validation/adversarial_overnight/stage6_noise/blocks/s20_e11_b16.json,19650,c10ea79161480c82047f2b87ce86b570da31e3f12cec5d0c4b38316898024cfc,False,
numerical_validation/adversarial_overnight/stage6_noise/blocks/s20_e11_b17.json,validation/adversarial_overnight/stage6_noise/blocks/s20_e11_b17.json,19649,3c80928e7d87c0c967827edc015476f73b2d4896315b42b8466a3c4072e98bac,False,
numerical_validation/adversarial_overnight/stage6_noise/blocks/s20_e11_b18.json,validation/adversarial_overnight/stage6_noise/blocks/s20_e11_b18.json,19654,4ccb441439935558a313145454d1c16a74dd9a8aad4b336614381696e34b1962,False,
numerical_validation/adversarial_overnight/stage6_noise/blocks/s20_e11_b19.json,validation/adversarial_overnight/stage6_noise/blocks/s20_e11_b19.json,19642,739cd74ab3695e4c70d30f58ba3562ce38ac472169738320ad1c8f16c531a649,False,
numerical_validation/adversarial_overnight/stage6_noise/blocks/s20_e11_b2.json,validation/adversarial_overnight/stage6_noise/blocks/s20_e11_b2.json,19597,f7ec709bae31fa18bead23d41faba7546602997b070638317890f04cb14422ac,False,
numerical_validation/adversarial_overnight/stage6_noise/blocks/s20_e11_b3.json,validation/adversarial_overnight/stage6_noise/blocks/s20_e11_b3.json,19603,d0e6188b3299996e932d31445bfe9380e7a1b21bb115bf1c7c291201e4ab58fc,False,
numerical_validation/adversarial_overnight/stage6_noise/blocks/s20_e11_b4.json,validation/adversarial_overnight/stage6_noise/blocks/s20_e11_b4.json,19600,85f35e418ee3b0495e09d7b83a2c9b106253930a1252f8ba2477ff1013422801,False,
numerical_validation/adversarial_overnight/stage6_noise/blocks/s20_e11_b5.json,validation/adversarial_overnight/stage6_noise/blocks/s20_e11_b5.json,19606,c23036cea89a66708da56ecd74d000d605397b68e436358a68c41325bc04b146,False,
numerical_validation/adversarial_overnight/stage6_noise/blocks/s20_e11_b6.json,validation/adversarial_overnight/stage6_noise/blocks/s20_e11_b6.json,19623,8b3d1df81ac680cdf93f367c1d3112e5414311eb7d32d3506db98f990e25815a,False,
numerical_validation/adversarial_overnight/stage6_noise/blocks/s20_e11_b7.json,validation/adversarial_overnight/stage6_noise/blocks/s20_e11_b7.json,19616,0ae52da746b20bcdec69e88593fb263f3f1ce78b2e47a26b5b3165fe166d6078,False,
numerical_validation/adversarial_overnight/stage6_noise/blocks/s20_e11_b8.json,validation/adversarial_overnight/stage6_noise/blocks/s20_e11_b8.json,19607,ad456f12f4e8bc937e57931bbc043ed9241aafc44570a8f4edc52c09977c1789,False,
numerical_validation/adversarial_overnight/stage6_noise/blocks/s20_e11_b9.json,validation/adversarial_overnight/stage6_noise/blocks/s20_e11_b9.json,19604,b3b6aa66b0389941081bda0795dc4258da4d079ee1fb9c6115a0f667e2ba6a64,False,
numerical_validation/adversarial_overnight/stage6_noise/blocks/s20_e12_b0.json,validation/adversarial_overnight/stage6_noise/blocks/s20_e12_b0.json,19498,6abf08d9c497e3017fcfab04156022c0b199b86a0971ae112a20625c20860627,False,
numerical_validation/adversarial_overnight/stage6_noise/blocks/s20_e12_b1.json,validation/adversarial_overnight/stage6_noise/blocks/s20_e12_b1.json,19502,8cbe1726fc61ef95ad57eec9d61a72cf1adb273810df36a90228e97bfa91f42d,False,
numerical_validation/adversarial_overnight/stage6_noise/blocks/s20_e12_b10.json,validation/adversarial_overnight/stage6_noise/blocks/s20_e12_b10.json,19614,81f9bd67ede24c3466614f482f9ed72de8550f97a780c0e719f8c77f91c495e8,False,
numerical_validation/adversarial_overnight/stage6_noise/blocks/s20_e12_b11.json,validation/adversarial_overnight/stage6_noise/blocks/s20_e12_b11.json,19625,77e671b6f6c9828875fea9b0f3c24b67892102dcd233bed1d5d4f2ff33f4eaff,False,
numerical_validation/adversarial_overnight/stage6_noise/blocks/s20_e12_b12.json,validation/adversarial_overnight/stage6_noise/blocks/s20_e12_b12.json,19609,c34309a4dc7113be0eed84afe0ee44e2d1796b8ea840ed0a697a4e15191049dd,False,
numerical_validation/adversarial_overnight/stage6_noise/blocks/s20_e12_b13.json,validation/adversarial_overnight/stage6_noise/blocks/s20_e12_b13.json,19612,7601c5aff8ee7887096b2ef59dc63114097a6d88372452035e15885234c3e251,False,
numerical_validation/adversarial_overnight/stage6_noise/blocks/s20_e12_b14.json,validation/adversarial_overnight/stage6_noise/blocks/s20_e12_b14.json,19622,208ab18fa639b449a3eeef87384ec9c9d10f0b0f6050b175952f6f9a538fecd2,False,
numerical_validation/adversarial_overnight/stage6_noise/blocks/s20_e12_b15.json,validation/adversarial_overnight/stage6_noise/blocks/s20_e12_b15.json,19602,cf49618ec928ff0d40043d1800566e5ef2418504c111879a21349a065ac52e89,False,
numerical_validation/adversarial_overnight/stage6_noise/blocks/s20_e12_b16.json,validation/adversarial_overnight/stage6_noise/blocks/s20_e12_b16.json,19594,9876c0d2559370a2b36f95973dcd7d5cc03bac7213d59d71abd6df906040de24,False,
numerical_validation/adversarial_overnight/stage6_noise/blocks/s20_e12_b17.json,validation/adversarial_overnight/stage6_noise/blocks/s20_e12_b17.json,19595,21a0142d2bae4133c30bb3f48b3e0ad9680159de1df0f597457272ea927fc169,False,
numerical_validation/adversarial_overnight/stage6_noise/blocks/s20_e12_b18.json,validation/adversarial_overnight/stage6_noise/blocks/s20_e12_b18.json,19617,a8e7de4ca3abcd4d26d4cb1dfba079de44cfe302130ae5862d2121050dec58a4,False,
numerical_validation/adversarial_overnight/stage6_noise/blocks/s20_e12_b19.json,validation/adversarial_overnight/stage6_noise/blocks/s20_e12_b19.json,19602,340b476bc8dd133956181cd0229712eff284164c2bbd7b7fabb21858782f8c8a,False,
numerical_validation/adversarial_overnight/stage6_noise/blocks/s20_e12_b2.json,validation/adversarial_overnight/stage6_noise/blocks/s20_e12_b2.json,19567,54a3b3b63d9944b74b55e77fbeb5bdeaceca9d8ec5361be6643a9c82c9da53fc,False,
numerical_validation/adversarial_overnight/stage6_noise/blocks/s20_e12_b3.json,validation/adversarial_overnight/stage6_noise/blocks/s20_e12_b3.json,19561,1763e6a58c3523cb269acec98bcf868eb36f4e4d11ed0babfe7aac5762ac814a,False,
numerical_validation/adversarial_overnight/stage6_noise/blocks/s20_e12_b4.json,validation/adversarial_overnight/stage6_noise/blocks/s20_e12_b4.json,19563,cc214c1b453d43d100b90d06a97a551d4d4b8e14d4e4b7407e7a1f4be299f8a1,False,
numerical_validation/adversarial_overnight/stage6_noise/blocks/s20_e12_b5.json,validation/adversarial_overnight/stage6_noise/blocks/s20_e12_b5.json,19559,fad57c64434b8d615fc572602c433a7377edacfbf8bb5e7be66117f07a8799af,False,
numerical_validation/adversarial_overnight/stage6_noise/blocks/s20_e12_b6.json,validation/adversarial_overnight/stage6_noise/blocks/s20_e12_b6.json,19553,920f80e37d61b90da381a168f98d33d910dc4794804c6fc6aa0cd546410d8502,False,
numerical_validation/adversarial_overnight/stage6_noise/blocks/s20_e12_b7.json,validation/adversarial_overnight/stage6_noise/blocks/s20_e12_b7.json,19569,80acf09f82d8084620b8b78be91ebd15eea532adb88f63df61d83cabe2553de3,False,
numerical_validation/adversarial_overnight/stage6_noise/blocks/s20_e12_b8.json,validation/adversarial_overnight/stage6_noise/blocks/s20_e12_b8.json,19553,c1b79345edaeda0cd7c3f334baea68d50b92c30011415ba3e1154476cdd3b9b0,False,
numerical_validation/adversarial_overnight/stage6_noise/blocks/s20_e12_b9.json,validation/adversarial_overnight/stage6_noise/blocks/s20_e12_b9.json,19543,e39f3b88a9ca93bce2d7f5078441d30616ac17ff248171617ed3a09948fa0742,False,
numerical_validation/adversarial_overnight/stage6_noise/blocks/s20_e1_b0.json,validation/adversarial_overnight/stage6_noise/blocks/s20_e1_b0.json,19505,ba3ce3d982a942180852c6d00f3b55a14dbf6e5ebb22a8b5dafa9a4ebd9d1f18,False,
numerical_validation/adversarial_overnight/stage6_noise/blocks/s20_e1_b1.json,validation/adversarial_overnight/stage6_noise/blocks/s20_e1_b1.json,19509,893ea5e7440b9297760d73fcc9b7bd19cd0306982ec38e3282e10824bd90ac0b,False,
numerical_validation/adversarial_overnight/stage6_noise/blocks/s20_e1_b10.json,validation/adversarial_overnight/stage6_noise/blocks/s20_e1_b10.json,19605,88e92461f21ed385b4a501083b33715291766d152d7a1453ccbc90cd96703692,False,
numerical_validation/adversarial_overnight/stage6_noise/blocks/s20_e1_b11.json,validation/adversarial_overnight/stage6_noise/blocks/s20_e1_b11.json,19609,4f86ff27d773b54440310234670cdbe397361c5e7bed11e7690fb4b64be8fd2d,False,
numerical_validation/adversarial_overnight/stage6_noise/blocks/s20_e1_b12.json,validation/adversarial_overnight/stage6_noise/blocks/s20_e1_b12.json,19620,917d56ab6ebfa7222da41eb0bc7fc267d2bf327df8fc5d3fd6fc2e4960caca74,False,
numerical_validation/adversarial_overnight/stage6_noise/blocks/s20_e1_b13.json,validation/adversarial_overnight/stage6_noise/blocks/s20_e1_b13.json,19614,0404d0c5bf3f43f789928d6bf4f1454ffb0da2cd88236972072b3e6ad9816ea8,False,
numerical_validation/adversarial_overnight/stage6_noise/blocks/s20_e1_b14.json,validation/adversarial_overnight/stage6_noise/blocks/s20_e1_b14.json,19617,65c944dcf66c1fe79f492241a39c893e214e7c37ba8d3f175a0e6ca0ffdea9d5,False,
numerical_validation/adversarial_overnight/stage6_noise/blocks/s20_e1_b15.json,validation/adversarial_overnight/stage6_noise/blocks/s20_e1_b15.json,19618,2d8c0bdf0504ecdbdb6557391b945f1372aa4bb55789f5f9423bf7b0b8d365a6,False,
numerical_validation/adversarial_overnight/stage6_noise/blocks/s20_e1_b16.json,validation/adversarial_overnight/stage6_noise/blocks/s20_e1_b16.json,19625,3881bae12e87f134435d83d8c940a3fd49435359196761113c840be607100580,False,
numerical_validation/adversarial_overnight/stage6_noise/blocks/s20_e1_b17.json,validation/adversarial_overnight/stage6_noise/blocks/s20_e1_b17.json,19622,e5f8aa3b72f3a640b5afa83a39c6ad914f510e8bbe03055ccb56524e821ca685,False,
numerical_validation/adversarial_overnight/stage6_noise/blocks/s20_e1_b18.json,validation/adversarial_overnight/stage6_noise/blocks/s20_e1_b18.json,19612,ff61838b11f110dcfa6223c6590aead8744563dc95e9829609e137b974006ab1,False,
numerical_validation/adversarial_overnight/stage6_noise/blocks/s20_e1_b19.json,validation/adversarial_overnight/stage6_noise/blocks/s20_e1_b19.json,19617,c685276ea6c6005f884527a12c2980b8c147f46b783c99ea00c88903add44b4d,False,
numerical_validation/adversarial_overnight/stage6_noise/blocks/s20_e1_b2.json,validation/adversarial_overnight/stage6_noise/blocks/s20_e1_b2.json,19570,d71180f1839ad1d630d9b2e141a09f8d7f386a1c8579cf9729ba62044a6367bd,False,
numerical_validation/adversarial_overnight/stage6_noise/blocks/s20_e1_b3.json,validation/adversarial_overnight/stage6_noise/blocks/s20_e1_b3.json,19557,64accfd4635b36b7a58d3b29c2a15e78ea729317538a39dab477592c6414fa98,False,
numerical_validation/adversarial_overnight/stage6_noise/blocks/s20_e1_b4.json,validation/adversarial_overnight/stage6_noise/blocks/s20_e1_b4.json,19575,c06d409520c4f656c537590187dcce76b90d6fbccfdb6d24c21db4e4c80258a7,False,
numerical_validation/adversarial_overnight/stage6_noise/blocks/s20_e1_b5.json,validation/adversarial_overnight/stage6_noise/blocks/s20_e1_b5.json,19575,6bba647f9ef81e34b9991511cf05b32778359a8af3d206382989e6906ba4e991,False,
numerical_validation/adversarial_overnight/stage6_noise/blocks/s20_e1_b6.json,validation/adversarial_overnight/stage6_noise/blocks/s20_e1_b6.json,19562,fc44c543b257a4ffddaba8b516be5efc3f5324548c303a9ef12aae117f4aecbc,False,
numerical_validation/adversarial_overnight/stage6_noise/blocks/s20_e1_b7.json,validation/adversarial_overnight/stage6_noise/blocks/s20_e1_b7.json,19555,075aa818472d154f47d9ddc1a7a072f6535144024a6f513a5d6c83573f10c81d,False,
numerical_validation/adversarial_overnight/stage6_noise/blocks/s20_e1_b8.json,validation/adversarial_overnight/stage6_noise/blocks/s20_e1_b8.json,19553,bcce4ebf6da3966e1debabd54fe76f029c519f019895e2f70834c1aceb56ca24,False,
numerical_validation/adversarial_overnight/stage6_noise/blocks/s20_e1_b9.json,validation/adversarial_overnight/stage6_noise/blocks/s20_e1_b9.json,19561,b44bf5bd0845f6f40686f8a89a0349804a67de62cc9016644ef51b66ffc59ed2,False,
numerical_validation/adversarial_overnight/stage6_noise/blocks/s20_e2_b0.json,validation/adversarial_overnight/stage6_noise/blocks/s20_e2_b0.json,19477,35c8608c18fe0089be88ab50d148d254c211ab4bc72a4e398f57cb1707bebcc8,False,
numerical_validation/adversarial_overnight/stage6_noise/blocks/s20_e2_b1.json,validation/adversarial_overnight/stage6_noise/blocks/s20_e2_b1.json,19469,e231b406ce0270e61b70cb1198821e899cc900bd575e1fb895f7bac7bf9be839,False,
numerical_validation/adversarial_overnight/stage6_noise/blocks/s20_e2_b10.json,validation/adversarial_overnight/stage6_noise/blocks/s20_e2_b10.json,19558,87f8669df84e30c0c4016e34d35103140063b737416e859649bd094712a63a1e,False,
numerical_validation/adversarial_overnight/stage6_noise/blocks/s20_e2_b11.json,validation/adversarial_overnight/stage6_noise/blocks/s20_e2_b11.json,19561,897187ca7430532ffcc0c984980f3571a6edd45665cffefc794982e5de4024fc,False,
numerical_validation/adversarial_overnight/stage6_noise/blocks/s20_e2_b12.json,validation/adversarial_overnight/stage6_noise/blocks/s20_e2_b12.json,19596,eca50f53c6fbd03ad5ff598a90e3725d943aa07eb7462e692fe2cc593ccc76c0,False,
numerical_validation/adversarial_overnight/stage6_noise/blocks/s20_e2_b13.json,validation/adversarial_overnight/stage6_noise/blocks/s20_e2_b13.json,19569,d6cdaa65c9b85279e6726cf66a1c3a5c164359f389d0fa797191f5cab7be9538,False,
numerical_validation/adversarial_overnight/stage6_noise/blocks/s20_e2_b14.json,validation/adversarial_overnight/stage6_noise/blocks/s20_e2_b14.json,19582,f8e666068eeb298fb5bef0759881a15079061824c221bf61b3cbbc26d79fab62,False,
numerical_validation/adversarial_overnight/stage6_noise/blocks/s20_e2_b15.json,validation/adversarial_overnight/stage6_noise/blocks/s20_e2_b15.json,19573,39af92ee1bf3f0b07b361a6cb477e6433097cc6517cd9fab9beeb43ee57230df,False,
numerical_validation/adversarial_overnight/stage6_noise/blocks/s20_e2_b16.json,validation/adversarial_overnight/stage6_noise/blocks/s20_e2_b16.json,19585,020629198323148cbcf41c684f75ec032a5e611e8e93f5da4b2dab70dba742c1,False,
numerical_validation/adversarial_overnight/stage6_noise/blocks/s20_e2_b17.json,validation/adversarial_overnight/stage6_noise/blocks/s20_e2_b17.json,19551,0a0ee64d71a8c51a586a233042fd2012797b006c90e5f10ff0944627845edcba,False,
numerical_validation/adversarial_overnight/stage6_noise/blocks/s20_e2_b18.json,validation/adversarial_overnight/stage6_noise/blocks/s20_e2_b18.json,19584,f21dfae4fae8de8a24927f4fda132cfb56b614ef0758abd57a019641a7fb0ab1,False,
numerical_validation/adversarial_overnight/stage6_noise/blocks/s20_e2_b19.json,validation/adversarial_overnight/stage6_noise/blocks/s20_e2_b19.json,19579,15350e0f1b99284af7f8534e30fc9408fe20374f70daf35c76e8e12a77e13372,False,
numerical_validation/adversarial_overnight/stage6_noise/blocks/s20_e2_b2.json,validation/adversarial_overnight/stage6_noise/blocks/s20_e2_b2.json,19519,b51e304c650280b09b3912b341526ca98af67064c57fc7586fba1ce556c80ba9,False,
numerical_validation/adversarial_overnight/stage6_noise/blocks/s20_e2_b3.json,validation/adversarial_overnight/stage6_noise/blocks/s20_e2_b3.json,19521,7e90fc1b09c83f7c26e929070836722ce91c812cfc48a74807e15a6de4f3b75b,False,
numerical_validation/adversarial_overnight/stage6_noise/blocks/s20_e2_b4.json,validation/adversarial_overnight/stage6_noise/blocks/s20_e2_b4.json,19509,d88e321195a3bd8294e5b48a55a8fcfc6e616901babb042b8bb2d972f0057205,False,
numerical_validation/adversarial_overnight/stage6_noise/blocks/s20_e2_b5.json,validation/adversarial_overnight/stage6_noise/blocks/s20_e2_b5.json,19524,dc56d2d40189d6c31f97d70ce42cf6c535952f9063d3f726566c33367a6081ed,False,
numerical_validation/adversarial_overnight/stage6_noise/blocks/s20_e2_b6.json,validation/adversarial_overnight/stage6_noise/blocks/s20_e2_b6.json,19515,d8ad279be8dc0cf81755d81e269541146643f3b12c3605c627c6802af451abbe,False,
numerical_validation/adversarial_overnight/stage6_noise/blocks/s20_e2_b7.json,validation/adversarial_overnight/stage6_noise/blocks/s20_e2_b7.json,19510,8eeb4b739b25253b52faab0f192b0e4aee0a792b1ff97253477459f918c3d95c,False,
numerical_validation/adversarial_overnight/stage6_noise/blocks/s20_e2_b8.json,validation/adversarial_overnight/stage6_noise/blocks/s20_e2_b8.json,19504,c02494dc48c8bf907828e2824fdf940aae78a043785f45b318b1775d6348af4a,False,
numerical_validation/adversarial_overnight/stage6_noise/blocks/s20_e2_b9.json,validation/adversarial_overnight/stage6_noise/blocks/s20_e2_b9.json,19520,fba5ec00a82e062b4622a4f2e5aabc225f155f4e0097b6ae52f255e2ff06331a,False,
numerical_validation/adversarial_overnight/stage6_noise/blocks/s20_e3_b0.json,validation/adversarial_overnight/stage6_noise/blocks/s20_e3_b0.json,19567,e91752006747d060d5096e0a3f2554e377289ee44a8b8bf6245ce971c6390139,False,
numerical_validation/adversarial_overnight/stage6_noise/blocks/s20_e3_b1.json,validation/adversarial_overnight/stage6_noise/blocks/s20_e3_b1.json,19592,c0c53af6718815e17d804e79ae571563eed32426e2388fe8b215d94c0984c64a,False,
numerical_validation/adversarial_overnight/stage6_noise/blocks/s20_e3_b10.json,validation/adversarial_overnight/stage6_noise/blocks/s20_e3_b10.json,19680,b35ba468fa451d7f540669f78bd07c7be5c7168a2222162f02d590a4797416d7,False,
numerical_validation/adversarial_overnight/stage6_noise/blocks/s20_e3_b11.json,validation/adversarial_overnight/stage6_noise/blocks/s20_e3_b11.json,19668,e7a23ec9b75b9826ebd6b3c08ae266d556e97468cc5d53f3b6d155fe70b1befc,False,
numerical_validation/adversarial_overnight/stage6_noise/blocks/s20_e3_b12.json,validation/adversarial_overnight/stage6_noise/blocks/s20_e3_b12.json,19661,d3bfb0cb7e398c604990ae472d8319414561dbcd3a1d1dceb3d9e795193c2994,False,
numerical_validation/adversarial_overnight/stage6_noise/blocks/s20_e3_b13.json,validation/adversarial_overnight/stage6_noise/blocks/s20_e3_b13.json,19681,b84d3b02efef3a2768c6efed333bf3a657793cd06b0bb4eafd467257ec90cf09,False,
numerical_validation/adversarial_overnight/stage6_noise/blocks/s20_e3_b14.json,validation/adversarial_overnight/stage6_noise/blocks/s20_e3_b14.json,19680,8a9fa3ef10b9ff86b7ba6c629bf4532094c76a004a63183d58a6f728ea28a91a,False,
numerical_validation/adversarial_overnight/stage6_noise/blocks/s20_e3_b15.json,validation/adversarial_overnight/stage6_noise/blocks/s20_e3_b15.json,19682,e3285673e8da4ed0ea8436d52428159c2cd8db2b717ffd19a82f2ed68a412d69,False,
numerical_validation/adversarial_overnight/stage6_noise/blocks/s20_e3_b16.json,validation/adversarial_overnight/stage6_noise/blocks/s20_e3_b16.json,19685,60315ed57e592cee05777e697f07e9834705d471e8d16fa753ab73ccf5ef207f,False,
numerical_validation/adversarial_overnight/stage6_noise/blocks/s20_e3_b17.json,validation/adversarial_overnight/stage6_noise/blocks/s20_e3_b17.json,19683,9daca1d5cb6cc932b7948aec724d9a2799b7270c978d3e0cc1ad77692d5dcd0e,False,
numerical_validation/adversarial_overnight/stage6_noise/blocks/s20_e3_b18.json,validation/adversarial_overnight/stage6_noise/blocks/s20_e3_b18.json,19681,efe778da18ae89f19b4dcfdf837abbb3fb0f81b4b88417432bd5f1e763b2f5cb,False,
numerical_validation/adversarial_overnight/stage6_noise/blocks/s20_e3_b19.json,validation/adversarial_overnight/stage6_noise/blocks/s20_e3_b19.json,19682,a6b8a0ff40be0114e3bd51b136b89731c49f02c42d11a90b2bc09d3361390cd3,False,
numerical_validation/adversarial_overnight/stage6_noise/blocks/s20_e3_b2.json,validation/adversarial_overnight/stage6_noise/blocks/s20_e3_b2.json,19614,d4b1ed4fe4111f45e149b9522a6c4f7cfef328b1f074ffc39f7b7ac0932c6976,False,
numerical_validation/adversarial_overnight/stage6_noise/blocks/s20_e3_b3.json,validation/adversarial_overnight/stage6_noise/blocks/s20_e3_b3.json,19632,e91d8b3e7634906299f5c9e47382e4b1f0d98ff348b2369444e4f1199dfa7715,False,
numerical_validation/adversarial_overnight/stage6_noise/blocks/s20_e3_b4.json,validation/adversarial_overnight/stage6_noise/blocks/s20_e3_b4.json,19621,24ce24dc40342b340ff204e345cf9ea686084d4dbc5b0ec6e81dfb3be98490b5,False,
numerical_validation/adversarial_overnight/stage6_noise/blocks/s20_e3_b5.json,validation/adversarial_overnight/stage6_noise/blocks/s20_e3_b5.json,19629,756b612f821530cfeb352c631857d80964cf50fb2e424b6da8b84ed78ee56bae,False,
numerical_validation/adversarial_overnight/stage6_noise/blocks/s20_e3_b6.json,validation/adversarial_overnight/stage6_noise/blocks/s20_e3_b6.json,19621,9433afcbe9d3a0653329e0fc6f7cac063787d9e5f1dc83a259ecb39271414806,False,
numerical_validation/adversarial_overnight/stage6_noise/blocks/s20_e3_b7.json,validation/adversarial_overnight/stage6_noise/blocks/s20_e3_b7.json,19613,e0c3a467a42b2e7a3c298d343134a36454c19a461a050722d6037a00f1a4087f,False,
numerical_validation/adversarial_overnight/stage6_noise/blocks/s20_e3_b8.json,validation/adversarial_overnight/stage6_noise/blocks/s20_e3_b8.json,19627,c7b32a13905d60b700194607e3df08b90db17e4ae5e26a6d2c9c47245d9ffdae,False,
numerical_validation/adversarial_overnight/stage6_noise/blocks/s20_e3_b9.json,validation/adversarial_overnight/stage6_noise/blocks/s20_e3_b9.json,19626,b0af91a2b847bc5a8dae6131562abc2dbce9ea650be164e6cb9e2f4d4a75d6f3,False,
numerical_validation/adversarial_overnight/stage6_noise/blocks/s20_e4_b0.json,validation/adversarial_overnight/stage6_noise/blocks/s20_e4_b0.json,19532,67296396d80fa8eb4a7d06ce9eca767ab914cf65e7b0390dd5035803f9db1592,False,
numerical_validation/adversarial_overnight/stage6_noise/blocks/s20_e4_b1.json,validation/adversarial_overnight/stage6_noise/blocks/s20_e4_b1.json,19525,72ee9d054dea412f81c9b1d438d9634fb5b0c5c26d1867c0b549ff71bbe6103c,False,
numerical_validation/adversarial_overnight/stage6_noise/blocks/s20_e4_b10.json,validation/adversarial_overnight/stage6_noise/blocks/s20_e4_b10.json,19620,b1954088588d30ee39595f3317d535c16c3d9550e181a20867a4ba6f746db3a3,False,
numerical_validation/adversarial_overnight/stage6_noise/blocks/s20_e4_b11.json,validation/adversarial_overnight/stage6_noise/blocks/s20_e4_b11.json,19619,6f4d4b103a38a5fff9725f04d8b1190c2c51620b97357511527fd2400ac26536,False,
numerical_validation/adversarial_overnight/stage6_noise/blocks/s20_e4_b12.json,validation/adversarial_overnight/stage6_noise/blocks/s20_e4_b12.json,19624,4ebdf0dbb1e5015a565308b1bfc9b8360a2ec643ff1146db91f1819cbf7f97ed,False,
numerical_validation/adversarial_overnight/stage6_noise/blocks/s20_e4_b13.json,validation/adversarial_overnight/stage6_noise/blocks/s20_e4_b13.json,19632,a95493e4fabee2e0f4fc7390df79e7a285179b14d8347edcb7d98baeb17812e3,False,
numerical_validation/adversarial_overnight/stage6_noise/blocks/s20_e4_b14.json,validation/adversarial_overnight/stage6_noise/blocks/s20_e4_b14.json,19625,9ea71b655470020375fffe4b4187a991f03db090e090fb14ac84e7cff0984e4d,False,
numerical_validation/adversarial_overnight/stage6_noise/blocks/s20_e4_b15.json,validation/adversarial_overnight/stage6_noise/blocks/s20_e4_b15.json,19620,759ff8ddd049f4c382e8bfb1c2fdd74e0fd43794791444572cac5d2767316b7a,False,
numerical_validation/adversarial_overnight/stage6_noise/blocks/s20_e4_b16.json,validation/adversarial_overnight/stage6_noise/blocks/s20_e4_b16.json,19611,154a9bf8cf18f196786c04ccd464325c0b5be1c206878046d3eace806dd2febf,False,
numerical_validation/adversarial_overnight/stage6_noise/blocks/s20_e4_b17.json,validation/adversarial_overnight/stage6_noise/blocks/s20_e4_b17.json,19608,288a3e22064e1739d83053599214730a8449efa791b37df714bb1bba473cb349,False,
numerical_validation/adversarial_overnight/stage6_noise/blocks/s20_e4_b18.json,validation/adversarial_overnight/stage6_noise/blocks/s20_e4_b18.json,19618,e95997aa707348cf6ca547ff948b5e07c2d4579b4f4c1341a3577f11db262c8b,False,
numerical_validation/adversarial_overnight/stage6_noise/blocks/s20_e4_b19.json,validation/adversarial_overnight/stage6_noise/blocks/s20_e4_b19.json,19624,ab37abca0856b91edb03cc8b99c62f61b1f342cf785087b4dd5bf31475c2287d,False,
numerical_validation/adversarial_overnight/stage6_noise/blocks/s20_e4_b2.json,validation/adversarial_overnight/stage6_noise/blocks/s20_e4_b2.json,19563,1e8078ce640dc55de185aee29b61092450af2240bea5f5116110e9cb8a2be8b3,False,
numerical_validation/adversarial_overnight/stage6_noise/blocks/s20_e4_b3.json,validation/adversarial_overnight/stage6_noise/blocks/s20_e4_b3.json,19571,fc49bcf9e0704e8eb5c0abb6dac20f278c43380dd1f1872c6c9672bf13428749,False,
numerical_validation/adversarial_overnight/stage6_noise/blocks/s20_e4_b4.json,validation/adversarial_overnight/stage6_noise/blocks/s20_e4_b4.json,19557,84316ea1dab2a0676ceff1d4ba2f6a24fd2dbc0ec78615c03e556110d10e9faa,False,
numerical_validation/adversarial_overnight/stage6_noise/blocks/s20_e4_b5.json,validation/adversarial_overnight/stage6_noise/blocks/s20_e4_b5.json,19581,3b99965737e9b1e0fa84b588ec50a9f81e0c2f28854ac3f75664e3e74b97cd7b,False,
numerical_validation/adversarial_overnight/stage6_noise/blocks/s20_e4_b6.json,validation/adversarial_overnight/stage6_noise/blocks/s20_e4_b6.json,19578,9e8444415e2beeb5b08fc852e18c34365bf77bffdf58caae1dc9bce9f02f8932,False,
numerical_validation/adversarial_overnight/stage6_noise/blocks/s20_e4_b7.json,validation/adversarial_overnight/stage6_noise/blocks/s20_e4_b7.json,19590,8153fd8877b701730d780d74fe21283f806c33ec0f995b247920e0c06c0cb807,False,
numerical_validation/adversarial_overnight/stage6_noise/blocks/s20_e4_b8.json,validation/adversarial_overnight/stage6_noise/blocks/s20_e4_b8.json,19545,cf807aef6f02cbfac4b3fa663ad0fa905b20745d68a823cbca8cc96cfeb495b8,False,
numerical_validation/adversarial_overnight/stage6_noise/blocks/s20_e4_b9.json,validation/adversarial_overnight/stage6_noise/blocks/s20_e4_b9.json,19576,918c283692478961a30d954002d626338e73c6b2ded46d602497c96ef46a86b0,False,
numerical_validation/adversarial_overnight/stage6_noise/blocks/s20_e5_b0.json,validation/adversarial_overnight/stage6_noise/blocks/s20_e5_b0.json,19559,1f12bbee8514971f36eb6f328f98cdebcbdd3cc762cbda14f13a5db36cca84fb,False,
numerical_validation/adversarial_overnight/stage6_noise/blocks/s20_e5_b1.json,validation/adversarial_overnight/stage6_noise/blocks/s20_e5_b1.json,19569,052c62a33961ffe636839c67886273da83c34fa1538a6100f54a4e9e4db2edbd,False,
numerical_validation/adversarial_overnight/stage6_noise/blocks/s20_e5_b10.json,validation/adversarial_overnight/stage6_noise/blocks/s20_e5_b10.json,19702,e6e707db461c92f97152930b278ec03589cac14819bfa72b9569b93aa1d2d68f,False,
numerical_validation/adversarial_overnight/stage6_noise/blocks/s20_e5_b11.json,validation/adversarial_overnight/stage6_noise/blocks/s20_e5_b11.json,19670,af17c457cd1ff02def7528c5e7ec9af969ce40a92bfb3ac137b8d566945b846d,False,
numerical_validation/adversarial_overnight/stage6_noise/blocks/s20_e5_b12.json,validation/adversarial_overnight/stage6_noise/blocks/s20_e5_b12.json,19683,01766137fb955bed3f5f71199c8a44f5a841838744ce686f4ef129fe69ebf928,False,
numerical_validation/adversarial_overnight/stage6_noise/blocks/s20_e5_b13.json,validation/adversarial_overnight/stage6_noise/blocks/s20_e5_b13.json,19671,6e8f06744514c27aeed9bff99eeba6ede7e2343cf024a59f6389befacbb44e51,False,
numerical_validation/adversarial_overnight/stage6_noise/blocks/s20_e5_b14.json,validation/adversarial_overnight/stage6_noise/blocks/s20_e5_b14.json,19679,33bbd4f152d9f206840e73b4c30428935e0ed373f93cc4564b7195662fc076a3,False,
numerical_validation/adversarial_overnight/stage6_noise/blocks/s20_e5_b15.json,validation/adversarial_overnight/stage6_noise/blocks/s20_e5_b15.json,19664,cf097e61ad7542118350a1d43f41c175c808759141a5ac1c448bf428a510bf17,False,
numerical_validation/adversarial_overnight/stage6_noise/blocks/s20_e5_b16.json,validation/adversarial_overnight/stage6_noise/blocks/s20_e5_b16.json,19690,1e0104b1383fb066b719ba55eea3c8d6793f26e11143ea19a95e3d9251d9246b,False,
numerical_validation/adversarial_overnight/stage6_noise/blocks/s20_e5_b17.json,validation/adversarial_overnight/stage6_noise/blocks/s20_e5_b17.json,19696,c30b8d45f667bfb19f3f3724577950a2f56f99de46db0601af74c476d3390b40,False,
numerical_validation/adversarial_overnight/stage6_noise/blocks/s20_e5_b18.json,validation/adversarial_overnight/stage6_noise/blocks/s20_e5_b18.json,19686,146ebe864feee641ef7400d1c21cf87a044ef74d2bbbc2803f5a2fad769cc95c,False,
numerical_validation/adversarial_overnight/stage6_noise/blocks/s20_e5_b19.json,validation/adversarial_overnight/stage6_noise/blocks/s20_e5_b19.json,19685,49e737816b12ce4a2b69a74a510f58c7f38d1963fc6d87e771772f97d55e0b20,False,
numerical_validation/adversarial_overnight/stage6_noise/blocks/s20_e5_b2.json,validation/adversarial_overnight/stage6_noise/blocks/s20_e5_b2.json,19606,90703f9b0130e3f18f67f32d080e9c916c00cd35b44e3fac5050e4f181e223df,False,
numerical_validation/adversarial_overnight/stage6_noise/blocks/s20_e5_b3.json,validation/adversarial_overnight/stage6_noise/blocks/s20_e5_b3.json,19645,ec9339a831460eda7d0114790772edfc63fa35c67fc0e177cf3dc230dd8be8fe,False,
numerical_validation/adversarial_overnight/stage6_noise/blocks/s20_e5_b4.json,validation/adversarial_overnight/stage6_noise/blocks/s20_e5_b4.json,19639,66ae84720e6685fe474c1c28572d836e9a85ad438392db462db3d35746acd1a9,False,
numerical_validation/adversarial_overnight/stage6_noise/blocks/s20_e5_b5.json,validation/adversarial_overnight/stage6_noise/blocks/s20_e5_b5.json,19625,7c7b84d944f47269f4aa42a6cc5846dd63179cac3f5158f0e12632769ff882de,False,
numerical_validation/adversarial_overnight/stage6_noise/blocks/s20_e5_b6.json,validation/adversarial_overnight/stage6_noise/blocks/s20_e5_b6.json,19603,266037825cd4fbb74b6863d1497ac70c06ff939a3908c1bcc8576075e0395305,False,
numerical_validation/adversarial_overnight/stage6_noise/blocks/s20_e5_b7.json,validation/adversarial_overnight/stage6_noise/blocks/s20_e5_b7.json,19634,aaa1e5d296b447389791885c2de111a02d9d2a235f5b000e48fabeb6aa8179c5,False,
numerical_validation/adversarial_overnight/stage6_noise/blocks/s20_e5_b8.json,validation/adversarial_overnight/stage6_noise/blocks/s20_e5_b8.json,19627,f11acea0e651683a4a2def13d1e1b8f23c57c5b1e1bd54ece705bb4b0944b039,False,
numerical_validation/adversarial_overnight/stage6_noise/blocks/s20_e5_b9.json,validation/adversarial_overnight/stage6_noise/blocks/s20_e5_b9.json,19635,47880c470380182a8383e0f96bbe79c76d528b3c0a498e0d814b86b7a8ba18b4,False,
numerical_validation/adversarial_overnight/stage6_noise/blocks/s20_e6_b0.json,validation/adversarial_overnight/stage6_noise/blocks/s20_e6_b0.json,19445,857bfe40f07269e32037a4ae1b50d7609b0f8a5208dff1772ae4ff6a2db9b211,False,
numerical_validation/adversarial_overnight/stage6_noise/blocks/s20_e6_b1.json,validation/adversarial_overnight/stage6_noise/blocks/s20_e6_b1.json,19457,8f1f926c5a6ca0e48d9eefedde667f0400edee4fa3a9a838f6969f66f18d7316,False,
numerical_validation/adversarial_overnight/stage6_noise/blocks/s20_e6_b10.json,validation/adversarial_overnight/stage6_noise/blocks/s20_e6_b10.json,19532,b4d276846e405640ea44bc86e57bfdc6aedc862afbbb007efbd6c701639e751b,False,
numerical_validation/adversarial_overnight/stage6_noise/blocks/s20_e6_b11.json,validation/adversarial_overnight/stage6_noise/blocks/s20_e6_b11.json,19534,07c0a505d7411324f85769da6dedea544cd8f905672495ff57e1d7a91c01de2d,False,
numerical_validation/adversarial_overnight/stage6_noise/blocks/s20_e6_b12.json,validation/adversarial_overnight/stage6_noise/blocks/s20_e6_b12.json,19535,2caa486eda603d4ebb9dc12a32c0863e276c047f622be823f08c8934ce25f4bb,False,
numerical_validation/adversarial_overnight/stage6_noise/blocks/s20_e6_b13.json,validation/adversarial_overnight/stage6_noise/blocks/s20_e6_b13.json,19528,401951fb9e594b3537dee4c3941c16a6d1b9fb7d05baab412100c1c316251419,False,
numerical_validation/adversarial_overnight/stage6_noise/blocks/s20_e6_b14.json,validation/adversarial_overnight/stage6_noise/blocks/s20_e6_b14.json,19533,3d43703cec70998d0cf30e360dbbed49525436a6c7fbb2ba5c2bb714d6f4fdbb,False,
numerical_validation/adversarial_overnight/stage6_noise/blocks/s20_e6_b15.json,validation/adversarial_overnight/stage6_noise/blocks/s20_e6_b15.json,19532,7aa978b0d4ba07adbe43b126bd037219649d86cbe09893c5b58011757cd48582,False,
numerical_validation/adversarial_overnight/stage6_noise/blocks/s20_e6_b16.json,validation/adversarial_overnight/stage6_noise/blocks/s20_e6_b16.json,19550,5718a1f62b2acda867171f19fcd339a34a4414775531d6c23beb52f99e5e0ed8,False,
numerical_validation/adversarial_overnight/stage6_noise/blocks/s20_e6_b17.json,validation/adversarial_overnight/stage6_noise/blocks/s20_e6_b17.json,19524,ae6e898e0d28af9712fef9dbd2b569d1996c2fe6c1a4064eac24cf6ccef3e3b1,False,
numerical_validation/adversarial_overnight/stage6_noise/blocks/s20_e6_b18.json,validation/adversarial_overnight/stage6_noise/blocks/s20_e6_b18.json,19525,6c2833e6b58b8c4699c212e2d919af78e30cba1c10fe22ea7e7342ab1cef2e9e,False,
numerical_validation/adversarial_overnight/stage6_noise/blocks/s20_e6_b19.json,validation/adversarial_overnight/stage6_noise/blocks/s20_e6_b19.json,19545,6ae4fe943d22df26ca54d8a2ed5d22c2535d228599d04bf6bc65ae2fc18d9a49,False,
numerical_validation/adversarial_overnight/stage6_noise/blocks/s20_e6_b2.json,validation/adversarial_overnight/stage6_noise/blocks/s20_e6_b2.json,19496,968ce8539fcabf467f740ff3dcc45aa512f1bac2eeef97d2b13a70ab7c6c10fe,False,
numerical_validation/adversarial_overnight/stage6_noise/blocks/s20_e6_b3.json,validation/adversarial_overnight/stage6_noise/blocks/s20_e6_b3.json,19471,7d6f780365656f2e04db5939c358cab05a2a9014808e70e9b07e141f9ef1e3cd,False,
numerical_validation/adversarial_overnight/stage6_noise/blocks/s20_e6_b4.json,validation/adversarial_overnight/stage6_noise/blocks/s20_e6_b4.json,19490,4c568189103cb9b0def1259bcff36c5e8b25b34d0f32433fc1b56aca1d7bc828,False,
numerical_validation/adversarial_overnight/stage6_noise/blocks/s20_e6_b5.json,validation/adversarial_overnight/stage6_noise/blocks/s20_e6_b5.json,19492,6b5a22eeb14363e3d53159485a9f1b6631295101059472e81e1e227dcd1f7cd5,False,
numerical_validation/adversarial_overnight/stage6_noise/blocks/s20_e6_b6.json,validation/adversarial_overnight/stage6_noise/blocks/s20_e6_b6.json,19488,a228877a7acad63cf0608ce455f202f06b53bfcc3b32387a168d26052e9860da,False,
numerical_validation/adversarial_overnight/stage6_noise/blocks/s20_e6_b7.json,validation/adversarial_overnight/stage6_noise/blocks/s20_e6_b7.json,19499,1311c26a3ca41f07f4163b3c114aaf4e4cddbb57ec837ef0fec1b946e93011f2,False,
numerical_validation/adversarial_overnight/stage6_noise/blocks/s20_e6_b8.json,validation/adversarial_overnight/stage6_noise/blocks/s20_e6_b8.json,19494,9884c2ef060795469d70c68bb12de22fd0665bfdac519d84820739e1195b3b61,False,
numerical_validation/adversarial_overnight/stage6_noise/blocks/s20_e6_b9.json,validation/adversarial_overnight/stage6_noise/blocks/s20_e6_b9.json,19491,e90f4fd9390dab1e7b04c30763ff4f112479b90e2a02adea1f026c1b0634a92e,False,
numerical_validation/adversarial_overnight/stage6_noise/blocks/s20_e7_b0.json,validation/adversarial_overnight/stage6_noise/blocks/s20_e7_b0.json,19548,ea54977c2f3cb2051fa4c988b9063e93a990d514a27c90178d25c9b384eb26b6,False,
numerical_validation/adversarial_overnight/stage6_noise/blocks/s20_e7_b1.json,validation/adversarial_overnight/stage6_noise/blocks/s20_e7_b1.json,19552,7c4a0a3ca93a12c7116b76e6800b28b60152fce37c64e0c52e474060f3fc12e4,False,
numerical_validation/adversarial_overnight/stage6_noise/blocks/s20_e7_b10.json,validation/adversarial_overnight/stage6_noise/blocks/s20_e7_b10.json,19637,248bf98c528e027010142c1b9bc547379cd3bab910d9ca286acbcafab5138c24,False,
numerical_validation/adversarial_overnight/stage6_noise/blocks/s20_e7_b11.json,validation/adversarial_overnight/stage6_noise/blocks/s20_e7_b11.json,19643,f1d5727420bae7593674bded333e9966a04935a3c272f12dcb10502070ec7260,False,
numerical_validation/adversarial_overnight/stage6_noise/blocks/s20_e7_b12.json,validation/adversarial_overnight/stage6_noise/blocks/s20_e7_b12.json,19622,28c166aba4b6c33c6a2dd86af4e460b24a015e6dc4971aad5660c67e0a2d101e,False,
numerical_validation/adversarial_overnight/stage6_noise/blocks/s20_e7_b13.json,validation/adversarial_overnight/stage6_noise/blocks/s20_e7_b13.json,19640,3894a19513e087964679250e2b524b782a4ffb98c614d56832713134c87f966a,False,
numerical_validation/adversarial_overnight/stage6_noise/blocks/s20_e7_b14.json,validation/adversarial_overnight/stage6_noise/blocks/s20_e7_b14.json,19632,61db386396fc7c7d030b22fbc5f2da7d544b04ceec6a6f7c867e1dc6649a1f23,False,
numerical_validation/adversarial_overnight/stage6_noise/blocks/s20_e7_b15.json,validation/adversarial_overnight/stage6_noise/blocks/s20_e7_b15.json,19646,6311ea0e8c105271aad723545821fdb70a92edb92895a0c050677e9c8049f083,False,
numerical_validation/adversarial_overnight/stage6_noise/blocks/s20_e7_b16.json,validation/adversarial_overnight/stage6_noise/blocks/s20_e7_b16.json,19633,54b9098c99d20b3cecf71003145d127c9ddff4fcf03086b52c2e54bede95f74d,False,
numerical_validation/adversarial_overnight/stage6_noise/blocks/s20_e7_b17.json,validation/adversarial_overnight/stage6_noise/blocks/s20_e7_b17.json,19621,c7362203403912a8bc356f7f51d4514e44908b6f7061ed06889eb5855cd71488,False,
numerical_validation/adversarial_overnight/stage6_noise/blocks/s20_e7_b18.json,validation/adversarial_overnight/stage6_noise/blocks/s20_e7_b18.json,19655,55774250ade44f6d6688a6aac996b96cd417a6086486e0e8d6593f939eae57e2,False,
numerical_validation/adversarial_overnight/stage6_noise/blocks/s20_e7_b19.json,validation/adversarial_overnight/stage6_noise/blocks/s20_e7_b19.json,19641,01daec0810ef6a296e527e0c095d9047d046dde2a0a199b3051a7d9b5113d028,False,
numerical_validation/adversarial_overnight/stage6_noise/blocks/s20_e7_b2.json,validation/adversarial_overnight/stage6_noise/blocks/s20_e7_b2.json,19586,e60c45be5f456a9d0cfa8b7496a60f24806e1e5b3669c2aff81e9731b780ecbd,False,
numerical_validation/adversarial_overnight/stage6_noise/blocks/s20_e7_b3.json,validation/adversarial_overnight/stage6_noise/blocks/s20_e7_b3.json,19589,b18053e4e95cf8f76ec0f9cc3bcdfb9da81f84cf168553e39c9d3a4271140f80,False,
numerical_validation/adversarial_overnight/stage6_noise/blocks/s20_e7_b4.json,validation/adversarial_overnight/stage6_noise/blocks/s20_e7_b4.json,19585,910076aad90ca15d1ceeacf1d04c7fc9f7ec9a8665769eabf4dc069a17bee6b9,False,
numerical_validation/adversarial_overnight/stage6_noise/blocks/s20_e7_b5.json,validation/adversarial_overnight/stage6_noise/blocks/s20_e7_b5.json,19588,8c541a4cc842947240aa41f6f8c48ac836067bbfef896ee2d28c236b44cffe71,False,
numerical_validation/adversarial_overnight/stage6_noise/blocks/s20_e7_b6.json,validation/adversarial_overnight/stage6_noise/blocks/s20_e7_b6.json,19600,823f9d713034797e1f9f8c82975303cf7b5cc0a8dd89526e7a9ef1ec50a792a3,False,
numerical_validation/adversarial_overnight/stage6_noise/blocks/s20_e7_b7.json,validation/adversarial_overnight/stage6_noise/blocks/s20_e7_b7.json,19572,99adc8cca003d63bf486e614dab2c72a7afa01f8fb70671e35ff20d4e2568434,False,
numerical_validation/adversarial_overnight/stage6_noise/blocks/s20_e7_b8.json,validation/adversarial_overnight/stage6_noise/blocks/s20_e7_b8.json,19579,99b7d19810e430710b54352015a6d9dccc2ca516e1516ef646663f91ef143a0b,False,
numerical_validation/adversarial_overnight/stage6_noise/blocks/s20_e7_b9.json,validation/adversarial_overnight/stage6_noise/blocks/s20_e7_b9.json,19606,facae303bcd6378afa33b21194861e0ff9c77ad69d4986521876c8131530b6ee,False,
numerical_validation/adversarial_overnight/stage6_noise/blocks/s20_e8_b0.json,validation/adversarial_overnight/stage6_noise/blocks/s20_e8_b0.json,19475,23b930a32faa2122258f641fe2f739032155d823d5738bd4c611d9ec712fdd28,False,
numerical_validation/adversarial_overnight/stage6_noise/blocks/s20_e8_b1.json,validation/adversarial_overnight/stage6_noise/blocks/s20_e8_b1.json,19484,de7560904d5a9a83a9d5833dfcdcc025a63ebf71283e5f768d35358f607c7d17,False,
numerical_validation/adversarial_overnight/stage6_noise/blocks/s20_e8_b10.json,validation/adversarial_overnight/stage6_noise/blocks/s20_e8_b10.json,19587,979b1231b3447205857cfae38549e94cd3d2a3c0d8286b8acc94e26455f8cb9f,False,
numerical_validation/adversarial_overnight/stage6_noise/blocks/s20_e8_b11.json,validation/adversarial_overnight/stage6_noise/blocks/s20_e8_b11.json,19604,a4d274df55235104ec415e78196dd2f74f2e8e2249a413c42087acb87317d60b,False,
numerical_validation/adversarial_overnight/stage6_noise/blocks/s20_e8_b12.json,validation/adversarial_overnight/stage6_noise/blocks/s20_e8_b12.json,19569,7940f431559d8cd53830d93a9bb4e490c25723b17f61c46364d3b62aaf7d08f0,False,
numerical_validation/adversarial_overnight/stage6_noise/blocks/s20_e8_b13.json,validation/adversarial_overnight/stage6_noise/blocks/s20_e8_b13.json,19594,745c687d3863f75f83e840f8b71965087a564db3c006ace8f6a94e7c55394563,False,
numerical_validation/adversarial_overnight/stage6_noise/blocks/s20_e8_b14.json,validation/adversarial_overnight/stage6_noise/blocks/s20_e8_b14.json,19578,e346de7a13c486c6c31bab517bce62780f6f6f485c9d1296d5efa16aa3fbcb6d,False,
numerical_validation/adversarial_overnight/stage6_noise/blocks/s20_e8_b15.json,validation/adversarial_overnight/stage6_noise/blocks/s20_e8_b15.json,19582,ca963fdb804ab61548ae06653eadb35d3bf8bde3a1e805ed895001e56e85269e,False,
numerical_validation/adversarial_overnight/stage6_noise/blocks/s20_e8_b16.json,validation/adversarial_overnight/stage6_noise/blocks/s20_e8_b16.json,19600,7366a9d07ed73532870fe419744bfa6c70b6dfc5e04edcbd608b45d1a48a19a2,False,
numerical_validation/adversarial_overnight/stage6_noise/blocks/s20_e8_b17.json,validation/adversarial_overnight/stage6_noise/blocks/s20_e8_b17.json,19582,10efb0b9ee4cc6d53797b34c5269c1663b2645b5e46d2a29aba5b81c2a1bb036,False,
numerical_validation/adversarial_overnight/stage6_noise/blocks/s20_e8_b18.json,validation/adversarial_overnight/stage6_noise/blocks/s20_e8_b18.json,19577,4ae1aef9dcb3e89137025f3af27d987523c5f10cf76cf007e4bc1d81ecc4909a,False,
numerical_validation/adversarial_overnight/stage6_noise/blocks/s20_e8_b19.json,validation/adversarial_overnight/stage6_noise/blocks/s20_e8_b19.json,19601,fd54bb843edfc65724b76de5b9054e0538dd6bda8bc311af24fd9de41f5c5dd9,False,
numerical_validation/adversarial_overnight/stage6_noise/blocks/s20_e8_b2.json,validation/adversarial_overnight/stage6_noise/blocks/s20_e8_b2.json,19539,cef4b370639d6330f8d88da82ade4e99f3158aad07b8e1ff982ac161e4b85673,False,
numerical_validation/adversarial_overnight/stage6_noise/blocks/s20_e8_b3.json,validation/adversarial_overnight/stage6_noise/blocks/s20_e8_b3.json,19534,6a5a1691c6c4ff25c4314c92c6748d340e4a63c5d804be1c67b42fce0807c5d5,False,
numerical_validation/adversarial_overnight/stage6_noise/blocks/s20_e8_b4.json,validation/adversarial_overnight/stage6_noise/blocks/s20_e8_b4.json,19549,eea6557ac88900a21216e8d977d7ed539187ba35735efff4f896905504afbcbf,False,
numerical_validation/adversarial_overnight/stage6_noise/blocks/s20_e8_b5.json,validation/adversarial_overnight/stage6_noise/blocks/s20_e8_b5.json,19540,ea046b6f78062424b9174aecdaac108457c7ea9e571a305981d9a66f547ebef1,False,
numerical_validation/adversarial_overnight/stage6_noise/blocks/s20_e8_b6.json,validation/adversarial_overnight/stage6_noise/blocks/s20_e8_b6.json,19547,3e3d224afbf91aa51a0aa720183d3ceef94a5eabc358b3b5d57a26a9f91e17f9,False,
numerical_validation/adversarial_overnight/stage6_noise/blocks/s20_e8_b7.json,validation/adversarial_overnight/stage6_noise/blocks/s20_e8_b7.json,19541,ef5cf733748c9ae5fe77d44827099ea80ee80622a6b61a75cf4b452cb36e7910,False,
numerical_validation/adversarial_overnight/stage6_noise/blocks/s20_e8_b8.json,validation/adversarial_overnight/stage6_noise/blocks/s20_e8_b8.json,19532,4b23f327d46ef3a431f0e9320db0431cb5da9e443fa94899b6e3e0cb651a9b71,False,
numerical_validation/adversarial_overnight/stage6_noise/blocks/s20_e8_b9.json,validation/adversarial_overnight/stage6_noise/blocks/s20_e8_b9.json,19544,187ad7daf31bebf4649327ae3cb54235dd0d51c758a939a1e91fe1dbbca43fc9,False,
numerical_validation/adversarial_overnight/stage6_noise/blocks/s20_e9_b0.json,validation/adversarial_overnight/stage6_noise/blocks/s20_e9_b0.json,19547,9f44223864d57fb38b790f0dc86dc814a83bbc1d0e9d3fb069a6881fadc9192d,False,
numerical_validation/adversarial_overnight/stage6_noise/blocks/s20_e9_b1.json,validation/adversarial_overnight/stage6_noise/blocks/s20_e9_b1.json,19569,4948db609ced2ffcf52c75bd735de9dd8e976a7636c13927031f1a4caa715d56,False,
numerical_validation/adversarial_overnight/stage6_noise/blocks/s20_e9_b10.json,validation/adversarial_overnight/stage6_noise/blocks/s20_e9_b10.json,19626,50938b537cfdd84135ad833a556be221e1d3f2f685ae44ef0d21b22000b844fe,False,
numerical_validation/adversarial_overnight/stage6_noise/blocks/s20_e9_b11.json,validation/adversarial_overnight/stage6_noise/blocks/s20_e9_b11.json,19634,0964b6975bbb7af28a383a2a1e39effc77336b3693e3ce3c41b4f44a4217df38,False,
numerical_validation/adversarial_overnight/stage6_noise/blocks/s20_e9_b12.json,validation/adversarial_overnight/stage6_noise/blocks/s20_e9_b12.json,19650,05882b8b32391a08a0ad1dd6fae038c5d79b7f9b404abc2367330f83d1339d59,False,
numerical_validation/adversarial_overnight/stage6_noise/blocks/s20_e9_b13.json,validation/adversarial_overnight/stage6_noise/blocks/s20_e9_b13.json,19642,737a3ebaf23fcd424833365f92c0445245433b97d01bb33078b8c395d6f305e9,False,
numerical_validation/adversarial_overnight/stage6_noise/blocks/s20_e9_b14.json,validation/adversarial_overnight/stage6_noise/blocks/s20_e9_b14.json,19646,ee84d6ec3fc7402456253f887dc99d8f8eb42d399cda5700638b20385bd295f4,False,
numerical_validation/adversarial_overnight/stage6_noise/blocks/s20_e9_b15.json,validation/adversarial_overnight/stage6_noise/blocks/s20_e9_b15.json,19653,7432906bc66e55031bd1b37b3974893bd9642c57684219648f6e1f23b8ec41d7,False,
numerical_validation/adversarial_overnight/stage6_noise/blocks/s20_e9_b16.json,validation/adversarial_overnight/stage6_noise/blocks/s20_e9_b16.json,19654,21b7a1a0e3f40a0e0b347f519426aaefee3d8134cce190ed8676cc6d2abc280e,False,
numerical_validation/adversarial_overnight/stage6_noise/blocks/s20_e9_b17.json,validation/adversarial_overnight/stage6_noise/blocks/s20_e9_b17.json,19659,410a82bb43e66b3122eaf6a32fa38daa594221e3b69c59fdff4e6c30fb0c8926,False,
numerical_validation/adversarial_overnight/stage6_noise/blocks/s20_e9_b18.json,validation/adversarial_overnight/stage6_noise/blocks/s20_e9_b18.json,19654,43969324ccee02c30abe949873f28591765b3f507fed2b34c01b7df5600f3136,False,
numerical_validation/adversarial_overnight/stage6_noise/blocks/s20_e9_b19.json,validation/adversarial_overnight/stage6_noise/blocks/s20_e9_b19.json,19655,270ca70f5d97884ca3d3d1bff03863d251cfd69bc36451592c98aba90e1b81a9,False,
numerical_validation/adversarial_overnight/stage6_noise/blocks/s20_e9_b2.json,validation/adversarial_overnight/stage6_noise/blocks/s20_e9_b2.json,19604,aef526222bf80606414f75a8b3b2b5222b36c9fd0ac3012445f9b7e041c504ec,False,
numerical_validation/adversarial_overnight/stage6_noise/blocks/s20_e9_b3.json,validation/adversarial_overnight/stage6_noise/blocks/s20_e9_b3.json,19587,2a47bbaad48fedefbeee2be72138a5fdf7a1cd168ec37af822c1cb180b4409ba,False,
numerical_validation/adversarial_overnight/stage6_noise/blocks/s20_e9_b4.json,validation/adversarial_overnight/stage6_noise/blocks/s20_e9_b4.json,19594,c4a0c8f2342d6111b044a7d210158bf9814a0fb428269ca57b34b0fdd1c8f992,False,
numerical_validation/adversarial_overnight/stage6_noise/blocks/s20_e9_b5.json,validation/adversarial_overnight/stage6_noise/blocks/s20_e9_b5.json,19607,5d0316918692c9381151679f15ae03e2ed4c51ebbdd1965684935f62b97391ae,False,
numerical_validation/adversarial_overnight/stage6_noise/blocks/s20_e9_b6.json,validation/adversarial_overnight/stage6_noise/blocks/s20_e9_b6.json,19591,2fe52d5a6f0f627d5385c5cb64c64c94f257e9a688f6433b5c4e5ca31967c098,False,
numerical_validation/adversarial_overnight/stage6_noise/blocks/s20_e9_b7.json,validation/adversarial_overnight/stage6_noise/blocks/s20_e9_b7.json,19586,fb0d0388071e3351a0881655e3b8b425a8db95fe04b5a7b952f8c42f06831e97,False,
numerical_validation/adversarial_overnight/stage6_noise/blocks/s20_e9_b8.json,validation/adversarial_overnight/stage6_noise/blocks/s20_e9_b8.json,19585,b75bac1e5cafb4bc51098bd09420f1401397d042c2d80ea1a81d4354c4b883ff,False,
numerical_validation/adversarial_overnight/stage6_noise/blocks/s20_e9_b9.json,validation/adversarial_overnight/stage6_noise/blocks/s20_e9_b9.json,19603,7ae98fa054635d84b2489f3a83b2dc29c98d61322d1e09a7dd1a5bbf96d63bcc,False,
numerical_validation/adversarial_overnight/stage6_noise/blocks/s30_e0_b0.json,validation/adversarial_overnight/stage6_noise/blocks/s30_e0_b0.json,19469,4efc93ae698a7da0eb8c9b967c6e02b2292c0b7439cfc78b26e3f1501ebbd44f,False,
numerical_validation/adversarial_overnight/stage6_noise/blocks/s30_e0_b1.json,validation/adversarial_overnight/stage6_noise/blocks/s30_e0_b1.json,19490,a41a8544c1c1e95bc27f0dd8f023b2fea22cc7dd545b05c178afa2ad05d50471,False,
numerical_validation/adversarial_overnight/stage6_noise/blocks/s30_e0_b10.json,validation/adversarial_overnight/stage6_noise/blocks/s30_e0_b10.json,19589,848ef6618647f901d2d198545c9f7ffb7a7a0b4f3dbc469506ae28a4015096fa,False,
numerical_validation/adversarial_overnight/stage6_noise/blocks/s30_e0_b11.json,validation/adversarial_overnight/stage6_noise/blocks/s30_e0_b11.json,19589,b9e52e6761635d81b80d6e3efbfaa98189a02030391b9e9ab0af6435b7e61e41,False,
numerical_validation/adversarial_overnight/stage6_noise/blocks/s30_e0_b12.json,validation/adversarial_overnight/stage6_noise/blocks/s30_e0_b12.json,19576,6d240425e195bf507e48bf103f19f81ee66565023033f98d24fb47f3e61c3006,False,
numerical_validation/adversarial_overnight/stage6_noise/blocks/s30_e0_b13.json,validation/adversarial_overnight/stage6_noise/blocks/s30_e0_b13.json,19572,744067dfb11ee4a64ea7de03c7994d785f18b0cb55fcf20c3dca8b71f3666fc1,False,
numerical_validation/adversarial_overnight/stage6_noise/blocks/s30_e0_b14.json,validation/adversarial_overnight/stage6_noise/blocks/s30_e0_b14.json,19578,e55c9ac5654eceeb369878fecd14aa0d1bdd350140125bc9accbe138a06a1fcc,False,
numerical_validation/adversarial_overnight/stage6_noise/blocks/s30_e0_b15.json,validation/adversarial_overnight/stage6_noise/blocks/s30_e0_b15.json,19582,40c116b6ef6033f362bcbb7e853787055015c80e60a356517f0d0ad1dc015f8a,False,
numerical_validation/adversarial_overnight/stage6_noise/blocks/s30_e0_b16.json,validation/adversarial_overnight/stage6_noise/blocks/s30_e0_b16.json,19599,01c9110c6b2825e501cdf05e85371b14a3623f3e0a1d928eea8c710f66f9fd71,False,
numerical_validation/adversarial_overnight/stage6_noise/blocks/s30_e0_b17.json,validation/adversarial_overnight/stage6_noise/blocks/s30_e0_b17.json,19572,97d6a6f9f7b7a1e45e86681a623681ec437ef62b14d5aa37bfce27d03ff3cb02,False,
numerical_validation/adversarial_overnight/stage6_noise/blocks/s30_e0_b18.json,validation/adversarial_overnight/stage6_noise/blocks/s30_e0_b18.json,19592,a1605049b65712e5a72e2cccbd8976247be2e72c7198d9b371974772b54d403a,False,
numerical_validation/adversarial_overnight/stage6_noise/blocks/s30_e0_b19.json,validation/adversarial_overnight/stage6_noise/blocks/s30_e0_b19.json,19578,633ac10ecff77e7e33c574d1bc9a462ef249bc3dab677fe3b8921499e8e54c21,False,
numerical_validation/adversarial_overnight/stage6_noise/blocks/s30_e0_b2.json,validation/adversarial_overnight/stage6_noise/blocks/s30_e0_b2.json,19528,392d1b9455496054ffddc7e838321186d6686498d40b2d9db834f9d1e84a2fc4,False,
numerical_validation/adversarial_overnight/stage6_noise/blocks/s30_e0_b3.json,validation/adversarial_overnight/stage6_noise/blocks/s30_e0_b3.json,19527,fad6318d58f545230bdb555ee622ad2e3385c0ac96614442a40fc34940a140af,False,
numerical_validation/adversarial_overnight/stage6_noise/blocks/s30_e0_b4.json,validation/adversarial_overnight/stage6_noise/blocks/s30_e0_b4.json,19530,ca2b3457735488cc17c0bb65bb86c03e4caf8345a6eb4535b5fa1ac6db8d177d,False,
numerical_validation/adversarial_overnight/stage6_noise/blocks/s30_e0_b5.json,validation/adversarial_overnight/stage6_noise/blocks/s30_e0_b5.json,19542,2cd5fbe562ca887197ca49dbfcf9416a578ab633be1596479efe5ec79dba75fc,False,
numerical_validation/adversarial_overnight/stage6_noise/blocks/s30_e0_b6.json,validation/adversarial_overnight/stage6_noise/blocks/s30_e0_b6.json,19524,bd894e3a684495f29c7a8286e4f82b9e9665476b3332f045303c1836358272f4,False,
numerical_validation/adversarial_overnight/stage6_noise/blocks/s30_e0_b7.json,validation/adversarial_overnight/stage6_noise/blocks/s30_e0_b7.json,19530,59443dc29fe467c6a5d960902df990fa332c57e126eb086679394f136a8fd9f8,False,
numerical_validation/adversarial_overnight/stage6_noise/blocks/s30_e0_b8.json,validation/adversarial_overnight/stage6_noise/blocks/s30_e0_b8.json,19542,5577fe037191ddb1e1edc424b7eef5eca19099a0a0897b47784648a3c31d46ae,False,
numerical_validation/adversarial_overnight/stage6_noise/blocks/s30_e0_b9.json,validation/adversarial_overnight/stage6_noise/blocks/s30_e0_b9.json,19531,850e177de04c343a414b839218291787be0f7b62e39e4fcddd9044b0d9fc96f9,False,
numerical_validation/adversarial_overnight/stage6_noise/blocks/s30_e10_b0.json,validation/adversarial_overnight/stage6_noise/blocks/s30_e10_b0.json,19537,f368b264731fa8488ddef9f11ebe3907d2334114eee1a71656f1e2ce74d571e2,False,
numerical_validation/adversarial_overnight/stage6_noise/blocks/s30_e10_b1.json,validation/adversarial_overnight/stage6_noise/blocks/s30_e10_b1.json,19536,b7013c2336c41d5c1085eecbf256fe1c8f66de72237ffecc294d2300d0d16710,False,
numerical_validation/adversarial_overnight/stage6_noise/blocks/s30_e10_b10.json,validation/adversarial_overnight/stage6_noise/blocks/s30_e10_b10.json,19638,a7cb847b9a6731259ed1d05008a3ac3857feabaa062508fb1ec502b3c8527f18,False,
numerical_validation/adversarial_overnight/stage6_noise/blocks/s30_e10_b11.json,validation/adversarial_overnight/stage6_noise/blocks/s30_e10_b11.json,19653,d64a84f9f3c3246c72cf1482c900cadff74ee9e1656290f619730436da442580,False,
numerical_validation/adversarial_overnight/stage6_noise/blocks/s30_e10_b12.json,validation/adversarial_overnight/stage6_noise/blocks/s30_e10_b12.json,19641,3411c4adfc0ce0786dabfa90981b37f9c3b57dfa409a09443565219a8d6dca91,False,
numerical_validation/adversarial_overnight/stage6_noise/blocks/s30_e10_b13.json,validation/adversarial_overnight/stage6_noise/blocks/s30_e10_b13.json,19641,de1fb16a741a76cb56bde2d128ae10cb20b5346001586c540a5e4fa33b59f838,False,
numerical_validation/adversarial_overnight/stage6_noise/blocks/s30_e10_b14.json,validation/adversarial_overnight/stage6_noise/blocks/s30_e10_b14.json,19626,bb7b4cd18e2af60760b50ff9bd5e7e1632845a0bc9fd80c64bad6396ad325a14,False,
numerical_validation/adversarial_overnight/stage6_noise/blocks/s30_e10_b15.json,validation/adversarial_overnight/stage6_noise/blocks/s30_e10_b15.json,19655,27c1f2afa995996f25c222ad42e0917d517d608321981e16058201c7067274df,False,
numerical_validation/adversarial_overnight/stage6_noise/blocks/s30_e10_b16.json,validation/adversarial_overnight/stage6_noise/blocks/s30_e10_b16.json,19651,8c1e28f5e006efe6568ff03bb742a35f7c48f7bfb9b6adf343a9eb20174399fb,False,
numerical_validation/adversarial_overnight/stage6_noise/blocks/s30_e10_b17.json,validation/adversarial_overnight/stage6_noise/blocks/s30_e10_b17.json,19653,623aa6ec351305c4733920403986cc5f86ba89d501df5b39af0053371c9990ae,False,
numerical_validation/adversarial_overnight/stage6_noise/blocks/s30_e10_b18.json,validation/adversarial_overnight/stage6_noise/blocks/s30_e10_b18.json,19648,10385e5b8eb6d76992b0277a43e6857d05dab488678c77869eb2f8300809deee,False,
numerical_validation/adversarial_overnight/stage6_noise/blocks/s30_e10_b19.json,validation/adversarial_overnight/stage6_noise/blocks/s30_e10_b19.json,19637,580a10a7af523a4c728a9ec0d22f54bc6c4ceb8b46b1101819f39cc469115239,False,
numerical_validation/adversarial_overnight/stage6_noise/blocks/s30_e10_b2.json,validation/adversarial_overnight/stage6_noise/blocks/s30_e10_b2.json,19586,5be8638ab525cbfa3b9821201518499375490c9a5cd2997faf50ce5aa93aaab1,False,
numerical_validation/adversarial_overnight/stage6_noise/blocks/s30_e10_b3.json,validation/adversarial_overnight/stage6_noise/blocks/s30_e10_b3.json,19599,aac3960bc0fd175a50d61fd08ba641d163333d3ccfa3d8bb0dabda5769d133fa,False,
numerical_validation/adversarial_overnight/stage6_noise/blocks/s30_e10_b4.json,validation/adversarial_overnight/stage6_noise/blocks/s30_e10_b4.json,19585,eee022eff09dd36a3acca200aada7289f460120d1768df1f071ad3516c09edd4,False,
numerical_validation/adversarial_overnight/stage6_noise/blocks/s30_e10_b5.json,validation/adversarial_overnight/stage6_noise/blocks/s30_e10_b5.json,19603,e2aa182b0ca197e54797ddc6f35061acfb980bf7f51089ea68f3b951b741125e,False,
numerical_validation/adversarial_overnight/stage6_noise/blocks/s30_e10_b6.json,validation/adversarial_overnight/stage6_noise/blocks/s30_e10_b6.json,19595,facdce04b02795f429b7c729db41600615cba6669d45ba46a9db0e01d8fde732,False,
numerical_validation/adversarial_overnight/stage6_noise/blocks/s30_e10_b7.json,validation/adversarial_overnight/stage6_noise/blocks/s30_e10_b7.json,19592,458f680695eb9041ef32f48069d39a44e67d45817a001ca7f8ac864964a2b765,False,
numerical_validation/adversarial_overnight/stage6_noise/blocks/s30_e10_b8.json,validation/adversarial_overnight/stage6_noise/blocks/s30_e10_b8.json,19588,1ed7e06d8994bbcc8245b417af242a85e81a1640e08687e7a18a915b4c3ae56c,False,
numerical_validation/adversarial_overnight/stage6_noise/blocks/s30_e10_b9.json,validation/adversarial_overnight/stage6_noise/blocks/s30_e10_b9.json,19588,3dccdfa02e080eaa38a67c43998b053e6f1f4d7bbb91e2a2efe1a820d91d10b2,False,
numerical_validation/adversarial_overnight/stage6_noise/blocks/s30_e11_b0.json,validation/adversarial_overnight/stage6_noise/blocks/s30_e11_b0.json,19588,4d6ebf9f127edf090385595d383b17af699845bb17bd00aa8ff06e3033bc27d7,False,
numerical_validation/adversarial_overnight/stage6_noise/blocks/s30_e11_b1.json,validation/adversarial_overnight/stage6_noise/blocks/s30_e11_b1.json,19590,dee89c84f6e75fabfcbc1e6239fe9c891b4d4a854cad61de2f6f32b66e70614b,False,
numerical_validation/adversarial_overnight/stage6_noise/blocks/s30_e11_b10.json,validation/adversarial_overnight/stage6_noise/blocks/s30_e11_b10.json,19704,d2c7d1c11d9257d5587103aba9888115cb77d708bd529883539fbe85eee9b550,False,
numerical_validation/adversarial_overnight/stage6_noise/blocks/s30_e11_b11.json,validation/adversarial_overnight/stage6_noise/blocks/s30_e11_b11.json,19689,060bfb3d81ee7ef81d447f0b9abd1d8f28c216fded6414fefae756dbb503dd1a,False,
numerical_validation/adversarial_overnight/stage6_noise/blocks/s30_e11_b12.json,validation/adversarial_overnight/stage6_noise/blocks/s30_e11_b12.json,19700,9006051d5db8f070c74b5a79ab151097dee0bf7f69bccc384846a1d35f332af8,False,
numerical_validation/adversarial_overnight/stage6_noise/blocks/s30_e11_b13.json,validation/adversarial_overnight/stage6_noise/blocks/s30_e11_b13.json,19671,90612748795a1d210215b05f6e71f2ea82e78c95ffd11dc8ad9bdafff10d015e,False,
numerical_validation/adversarial_overnight/stage6_noise/blocks/s30_e11_b14.json,validation/adversarial_overnight/stage6_noise/blocks/s30_e11_b14.json,19701,574c7e2ab9a0e0e34f01e97ab11dcb30dd004aa47e94c0881ec55b0f0a088095,False,
numerical_validation/adversarial_overnight/stage6_noise/blocks/s30_e11_b15.json,validation/adversarial_overnight/stage6_noise/blocks/s30_e11_b15.json,19689,7593924645718365f455268aaf4008e8910ebd4b54b63366b780506433d046e4,False,
numerical_validation/adversarial_overnight/stage6_noise/blocks/s30_e11_b16.json,validation/adversarial_overnight/stage6_noise/blocks/s30_e11_b16.json,19703,872f932f55baca1477e50c890e6c72a6b8b08d74d9b1829cb9da96d81cd6e2a4,False,
numerical_validation/adversarial_overnight/stage6_noise/blocks/s30_e11_b17.json,validation/adversarial_overnight/stage6_noise/blocks/s30_e11_b17.json,19697,7c90cacc5b930fa90761cf1bc20f645742efed916d2318a77f686211de33d34a,False,
numerical_validation/adversarial_overnight/stage6_noise/blocks/s30_e11_b18.json,validation/adversarial_overnight/stage6_noise/blocks/s30_e11_b18.json,19687,3ed80f2a3acd6421f24533fe96f35db7544b46b9fc7b74847a62eadebbdb4323,False,
numerical_validation/adversarial_overnight/stage6_noise/blocks/s30_e11_b19.json,validation/adversarial_overnight/stage6_noise/blocks/s30_e11_b19.json,19694,0b23296cac99fa2829f88d58ee70dbd0b7d148279069a93cf3afd18821459ad5,False,
numerical_validation/adversarial_overnight/stage6_noise/blocks/s30_e11_b2.json,validation/adversarial_overnight/stage6_noise/blocks/s30_e11_b2.json,19637,da767342c41cbd4f193e05636efd2453b1823951033a0001bb82b0b1b3e47399,False,
numerical_validation/adversarial_overnight/stage6_noise/blocks/s30_e11_b3.json,validation/adversarial_overnight/stage6_noise/blocks/s30_e11_b3.json,19640,53f43836a4400e249ce282d802d2f786f4975e58073bd504366b95767638392e,False,
numerical_validation/adversarial_overnight/stage6_noise/blocks/s30_e11_b4.json,validation/adversarial_overnight/stage6_noise/blocks/s30_e11_b4.json,19624,6ac6fd7e8f4d45ba76c9f715997ff8ab37ab7c0c356f1138b7f2f30a89d219fc,False,
numerical_validation/adversarial_overnight/stage6_noise/blocks/s30_e11_b5.json,validation/adversarial_overnight/stage6_noise/blocks/s30_e11_b5.json,19641,f87e43c2e4d650b2f9101a3f7b3ff3d20da690da9c1fe7ca720c0549111604dc,False,
numerical_validation/adversarial_overnight/stage6_noise/blocks/s30_e11_b6.json,validation/adversarial_overnight/stage6_noise/blocks/s30_e11_b6.json,19625,a7012376022e9f811837cda032a2708fba4d4dbef3c779911426e9eb1808d338,False,
numerical_validation/adversarial_overnight/stage6_noise/blocks/s30_e11_b7.json,validation/adversarial_overnight/stage6_noise/blocks/s30_e11_b7.json,19637,ca7df530d83b36ec1f3c524a9ccbc1fe8a3d01dad597ce072f83ffa9aec4dff2,False,
numerical_validation/adversarial_overnight/stage6_noise/blocks/s30_e11_b8.json,validation/adversarial_overnight/stage6_noise/blocks/s30_e11_b8.json,19620,75d1d74e839777f7e1de518dadbfea0e0c10266b01d0fea741183b8fe9883852,False,
numerical_validation/adversarial_overnight/stage6_noise/blocks/s30_e11_b9.json,validation/adversarial_overnight/stage6_noise/blocks/s30_e11_b9.json,19658,5506a9965c29ff93742095e6dc5388847089587b85e9e19f4d86a85479e3be44,False,
numerical_validation/adversarial_overnight/stage6_noise/blocks/s30_e12_b0.json,validation/adversarial_overnight/stage6_noise/blocks/s30_e12_b0.json,19525,3a2d2cfeaf2c0b3a9299f064070f4a13ecb0eee28b386fb4ba4b2d525ed6e0b2,False,
numerical_validation/adversarial_overnight/stage6_noise/blocks/s30_e12_b1.json,validation/adversarial_overnight/stage6_noise/blocks/s30_e12_b1.json,19551,80c208aeffa795373a892eb57e380c3cdf043198a49e7d2b2908990cefb5acb3,False,
numerical_validation/adversarial_overnight/stage6_noise/blocks/s30_e12_b10.json,validation/adversarial_overnight/stage6_noise/blocks/s30_e12_b10.json,19653,6247f69d7ef26403890b9fe8e76b1b555237afe721aa68d447de716f91e446e8,False,
numerical_validation/adversarial_overnight/stage6_noise/blocks/s30_e12_b11.json,validation/adversarial_overnight/stage6_noise/blocks/s30_e12_b11.json,19644,1713b92e554c43716695711c404bceeee220d85ff8eae589e8fd77e2c146e511,False,
numerical_validation/adversarial_overnight/stage6_noise/blocks/s30_e12_b12.json,validation/adversarial_overnight/stage6_noise/blocks/s30_e12_b12.json,19639,98d278169300b4e53c058a79e3a7d8076212d8b3953fde2e6f96215510c6cc4d,False,
numerical_validation/adversarial_overnight/stage6_noise/blocks/s30_e12_b13.json,validation/adversarial_overnight/stage6_noise/blocks/s30_e12_b13.json,19656,e5d1f22ed8b21358665a71d8553767ab87bed5892dab5edd3132cb3eedf687e0,False,
numerical_validation/adversarial_overnight/stage6_noise/blocks/s30_e12_b14.json,validation/adversarial_overnight/stage6_noise/blocks/s30_e12_b14.json,19651,7f5e817c096487d741332bea5f83430b5be23e2109458d0875ce126b833a8ea8,False,
numerical_validation/adversarial_overnight/stage6_noise/blocks/s30_e12_b15.json,validation/adversarial_overnight/stage6_noise/blocks/s30_e12_b15.json,19625,9047c936228c036ce779caa7d673f1bbcafe8c1579da4ac587d3627289f2dbb9,False,
numerical_validation/adversarial_overnight/stage6_noise/blocks/s30_e12_b16.json,validation/adversarial_overnight/stage6_noise/blocks/s30_e12_b16.json,19648,cd7fb28d7cbe5dc54039934fbc3d5a94d7119a7a856c6ca087cdd481554d5b60,False,
numerical_validation/adversarial_overnight/stage6_noise/blocks/s30_e12_b17.json,validation/adversarial_overnight/stage6_noise/blocks/s30_e12_b17.json,19629,585b0199f466fbc39e27ff817b75fbdc276bb0fe915d7c435854b8e18d97676a,False,
numerical_validation/adversarial_overnight/stage6_noise/blocks/s30_e12_b18.json,validation/adversarial_overnight/stage6_noise/blocks/s30_e12_b18.json,19623,ec79c6a6c0543be071f1f292b0f87a174119f2a47d25fb4f3715d4ac17e16490,False,
numerical_validation/adversarial_overnight/stage6_noise/blocks/s30_e12_b19.json,validation/adversarial_overnight/stage6_noise/blocks/s30_e12_b19.json,19630,09a697fc55f343f1f6ff24bf3dba85929342c08b260ee9ac731690672820f1cc,False,
numerical_validation/adversarial_overnight/stage6_noise/blocks/s30_e12_b2.json,validation/adversarial_overnight/stage6_noise/blocks/s30_e12_b2.json,19595,1dea552f27518ec2976c4d28ee33b38e929acedc5c2e8aede8d1524501651720,False,
numerical_validation/adversarial_overnight/stage6_noise/blocks/s30_e12_b3.json,validation/adversarial_overnight/stage6_noise/blocks/s30_e12_b3.json,19595,e94b82b9951bb14e557af7be752b14b1d74e2947f763eaa310fa7b827a4ac6ff,False,
numerical_validation/adversarial_overnight/stage6_noise/blocks/s30_e12_b4.json,validation/adversarial_overnight/stage6_noise/blocks/s30_e12_b4.json,19600,bbd6834bb9dcd6ba8903fdfef81baa1aa8903d70e5853455183007346b57b08d,False,
numerical_validation/adversarial_overnight/stage6_noise/blocks/s30_e12_b5.json,validation/adversarial_overnight/stage6_noise/blocks/s30_e12_b5.json,19586,0fdb82a031e8f76b77591a7ff43f4ccdadea572acb0bf3a9786dcb0fc7144529,False,
numerical_validation/adversarial_overnight/stage6_noise/blocks/s30_e12_b6.json,validation/adversarial_overnight/stage6_noise/blocks/s30_e12_b6.json,19567,cfb52d5d77d4a1e9b1375aa92d5ffc39811c4ae84fba1bd83950556a1957a3ba,False,
numerical_validation/adversarial_overnight/stage6_noise/blocks/s30_e12_b7.json,validation/adversarial_overnight/stage6_noise/blocks/s30_e12_b7.json,19575,4880ba627e3962c5e5fa22fc50278c2e567726fc006a210e764093aaea8384fa,False,
numerical_validation/adversarial_overnight/stage6_noise/blocks/s30_e12_b8.json,validation/adversarial_overnight/stage6_noise/blocks/s30_e12_b8.json,19600,f3d048fa87a4d60a8c7a1e458c75fcd3a550283285cedbfc10a0ca65e133c96c,False,
numerical_validation/adversarial_overnight/stage6_noise/blocks/s30_e12_b9.json,validation/adversarial_overnight/stage6_noise/blocks/s30_e12_b9.json,19594,23ccde56fc1678dcb97fc9eedc1e086dde31787e5e43cd0591f523c5716fedb5,False,
numerical_validation/adversarial_overnight/stage6_noise/blocks/s30_e1_b0.json,validation/adversarial_overnight/stage6_noise/blocks/s30_e1_b0.json,19514,d93e4ae0e46e69528ab7bc8dd804aed461c04c2d167bae18b660779a0ee868b4,False,
numerical_validation/adversarial_overnight/stage6_noise/blocks/s30_e1_b1.json,validation/adversarial_overnight/stage6_noise/blocks/s30_e1_b1.json,19537,eeaf539db69de3225abc0ac48f5ec0e39e0522591d834ba0ff809a6152ba95fc,False,
numerical_validation/adversarial_overnight/stage6_noise/blocks/s30_e1_b10.json,validation/adversarial_overnight/stage6_noise/blocks/s30_e1_b10.json,19618,d0b7c7e7ba041b6fd8a1d4639f7e2f0f5060f9b8d9cf8c3c529645493811e774,False,
numerical_validation/adversarial_overnight/stage6_noise/blocks/s30_e1_b11.json,validation/adversarial_overnight/stage6_noise/blocks/s30_e1_b11.json,19634,f25f1e96b437601780377d1b59144e4f1d2cea57a2bfff2e0f91ac4b398a073d,False,
numerical_validation/adversarial_overnight/stage6_noise/blocks/s30_e1_b12.json,validation/adversarial_overnight/stage6_noise/blocks/s30_e1_b12.json,19633,dbfb40f1340088055fc22d8ff226046c0d183523a88f97204ed384084b460c7e,False,
numerical_validation/adversarial_overnight/stage6_noise/blocks/s30_e1_b13.json,validation/adversarial_overnight/stage6_noise/blocks/s30_e1_b13.json,19645,91bd7ef43f0e8a42e0af317190e8c646dc8b2fc5fd6e2c8d27e7fcf92a595531,False,
numerical_validation/adversarial_overnight/stage6_noise/blocks/s30_e1_b14.json,validation/adversarial_overnight/stage6_noise/blocks/s30_e1_b14.json,19632,b4ef77441943a3f594bccc1788f1c6a5e838f82058950e403c72473535f08cc9,False,
numerical_validation/adversarial_overnight/stage6_noise/blocks/s30_e1_b15.json,validation/adversarial_overnight/stage6_noise/blocks/s30_e1_b15.json,19632,62b6384a440c6ff17165c152f64e5d49dd668722319f9d47139b0ae76de6c1d3,False,
numerical_validation/adversarial_overnight/stage6_noise/blocks/s30_e1_b16.json,validation/adversarial_overnight/stage6_noise/blocks/s30_e1_b16.json,19644,4d717b63b666c21de3e3f3bb7b5a353c5eb1716acab7ed2936fef2faeb7f4600,False,
numerical_validation/adversarial_overnight/stage6_noise/blocks/s30_e1_b17.json,validation/adversarial_overnight/stage6_noise/blocks/s30_e1_b17.json,19640,97b06e6caa56110559104b852ae707f1a1b42d508a33b8e360818ffc2e4d63e5,False,
numerical_validation/adversarial_overnight/stage6_noise/blocks/s30_e1_b18.json,validation/adversarial_overnight/stage6_noise/blocks/s30_e1_b18.json,19620,ba217c2069a703e04e3c0e0b37a30536bf0081c7c67d31f45146a8faebbc7377,False,
numerical_validation/adversarial_overnight/stage6_noise/blocks/s30_e1_b19.json,validation/adversarial_overnight/stage6_noise/blocks/s30_e1_b19.json,19632,0f79e030dc4f407f5c84e6665ad7c39b28f28d8fc6190e691e4e4cccd13c97c7,False,
numerical_validation/adversarial_overnight/stage6_noise/blocks/s30_e1_b2.json,validation/adversarial_overnight/stage6_noise/blocks/s30_e1_b2.json,19569,2eaf82c1ade145f2e24ee5a503ecfdd64f6bc623ac617f83ccf3499ec0ad91b1,False,
numerical_validation/adversarial_overnight/stage6_noise/blocks/s30_e1_b3.json,validation/adversarial_overnight/stage6_noise/blocks/s30_e1_b3.json,19563,87dd8b1146791a3e28698760837283814ee87c39e32cfe166b40e6802279aa4a,False,
numerical_validation/adversarial_overnight/stage6_noise/blocks/s30_e1_b4.json,validation/adversarial_overnight/stage6_noise/blocks/s30_e1_b4.json,19567,c05b7208946b9e0097e67173bcd882e9efba805e67032b25b7de303d5f589ffa,False,
numerical_validation/adversarial_overnight/stage6_noise/blocks/s30_e1_b5.json,validation/adversarial_overnight/stage6_noise/blocks/s30_e1_b5.json,19577,6c43d81e87686738734e8d74b9417dc24236969df15295b771a038393aef5f98,False,
numerical_validation/adversarial_overnight/stage6_noise/blocks/s30_e1_b6.json,validation/adversarial_overnight/stage6_noise/blocks/s30_e1_b6.json,19587,27fa7310b36a3b21ca9ffcead4264fa4cd2b35a656aa5bbef31e51b21a308f5c,False,
numerical_validation/adversarial_overnight/stage6_noise/blocks/s30_e1_b7.json,validation/adversarial_overnight/stage6_noise/blocks/s30_e1_b7.json,19568,e644775248a08c0ef96d85703e2caa5f08721e6c048d5b62ce01e630bd40e101,False,
numerical_validation/adversarial_overnight/stage6_noise/blocks/s30_e1_b8.json,validation/adversarial_overnight/stage6_noise/blocks/s30_e1_b8.json,19572,8fb249d1fafbc28ba69376389a456b5e70cdbaf379f0efbd0368586ad2975893,False,
numerical_validation/adversarial_overnight/stage6_noise/blocks/s30_e1_b9.json,validation/adversarial_overnight/stage6_noise/blocks/s30_e1_b9.json,19579,af61fadac1fc2e241b48225508f8890948ea8312a5f7d91eecf1b064b30efeb4,False,
numerical_validation/adversarial_overnight/stage6_noise/blocks/s30_e2_b0.json,validation/adversarial_overnight/stage6_noise/blocks/s30_e2_b0.json,19496,72f3abbaebce4ba64de8574c893de96c4939b1e70ee128aaaa1d3934fe79ace9,False,
numerical_validation/adversarial_overnight/stage6_noise/blocks/s30_e2_b1.json,validation/adversarial_overnight/stage6_noise/blocks/s30_e2_b1.json,19466,8dd0df97e4b136f1026f06c97229b6367731ae66557c7d9d6f55952812268969,False,
numerical_validation/adversarial_overnight/stage6_noise/blocks/s30_e2_b10.json,validation/adversarial_overnight/stage6_noise/blocks/s30_e2_b10.json,19577,a0f9c042a361bef4f641060a0d6efc9eb13d13bf9f0bc7d256112917e701e48d,False,
numerical_validation/adversarial_overnight/stage6_noise/blocks/s30_e2_b11.json,validation/adversarial_overnight/stage6_noise/blocks/s30_e2_b11.json,19569,083c9ea084c608a205381744e47a0a9f869e1ebcdf4a29349cd3a11608ea9b81,False,
numerical_validation/adversarial_overnight/stage6_noise/blocks/s30_e2_b12.json,validation/adversarial_overnight/stage6_noise/blocks/s30_e2_b12.json,19583,ed8a6048858141d9775380da56801908a52b88045c17245229d486add061d23d,False,
numerical_validation/adversarial_overnight/stage6_noise/blocks/s30_e2_b13.json,validation/adversarial_overnight/stage6_noise/blocks/s30_e2_b13.json,19565,2149806c51452159d0828e57b78f0f64fdf4d731fce1914004bc757dc61f0a48,False,
numerical_validation/adversarial_overnight/stage6_noise/blocks/s30_e2_b14.json,validation/adversarial_overnight/stage6_noise/blocks/s30_e2_b14.json,19576,a23f3262cac3d7ca2ae155c95762fdb2cdf4f0f226bdb5187af8a0a0e94b04ad,False,
numerical_validation/adversarial_overnight/stage6_noise/blocks/s30_e2_b15.json,validation/adversarial_overnight/stage6_noise/blocks/s30_e2_b15.json,19592,56937e5770ad1b9e5322b212a536adde46b4199c5c8df1501eb012ee140e12bc,False,
numerical_validation/adversarial_overnight/stage6_noise/blocks/s30_e2_b16.json,validation/adversarial_overnight/stage6_noise/blocks/s30_e2_b16.json,19572,a7ac20805f9850cd085ec0528bed4d0707017ab3a5bb723a5ce49eab12078faf,False,
numerical_validation/adversarial_overnight/stage6_noise/blocks/s30_e2_b17.json,validation/adversarial_overnight/stage6_noise/blocks/s30_e2_b17.json,19598,cb43ce2c252e4c1829808cff6d051316d90180161013f02165bba245a4b8ead7,False,
numerical_validation/adversarial_overnight/stage6_noise/blocks/s30_e2_b18.json,validation/adversarial_overnight/stage6_noise/blocks/s30_e2_b18.json,19579,8d647182407c4750f93f9ffb86996829c3e10561b828d15380c4bd44c0f24263,False,
numerical_validation/adversarial_overnight/stage6_noise/blocks/s30_e2_b19.json,validation/adversarial_overnight/stage6_noise/blocks/s30_e2_b19.json,19576,4a803c2093ea8a3a5ef2f93eeae7cab423dc820ee30b9572cf4407de90983b3d,False,
numerical_validation/adversarial_overnight/stage6_noise/blocks/s30_e2_b2.json,validation/adversarial_overnight/stage6_noise/blocks/s30_e2_b2.json,19538,74c255ad95ef6db62ef416238eb00c34a560694d39476b7e79acd3e888462604,False,
numerical_validation/adversarial_overnight/stage6_noise/blocks/s30_e2_b3.json,validation/adversarial_overnight/stage6_noise/blocks/s30_e2_b3.json,19530,d910fbcf46822547a1536662450a05e342eb61bc7f15d6b1b2ee8d1238a73038,False,
numerical_validation/adversarial_overnight/stage6_noise/blocks/s30_e2_b4.json,validation/adversarial_overnight/stage6_noise/blocks/s30_e2_b4.json,19520,3694ede9d94c39105188d097c7d10920db88ded9c95fccf8a0d321e53bb44c5c,False,
numerical_validation/adversarial_overnight/stage6_noise/blocks/s30_e2_b5.json,validation/adversarial_overnight/stage6_noise/blocks/s30_e2_b5.json,19524,a57bfdce8a0699f003aae6e30f3727f309c291e53a4ad6c4716b0c77d3b3e621,False,
numerical_validation/adversarial_overnight/stage6_noise/blocks/s30_e2_b6.json,validation/adversarial_overnight/stage6_noise/blocks/s30_e2_b6.json,19532,f7634ba107ca1bcdb3ddf5cffc367a8fbbfce0ea1861feb18f5b119c47e205c9,False,
numerical_validation/adversarial_overnight/stage6_noise/blocks/s30_e2_b7.json,validation/adversarial_overnight/stage6_noise/blocks/s30_e2_b7.json,19531,411a8fd22f14a3d75e83deaa4a0489afbd1203073f3f0373a2a1f538e4eaeedd,False,
numerical_validation/adversarial_overnight/stage6_noise/blocks/s30_e2_b8.json,validation/adversarial_overnight/stage6_noise/blocks/s30_e2_b8.json,19533,20e57bd73d7515f1794a0cd56490b524ad54d304984bcb6cb5c251e727e27824,False,
numerical_validation/adversarial_overnight/stage6_noise/blocks/s30_e2_b9.json,validation/adversarial_overnight/stage6_noise/blocks/s30_e2_b9.json,19542,cee4d6b489b90c69767a7edf589e1cd57b69cba7eecfd0475910675919207a14,False,
numerical_validation/adversarial_overnight/stage6_noise/blocks/s30_e3_b0.json,validation/adversarial_overnight/stage6_noise/blocks/s30_e3_b0.json,19578,6ae2e9f2b09d2ec6f46b15c1fdc57a38eb1c91682863cf4726054ca2cae440ff,False,
numerical_validation/adversarial_overnight/stage6_noise/blocks/s30_e3_b1.json,validation/adversarial_overnight/stage6_noise/blocks/s30_e3_b1.json,19567,cb53440497ff8964c82f24ab856249cd48c9f965c14502f82ffef3143ba19b27,False,
numerical_validation/adversarial_overnight/stage6_noise/blocks/s30_e3_b10.json,validation/adversarial_overnight/stage6_noise/blocks/s30_e3_b10.json,19664,81e02a0e838a8c7dbcd7b37d3d88d7554b2470fc63931d8f234bfc129184c8e7,False,
numerical_validation/adversarial_overnight/stage6_noise/blocks/s30_e3_b11.json,validation/adversarial_overnight/stage6_noise/blocks/s30_e3_b11.json,19682,ed8755089ab38d585a9b526881e9bf611b8eb5f05f48cdbd43415dfdda0d7909,False,
numerical_validation/adversarial_overnight/stage6_noise/blocks/s30_e3_b12.json,validation/adversarial_overnight/stage6_noise/blocks/s30_e3_b12.json,19660,4997b18e326c68003aa7b8ab1637594a01d18affa70186470d66c4ec183ca910,False,
numerical_validation/adversarial_overnight/stage6_noise/blocks/s30_e3_b13.json,validation/adversarial_overnight/stage6_noise/blocks/s30_e3_b13.json,19666,0d23a7db40936011bbdaa771ca66c39a6dd2be2619b515b9001b6f9e9b3e75f6,False,
numerical_validation/adversarial_overnight/stage6_noise/blocks/s30_e3_b14.json,validation/adversarial_overnight/stage6_noise/blocks/s30_e3_b14.json,19669,c478b4975f43aed610161834caf912d61981693889b0d7b20c8aa86cf58fca2f,False,
numerical_validation/adversarial_overnight/stage6_noise/blocks/s30_e3_b15.json,validation/adversarial_overnight/stage6_noise/blocks/s30_e3_b15.json,19670,6a4e5574f72928ee6baff1f54f61d4c7745bcc8835291c717b2c9faaeb1ad2b5,False,
numerical_validation/adversarial_overnight/stage6_noise/blocks/s30_e3_b16.json,validation/adversarial_overnight/stage6_noise/blocks/s30_e3_b16.json,19674,1f8ac8900ef2820f9f2f887ed38547485e60158c0b747e4d359eddd22696c5b4,False,
numerical_validation/adversarial_overnight/stage6_noise/blocks/s30_e3_b17.json,validation/adversarial_overnight/stage6_noise/blocks/s30_e3_b17.json,19679,0d914b2cc8fde6dc98954e56af9ba61678f265a678f3343c1e0ff13848fcd54c,False,
numerical_validation/adversarial_overnight/stage6_noise/blocks/s30_e3_b18.json,validation/adversarial_overnight/stage6_noise/blocks/s30_e3_b18.json,19704,671d0588938d3895d8734e583a8f39b9cfb5cbc5e91e23c886ed0fefc73efeba,False,
numerical_validation/adversarial_overnight/stage6_noise/blocks/s30_e3_b19.json,validation/adversarial_overnight/stage6_noise/blocks/s30_e3_b19.json,19686,02b8c77109f565e458805cb65f53675a8ae43fd3ba426f3e71d70f692265060f,False,
numerical_validation/adversarial_overnight/stage6_noise/blocks/s30_e3_b2.json,validation/adversarial_overnight/stage6_noise/blocks/s30_e3_b2.json,19629,462691e1b95852cff27c9fe8d071df7bcdc46a42060aa0d19d8f0df6136e412b,False,
numerical_validation/adversarial_overnight/stage6_noise/blocks/s30_e3_b3.json,validation/adversarial_overnight/stage6_noise/blocks/s30_e3_b3.json,19649,d479df5b4d0c827fa0cb1c62bd2cb014468f192cea801ce8034c541ebc6085e2,False,
numerical_validation/adversarial_overnight/stage6_noise/blocks/s30_e3_b4.json,validation/adversarial_overnight/stage6_noise/blocks/s30_e3_b4.json,19624,1e7f58a4ef432720afda55ae863669feceb1c810650a76a8ec2adf3b7ab37c09,False,
numerical_validation/adversarial_overnight/stage6_noise/blocks/s30_e3_b5.json,validation/adversarial_overnight/stage6_noise/blocks/s30_e3_b5.json,19637,665ee8a17b3d9e6fc775466e4e76d82c9e09628015b9a8f13297351162755fe1,False,
numerical_validation/adversarial_overnight/stage6_noise/blocks/s30_e3_b6.json,validation/adversarial_overnight/stage6_noise/blocks/s30_e3_b6.json,19635,b92d3b65058528ad0ae97c12f0007e5ad81099d2d5d1e1cca26725a114a19deb,False,
numerical_validation/adversarial_overnight/stage6_noise/blocks/s30_e3_b7.json,validation/adversarial_overnight/stage6_noise/blocks/s30_e3_b7.json,19630,7b7ad75f7ec220e831db97d963967f6b2be5bf885b0da0e1c89fd4195cb9c2ff,False,
numerical_validation/adversarial_overnight/stage6_noise/blocks/s30_e3_b8.json,validation/adversarial_overnight/stage6_noise/blocks/s30_e3_b8.json,19646,7e31be316f3755b46d5acf39a55064cd7e9f6b42025bdbdd5429e2d577b04ac5,False,
numerical_validation/adversarial_overnight/stage6_noise/blocks/s30_e3_b9.json,validation/adversarial_overnight/stage6_noise/blocks/s30_e3_b9.json,19630,3a3f8850c70bc60be9793bf67ae4a94644ecc145980883c8dbd3d8a9a9cb0ad0,False,
numerical_validation/adversarial_overnight/stage6_noise/blocks/s30_e4_b0.json,validation/adversarial_overnight/stage6_noise/blocks/s30_e4_b0.json,19528,28c72e570c2e0aed0ed4d40d87b8e2d8d923aa2be18c3cf9647a690b38a95c3b,False,
numerical_validation/adversarial_overnight/stage6_noise/blocks/s30_e4_b1.json,validation/adversarial_overnight/stage6_noise/blocks/s30_e4_b1.json,19550,68884e08d13bf40c7d2a8fd38d0a5a772500d4d7d9405b6329df4e4c0e347da6,False,
numerical_validation/adversarial_overnight/stage6_noise/blocks/s30_e4_b10.json,validation/adversarial_overnight/stage6_noise/blocks/s30_e4_b10.json,19650,a3e8a724d4381815c22b7d8080c3cac3094e7db39f4f703c0be7af4b79494327,False,
numerical_validation/adversarial_overnight/stage6_noise/blocks/s30_e4_b11.json,validation/adversarial_overnight/stage6_noise/blocks/s30_e4_b11.json,19620,f007774360aca774771cad6517bce1a1d50f7c41b082cc28ef6914be93df1937,False,
numerical_validation/adversarial_overnight/stage6_noise/blocks/s30_e4_b12.json,validation/adversarial_overnight/stage6_noise/blocks/s30_e4_b12.json,19646,dd03a41711de1bec8b657fa2e7a56c6d150ee7dde1766c1b19f9df6a69a63b78,False,
numerical_validation/adversarial_overnight/stage6_noise/blocks/s30_e4_b13.json,validation/adversarial_overnight/stage6_noise/blocks/s30_e4_b13.json,19632,356340a027c521d33fbb6bef6e35adf33bdc952c6dbec2d1d01ddd397f01cc95,False,
numerical_validation/adversarial_overnight/stage6_noise/blocks/s30_e4_b14.json,validation/adversarial_overnight/stage6_noise/blocks/s30_e4_b14.json,19655,bc5d3b1af6ef68677b26ebb6c1b547bd39bf61eac8bb3d35b4d4ce954a126737,False,
numerical_validation/adversarial_overnight/stage6_noise/blocks/s30_e4_b15.json,validation/adversarial_overnight/stage6_noise/blocks/s30_e4_b15.json,19635,0bdfeb65c96dd4e913157e221102b6cfe2800c275fd6cf37fcdbf44a9239bc0d,False,
numerical_validation/adversarial_overnight/stage6_noise/blocks/s30_e4_b16.json,validation/adversarial_overnight/stage6_noise/blocks/s30_e4_b16.json,19629,ec2ebf937c5a9acd02b80b66344ca805e079205dcad1ff0fcf37e68c49a8c0e0,False,
numerical_validation/adversarial_overnight/stage6_noise/blocks/s30_e4_b17.json,validation/adversarial_overnight/stage6_noise/blocks/s30_e4_b17.json,19650,ad38abe9694f85b71044dbd3d8990af0e43f56544c9824a027fc714f00201033,False,
numerical_validation/adversarial_overnight/stage6_noise/blocks/s30_e4_b18.json,validation/adversarial_overnight/stage6_noise/blocks/s30_e4_b18.json,19649,a4c672032edeef6fbfe68cfebdb69303022b07897ca44c94a87147ca4f560180,False,
numerical_validation/adversarial_overnight/stage6_noise/blocks/s30_e4_b19.json,validation/adversarial_overnight/stage6_noise/blocks/s30_e4_b19.json,19634,a2ce11c5b2ef1f56da1815793e8a73b50963a315d695cfc55288de460851313d,False,
numerical_validation/adversarial_overnight/stage6_noise/blocks/s30_e4_b2.json,validation/adversarial_overnight/stage6_noise/blocks/s30_e4_b2.json,19604,00a05d7afbec9290ea5a3492a89f5a0d35ea33ef4e558fea66dd96f60c1089e3,False,
numerical_validation/adversarial_overnight/stage6_noise/blocks/s30_e4_b3.json,validation/adversarial_overnight/stage6_noise/blocks/s30_e4_b3.json,19574,c846af55215ffdfb7439d36901e46c9240d25022c4f25d2ebbe3d02ed410d19b,False,
numerical_validation/adversarial_overnight/stage6_noise/blocks/s30_e4_b4.json,validation/adversarial_overnight/stage6_noise/blocks/s30_e4_b4.json,19590,7818a1e26f79773825080c4a3cf14ab6638f06f479f0ca98fc028dc7a13f12a3,False,
numerical_validation/adversarial_overnight/stage6_noise/blocks/s30_e4_b5.json,validation/adversarial_overnight/stage6_noise/blocks/s30_e4_b5.json,19595,65f2303768004cb9fd5d5dbd0a6dfac406f1ac4c405b440a57523d1ca51d1491,False,
numerical_validation/adversarial_overnight/stage6_noise/blocks/s30_e4_b6.json,validation/adversarial_overnight/stage6_noise/blocks/s30_e4_b6.json,19606,03b7beb64f4439a43a0e02ebf4d028ec91600766e179071604265b41847fe1fa,False,
numerical_validation/adversarial_overnight/stage6_noise/blocks/s30_e4_b7.json,validation/adversarial_overnight/stage6_noise/blocks/s30_e4_b7.json,19601,69253939e068d75c204a489e947ba3c918cefae96eeaa6bd171ffd83a190b4c3,False,
numerical_validation/adversarial_overnight/stage6_noise/blocks/s30_e4_b8.json,validation/adversarial_overnight/stage6_noise/blocks/s30_e4_b8.json,19585,0dada65a97966e499334d0896c758184983b87e8b7e98d8fbd50b16a0ba6c9db,False,
numerical_validation/adversarial_overnight/stage6_noise/blocks/s30_e4_b9.json,validation/adversarial_overnight/stage6_noise/blocks/s30_e4_b9.json,19585,74f72d385b5c2ac3516170e61d22ec2c6452b948d94224acd939a0e28d372285,False,
numerical_validation/adversarial_overnight/stage6_noise/blocks/s30_e5_b0.json,validation/adversarial_overnight/stage6_noise/blocks/s30_e5_b0.json,19576,f35869f03d63025fcc72117d653146105a5b75b9c323e8cec750f731b61352f6,False,
numerical_validation/adversarial_overnight/stage6_noise/blocks/s30_e5_b1.json,validation/adversarial_overnight/stage6_noise/blocks/s30_e5_b1.json,19602,f633d5e99f6663842199f67a1be8d01a3a82be329145d103e20a1727da57883b,False,
numerical_validation/adversarial_overnight/stage6_noise/blocks/s30_e5_b10.json,validation/adversarial_overnight/stage6_noise/blocks/s30_e5_b10.json,19697,7375c5ccb20a00b9381ee98d7d03446c166583daec620ffe8a7e2abd2c1a201a,False,
numerical_validation/adversarial_overnight/stage6_noise/blocks/s30_e5_b11.json,validation/adversarial_overnight/stage6_noise/blocks/s30_e5_b11.json,19708,b8aae8f94dc9103a6fe987f1ba34bd055010a3a9063b0241f686f7bc29953b90,False,
numerical_validation/adversarial_overnight/stage6_noise/blocks/s30_e5_b12.json,validation/adversarial_overnight/stage6_noise/blocks/s30_e5_b12.json,19706,7301bdd22993918302c2c1936aa5b857835b941707e8db0bb747764141c9f419,False,
numerical_validation/adversarial_overnight/stage6_noise/blocks/s30_e5_b13.json,validation/adversarial_overnight/stage6_noise/blocks/s30_e5_b13.json,19708,508dcddeb6e1e90f6d11ad8cd71533134121178021e3796ed924e500b583cd55,False,
numerical_validation/adversarial_overnight/stage6_noise/blocks/s30_e5_b14.json,validation/adversarial_overnight/stage6_noise/blocks/s30_e5_b14.json,19697,22d97645e7cdbfe970ab886fb50415d8a5e4ddd61bc613de87c1349f51919783,False,
numerical_validation/adversarial_overnight/stage6_noise/blocks/s30_e5_b15.json,validation/adversarial_overnight/stage6_noise/blocks/s30_e5_b15.json,19718,65d10db01a51e05c1a211e558116aaa07cea3f0689f1623984e091e61084a685,False,
numerical_validation/adversarial_overnight/stage6_noise/blocks/s30_e5_b16.json,validation/adversarial_overnight/stage6_noise/blocks/s30_e5_b16.json,19703,fcc20d882f11b8f25a9eecc6ebaae66a1f988dbb925dd3578a1baa6e50c2e744,False,
numerical_validation/adversarial_overnight/stage6_noise/blocks/s30_e5_b17.json,validation/adversarial_overnight/stage6_noise/blocks/s30_e5_b17.json,19705,476ae628eff56cfc5e0474d5420515d2834e08ced67563fdfe1a5fc529527551,False,
numerical_validation/adversarial_overnight/stage6_noise/blocks/s30_e5_b18.json,validation/adversarial_overnight/stage6_noise/blocks/s30_e5_b18.json,19705,bf5303f84a59aa34586d8dbec795ee25f4bd18d5a2b3897657453d9393814b50,False,
numerical_validation/adversarial_overnight/stage6_noise/blocks/s30_e5_b19.json,validation/adversarial_overnight/stage6_noise/blocks/s30_e5_b19.json,19686,bfa8d784ab589cdc799d854c4791bd7a19e5f86c2cb26f7110fbf725af62bf8f,False,
numerical_validation/adversarial_overnight/stage6_noise/blocks/s30_e5_b2.json,validation/adversarial_overnight/stage6_noise/blocks/s30_e5_b2.json,19652,5eee5698005c7377411c902e59f07372e805ce5a24ccc06ee6590b4c59bc48b2,False,
numerical_validation/adversarial_overnight/stage6_noise/blocks/s30_e5_b3.json,validation/adversarial_overnight/stage6_noise/blocks/s30_e5_b3.json,19640,9c1c747712fcadb26fabaf35f7677c5f292064db251ded086ae93134d629ff02,False,
numerical_validation/adversarial_overnight/stage6_noise/blocks/s30_e5_b4.json,validation/adversarial_overnight/stage6_noise/blocks/s30_e5_b4.json,19635,7112280e01144dfb1ebe3942f7e76219d50fb0e715c67dea2a555c4d9aee52c0,False,
numerical_validation/adversarial_overnight/stage6_noise/blocks/s30_e5_b5.json,validation/adversarial_overnight/stage6_noise/blocks/s30_e5_b5.json,19657,84e0d3d61cbae8bbc3d741cc60305c8874d515bbd8545dd842080a5a65921f97,False,
numerical_validation/adversarial_overnight/stage6_noise/blocks/s30_e5_b6.json,validation/adversarial_overnight/stage6_noise/blocks/s30_e5_b6.json,19656,5f41488190e55667c523457cde9792cdee3218c3cb9c35c7e219b4d7dc68ff3a,False,
numerical_validation/adversarial_overnight/stage6_noise/blocks/s30_e5_b7.json,validation/adversarial_overnight/stage6_noise/blocks/s30_e5_b7.json,19631,d7dac40dda20f6f2f7d970a0f6370fde904eef261db73ca552b374e9d9f479d8,False,
numerical_validation/adversarial_overnight/stage6_noise/blocks/s30_e5_b8.json,validation/adversarial_overnight/stage6_noise/blocks/s30_e5_b8.json,19646,984d0105e631ad9a59d7a312a7796cfaa6d791241e6cebad9647ad005c3337b2,False,
numerical_validation/adversarial_overnight/stage6_noise/blocks/s30_e5_b9.json,validation/adversarial_overnight/stage6_noise/blocks/s30_e5_b9.json,19631,bf9c342f9fed7cc390747a80ce99cfda0d0628b5fe57002c69a216a47ac80bb9,False,
numerical_validation/adversarial_overnight/stage6_noise/blocks/s30_e6_b0.json,validation/adversarial_overnight/stage6_noise/blocks/s30_e6_b0.json,19444,92b381ca81e141456f6b879a37205601999b0a1df9fa4b77aff24742ccf1f2cb,False,
numerical_validation/adversarial_overnight/stage6_noise/blocks/s30_e6_b1.json,validation/adversarial_overnight/stage6_noise/blocks/s30_e6_b1.json,19462,4ed10508cc5bc8273c158383f48f6a4c9e5fd1a554e511719703309ca8608354,False,
numerical_validation/adversarial_overnight/stage6_noise/blocks/s30_e6_b10.json,validation/adversarial_overnight/stage6_noise/blocks/s30_e6_b10.json,19551,88745787ba9f5ed8bb2e56486814ebdfccd5e1ac70177d5039754feb13bdc8bc,False,
numerical_validation/adversarial_overnight/stage6_noise/blocks/s30_e6_b11.json,validation/adversarial_overnight/stage6_noise/blocks/s30_e6_b11.json,19568,2738f96338659b2eed7318888718805697440140d9277d52becc6ebf835ad852,False,
numerical_validation/adversarial_overnight/stage6_noise/blocks/s30_e6_b12.json,validation/adversarial_overnight/stage6_noise/blocks/s30_e6_b12.json,19566,89f8d122ecadfa42fec9c409e3c2047aea9d8e725e5989a28397c7783545a2ff,False,
numerical_validation/adversarial_overnight/stage6_noise/blocks/s30_e6_b13.json,validation/adversarial_overnight/stage6_noise/blocks/s30_e6_b13.json,19552,1617ab6561d514cb39a1422967e670799a21c3fbc141b032b963fe09b98716e0,False,
numerical_validation/adversarial_overnight/stage6_noise/blocks/s30_e6_b14.json,validation/adversarial_overnight/stage6_noise/blocks/s30_e6_b14.json,19576,795eca4adef6d402ad32d044e98670925f6f6adc28745959d635c3312442b1cf,False,
numerical_validation/adversarial_overnight/stage6_noise/blocks/s30_e6_b15.json,validation/adversarial_overnight/stage6_noise/blocks/s30_e6_b15.json,19536,c85c9207cfd25cb179a7b42ddffa2b995cf3a02dd89e99c51738a9956bccd4da,False,
numerical_validation/adversarial_overnight/stage6_noise/blocks/s30_e6_b16.json,validation/adversarial_overnight/stage6_noise/blocks/s30_e6_b16.json,19579,c9c9814c359ba1e9f65ae3e6ffd9e420dce4c0df381d97d7d75e85fc1f00b84d,False,
numerical_validation/adversarial_overnight/stage6_noise/blocks/s30_e6_b17.json,validation/adversarial_overnight/stage6_noise/blocks/s30_e6_b17.json,19586,81dc755729379925d8a773960d5a83238b843135ba2f1a662999ca1b9cfafa0c,False,
numerical_validation/adversarial_overnight/stage6_noise/blocks/s30_e6_b18.json,validation/adversarial_overnight/stage6_noise/blocks/s30_e6_b18.json,19566,537498f374ce0a728ae4602f832e6c001c65f546d12ba0373d11ae1c68ec814d,False,
numerical_validation/adversarial_overnight/stage6_noise/blocks/s30_e6_b19.json,validation/adversarial_overnight/stage6_noise/blocks/s30_e6_b19.json,19555,1eda3ca80a1dce0a66aba4d1f2f55f524c38c174eb224bde146870ce7129f075,False,
numerical_validation/adversarial_overnight/stage6_noise/blocks/s30_e6_b2.json,validation/adversarial_overnight/stage6_noise/blocks/s30_e6_b2.json,19519,8eebb6d1d679351ca853a7a158aa877d2e3c5409c9da4c92ab88f3d93be61e45,False,
numerical_validation/adversarial_overnight/stage6_noise/blocks/s30_e6_b3.json,validation/adversarial_overnight/stage6_noise/blocks/s30_e6_b3.json,19517,745248086ff42b34d64d6e1ddc4961776891c0e286b9626483a7f999adee774e,False,
numerical_validation/adversarial_overnight/stage6_noise/blocks/s30_e6_b4.json,validation/adversarial_overnight/stage6_noise/blocks/s30_e6_b4.json,19520,a6a779f8d6f456a35f47853e106605d3b29f4c0b94ef93dea0bf97e5a7d911dd,False,
numerical_validation/adversarial_overnight/stage6_noise/blocks/s30_e6_b5.json,validation/adversarial_overnight/stage6_noise/blocks/s30_e6_b5.json,19525,ede0a28941a3bd231f90416054941466273991719d31cf075630f9c4d41af5e4,False,
numerical_validation/adversarial_overnight/stage6_noise/blocks/s30_e6_b6.json,validation/adversarial_overnight/stage6_noise/blocks/s30_e6_b6.json,19509,a357d49e590686c2876da3edc6b7f0fa06cb4737c58a4e6a2a838eb4df413eae,False,
numerical_validation/adversarial_overnight/stage6_noise/blocks/s30_e6_b7.json,validation/adversarial_overnight/stage6_noise/blocks/s30_e6_b7.json,19510,98c78580fa5f87770b36dd91eafcb990fe6e0826e8d11f64e7e4e79949400676,False,
numerical_validation/adversarial_overnight/stage6_noise/blocks/s30_e6_b8.json,validation/adversarial_overnight/stage6_noise/blocks/s30_e6_b8.json,19500,4c87e3c14315b355357eb28126790ca9b3ca9003aea575aad4cf80bfe0ef9258,False,
numerical_validation/adversarial_overnight/stage6_noise/blocks/s30_e6_b9.json,validation/adversarial_overnight/stage6_noise/blocks/s30_e6_b9.json,19504,e8ee2482d395e178ca97261f32332617cb1548a43909436f93121870dada1549,False,
numerical_validation/adversarial_overnight/stage6_noise/blocks/s30_e7_b0.json,validation/adversarial_overnight/stage6_noise/blocks/s30_e7_b0.json,19571,a5395d30660146a589d1a7ad52e25238bcd7381e618ec793a73e96c98f05605c,False,
numerical_validation/adversarial_overnight/stage6_noise/blocks/s30_e7_b1.json,validation/adversarial_overnight/stage6_noise/blocks/s30_e7_b1.json,19569,452c1dada8866c0b887f93fd117ef654a528686e5068211e9efc42ef7ee96483,False,
numerical_validation/adversarial_overnight/stage6_noise/blocks/s30_e7_b10.json,validation/adversarial_overnight/stage6_noise/blocks/s30_e7_b10.json,19676,745d4093906f5ab24357f33212a146f13695269958d06e4d9f87bfe23ccc8fc2,False,
numerical_validation/adversarial_overnight/stage6_noise/blocks/s30_e7_b11.json,validation/adversarial_overnight/stage6_noise/blocks/s30_e7_b11.json,19686,5cbe8260930abed888dfe6e57868e48a4a172aeb6155a4db866f5cf88d1532c9,False,
numerical_validation/adversarial_overnight/stage6_noise/blocks/s30_e7_b12.json,validation/adversarial_overnight/stage6_noise/blocks/s30_e7_b12.json,19666,d41706938b42cb7dc630a3d96e78d201a227ef046a65b9519314eff3b7ccd108,False,
numerical_validation/adversarial_overnight/stage6_noise/blocks/s30_e7_b13.json,validation/adversarial_overnight/stage6_noise/blocks/s30_e7_b13.json,19674,f51d5da6d41ec751e4eef99cc117c44834376f1e28be7f5d4ac4a0ea24e498b2,False,
numerical_validation/adversarial_overnight/stage6_noise/blocks/s30_e7_b14.json,validation/adversarial_overnight/stage6_noise/blocks/s30_e7_b14.json,19690,43e6db45b15873a633c5d91095f1a1224ba9d074069ecf1c4b5a60bb36b3ec1c,False,
numerical_validation/adversarial_overnight/stage6_noise/blocks/s30_e7_b15.json,validation/adversarial_overnight/stage6_noise/blocks/s30_e7_b15.json,19678,2e93d8fde600ef0f786aa436bd69ed127e1541deb33882869e4e4bf196d87fd0,False,
numerical_validation/adversarial_overnight/stage6_noise/blocks/s30_e7_b16.json,validation/adversarial_overnight/stage6_noise/blocks/s30_e7_b16.json,19698,353098ec8b119ffbe988d9e87696158146e7e682005f25070c547556fd9b88f3,False,
numerical_validation/adversarial_overnight/stage6_noise/blocks/s30_e7_b17.json,validation/adversarial_overnight/stage6_noise/blocks/s30_e7_b17.json,19659,29ba886da65326e940afda150d8a3e3df823b1bcf70e6145608086e148ef921e,False,
numerical_validation/adversarial_overnight/stage6_noise/blocks/s30_e7_b18.json,validation/adversarial_overnight/stage6_noise/blocks/s30_e7_b18.json,19678,3236caa34a983770da6e44b8dbaaf398fe183e2136086b8fb4fef5cc8df18b53,False,
numerical_validation/adversarial_overnight/stage6_noise/blocks/s30_e7_b19.json,validation/adversarial_overnight/stage6_noise/blocks/s30_e7_b19.json,19663,d65ac86e96aaf7ea33b0af17bcd0c67d0b5399256e90090ada187e54279e1bc4,False,
numerical_validation/adversarial_overnight/stage6_noise/blocks/s30_e7_b2.json,validation/adversarial_overnight/stage6_noise/blocks/s30_e7_b2.json,19637,b5d11725fae91a1b04e27134f581953a1f9925bee04a6da8e000636d0be9903d,False,
numerical_validation/adversarial_overnight/stage6_noise/blocks/s30_e7_b3.json,validation/adversarial_overnight/stage6_noise/blocks/s30_e7_b3.json,19624,762fea148ed57e3e8947db3075421c6b9fd049f4d16731638841a2a399f082b6,False,
numerical_validation/adversarial_overnight/stage6_noise/blocks/s30_e7_b4.json,validation/adversarial_overnight/stage6_noise/blocks/s30_e7_b4.json,19626,dcfaa52860faacef1deec15d7feaf0681b06711da45e3ab704f452c7508832cd,False,
numerical_validation/adversarial_overnight/stage6_noise/blocks/s30_e7_b5.json,validation/adversarial_overnight/stage6_noise/blocks/s30_e7_b5.json,19626,19c779e0b31377ab92ee620ef0524cf54bcd6775c90f4cb79ceff63827da515c,False,
numerical_validation/adversarial_overnight/stage6_noise/blocks/s30_e7_b6.json,validation/adversarial_overnight/stage6_noise/blocks/s30_e7_b6.json,19651,59885be217d2210d6977473a11da812699da121e1d6da8f2a227f38fc5009522,False,
numerical_validation/adversarial_overnight/stage6_noise/blocks/s30_e7_b7.json,validation/adversarial_overnight/stage6_noise/blocks/s30_e7_b7.json,19614,0011babbaf70db55533be66bb7d137d4cfddfdfdcd5789a347b5336e8eaeed11,False,
numerical_validation/adversarial_overnight/stage6_noise/blocks/s30_e7_b8.json,validation/adversarial_overnight/stage6_noise/blocks/s30_e7_b8.json,19626,ee1ee1fc34e764a8a4d3d4a354c2e8d0131b37b92d7646b8dfe31328e0ef2449,False,
numerical_validation/adversarial_overnight/stage6_noise/blocks/s30_e7_b9.json,validation/adversarial_overnight/stage6_noise/blocks/s30_e7_b9.json,19633,53d0efa42a497f254e2c3511b405b4242d1259aac5f48ac28b297bf8571265fe,False,
numerical_validation/adversarial_overnight/stage6_noise/blocks/s30_e8_b0.json,validation/adversarial_overnight/stage6_noise/blocks/s30_e8_b0.json,19538,da12cb1a0509e70f1393c1df600a549c1d37ad1cc52b284e01e66c44956d1242,False,
numerical_validation/adversarial_overnight/stage6_noise/blocks/s30_e8_b1.json,validation/adversarial_overnight/stage6_noise/blocks/s30_e8_b1.json,19542,ea02d9718aca5577465d87fd06a27c24afcf5c7c780ec773bd8f10565446b3f8,False,
numerical_validation/adversarial_overnight/stage6_noise/blocks/s30_e8_b10.json,validation/adversarial_overnight/stage6_noise/blocks/s30_e8_b10.json,19626,17894ee14b87d5ad7cb71b20e19d1275b1cb96a3c249f26d39e0cff433f0dfc5,False,
numerical_validation/adversarial_overnight/stage6_noise/blocks/s30_e8_b11.json,validation/adversarial_overnight/stage6_noise/blocks/s30_e8_b11.json,19628,41c00aae905a42d796e7f7582617f58ba397556fbf3b76bafad7a3cbd443301d,False,
numerical_validation/adversarial_overnight/stage6_noise/blocks/s30_e8_b12.json,validation/adversarial_overnight/stage6_noise/blocks/s30_e8_b12.json,19623,7a0bb18eac799394438b29da4f468caa71004250f88c09a02aa7cd35035a9b4d,False,
numerical_validation/adversarial_overnight/stage6_noise/blocks/s30_e8_b13.json,validation/adversarial_overnight/stage6_noise/blocks/s30_e8_b13.json,19620,95f528c37c99f3ee74bc53d5066bf8444164d307f22fb5b3a8be208686841677,False,
numerical_validation/adversarial_overnight/stage6_noise/blocks/s30_e8_b14.json,validation/adversarial_overnight/stage6_noise/blocks/s30_e8_b14.json,19641,d3bdca4b11c0967116f67b0f980af7a93c6d4ac5cd51fab7281114078d39fb5d,False,
numerical_validation/adversarial_overnight/stage6_noise/blocks/s30_e8_b15.json,validation/adversarial_overnight/stage6_noise/blocks/s30_e8_b15.json,19654,432bf42bd7f3b10f90b998e478b296e456b4fdcb4ce8f3ed0a6d8b00f28bec93,False,
numerical_validation/adversarial_overnight/stage6_noise/blocks/s30_e8_b16.json,validation/adversarial_overnight/stage6_noise/blocks/s30_e8_b16.json,19648,e5a47dfb50a7d3b7455044c39a489f5abc7ddd2f7391c52846dacf7e22f28e68,False,
numerical_validation/adversarial_overnight/stage6_noise/blocks/s30_e8_b17.json,validation/adversarial_overnight/stage6_noise/blocks/s30_e8_b17.json,19634,7b218141fd46d2be846646f174af27e3ea1228788f1d1e641674e92104e586c8,False,
numerical_validation/adversarial_overnight/stage6_noise/blocks/s30_e8_b18.json,validation/adversarial_overnight/stage6_noise/blocks/s30_e8_b18.json,19639,2919f0ce8130eaa7f0dc3dd974c8966a25a1969f852d1cd174f514402a54397b,False,
numerical_validation/adversarial_overnight/stage6_noise/blocks/s30_e8_b19.json,validation/adversarial_overnight/stage6_noise/blocks/s30_e8_b19.json,19648,7efc9f12bcd17f601093bd2ab58e95be042cfe073b51937d8a80b71789447a0e,False,
numerical_validation/adversarial_overnight/stage6_noise/blocks/s30_e8_b2.json,validation/adversarial_overnight/stage6_noise/blocks/s30_e8_b2.json,19578,7ec0efe36b3f6778083cad22e1af64129d9d6d0d280a9e0c79f84035a36285f1,False,
numerical_validation/adversarial_overnight/stage6_noise/blocks/s30_e8_b3.json,validation/adversarial_overnight/stage6_noise/blocks/s30_e8_b3.json,19585,5b96422fa191f2d96ead13aad1cd6141bc709d64ed80774416d742e2942ba7a5,False,
numerical_validation/adversarial_overnight/stage6_noise/blocks/s30_e8_b4.json,validation/adversarial_overnight/stage6_noise/blocks/s30_e8_b4.json,19594,e25dd37cd79bf9fcfd36ec1d927922670df730e5e99c21782a9b68195f4c3fa5,False,
numerical_validation/adversarial_overnight/stage6_noise/blocks/s30_e8_b5.json,validation/adversarial_overnight/stage6_noise/blocks/s30_e8_b5.json,19601,a1b5f414e1fc2edb9a2abbe5965a6cf31596b0837d2ffe60d188ae7ad3fe0140,False,
numerical_validation/adversarial_overnight/stage6_noise/blocks/s30_e8_b6.json,validation/adversarial_overnight/stage6_noise/blocks/s30_e8_b6.json,19588,f53090899004ce84574fef6ec69552716179b388ff5bcdc98ff9ee8eb92c9497,False,
numerical_validation/adversarial_overnight/stage6_noise/blocks/s30_e8_b7.json,validation/adversarial_overnight/stage6_noise/blocks/s30_e8_b7.json,19580,9a22084bbc5248b10656d5aa69e6046b45a788967495bdd15d692bcbfdcc6b96,False,
numerical_validation/adversarial_overnight/stage6_noise/blocks/s30_e8_b8.json,validation/adversarial_overnight/stage6_noise/blocks/s30_e8_b8.json,19605,971899e5f91355a83846cf60bc2ee9acc40615bfb5c06b58ad954bee44e956b0,False,
numerical_validation/adversarial_overnight/stage6_noise/blocks/s30_e8_b9.json,validation/adversarial_overnight/stage6_noise/blocks/s30_e8_b9.json,19583,8cb9be1d68603339460453d3e23caadb8a4a6245b40b47735a174b62fbe4cdd2,False,
numerical_validation/adversarial_overnight/stage6_noise/blocks/s30_e9_b0.json,validation/adversarial_overnight/stage6_noise/blocks/s30_e9_b0.json,19579,4fcabdbe0b88906e625dba11c9f3443ad7b5a5753c396813022109700c2efe57,False,
numerical_validation/adversarial_overnight/stage6_noise/blocks/s30_e9_b1.json,validation/adversarial_overnight/stage6_noise/blocks/s30_e9_b1.json,19581,26452a02697511b7893164d03e280321c3116bfeaae6ceef4f35de1398e06307,False,
numerical_validation/adversarial_overnight/stage6_noise/blocks/s30_e9_b10.json,validation/adversarial_overnight/stage6_noise/blocks/s30_e9_b10.json,19686,0cf9b2fea647498fd65859792b9beb39a271967d215e01193c6dde6e77bd93ee,False,
numerical_validation/adversarial_overnight/stage6_noise/blocks/s30_e9_b11.json,validation/adversarial_overnight/stage6_noise/blocks/s30_e9_b11.json,19699,0763921732aeb454a50081868d8e5515465cc95bbd25b2a7936cafc31fb1290b,False,
numerical_validation/adversarial_overnight/stage6_noise/blocks/s30_e9_b12.json,validation/adversarial_overnight/stage6_noise/blocks/s30_e9_b12.json,19696,72ee2084b61f554c07a502055f407ac3cfd76b91da3751c6bfa1e6f4506d55c0,False,
numerical_validation/adversarial_overnight/stage6_noise/blocks/s30_e9_b13.json,validation/adversarial_overnight/stage6_noise/blocks/s30_e9_b13.json,19691,fcec91667dd9331ff63a3c0c7108c6ff084aba473cd4a03f7b14400545a505b6,False,
numerical_validation/adversarial_overnight/stage6_noise/blocks/s30_e9_b14.json,validation/adversarial_overnight/stage6_noise/blocks/s30_e9_b14.json,19693,417d4d08c8dc220591c60364208516a73de4478f344f7927286d793864abe107,False,
numerical_validation/adversarial_overnight/stage6_noise/blocks/s30_e9_b15.json,validation/adversarial_overnight/stage6_noise/blocks/s30_e9_b15.json,19700,ae532e53141c801de17d1a2230b2774f4174ab0c4b6df286eee7c03dfcc5dbe0,False,
numerical_validation/adversarial_overnight/stage6_noise/blocks/s30_e9_b16.json,validation/adversarial_overnight/stage6_noise/blocks/s30_e9_b16.json,19695,4a1a770bbe4b4514911ad46ad0d67a06654c977f26ae9b85499145d894cf579f,False,
numerical_validation/adversarial_overnight/stage6_noise/blocks/s30_e9_b17.json,validation/adversarial_overnight/stage6_noise/blocks/s30_e9_b17.json,19689,4e2cb3a26144b1682cdfadb70e439879015fe1ddabb1bec90856081c7c34189a,False,
numerical_validation/adversarial_overnight/stage6_noise/blocks/s30_e9_b18.json,validation/adversarial_overnight/stage6_noise/blocks/s30_e9_b18.json,19679,919d56ee85532422edd57e0c1f412a88fdcd9abc5f449b22b6227cdcd80b8210,False,
numerical_validation/adversarial_overnight/stage6_noise/blocks/s30_e9_b19.json,validation/adversarial_overnight/stage6_noise/blocks/s30_e9_b19.json,19702,e91c00ed479ef512f1d6fffed29ab1ba8f53e7f4cb0a864358163f3204b04a12,False,
numerical_validation/adversarial_overnight/stage6_noise/blocks/s30_e9_b2.json,validation/adversarial_overnight/stage6_noise/blocks/s30_e9_b2.json,19627,3f021b9175fccc2b2df7043b30d353256e16a0e3fb536a9fa67c6c011144e67d,False,
numerical_validation/adversarial_overnight/stage6_noise/blocks/s30_e9_b3.json,validation/adversarial_overnight/stage6_noise/blocks/s30_e9_b3.json,19653,ea98a7623e2af06718f2ceef352c79266c54f40d8d1170a29fd866cf0c6871e4,False,
numerical_validation/adversarial_overnight/stage6_noise/blocks/s30_e9_b4.json,validation/adversarial_overnight/stage6_noise/blocks/s30_e9_b4.json,19646,da40ee87e8ae40a5e31c3e388fcab249bf4cbc0bfa331f9413d72b98608c4e4b,False,
numerical_validation/adversarial_overnight/stage6_noise/blocks/s30_e9_b5.json,validation/adversarial_overnight/stage6_noise/blocks/s30_e9_b5.json,19631,c72b3bf0941b2f102041594ecb7f8ced6132fcd802d82f0e0515fb965093a7be,False,
numerical_validation/adversarial_overnight/stage6_noise/blocks/s30_e9_b6.json,validation/adversarial_overnight/stage6_noise/blocks/s30_e9_b6.json,19643,5277d1ebd93b69c3e1dfcdc3ff2ec05f3e75b97087fd17f639fb9948a16a08ef,False,
numerical_validation/adversarial_overnight/stage6_noise/blocks/s30_e9_b7.json,validation/adversarial_overnight/stage6_noise/blocks/s30_e9_b7.json,19645,8c53931154ebeea12dcd1793680e2eb0e3f2c7e8bdce2fe402f3eec1174c59bc,False,
numerical_validation/adversarial_overnight/stage6_noise/blocks/s30_e9_b8.json,validation/adversarial_overnight/stage6_noise/blocks/s30_e9_b8.json,19651,2a73522d2a10b9e176d764eb4c755a286124db11390c9968bfbaac75dd49a7cc,False,
numerical_validation/adversarial_overnight/stage6_noise/blocks/s30_e9_b9.json,validation/adversarial_overnight/stage6_noise/blocks/s30_e9_b9.json,19642,06cbef8f22048b081eb08d157a5c3c58ee271e82e194ccbdc3abf26d48236d17,False,
numerical_validation/adversarial_overnight/stage6_noise/blocks/s40_e0_b0.json,validation/adversarial_overnight/stage6_noise/blocks/s40_e0_b0.json,19493,873e73a611d4982e9276c2156d806bbc2f89cf758eae300a54553c052490488f,False,
numerical_validation/adversarial_overnight/stage6_noise/blocks/s40_e0_b1.json,validation/adversarial_overnight/stage6_noise/blocks/s40_e0_b1.json,19498,f2b209badd4f2a88935cb13a295eda4f1cddc02b27c71a227596e9978a1742e4,False,
numerical_validation/adversarial_overnight/stage6_noise/blocks/s40_e0_b10.json,validation/adversarial_overnight/stage6_noise/blocks/s40_e0_b10.json,19636,d737c4227b613151d1d9056d38a56b25a46d46e59c191850e79e40fd677fa1b9,False,
numerical_validation/adversarial_overnight/stage6_noise/blocks/s40_e0_b11.json,validation/adversarial_overnight/stage6_noise/blocks/s40_e0_b11.json,19613,20dabc08837275f8d9eb1d145cbf5bf4e9b120131565e3a357bcf89b11fea4c8,False,
numerical_validation/adversarial_overnight/stage6_noise/blocks/s40_e0_b12.json,validation/adversarial_overnight/stage6_noise/blocks/s40_e0_b12.json,19620,e01c72eab3977826feb23f39e7c03149a93b2c21337817d71db648fb24f28c67,False,
numerical_validation/adversarial_overnight/stage6_noise/blocks/s40_e0_b13.json,validation/adversarial_overnight/stage6_noise/blocks/s40_e0_b13.json,19600,e8218842ab015400695f91fb0adf7091ecaa27cbfed29d1d31b2924bc38e49e4,False,
numerical_validation/adversarial_overnight/stage6_noise/blocks/s40_e0_b14.json,validation/adversarial_overnight/stage6_noise/blocks/s40_e0_b14.json,19608,c292118027d32818bc0202755600a0655a9c445bf45503132c31bd068edacbd7,False,
numerical_validation/adversarial_overnight/stage6_noise/blocks/s40_e0_b15.json,validation/adversarial_overnight/stage6_noise/blocks/s40_e0_b15.json,19616,ca9a7eb8280ba669941686b520f36d088859b5ea2b79a2468dc1efa34400d97a,False,
numerical_validation/adversarial_overnight/stage6_noise/blocks/s40_e0_b16.json,validation/adversarial_overnight/stage6_noise/blocks/s40_e0_b16.json,19618,4ae461e123518ae3c25b838c139ef1b3ecb3c6a338a949eb0b1dbe6337c1034a,False,
numerical_validation/adversarial_overnight/stage6_noise/blocks/s40_e0_b17.json,validation/adversarial_overnight/stage6_noise/blocks/s40_e0_b17.json,19608,a93312875436a9b69cc7983c84243605b2cd70de2aa18caebc88d905e3404d5b,False,
numerical_validation/adversarial_overnight/stage6_noise/blocks/s40_e0_b18.json,validation/adversarial_overnight/stage6_noise/blocks/s40_e0_b18.json,19610,549a43f376e59273601274cbbab344f17270c124ff3558d734ff928565fe3c9f,False,
numerical_validation/adversarial_overnight/stage6_noise/blocks/s40_e0_b19.json,validation/adversarial_overnight/stage6_noise/blocks/s40_e0_b19.json,19599,5ec26aed72c7306265de6057b1b968cb62936603174f180706138adc2576094f,False,
numerical_validation/adversarial_overnight/stage6_noise/blocks/s40_e0_b2.json,validation/adversarial_overnight/stage6_noise/blocks/s40_e0_b2.json,19555,349b4a249713bdafc4e691d406530e63c9ee5d0a7ac1f9c04b03db5bf0421934,False,
numerical_validation/adversarial_overnight/stage6_noise/blocks/s40_e0_b3.json,validation/adversarial_overnight/stage6_noise/blocks/s40_e0_b3.json,19565,8bd6742b61649fe12f2a1dd03bdb00dd86dc151104af65c52398032b69c63f65,False,
numerical_validation/adversarial_overnight/stage6_noise/blocks/s40_e0_b4.json,validation/adversarial_overnight/stage6_noise/blocks/s40_e0_b4.json,19574,006286dc49e572fd5da202e1a60617a80a9df5876385a7739568cd21480705b9,False,
numerical_validation/adversarial_overnight/stage6_noise/blocks/s40_e0_b5.json,validation/adversarial_overnight/stage6_noise/blocks/s40_e0_b5.json,19560,5d5acff9e8d964a756a7f0ce59628ed4ffa37147d7e83bea214d0e0bd58aed82,False,
numerical_validation/adversarial_overnight/stage6_noise/blocks/s40_e0_b6.json,validation/adversarial_overnight/stage6_noise/blocks/s40_e0_b6.json,19559,67fd8a2948f17e7d6fb07c066e399b62bd53d7e78f0a743b243af06ea5790f23,False,
numerical_validation/adversarial_overnight/stage6_noise/blocks/s40_e0_b7.json,validation/adversarial_overnight/stage6_noise/blocks/s40_e0_b7.json,19575,d53ea4db31298b0c43dda86a323e6750e4bba554bd1a7300ee5336aeaea4f5c5,False,
numerical_validation/adversarial_overnight/stage6_noise/blocks/s40_e0_b8.json,validation/adversarial_overnight/stage6_noise/blocks/s40_e0_b8.json,19561,7f3fb56956799b783a2f6a88cb6a92464897ba0449ffe8b88fdb52b5ec4084f1,False,
numerical_validation/adversarial_overnight/stage6_noise/blocks/s40_e0_b9.json,validation/adversarial_overnight/stage6_noise/blocks/s40_e0_b9.json,19563,ac105fd3d534a58384e0658a194e398a11ba4e8f191b633d58873341c9b49c6a,False,
numerical_validation/adversarial_overnight/stage6_noise/blocks/s40_e10_b0.json,validation/adversarial_overnight/stage6_noise/blocks/s40_e10_b0.json,19563,87987876636ddc74ccbfa8ae0bb0aa886e89fc4b4c098006fe635b24b5dadc98,False,
numerical_validation/adversarial_overnight/stage6_noise/blocks/s40_e10_b1.json,validation/adversarial_overnight/stage6_noise/blocks/s40_e10_b1.json,19575,369390b120875d26fff51099a65ce71aea94dba0fc5f50bf2532d3b6dfa74405,False,
numerical_validation/adversarial_overnight/stage6_noise/blocks/s40_e10_b10.json,validation/adversarial_overnight/stage6_noise/blocks/s40_e10_b10.json,19670,ecbec58b13effd8cb31c8fafe80cdfe947e3a0d9d4cb98b639099b9e21d7368c,False,
numerical_validation/adversarial_overnight/stage6_noise/blocks/s40_e10_b11.json,validation/adversarial_overnight/stage6_noise/blocks/s40_e10_b11.json,19671,06817abb7652e6c7e5b5f358e144f854ec2e1bbcc3d09abe7d1684f546de1ad8,False,
numerical_validation/adversarial_overnight/stage6_noise/blocks/s40_e10_b12.json,validation/adversarial_overnight/stage6_noise/blocks/s40_e10_b12.json,19688,827c581a4bf2c8236f9ff54e690eac39d172500e7de240d26d228e4bfe4745e3,False,
numerical_validation/adversarial_overnight/stage6_noise/blocks/s40_e10_b13.json,validation/adversarial_overnight/stage6_noise/blocks/s40_e10_b13.json,19673,114c35bde89981ab7b91b042e83bfaed5c768b8dbfaed152a746f8a59d13ac80,False,
numerical_validation/adversarial_overnight/stage6_noise/blocks/s40_e10_b14.json,validation/adversarial_overnight/stage6_noise/blocks/s40_e10_b14.json,19659,b1c3bf004443b71e8390c79d03d41b38c22dc927ea89b2f5532a6321c99ba946,False,
numerical_validation/adversarial_overnight/stage6_noise/blocks/s40_e10_b15.json,validation/adversarial_overnight/stage6_noise/blocks/s40_e10_b15.json,19673,04cce74b5fa325d44cd23d42212c481354f12718df484551a38fa286d7f345aa,False,
numerical_validation/adversarial_overnight/stage6_noise/blocks/s40_e10_b16.json,validation/adversarial_overnight/stage6_noise/blocks/s40_e10_b16.json,19671,059bfe3720869d2dad5608321a53dfc5640e0a1ee5915527a1ef03585b3077ab,False,
numerical_validation/adversarial_overnight/stage6_noise/blocks/s40_e10_b17.json,validation/adversarial_overnight/stage6_noise/blocks/s40_e10_b17.json,19648,b550796feaeec69de358e35ad71150fbd98af15fb91a425f5dea7db97ca81a58,False,
numerical_validation/adversarial_overnight/stage6_noise/blocks/s40_e10_b18.json,validation/adversarial_overnight/stage6_noise/blocks/s40_e10_b18.json,19687,e5b62ce4af7ef1470cde53ec03f7733e4a7e34626597f3267dca26ee68b7b41c,False,
numerical_validation/adversarial_overnight/stage6_noise/blocks/s40_e10_b19.json,validation/adversarial_overnight/stage6_noise/blocks/s40_e10_b19.json,19658,5a49a4abb49ec2b07d6725e2030866a205ecd9a87f34a66a2a8aea137a029cce,False,
numerical_validation/adversarial_overnight/stage6_noise/blocks/s40_e10_b2.json,validation/adversarial_overnight/stage6_noise/blocks/s40_e10_b2.json,19628,f57b725a2f2a6340f654ec8aaa5b53db8f0b3f7e34e53b9bcc8e0bc1c94fefdd,False,
numerical_validation/adversarial_overnight/stage6_noise/blocks/s40_e10_b3.json,validation/adversarial_overnight/stage6_noise/blocks/s40_e10_b3.json,19612,3f61485d1289c74455f2c9c7cc58c1e9d565fefc5ea9f96b25d5f42ff3eec1e2,False,
numerical_validation/adversarial_overnight/stage6_noise/blocks/s40_e10_b4.json,validation/adversarial_overnight/stage6_noise/blocks/s40_e10_b4.json,19638,72c057e830f082dab759d4a547bea6d0f180b0e195f537826d0540e01bb287dd,False,
numerical_validation/adversarial_overnight/stage6_noise/blocks/s40_e10_b5.json,validation/adversarial_overnight/stage6_noise/blocks/s40_e10_b5.json,19630,bb19403c9ede2406fdb12e3347afe0de13363c6d995f0ac98f5c0f995c93e83a,False,
numerical_validation/adversarial_overnight/stage6_noise/blocks/s40_e10_b6.json,validation/adversarial_overnight/stage6_noise/blocks/s40_e10_b6.json,19628,9dc782c2ea1711fdb64838d1752a581c6c4bbb384f81601825ebedc43d400c8f,False,
numerical_validation/adversarial_overnight/stage6_noise/blocks/s40_e10_b7.json,validation/adversarial_overnight/stage6_noise/blocks/s40_e10_b7.json,19620,46b509a2727c669db8f955decba4441bb271a68689174a7f505c46ad926eb1ab,False,
numerical_validation/adversarial_overnight/stage6_noise/blocks/s40_e10_b8.json,validation/adversarial_overnight/stage6_noise/blocks/s40_e10_b8.json,19625,c6873879f674c8ea86f9fee697f77a9597de24609c9a1829495fa709e3cffab6,False,
numerical_validation/adversarial_overnight/stage6_noise/blocks/s40_e10_b9.json,validation/adversarial_overnight/stage6_noise/blocks/s40_e10_b9.json,19617,04ac4e9c3a3f1774c1b460091ecbc779379dfbb67c156e9c19958ea499b4eb66,False,
numerical_validation/adversarial_overnight/stage6_noise/blocks/s40_e11_b0.json,validation/adversarial_overnight/stage6_noise/blocks/s40_e11_b0.json,19611,5a3004f86ebd3e417d557a1400630fcada98e3380ee605864102e91ea95fbc7a,False,
numerical_validation/adversarial_overnight/stage6_noise/blocks/s40_e11_b1.json,validation/adversarial_overnight/stage6_noise/blocks/s40_e11_b1.json,19638,dca5f074b59856bca3572d658f4e244fc10f02bd5f5e1848bafc3fd47f251b6e,False,
numerical_validation/adversarial_overnight/stage6_noise/blocks/s40_e11_b10.json,validation/adversarial_overnight/stage6_noise/blocks/s40_e11_b10.json,19718,edd7968747ba907753111bcf4fc062f87db227726de2b28621cb112a4c675326,False,
numerical_validation/adversarial_overnight/stage6_noise/blocks/s40_e11_b11.json,validation/adversarial_overnight/stage6_noise/blocks/s40_e11_b11.json,19709,743ad4d42f4f9a2fc07e861b3b0eae7dd916882616065ed332763211e7cc8c73,False,
numerical_validation/adversarial_overnight/stage6_noise/blocks/s40_e11_b12.json,validation/adversarial_overnight/stage6_noise/blocks/s40_e11_b12.json,19742,41b707320a204b8e91eab557b55627481abeecebfe368fa89ae85a4bc89f9727,False,
numerical_validation/adversarial_overnight/stage6_noise/blocks/s40_e11_b13.json,validation/adversarial_overnight/stage6_noise/blocks/s40_e11_b13.json,19719,f2b983c0bca744875be271401c5509493bbba4acb30f256f74a83f883ea85b14,False,
numerical_validation/adversarial_overnight/stage6_noise/blocks/s40_e11_b14.json,validation/adversarial_overnight/stage6_noise/blocks/s40_e11_b14.json,19705,36b02a89a12baf43dd1f99eb9f0574d467c2c52d9817e6480978d9aef99bd6ac,False,
numerical_validation/adversarial_overnight/stage6_noise/blocks/s40_e11_b15.json,validation/adversarial_overnight/stage6_noise/blocks/s40_e11_b15.json,19718,5b03f8097358a962a80106fe04dbc5a139998e2763c473fceaa3b3b675d774c9,False,
numerical_validation/adversarial_overnight/stage6_noise/blocks/s40_e11_b16.json,validation/adversarial_overnight/stage6_noise/blocks/s40_e11_b16.json,19724,97b187cf89018b595d9b31918f8bfef7f414a2b60ab59f3f3271ee66e8a33453,False,
numerical_validation/adversarial_overnight/stage6_noise/blocks/s40_e11_b17.json,validation/adversarial_overnight/stage6_noise/blocks/s40_e11_b17.json,19728,e6a1a21ad62efeaa0bf9a5516cc8d0aa099a6a788362b3046857280e3294e800,False,
numerical_validation/adversarial_overnight/stage6_noise/blocks/s40_e11_b18.json,validation/adversarial_overnight/stage6_noise/blocks/s40_e11_b18.json,19720,3864e6c65b44244e53d3ad18ce743b9a2f5948f42c639e3ac5f8484aaf38313f,False,
numerical_validation/adversarial_overnight/stage6_noise/blocks/s40_e11_b19.json,validation/adversarial_overnight/stage6_noise/blocks/s40_e11_b19.json,19715,fe6a8e10488482362a4fdc1630cc27103880d3339396acf1278b4b56cd5529b2,False,
numerical_validation/adversarial_overnight/stage6_noise/blocks/s40_e11_b2.json,validation/adversarial_overnight/stage6_noise/blocks/s40_e11_b2.json,19668,6deb724db179b7f1063a03742973e384d645ba74a4f60f72f32535e28cc66695,False,
numerical_validation/adversarial_overnight/stage6_noise/blocks/s40_e11_b3.json,validation/adversarial_overnight/stage6_noise/blocks/s40_e11_b3.json,19672,79395bc09a675bc8e02b0333a41ba55b5dc61b26dc848b72fa5d1770f6cbfd2e,False,
numerical_validation/adversarial_overnight/stage6_noise/blocks/s40_e11_b4.json,validation/adversarial_overnight/stage6_noise/blocks/s40_e11_b4.json,19664,43250ebfa34268768595b3975b0a1bd4d229d8bfcbc273e6ba4ed68c13f9a40a,False,
numerical_validation/adversarial_overnight/stage6_noise/blocks/s40_e11_b5.json,validation/adversarial_overnight/stage6_noise/blocks/s40_e11_b5.json,19661,a3e994b7a68a12433350114e9cdfc94599a6fd9e3d684cf1d60f75c79b932504,False,
numerical_validation/adversarial_overnight/stage6_noise/blocks/s40_e11_b6.json,validation/adversarial_overnight/stage6_noise/blocks/s40_e11_b6.json,19672,5455427b0040870124f38eae8c0254a5e2590268459b29fa86dcf26cf32d4272,False,
numerical_validation/adversarial_overnight/stage6_noise/blocks/s40_e11_b7.json,validation/adversarial_overnight/stage6_noise/blocks/s40_e11_b7.json,19666,cfb5fc2b408daf0b6869a45d2f51d2fe3c9972d837e4587c9d29578277603bd1,False,
numerical_validation/adversarial_overnight/stage6_noise/blocks/s40_e11_b8.json,validation/adversarial_overnight/stage6_noise/blocks/s40_e11_b8.json,19669,137a1c273bd90dff89c940d0a4e5ba2edcd2f81c1836049554634e79c1baa59f,False,
numerical_validation/adversarial_overnight/stage6_noise/blocks/s40_e11_b9.json,validation/adversarial_overnight/stage6_noise/blocks/s40_e11_b9.json,19666,3901fe9dc3db0a776510e3d8fbce98d74c3ba61574506c3f440a9bc6ad2f7d16,False,
numerical_validation/adversarial_overnight/stage6_noise/blocks/s40_e12_b0.json,validation/adversarial_overnight/stage6_noise/blocks/s40_e12_b0.json,19558,8a4053f0c40f1a486402e1d83ada7f3b383aabe3c7c6920997e59c36adc51a24,False,
numerical_validation/adversarial_overnight/stage6_noise/blocks/s40_e12_b1.json,validation/adversarial_overnight/stage6_noise/blocks/s40_e12_b1.json,19554,075613618264972117cf3d3b597ebaece345b288fa69d4c87720b86b846e2915,False,
numerical_validation/adversarial_overnight/stage6_noise/blocks/s40_e12_b10.json,validation/adversarial_overnight/stage6_noise/blocks/s40_e12_b10.json,19662,4093a7268acf6d27ce72e91db1be0111ace17c60d087f10ceb298d72c087193b,False,
numerical_validation/adversarial_overnight/stage6_noise/blocks/s40_e12_b11.json,validation/adversarial_overnight/stage6_noise/blocks/s40_e12_b11.json,19682,a67ad723ced78cdc6ab652db2dbf22137414affa8e1572c141cd39ee0f85bc56,False,
numerical_validation/adversarial_overnight/stage6_noise/blocks/s40_e12_b12.json,validation/adversarial_overnight/stage6_noise/blocks/s40_e12_b12.json,19656,bf1e920a632d1828efd474f2010f36aaf51eb003bbdfdf741cf1500eeb1d2723,False,
numerical_validation/adversarial_overnight/stage6_noise/blocks/s40_e12_b13.json,validation/adversarial_overnight/stage6_noise/blocks/s40_e12_b13.json,19669,2434107e16d6a494031caf030387d6523ba9f4194d0b0bd17bdc935d8fcd340c,False,
numerical_validation/adversarial_overnight/stage6_noise/blocks/s40_e12_b14.json,validation/adversarial_overnight/stage6_noise/blocks/s40_e12_b14.json,19657,2dccf8042b61373dd444c4b68caf0ea625151a436fd4d8cd9e21b0c5949dfd98,False,
numerical_validation/adversarial_overnight/stage6_noise/blocks/s40_e12_b15.json,validation/adversarial_overnight/stage6_noise/blocks/s40_e12_b15.json,19658,759424455cbbd9cdc302c34ab1101215c7e2059d55307fa21c39322715ac1e56,False,
numerical_validation/adversarial_overnight/stage6_noise/blocks/s40_e12_b16.json,validation/adversarial_overnight/stage6_noise/blocks/s40_e12_b16.json,19660,df4df289295ca4b18ce35a75c8123fa9426a67b4ed0c05017441b33299f09722,False,
numerical_validation/adversarial_overnight/stage6_noise/blocks/s40_e12_b17.json,validation/adversarial_overnight/stage6_noise/blocks/s40_e12_b17.json,19686,f9ecf4a3b87d60d4d1a6490d1c8cd5c0ed80cb7fbd5bc1476b4a15a361593f20,False,
numerical_validation/adversarial_overnight/stage6_noise/blocks/s40_e12_b18.json,validation/adversarial_overnight/stage6_noise/blocks/s40_e12_b18.json,19681,d6fc0c3582d7df6dce333a7e531e3e2b7976ad3b37a94100c755ed68547870c0,False,
numerical_validation/adversarial_overnight/stage6_noise/blocks/s40_e12_b19.json,validation/adversarial_overnight/stage6_noise/blocks/s40_e12_b19.json,19652,875a5798dd170c113ea1ae5d8c4a07d479f69b807f735b820f545725eeef90b6,False,
numerical_validation/adversarial_overnight/stage6_noise/blocks/s40_e12_b2.json,validation/adversarial_overnight/stage6_noise/blocks/s40_e12_b2.json,19631,9ca90de5bd443425b45a5839c9e361b2e143029b7ee334aba605becedd0da03b,False,
numerical_validation/adversarial_overnight/stage6_noise/blocks/s40_e12_b3.json,validation/adversarial_overnight/stage6_noise/blocks/s40_e12_b3.json,19604,86fb3940912302c671b69ddeac597d1cf858efee7a32b64ee9024d653c63009d,False,
numerical_validation/adversarial_overnight/stage6_noise/blocks/s40_e12_b4.json,validation/adversarial_overnight/stage6_noise/blocks/s40_e12_b4.json,19628,24b7feace9152d27a29c8e2f1cc3bfd881b738ba19037dd5190913ea13c5b7e5,False,
numerical_validation/adversarial_overnight/stage6_noise/blocks/s40_e12_b5.json,validation/adversarial_overnight/stage6_noise/blocks/s40_e12_b5.json,19612,ea1b3adfb980e3e4d3d4215e41ad043e08ef881a432ac88bfd2d14c0a0ecb947,False,
numerical_validation/adversarial_overnight/stage6_noise/blocks/s40_e12_b6.json,validation/adversarial_overnight/stage6_noise/blocks/s40_e12_b6.json,19619,53932bd495ba053a8f15cbd3ebbed5ac8e61d85cd4a2ba88fc350e1f8bd1c1a7,False,
numerical_validation/adversarial_overnight/stage6_noise/blocks/s40_e12_b7.json,validation/adversarial_overnight/stage6_noise/blocks/s40_e12_b7.json,19620,95ec15ed0d117890567fbb719ee73eb88815cf30b0af7beac1f8d94b24002913,False,
numerical_validation/adversarial_overnight/stage6_noise/blocks/s40_e12_b8.json,validation/adversarial_overnight/stage6_noise/blocks/s40_e12_b8.json,19621,6c612f87cde016af24109feb16c7c4c0cfc30186966d029c8fb67ada5f7c0772,False,
numerical_validation/adversarial_overnight/stage6_noise/blocks/s40_e12_b9.json,validation/adversarial_overnight/stage6_noise/blocks/s40_e12_b9.json,19608,08f463c356fc9f7d95a0181159ff28ec0d4e8c54dc947af9ebd7f53834e21628,False,
numerical_validation/adversarial_overnight/stage6_noise/blocks/s40_e1_b0.json,validation/adversarial_overnight/stage6_noise/blocks/s40_e1_b0.json,19547,bfc1c725295e9815f562ecd7758c2c01e6702371633797a95619362cb532f9ea,False,
numerical_validation/adversarial_overnight/stage6_noise/blocks/s40_e1_b1.json,validation/adversarial_overnight/stage6_noise/blocks/s40_e1_b1.json,19549,2a957f3b7ebb79c5762726d20d1516d210e183d6d583ae02c9c29e77a558401a,False,
numerical_validation/adversarial_overnight/stage6_noise/blocks/s40_e1_b10.json,validation/adversarial_overnight/stage6_noise/blocks/s40_e1_b10.json,19653,bad9d631f07128acb7251f83b4fc9cc9acccbf71dbb100eb6ef86a3f9d2b00fa,False,
numerical_validation/adversarial_overnight/stage6_noise/blocks/s40_e1_b11.json,validation/adversarial_overnight/stage6_noise/blocks/s40_e1_b11.json,19650,ea0c52be2a775780d76cd66aaa977500378d668a67fdbb48645172357be54b09,False,
numerical_validation/adversarial_overnight/stage6_noise/blocks/s40_e1_b12.json,validation/adversarial_overnight/stage6_noise/blocks/s40_e1_b12.json,19660,7bfce9e3f3c81ecac45b87d28fc0b7f93be9cb2d71a0da0eac0f2790c723a95b,False,
numerical_validation/adversarial_overnight/stage6_noise/blocks/s40_e1_b13.json,validation/adversarial_overnight/stage6_noise/blocks/s40_e1_b13.json,19665,7f46207ee46fa24742a94feaa8ebd364b0d639afce27cd0763bbd2f7179b6781,False,
numerical_validation/adversarial_overnight/stage6_noise/blocks/s40_e1_b14.json,validation/adversarial_overnight/stage6_noise/blocks/s40_e1_b14.json,19659,17ef1afe85e2199bae27d3ba0a4c71b7037fee2b795b42db25c7ae5d124111bd,False,
numerical_validation/adversarial_overnight/stage6_noise/blocks/s40_e1_b15.json,validation/adversarial_overnight/stage6_noise/blocks/s40_e1_b15.json,19653,c1d4b027b0081a5d07c8aff7e9c6cc83ddf44c8db645d85b955ea4782e247c28,False,
numerical_validation/adversarial_overnight/stage6_noise/blocks/s40_e1_b16.json,validation/adversarial_overnight/stage6_noise/blocks/s40_e1_b16.json,19648,70e487fe683ce7a403e6618d4c7b21ac433cb61a1bd232de5cd0619c64b99a75,False,
numerical_validation/adversarial_overnight/stage6_noise/blocks/s40_e1_b17.json,validation/adversarial_overnight/stage6_noise/blocks/s40_e1_b17.json,19657,97004a814c2c848beabb58c2937461b590af1f9522ca916b755dd25c79ac5fe9,False,
numerical_validation/adversarial_overnight/stage6_noise/blocks/s40_e1_b18.json,validation/adversarial_overnight/stage6_noise/blocks/s40_e1_b18.json,19663,5d97d02571f53fd9267c56d83857bfb6ae2149b89deb71fcbcdafb9d30ac38f3,False,
numerical_validation/adversarial_overnight/stage6_noise/blocks/s40_e1_b19.json,validation/adversarial_overnight/stage6_noise/blocks/s40_e1_b19.json,19652,8fd585f1c1ac6ab909e6cecd734e8591f89d29e4adc27712ac8a32733a1f3aad,False,
numerical_validation/adversarial_overnight/stage6_noise/blocks/s40_e1_b2.json,validation/adversarial_overnight/stage6_noise/blocks/s40_e1_b2.json,19618,d0b1a98ab887fde41b85adabe390cb2bd7528ae08832d5658cefb5726c6e5463,False,
numerical_validation/adversarial_overnight/stage6_noise/blocks/s40_e1_b3.json,validation/adversarial_overnight/stage6_noise/blocks/s40_e1_b3.json,19597,e2ad618009c2549992ed94b9ee814cf1b3898272141ab362a61fe35e60900ca5,False,
numerical_validation/adversarial_overnight/stage6_noise/blocks/s40_e1_b4.json,validation/adversarial_overnight/stage6_noise/blocks/s40_e1_b4.json,19580,415846f4bf4abb2c133038afa097e6edc0d875d05004f1ebfaaf0b20f88733dd,False,
numerical_validation/adversarial_overnight/stage6_noise/blocks/s40_e1_b5.json,validation/adversarial_overnight/stage6_noise/blocks/s40_e1_b5.json,19605,8bf034a83787f15e0d1f6381df870c302ac07d71cee8f3528809b55e466e7670,False,
numerical_validation/adversarial_overnight/stage6_noise/blocks/s40_e1_b6.json,validation/adversarial_overnight/stage6_noise/blocks/s40_e1_b6.json,19608,9311f17657e9ddd8af56e1a8437a66daf98380d1277d2f12991bd8cef38214d3,False,
numerical_validation/adversarial_overnight/stage6_noise/blocks/s40_e1_b7.json,validation/adversarial_overnight/stage6_noise/blocks/s40_e1_b7.json,19602,6aa11f89be1d1e2cdd96a1573fddcbf3aec138c0365e2467f2d1642472e9d265,False,
numerical_validation/adversarial_overnight/stage6_noise/blocks/s40_e1_b8.json,validation/adversarial_overnight/stage6_noise/blocks/s40_e1_b8.json,19596,6a798420f8105af3efd92d400e8bde2fdaf1a515bafcc83178f54a15904d6fa2,False,
numerical_validation/adversarial_overnight/stage6_noise/blocks/s40_e1_b9.json,validation/adversarial_overnight/stage6_noise/blocks/s40_e1_b9.json,19596,fb4d0fc3d1f7c9cb184925f9da2ba510e3251d595c2fd34fd032d9f8cfbaf6d4,False,
numerical_validation/adversarial_overnight/stage6_noise/blocks/s40_e2_b0.json,validation/adversarial_overnight/stage6_noise/blocks/s40_e2_b0.json,19503,3076b707d438bc4fa9c121ba7a34f5fecd2425251b2e356b6f6a6934b3752ab5,False,
numerical_validation/adversarial_overnight/stage6_noise/blocks/s40_e2_b1.json,validation/adversarial_overnight/stage6_noise/blocks/s40_e2_b1.json,19502,4badaae017e4bebd5695e63b3cf5757cb80e30960454b5cb5b49ce8759633ff3,False,
numerical_validation/adversarial_overnight/stage6_noise/blocks/s40_e2_b10.json,validation/adversarial_overnight/stage6_noise/blocks/s40_e2_b10.json,19616,f55c9795262a3cacc46c80fa07bde46904114c5122e6f58e7aa2528f9e3c683c,False,
numerical_validation/adversarial_overnight/stage6_noise/blocks/s40_e2_b11.json,validation/adversarial_overnight/stage6_noise/blocks/s40_e2_b11.json,19597,884841e4a0660f55df90b7694215926dbcc86dc275a1c0abccc56f9733d63e39,False,
numerical_validation/adversarial_overnight/stage6_noise/blocks/s40_e2_b12.json,validation/adversarial_overnight/stage6_noise/blocks/s40_e2_b12.json,19602,f6114dedf00087b56befcc0cf386cac601a4454d9c5c8763e03275447414f0c9,False,
numerical_validation/adversarial_overnight/stage6_noise/blocks/s40_e2_b13.json,validation/adversarial_overnight/stage6_noise/blocks/s40_e2_b13.json,19595,6083cab0a388aa23282564e1a3b00bab5e2f81d5d2a802bc51067a77b88fb68c,False,
numerical_validation/adversarial_overnight/stage6_noise/blocks/s40_e2_b14.json,validation/adversarial_overnight/stage6_noise/blocks/s40_e2_b14.json,19608,5eb405069087f8eb8b952977197cda9546e188d384f54e64ad81805b97537e8d,False,
numerical_validation/adversarial_overnight/stage6_noise/blocks/s40_e2_b15.json,validation/adversarial_overnight/stage6_noise/blocks/s40_e2_b15.json,19612,25568bbe7235f4a31a0c17f17035e028eae9afef85323a15baf8c213b84271c5,False,
numerical_validation/adversarial_overnight/stage6_noise/blocks/s40_e2_b16.json,validation/adversarial_overnight/stage6_noise/blocks/s40_e2_b16.json,19606,80d9e623439490289fb03737a3499a1ad0956d8cf97b76b96cd2e195d61874ad,False,
numerical_validation/adversarial_overnight/stage6_noise/blocks/s40_e2_b17.json,validation/adversarial_overnight/stage6_noise/blocks/s40_e2_b17.json,19589,64718f069417bfa9838aa4943955cfdaabbd379b6444e34d5c1b67a3f26ff392,False,
numerical_validation/adversarial_overnight/stage6_noise/blocks/s40_e2_b18.json,validation/adversarial_overnight/stage6_noise/blocks/s40_e2_b18.json,19600,e679e03d820adb5fc12036d983fe54b1549833d44e31297a8f741f365ccbb6ac,False,
numerical_validation/adversarial_overnight/stage6_noise/blocks/s40_e2_b19.json,validation/adversarial_overnight/stage6_noise/blocks/s40_e2_b19.json,19608,a3afc62bbc93c6369cff3973912ee9db410f3c00f758c3abbb200c1ee44746c1,False,
numerical_validation/adversarial_overnight/stage6_noise/blocks/s40_e2_b2.json,validation/adversarial_overnight/stage6_noise/blocks/s40_e2_b2.json,19537,a645a27e0c491e3f142c0450a22c180915300ebdf104c598abacd12faf9dc9dd,False,
numerical_validation/adversarial_overnight/stage6_noise/blocks/s40_e2_b3.json,validation/adversarial_overnight/stage6_noise/blocks/s40_e2_b3.json,19568,a0f516ad1f49ff3abdc05c515f494138a4b673f844eccbb7af8b8e3f0ffada6e,False,
numerical_validation/adversarial_overnight/stage6_noise/blocks/s40_e2_b4.json,validation/adversarial_overnight/stage6_noise/blocks/s40_e2_b4.json,19551,d2a463d2021db1b6ff076f2b342915395c52ef802fdf7776d6d0733cc2032874,False,
numerical_validation/adversarial_overnight/stage6_noise/blocks/s40_e2_b5.json,validation/adversarial_overnight/stage6_noise/blocks/s40_e2_b5.json,19549,0cbc15ad07952baf59bfe05eca28b557c4f869a573b3f23f7c033b3fb612de2b,False,
numerical_validation/adversarial_overnight/stage6_noise/blocks/s40_e2_b6.json,validation/adversarial_overnight/stage6_noise/blocks/s40_e2_b6.json,19558,2a794a752396833af0b77254a0798283ba0b42bc7bdf13d8f2f1cab747dd6f22,False,
numerical_validation/adversarial_overnight/stage6_noise/blocks/s40_e2_b7.json,validation/adversarial_overnight/stage6_noise/blocks/s40_e2_b7.json,19529,5389de62e1462bb8d1a3580d542822ce5cb0b1b30182607d9dbf6bf6cc26b62f,False,
numerical_validation/adversarial_overnight/stage6_noise/blocks/s40_e2_b8.json,validation/adversarial_overnight/stage6_noise/blocks/s40_e2_b8.json,19557,7c21532bb4d6d49f2804a40d143aabf9abbc824b76c1fd4bae709661654db1db,False,
numerical_validation/adversarial_overnight/stage6_noise/blocks/s40_e2_b9.json,validation/adversarial_overnight/stage6_noise/blocks/s40_e2_b9.json,19549,8ac1e4ff1b2766897cb6211829f50a096ddae21f2c2d2c9c213de9d4d2cf57fb,False,
numerical_validation/adversarial_overnight/stage6_noise/blocks/s40_e3_b0.json,validation/adversarial_overnight/stage6_noise/blocks/s40_e3_b0.json,19580,749ca9c01e249365ac913c67feb9a0c18460223fb49ebc42992c25bfeb0fd4c4,False,
numerical_validation/adversarial_overnight/stage6_noise/blocks/s40_e3_b1.json,validation/adversarial_overnight/stage6_noise/blocks/s40_e3_b1.json,19598,5107dd57668d06bf1c1ec548c4c3a484c63b20fe125979e327f7e38fa78b4b2a,False,
numerical_validation/adversarial_overnight/stage6_noise/blocks/s40_e3_b10.json,validation/adversarial_overnight/stage6_noise/blocks/s40_e3_b10.json,19707,3ed3755f02b6fe32e9809ec7e3abb0b69af1b06c612b236986875d9dc9fe53e8,False,
numerical_validation/adversarial_overnight/stage6_noise/blocks/s40_e3_b11.json,validation/adversarial_overnight/stage6_noise/blocks/s40_e3_b11.json,19710,b9079e7cfa224f644b09d536ec7817733c85b11d7233a33de7e009f79f7604bb,False,
numerical_validation/adversarial_overnight/stage6_noise/blocks/s40_e3_b12.json,validation/adversarial_overnight/stage6_noise/blocks/s40_e3_b12.json,19683,40aeb672af2e64853025694695a685d2cc3e00d90b7c0b0a70b421f4e910a18d,False,
numerical_validation/adversarial_overnight/stage6_noise/blocks/s40_e3_b13.json,validation/adversarial_overnight/stage6_noise/blocks/s40_e3_b13.json,19697,5a03a86826a4540a08653cbe5bc1383bc030a009786057a36ef294baddb27518,False,
numerical_validation/adversarial_overnight/stage6_noise/blocks/s40_e3_b14.json,validation/adversarial_overnight/stage6_noise/blocks/s40_e3_b14.json,19700,d9a1fa687ed0bc404d05dd9ef3c6a2ad60652ac662a060fea78600d449a730f5,False,
numerical_validation/adversarial_overnight/stage6_noise/blocks/s40_e3_b15.json,validation/adversarial_overnight/stage6_noise/blocks/s40_e3_b15.json,19710,07a09cf003308f787ea44691f45591ec4a25c211ba9d45dca5365614b9c20705,False,
numerical_validation/adversarial_overnight/stage6_noise/blocks/s40_e3_b16.json,validation/adversarial_overnight/stage6_noise/blocks/s40_e3_b16.json,19712,3ebec48a32a57e1285cbf46bfb741cb124fd8e1baedf696ae2704ddfc915ed27,False,
numerical_validation/adversarial_overnight/stage6_noise/blocks/s40_e3_b17.json,validation/adversarial_overnight/stage6_noise/blocks/s40_e3_b17.json,19699,35ebc55f8dc9ba78e9bbf595893a38b0773b52d08fcd1d4033ccc5b9bffcc976,False,
numerical_validation/adversarial_overnight/stage6_noise/blocks/s40_e3_b18.json,validation/adversarial_overnight/stage6_noise/blocks/s40_e3_b18.json,19700,4ca0f05269fd7705e210105d90dc9f3e62d0a2fde27bb29dd0b1eff9cc01ad68,False,
numerical_validation/adversarial_overnight/stage6_noise/blocks/s40_e3_b19.json,validation/adversarial_overnight/stage6_noise/blocks/s40_e3_b19.json,19719,9a0f84295053b1a8b2561e25970d340d734209dbf5da4722eaceeea1186eff87,False,
numerical_validation/adversarial_overnight/stage6_noise/blocks/s40_e3_b2.json,validation/adversarial_overnight/stage6_noise/blocks/s40_e3_b2.json,19660,54cb93ff52f77bb3b851fcd900b770ed2e9e20dcb72f28ad6a1b90261246f654,False,
numerical_validation/adversarial_overnight/stage6_noise/blocks/s40_e3_b3.json,validation/adversarial_overnight/stage6_noise/blocks/s40_e3_b3.json,19651,0d973448d5fa00e034e52d02d33322b8df539e0ebdafad7fc1e69f5c9aa33747,False,
numerical_validation/adversarial_overnight/stage6_noise/blocks/s40_e3_b4.json,validation/adversarial_overnight/stage6_noise/blocks/s40_e3_b4.json,19650,717b4845533acdd08e7ba2d4ba3a3c386d63d903c33574ccc0316b271330eb7b,False,
numerical_validation/adversarial_overnight/stage6_noise/blocks/s40_e3_b5.json,validation/adversarial_overnight/stage6_noise/blocks/s40_e3_b5.json,19661,7da9a717d904e884aad0504d0b2891c0e53772da06cfff506baf83fb246ab96d,False,
numerical_validation/adversarial_overnight/stage6_noise/blocks/s40_e3_b6.json,validation/adversarial_overnight/stage6_noise/blocks/s40_e3_b6.json,19645,1d3bc23fc8da9995de252698373f30d13edc36e07427b2e7daa0c647d3f9d090,False,
numerical_validation/adversarial_overnight/stage6_noise/blocks/s40_e3_b7.json,validation/adversarial_overnight/stage6_noise/blocks/s40_e3_b7.json,19646,c8cef4f5036038e4a30d6fd77af2810e828ce21946d261559105ec113e010e7c,False,
numerical_validation/adversarial_overnight/stage6_noise/blocks/s40_e3_b8.json,validation/adversarial_overnight/stage6_noise/blocks/s40_e3_b8.json,19649,7f350b622e19b613298ce40837730b3c52a3cf4d7bc86e2824571e0a4f8248f7,False,
numerical_validation/adversarial_overnight/stage6_noise/blocks/s40_e3_b9.json,validation/adversarial_overnight/stage6_noise/blocks/s40_e3_b9.json,19652,52501759054e11cfd4264c79461b44986f716c1c01b0548b7aa53a3c3e785d80,False,
numerical_validation/adversarial_overnight/stage6_noise/blocks/s40_e4_b0.json,validation/adversarial_overnight/stage6_noise/blocks/s40_e4_b0.json,19551,f5cfcf948fd81dec49e3f4506466a86f74ee3cdb59cee44d264713f63d4e10e9,False,
numerical_validation/adversarial_overnight/stage6_noise/blocks/s40_e4_b1.json,validation/adversarial_overnight/stage6_noise/blocks/s40_e4_b1.json,19549,bd470a250b61b7b3902a175ad860cd7290e12b62c35149b2af8522646768bb13,False,
numerical_validation/adversarial_overnight/stage6_noise/blocks/s40_e4_b10.json,validation/adversarial_overnight/stage6_noise/blocks/s40_e4_b10.json,19669,d304bc62187e3db3640d2ddcb36768ca2494bdaeda5ee7aae48db48098209f08,False,
numerical_validation/adversarial_overnight/stage6_noise/blocks/s40_e4_b11.json,validation/adversarial_overnight/stage6_noise/blocks/s40_e4_b11.json,19641,d3d6c8ab3f7b41604f1ce8da957ee0d9e1748f1199146cc38c2fa94f3b876d9b,False,
numerical_validation/adversarial_overnight/stage6_noise/blocks/s40_e4_b12.json,validation/adversarial_overnight/stage6_noise/blocks/s40_e4_b12.json,19663,3a6fc00a31f8c00c223000a70863784b4f531deb04e951e79dd893f5fe2d5bbc,False,
numerical_validation/adversarial_overnight/stage6_noise/blocks/s40_e4_b13.json,validation/adversarial_overnight/stage6_noise/blocks/s40_e4_b13.json,19653,e9946ab71fa2220f936ee6269de969cd2ade78b0d38264046e45e667c604db6e,False,
numerical_validation/adversarial_overnight/stage6_noise/blocks/s40_e4_b14.json,validation/adversarial_overnight/stage6_noise/blocks/s40_e4_b14.json,19657,e6e5ef1c7730c0950815608741147656da07fe4035351076f8953865718ca0fc,False,
numerical_validation/adversarial_overnight/stage6_noise/blocks/s40_e4_b15.json,validation/adversarial_overnight/stage6_noise/blocks/s40_e4_b15.json,19650,fa4980dd06e54ef6f12a9fdf51f8c33c3186167d3a5ca6237d4c01b7300fa8b9,False,
numerical_validation/adversarial_overnight/stage6_noise/blocks/s40_e4_b16.json,validation/adversarial_overnight/stage6_noise/blocks/s40_e4_b16.json,19654,6de6701b6c8f1be4813f9830de2023cce66c5221de97a71749cecadee657af19,False,
numerical_validation/adversarial_overnight/stage6_noise/blocks/s40_e4_b17.json,validation/adversarial_overnight/stage6_noise/blocks/s40_e4_b17.json,19654,8e22775b20a74bd8dd149dd8c4d7ca9664a58c6416177f2e699e72846a10530a,False,
numerical_validation/adversarial_overnight/stage6_noise/blocks/s40_e4_b18.json,validation/adversarial_overnight/stage6_noise/blocks/s40_e4_b18.json,19652,8e2c4bf05831f60dc855ce5402f0f2e52b3007481530f0edd10f93e18ed5bc10,False,
numerical_validation/adversarial_overnight/stage6_noise/blocks/s40_e4_b19.json,validation/adversarial_overnight/stage6_noise/blocks/s40_e4_b19.json,19654,3380646de8f779f82a58c2bfd6d901e7a536d58e7bdb441f88e1ea243cabc627,False,
numerical_validation/adversarial_overnight/stage6_noise/blocks/s40_e4_b2.json,validation/adversarial_overnight/stage6_noise/blocks/s40_e4_b2.json,19591,d8bae5725e3a22cc6f9c92d70191356a49c34b2cff78b50f16324936950af18a,False,
numerical_validation/adversarial_overnight/stage6_noise/blocks/s40_e4_b3.json,validation/adversarial_overnight/stage6_noise/blocks/s40_e4_b3.json,19616,6a5f830c72f61395f599cece3d3edd69f536d5bbf0f23c55ea2ed67952158506,False,
numerical_validation/adversarial_overnight/stage6_noise/blocks/s40_e4_b4.json,validation/adversarial_overnight/stage6_noise/blocks/s40_e4_b4.json,19602,8016cca93a7904788279d1d4bf312b1ae343635042d4a9041394adda8c7ebc82,False,
numerical_validation/adversarial_overnight/stage6_noise/blocks/s40_e4_b5.json,validation/adversarial_overnight/stage6_noise/blocks/s40_e4_b5.json,19605,e0ec62785dd18ab1532ec1f65225d8a3ec70e36f9e37d50cfec75652217f1e10,False,
numerical_validation/adversarial_overnight/stage6_noise/blocks/s40_e4_b6.json,validation/adversarial_overnight/stage6_noise/blocks/s40_e4_b6.json,19591,c57af423231d5978f4cb93011595af8086f7fa76907d02574aee43690a1aea1f,False,
numerical_validation/adversarial_overnight/stage6_noise/blocks/s40_e4_b7.json,validation/adversarial_overnight/stage6_noise/blocks/s40_e4_b7.json,19597,d1a9ea8657d862d2f042c7159502087e55c961b459d5308d7f93672505e0a857,False,
numerical_validation/adversarial_overnight/stage6_noise/blocks/s40_e4_b8.json,validation/adversarial_overnight/stage6_noise/blocks/s40_e4_b8.json,19606,3600563f929bdc39411a7732fbf1b71b7adc88f6a0725c81652faf2b939fa7a8,False,
numerical_validation/adversarial_overnight/stage6_noise/blocks/s40_e4_b9.json,validation/adversarial_overnight/stage6_noise/blocks/s40_e4_b9.json,19603,a2afee3820fcdaf9c8766bbeefd94463e4cd0b3eeaecfc84ba7023c9fc617f18,False,
numerical_validation/adversarial_overnight/stage6_noise/blocks/s40_e5_b0.json,validation/adversarial_overnight/stage6_noise/blocks/s40_e5_b0.json,19611,000b6f5301119a1f9a11f638661da59720caff87d2d4b264e431af238d539a24,False,
numerical_validation/adversarial_overnight/stage6_noise/blocks/s40_e5_b1.json,validation/adversarial_overnight/stage6_noise/blocks/s40_e5_b1.json,19619,f65724671d0f043e48236b269b01b1365ebc38fd8024a34830439cbe467e2a7d,False,
numerical_validation/adversarial_overnight/stage6_noise/blocks/s40_e5_b10.json,validation/adversarial_overnight/stage6_noise/blocks/s40_e5_b10.json,19722,5ad93fbb0ee399281f3cfa2726abe05b65ceb0b4a6baf62344db0c4af4b9dbe5,False,
numerical_validation/adversarial_overnight/stage6_noise/blocks/s40_e5_b11.json,validation/adversarial_overnight/stage6_noise/blocks/s40_e5_b11.json,19693,0d331bcf87994c015cfaac310ce27954750b4a3a0d63a982e9a3b2de62489d85,False,
numerical_validation/adversarial_overnight/stage6_noise/blocks/s40_e5_b12.json,validation/adversarial_overnight/stage6_noise/blocks/s40_e5_b12.json,19715,3fde225bafba8cc1ace6f9748b4946681f010d176f8c5e4743172e2fc3680998,False,
numerical_validation/adversarial_overnight/stage6_noise/blocks/s40_e5_b13.json,validation/adversarial_overnight/stage6_noise/blocks/s40_e5_b13.json,19712,5581101e7c7b9589532f7d4af2f49133bc630a6a532b3f9a844cedd96d296386,False,
numerical_validation/adversarial_overnight/stage6_noise/blocks/s40_e5_b14.json,validation/adversarial_overnight/stage6_noise/blocks/s40_e5_b14.json,19726,1e3e38943a2aa0c51ca46b7d9f809113b54eca2b8c63c1b5714463316b0973f1,False,
numerical_validation/adversarial_overnight/stage6_noise/blocks/s40_e5_b15.json,validation/adversarial_overnight/stage6_noise/blocks/s40_e5_b15.json,19709,2a2466c5c5bafb35b710de57728c045a090ca33c21ed9b4240b05cc2000fb4c5,False,
numerical_validation/adversarial_overnight/stage6_noise/blocks/s40_e5_b16.json,validation/adversarial_overnight/stage6_noise/blocks/s40_e5_b16.json,19730,4ca22c1d929938f32992348cfaefafe02a0d0edd23b7d3abda93d0817efdd71b,False,
numerical_validation/adversarial_overnight/stage6_noise/blocks/s40_e5_b17.json,validation/adversarial_overnight/stage6_noise/blocks/s40_e5_b17.json,19717,2c29e12d2378eca3670105577279cd73003c79a6f02a0333f6a7719877171e87,False,
numerical_validation/adversarial_overnight/stage6_noise/blocks/s40_e5_b18.json,validation/adversarial_overnight/stage6_noise/blocks/s40_e5_b18.json,19696,c91618295ee4f54a90d9b7975918083908e4894ef40d4a1958de6715af895ffa,False,
numerical_validation/adversarial_overnight/stage6_noise/blocks/s40_e5_b19.json,validation/adversarial_overnight/stage6_noise/blocks/s40_e5_b19.json,19701,3e2ab9d3c06f2b8da1f1f4287e87ec40b8f2ce182de7eb36ff4d723c180aff63,False,
numerical_validation/adversarial_overnight/stage6_noise/blocks/s40_e5_b2.json,validation/adversarial_overnight/stage6_noise/blocks/s40_e5_b2.json,19649,1a829674ed1660f3905d7386d3b2cc5b3cead157bfbf13089bd64ced63334fd3,False,
numerical_validation/adversarial_overnight/stage6_noise/blocks/s40_e5_b3.json,validation/adversarial_overnight/stage6_noise/blocks/s40_e5_b3.json,19654,dd355bbc84f645324398ee05f903cc31a16b4d663f12482532cd6c3cab0d1f9b,False,
numerical_validation/adversarial_overnight/stage6_noise/blocks/s40_e5_b4.json,validation/adversarial_overnight/stage6_noise/blocks/s40_e5_b4.json,19644,0384d986ab22266080cfc58a269eb878c5bf7cb8b5f173465c0e4170891196cc,False,
numerical_validation/adversarial_overnight/stage6_noise/blocks/s40_e5_b5.json,validation/adversarial_overnight/stage6_noise/blocks/s40_e5_b5.json,19659,5ee24e7d3e1cd6664ba9b876248337206ed72cad2b72e7fe51f19b1bc51bae66,False,
numerical_validation/adversarial_overnight/stage6_noise/blocks/s40_e5_b6.json,validation/adversarial_overnight/stage6_noise/blocks/s40_e5_b6.json,19661,cf5adb878c12481d7f2d968250d587537f91576a69c5bc9aa8c14c0376527a61,False,
numerical_validation/adversarial_overnight/stage6_noise/blocks/s40_e5_b7.json,validation/adversarial_overnight/stage6_noise/blocks/s40_e5_b7.json,19641,66947b0f4428d0bfe68d424e186f2b84ab0ca5f551281d014f3077e85ea0d1ca,False,
numerical_validation/adversarial_overnight/stage6_noise/blocks/s40_e5_b8.json,validation/adversarial_overnight/stage6_noise/blocks/s40_e5_b8.json,19676,723e47855195b780fb4e7f9c8a8e2b4cbc0e7d8ceec5ac2f170a50d894cdf762,False,
numerical_validation/adversarial_overnight/stage6_noise/blocks/s40_e5_b9.json,validation/adversarial_overnight/stage6_noise/blocks/s40_e5_b9.json,19658,9afc9d2d66692512e4f0c4aaf8ef811fab5721bb83f54d7f69673588b7ab5762,False,
numerical_validation/adversarial_overnight/stage6_noise/blocks/s40_e6_b0.json,validation/adversarial_overnight/stage6_noise/blocks/s40_e6_b0.json,19479,fa9a78ba1de06a28280892667b9536e991ef4fc73c2573af77ffe0ce8447c233,False,
numerical_validation/adversarial_overnight/stage6_noise/blocks/s40_e6_b1.json,validation/adversarial_overnight/stage6_noise/blocks/s40_e6_b1.json,19500,4d191972da1daf08900820cdab93d5281d39edd196179b54b407f55ad77005e9,False,
numerical_validation/adversarial_overnight/stage6_noise/blocks/s40_e6_b10.json,validation/adversarial_overnight/stage6_noise/blocks/s40_e6_b10.json,19579,f6ac1a04c96bb6f799883dc0562fd10a9cfee43186e9c1eaa6bd87e745f153dd,False,
numerical_validation/adversarial_overnight/stage6_noise/blocks/s40_e6_b11.json,validation/adversarial_overnight/stage6_noise/blocks/s40_e6_b11.json,19592,6a5a05c080d161d171f73e953bb90e862cfd67c4c9dfba7e3dbbf516fd126afb,False,
numerical_validation/adversarial_overnight/stage6_noise/blocks/s40_e6_b12.json,validation/adversarial_overnight/stage6_noise/blocks/s40_e6_b12.json,19607,34b83313799250aece1b01f6dc4ccdfd12c127195ed12ac336d128a19a6e6f2a,False,
numerical_validation/adversarial_overnight/stage6_noise/blocks/s40_e6_b13.json,validation/adversarial_overnight/stage6_noise/blocks/s40_e6_b13.json,19587,751015b111f3ef0fc7db534c3b398162a87ffd8c470c1684248d7a4b27e06aa2,False,
numerical_validation/adversarial_overnight/stage6_noise/blocks/s40_e6_b14.json,validation/adversarial_overnight/stage6_noise/blocks/s40_e6_b14.json,19600,6eca50d85eedc1981c3adb26ca2358416a9ac54754307f9f069313ee3bd4631a,False,
numerical_validation/adversarial_overnight/stage6_noise/blocks/s40_e6_b15.json,validation/adversarial_overnight/stage6_noise/blocks/s40_e6_b15.json,19590,cb83aed2a475170eb1a8b50587b7f6a885e0605a77fac1add4405f0b9721384c,False,
numerical_validation/adversarial_overnight/stage6_noise/blocks/s40_e6_b16.json,validation/adversarial_overnight/stage6_noise/blocks/s40_e6_b16.json,19587,65eb6b0111cac69c9dd58e94df4e8971992e1b27071de865f7a7434dac119be5,False,
numerical_validation/adversarial_overnight/stage6_noise/blocks/s40_e6_b17.json,validation/adversarial_overnight/stage6_noise/blocks/s40_e6_b17.json,19599,9a396d802b129d856f097c8e4174cb8405a893c22c6b65057513eb37649b63b8,False,
numerical_validation/adversarial_overnight/stage6_noise/blocks/s40_e6_b18.json,validation/adversarial_overnight/stage6_noise/blocks/s40_e6_b18.json,19590,becbf905879d481db571e5eae98507c59af5475eb696454a63874c43767b1883,False,
numerical_validation/adversarial_overnight/stage6_noise/blocks/s40_e6_b19.json,validation/adversarial_overnight/stage6_noise/blocks/s40_e6_b19.json,19601,5092c3b732167b9be3ca0e2aab245464b2cc24c868c4ead8dc83acad8781df6e,False,
numerical_validation/adversarial_overnight/stage6_noise/blocks/s40_e6_b2.json,validation/adversarial_overnight/stage6_noise/blocks/s40_e6_b2.json,19557,c49b6027a2620982c4c8a12decd07bae4c07980b7d8bb4b94c3ac55d5077f399,False,
numerical_validation/adversarial_overnight/stage6_noise/blocks/s40_e6_b3.json,validation/adversarial_overnight/stage6_noise/blocks/s40_e6_b3.json,19535,e8e701a2b2f95b00d22ed92646ddcc10a4e4c122d4d33769aa88d72f5e23c897,False,
numerical_validation/adversarial_overnight/stage6_noise/blocks/s40_e6_b4.json,validation/adversarial_overnight/stage6_noise/blocks/s40_e6_b4.json,19525,c3e505cb749ede54c410aee3f77b59237fa935c1d421ec9ad0d95ad3f8996894,False,
numerical_validation/adversarial_overnight/stage6_noise/blocks/s40_e6_b5.json,validation/adversarial_overnight/stage6_noise/blocks/s40_e6_b5.json,19551,0ef65851865e0949422ac8899ac92434bff6ff21c18c23ebebca94d46f45ae95,False,
numerical_validation/adversarial_overnight/stage6_noise/blocks/s40_e6_b6.json,validation/adversarial_overnight/stage6_noise/blocks/s40_e6_b6.json,19528,c295d9759b231ebf746ab6b5cc497b45b8b5a055264278a747aecdbccd34a50e,False,
numerical_validation/adversarial_overnight/stage6_noise/blocks/s40_e6_b7.json,validation/adversarial_overnight/stage6_noise/blocks/s40_e6_b7.json,19536,d283c7882c4dbe8c6d7036ee00dc5e62e7fc12a91097aa6680543b0e5d2700b8,False,
numerical_validation/adversarial_overnight/stage6_noise/blocks/s40_e6_b8.json,validation/adversarial_overnight/stage6_noise/blocks/s40_e6_b8.json,19557,d6759c3a1c53e02744e6b0edae65bd6298aed79384cb25c18ffd1a547d3b56fc,False,
numerical_validation/adversarial_overnight/stage6_noise/blocks/s40_e6_b9.json,validation/adversarial_overnight/stage6_noise/blocks/s40_e6_b9.json,19531,10d21c966cf87aa2bf0afb524d5f1a5980a489bb437a0a25f4cdbacb21c940b3,False,
numerical_validation/adversarial_overnight/stage6_noise/blocks/s40_e7_b0.json,validation/adversarial_overnight/stage6_noise/blocks/s40_e7_b0.json,19610,b461808e25d9057afe70139d2f5410dcc8bb481ad00d34ebc34f3928d8404f75,False,
numerical_validation/adversarial_overnight/stage6_noise/blocks/s40_e7_b1.json,validation/adversarial_overnight/stage6_noise/blocks/s40_e7_b1.json,19616,37ab15dd16cde67fecc8f4923ed2c66a827f0c020a8352ecc324b29f75f3ba50,False,
numerical_validation/adversarial_overnight/stage6_noise/blocks/s40_e7_b10.json,validation/adversarial_overnight/stage6_noise/blocks/s40_e7_b10.json,19724,ca125cc90db2d4ac3bd8d3cf07d131a1c18a0a23647de06fa614366466aa53fc,False,
numerical_validation/adversarial_overnight/stage6_noise/blocks/s40_e7_b11.json,validation/adversarial_overnight/stage6_noise/blocks/s40_e7_b11.json,19729,06e3909a632a8fbf9ecd77ad29e3c9b8a99afb03318a582ba9edeb7bc5be0df5,False,
numerical_validation/adversarial_overnight/stage6_noise/blocks/s40_e7_b12.json,validation/adversarial_overnight/stage6_noise/blocks/s40_e7_b12.json,19722,bda1d1bf40d24feeee81d13080e629df993bd9157fb07e038cc26b9080901f61,False,
numerical_validation/adversarial_overnight/stage6_noise/blocks/s40_e7_b13.json,validation/adversarial_overnight/stage6_noise/blocks/s40_e7_b13.json,19723,948059c5d509fe40716423f75ec12b55e729d208faeeea2f6feb0fb4a7cf122a,False,
numerical_validation/adversarial_overnight/stage6_noise/blocks/s40_e7_b14.json,validation/adversarial_overnight/stage6_noise/blocks/s40_e7_b14.json,19730,ee80fbadfe31a5225af91eb292861fea0d5c3fcef05f8bf5fe1b6481da4f4387,False,
numerical_validation/adversarial_overnight/stage6_noise/blocks/s40_e7_b15.json,validation/adversarial_overnight/stage6_noise/blocks/s40_e7_b15.json,19725,43abe8f2b9083c25a115ae38a6235f19f150360605aa0299e00398836a8324e5,False,
numerical_validation/adversarial_overnight/stage6_noise/blocks/s40_e7_b16.json,validation/adversarial_overnight/stage6_noise/blocks/s40_e7_b16.json,19747,33a8d0499d723016379eac8d78a409ca87b49d4d3999697b94f007b5b24054c2,False,
numerical_validation/adversarial_overnight/stage6_noise/blocks/s40_e7_b17.json,validation/adversarial_overnight/stage6_noise/blocks/s40_e7_b17.json,19739,1ea4c07d462c8577771f31e2d7be90c564977b9ad936410f3aeadb21e4a24ce0,False,
numerical_validation/adversarial_overnight/stage6_noise/blocks/s40_e7_b18.json,validation/adversarial_overnight/stage6_noise/blocks/s40_e7_b18.json,19726,8334ca3c0825747390229bcf9b38626e99bcbdfaae0dde2c46fcc388a5370ee3,False,
numerical_validation/adversarial_overnight/stage6_noise/blocks/s40_e7_b19.json,validation/adversarial_overnight/stage6_noise/blocks/s40_e7_b19.json,19740,137e8913ac80116d4de8629d9e0bc26d3ecf46f2f1c58cc39ca233232cfb43f3,False,
numerical_validation/adversarial_overnight/stage6_noise/blocks/s40_e7_b2.json,validation/adversarial_overnight/stage6_noise/blocks/s40_e7_b2.json,19660,2a6544d6fa13d5776afe9fd3043228150d19a89f297fd2e0137da12f93d53dc2,False,
numerical_validation/adversarial_overnight/stage6_noise/blocks/s40_e7_b3.json,validation/adversarial_overnight/stage6_noise/blocks/s40_e7_b3.json,19674,b38c0e93662a0544cc81e84d7b5834892fceb7ae712feb317c0623b9d5627ae1,False,
numerical_validation/adversarial_overnight/stage6_noise/blocks/s40_e7_b4.json,validation/adversarial_overnight/stage6_noise/blocks/s40_e7_b4.json,19687,a5b3548c8d50c20ef46ea8ddbdb3ec73bea623872e7ed90cbb3c9ecfdf4a977c,False,
numerical_validation/adversarial_overnight/stage6_noise/blocks/s40_e7_b5.json,validation/adversarial_overnight/stage6_noise/blocks/s40_e7_b5.json,19680,f0a31bad56aed33e9de6e0b273b73690050c7bcf1e5b57ee4e58950e473770a2,False,
numerical_validation/adversarial_overnight/stage6_noise/blocks/s40_e7_b6.json,validation/adversarial_overnight/stage6_noise/blocks/s40_e7_b6.json,19676,3ed04cf7f9652de19e57d6037051cec7cd512bd911256dd376c8ad78367d145a,False,
numerical_validation/adversarial_overnight/stage6_noise/blocks/s40_e7_b7.json,validation/adversarial_overnight/stage6_noise/blocks/s40_e7_b7.json,19671,0dca22cde455bd6ce1aeaf3734dcd91d8f08fa53887ee224894ab8423e51b880,False,
numerical_validation/adversarial_overnight/stage6_noise/blocks/s40_e7_b8.json,validation/adversarial_overnight/stage6_noise/blocks/s40_e7_b8.json,19674,a6ffb2d84c4df220f349eb8ecddc83ee4b0532ae93cae09278c2bdeb579e2e29,False,
numerical_validation/adversarial_overnight/stage6_noise/blocks/s40_e7_b9.json,validation/adversarial_overnight/stage6_noise/blocks/s40_e7_b9.json,19670,e0e402e475a1b876debb50c0aa2c6f36f48b403b1689451c70bb66c631002c5b,False,
numerical_validation/adversarial_overnight/stage6_noise/blocks/s40_e8_b0.json,validation/adversarial_overnight/stage6_noise/blocks/s40_e8_b0.json,19573,63db52b823975cb681013f13fa7ceaa5856dd01834f22d31e5d2c749b0cd5df9,False,
numerical_validation/adversarial_overnight/stage6_noise/blocks/s40_e8_b1.json,validation/adversarial_overnight/stage6_noise/blocks/s40_e8_b1.json,19585,0399404184a92335c825b25709e58bd8e44da88d03fcf762acbf994689fec45b,False,
numerical_validation/adversarial_overnight/stage6_noise/blocks/s40_e8_b10.json,validation/adversarial_overnight/stage6_noise/blocks/s40_e8_b10.json,19677,1c823b8f52aad2ec2001efe108177d6ab10c9ad95f956ddb918e3fb239418d5e,False,
numerical_validation/adversarial_overnight/stage6_noise/blocks/s40_e8_b11.json,validation/adversarial_overnight/stage6_noise/blocks/s40_e8_b11.json,19685,995fd8e1e17fa8fb7298ed8f345d46b9e6038d064ea969927cd8c1e0e0d8b6d8,False,
numerical_validation/adversarial_overnight/stage6_noise/blocks/s40_e8_b12.json,validation/adversarial_overnight/stage6_noise/blocks/s40_e8_b12.json,19686,bc2059270890d1c3ddf33ee721762d47d9142c25a2a01c3f8a17749eb80898c3,False,
numerical_validation/adversarial_overnight/stage6_noise/blocks/s40_e8_b13.json,validation/adversarial_overnight/stage6_noise/blocks/s40_e8_b13.json,19676,999337b02355bad0b01606675fffc54245db8491246f5e4de9519fb2890148af,False,
numerical_validation/adversarial_overnight/stage6_noise/blocks/s40_e8_b14.json,validation/adversarial_overnight/stage6_noise/blocks/s40_e8_b14.json,19660,10e7d84177b1cd8e33232b8ef45eaca821c9fc306bd70d96dd9f72538f50b7b0,False,
numerical_validation/adversarial_overnight/stage6_noise/blocks/s40_e8_b15.json,validation/adversarial_overnight/stage6_noise/blocks/s40_e8_b15.json,19675,79a7542a1ece3b7b4c950542e5ef81b711c88b4598dc8bf24d6306dce2b55ca9,False,
numerical_validation/adversarial_overnight/stage6_noise/blocks/s40_e8_b16.json,validation/adversarial_overnight/stage6_noise/blocks/s40_e8_b16.json,19686,bb3a5a4678c83b5f250a1a07899a1cb75d5a0c63bd179c436caed7048c8533e1,False,
numerical_validation/adversarial_overnight/stage6_noise/blocks/s40_e8_b17.json,validation/adversarial_overnight/stage6_noise/blocks/s40_e8_b17.json,19668,f7969ceeecc624d5a2e7e99e7ae8aede0a695aff8c8d670dbd7f76314bf5c1a0,False,
numerical_validation/adversarial_overnight/stage6_noise/blocks/s40_e8_b18.json,validation/adversarial_overnight/stage6_noise/blocks/s40_e8_b18.json,19675,827c1dd83cee790135715a51cdba4a656ee7be933131782a4c9eea17f6da84d6,False,
numerical_validation/adversarial_overnight/stage6_noise/blocks/s40_e8_b19.json,validation/adversarial_overnight/stage6_noise/blocks/s40_e8_b19.json,19674,89ac49c528f17867b6a9909fe50f4f9d7c367b60725c1a15a1e840f4f827b3c8,False,
numerical_validation/adversarial_overnight/stage6_noise/blocks/s40_e8_b2.json,validation/adversarial_overnight/stage6_noise/blocks/s40_e8_b2.json,19618,8075623ba1c66b1a295c7ad4cf8f5f5dadec55f352b74e53c16f77789b1946f2,False,
numerical_validation/adversarial_overnight/stage6_noise/blocks/s40_e8_b3.json,validation/adversarial_overnight/stage6_noise/blocks/s40_e8_b3.json,19623,34d127ef5167460fa46f1d91f1a2903b5ecf0e9f7eae1fb5d3e017b4cb2f917f,False,
numerical_validation/adversarial_overnight/stage6_noise/blocks/s40_e8_b4.json,validation/adversarial_overnight/stage6_noise/blocks/s40_e8_b4.json,19632,b42690536c193ca89b32d18f71c9dee88b54b7a46f54956e27a59fce664494f3,False,
numerical_validation/adversarial_overnight/stage6_noise/blocks/s40_e8_b5.json,validation/adversarial_overnight/stage6_noise/blocks/s40_e8_b5.json,19641,120aef45e293cba9932067f79f3c518807c86aa9ed8440cd87992030968dcaa8,False,
numerical_validation/adversarial_overnight/stage6_noise/blocks/s40_e8_b6.json,validation/adversarial_overnight/stage6_noise/blocks/s40_e8_b6.json,19616,31ee5182fd6f29a2f699a4321a818fe5d4d799d4b9d9013732d68f7a10d8c7cf,False,
numerical_validation/adversarial_overnight/stage6_noise/blocks/s40_e8_b7.json,validation/adversarial_overnight/stage6_noise/blocks/s40_e8_b7.json,19620,f843111f6c6c2d433ad8d8091cec28d86265f17b287de9635af49a6c1350c8b5,False,
numerical_validation/adversarial_overnight/stage6_noise/blocks/s40_e8_b8.json,validation/adversarial_overnight/stage6_noise/blocks/s40_e8_b8.json,19615,1b090d6a6a4095e599cc70ac2191974b390718e5a29901b46f0d8f7378ef23db,False,
numerical_validation/adversarial_overnight/stage6_noise/blocks/s40_e8_b9.json,validation/adversarial_overnight/stage6_noise/blocks/s40_e8_b9.json,19640,b172151ecb9c5b1e1cad2a2d95fd5b893981dc26f53457f70471dd1bf24a7b3e,False,
numerical_validation/adversarial_overnight/stage6_noise/blocks/s40_e9_b0.json,validation/adversarial_overnight/stage6_noise/blocks/s40_e9_b0.json,19606,3f108aadfe051aec22289bfdb6e98cc7a43db3bae457b7510bbb94f1c393ac12,False,
numerical_validation/adversarial_overnight/stage6_noise/blocks/s40_e9_b1.json,validation/adversarial_overnight/stage6_noise/blocks/s40_e9_b1.json,19627,91f9192005f9e253f30edf26bd064b855c330f850ba33fd967d56381064da9b9,False,
numerical_validation/adversarial_overnight/stage6_noise/blocks/s40_e9_b10.json,validation/adversarial_overnight/stage6_noise/blocks/s40_e9_b10.json,19731,00a6e4227a105ac3f9dfc7dcd43874ccb2f75fa47cc2c59c25d9561c62ebf0a2,False,
numerical_validation/adversarial_overnight/stage6_noise/blocks/s40_e9_b11.json,validation/adversarial_overnight/stage6_noise/blocks/s40_e9_b11.json,19726,d6232e17f9578335e6fe0a56b76ec2b6c3e803e9a81097ad42b66450b60962b5,False,
numerical_validation/adversarial_overnight/stage6_noise/blocks/s40_e9_b12.json,validation/adversarial_overnight/stage6_noise/blocks/s40_e9_b12.json,19718,8d830088366e0d5fd3b4c5945ede7bc440e427c548486b21550bdb3ada41e637,False,
numerical_validation/adversarial_overnight/stage6_noise/blocks/s40_e9_b13.json,validation/adversarial_overnight/stage6_noise/blocks/s40_e9_b13.json,19718,cab4148eb88fd70ddedce03e1b9121ec2af12178859a6bf78c2eda3a3cbcd5cc,False,
numerical_validation/adversarial_overnight/stage6_noise/blocks/s40_e9_b14.json,validation/adversarial_overnight/stage6_noise/blocks/s40_e9_b14.json,19740,c5fb0fa202c673e6b99482859a0719bc40b800982807b4bdf699df43447f435d,False,
numerical_validation/adversarial_overnight/stage6_noise/blocks/s40_e9_b15.json,validation/adversarial_overnight/stage6_noise/blocks/s40_e9_b15.json,19730,78769e9cc19064825197f0ee76b5cf743fdf7bfd13ddddf82008670ca75b4a52,False,
numerical_validation/adversarial_overnight/stage6_noise/blocks/s40_e9_b16.json,validation/adversarial_overnight/stage6_noise/blocks/s40_e9_b16.json,19729,5fc00bbe3dd5f66ea6a8586ab1df41e36159d570067a3c2996a75864a07c8915,False,
numerical_validation/adversarial_overnight/stage6_noise/blocks/s40_e9_b17.json,validation/adversarial_overnight/stage6_noise/blocks/s40_e9_b17.json,19724,df38a2f7f05747cd43ab50c025f49e89bc22a1928c0dc046ed1405f07098fe78,False,
numerical_validation/adversarial_overnight/stage6_noise/blocks/s40_e9_b18.json,validation/adversarial_overnight/stage6_noise/blocks/s40_e9_b18.json,19732,41cf108b9fe5f85865e7dd4cae50564a11208d157391a98358612be209546a9b,False,
numerical_validation/adversarial_overnight/stage6_noise/blocks/s40_e9_b19.json,validation/adversarial_overnight/stage6_noise/blocks/s40_e9_b19.json,19729,76f2dd1a023b02365a18e7383ce45ee110063b8b8ced57f7f3152e82f3cdc39b,False,
numerical_validation/adversarial_overnight/stage6_noise/blocks/s40_e9_b2.json,validation/adversarial_overnight/stage6_noise/blocks/s40_e9_b2.json,19690,18791703a52840c568be01fd711b93af07980a25a2274b58ca2e48f35e929cd8,False,
numerical_validation/adversarial_overnight/stage6_noise/blocks/s40_e9_b3.json,validation/adversarial_overnight/stage6_noise/blocks/s40_e9_b3.json,19698,ae74e15f00f1339d524f0e7b0ee34daf564737bc98d942ceb44f040c2083d625,False,
numerical_validation/adversarial_overnight/stage6_noise/blocks/s40_e9_b4.json,validation/adversarial_overnight/stage6_noise/blocks/s40_e9_b4.json,19664,02618f1bf79389254e26f98d12764d933298ee87d90124266c71b99ff012e22c,False,
numerical_validation/adversarial_overnight/stage6_noise/blocks/s40_e9_b5.json,validation/adversarial_overnight/stage6_noise/blocks/s40_e9_b5.json,19669,b5eaf63eed8e5ac0baeb48e909f2bb6b5a772f49a6127e9f03ad19ad4f65d9c9,False,
numerical_validation/adversarial_overnight/stage6_noise/blocks/s40_e9_b6.json,validation/adversarial_overnight/stage6_noise/blocks/s40_e9_b6.json,19681,302e93ef44bfb8e1aeec6d7c6dccbdd0082c15a658772aa9f7e0e8817c132302,False,
numerical_validation/adversarial_overnight/stage6_noise/blocks/s40_e9_b7.json,validation/adversarial_overnight/stage6_noise/blocks/s40_e9_b7.json,19681,bb4f712b45609c164dd3a802dcc8f11d3e8cdc284d6bef4907408ee6ac886961,False,
numerical_validation/adversarial_overnight/stage6_noise/blocks/s40_e9_b8.json,validation/adversarial_overnight/stage6_noise/blocks/s40_e9_b8.json,19654,e28ac217b017ab696953e60366ef3bccec5dcab95aad022c163b1905df48daac,False,
numerical_validation/adversarial_overnight/stage6_noise/blocks/s40_e9_b9.json,validation/adversarial_overnight/stage6_noise/blocks/s40_e9_b9.json,19655,ff3137f6ae7d137823769c6dd58a96d952c0132dd57791d6aeec321ea981a414,False,
numerical_validation/adversarial_overnight/stage6_noise/global_vs_conditional_error.pdf,validation/adversarial_overnight/stage6_noise/global_vs_conditional_error.pdf,24015,7373fe2696dd31a2f28d94785c8e570c6d35a7ed9d4d729666b9f04e6fe91fb4,False,
numerical_validation/adversarial_overnight/stage6_noise/global_vs_conditional_error.png,validation/adversarial_overnight/stage6_noise/global_vs_conditional_error.png,71135,bdfbbcdfdc835e07f3f520459a29efec102fd5e7fd83295481f4cea52db40fe7,False,
numerical_validation/adversarial_overnight/stage6_noise/local_theory_comparison.pdf,validation/adversarial_overnight/stage6_noise/local_theory_comparison.pdf,18908,f19e22d754fe9eb3776a8b266f9b98d2b61fdbd8b9ae180ee8e7ab05db389e44,False,
numerical_validation/adversarial_overnight/stage6_noise/local_theory_comparison.png,validation/adversarial_overnight/stage6_noise/local_theory_comparison.png,61508,5bb1d86646504f19335f7776cd471c80fb74057c6e1dcb5650b586aaf07a5d42,False,
numerical_validation/adversarial_overnight/stage6_noise/noiseless_roots.json,validation/adversarial_overnight/stage6_noise/noiseless_roots.json,4787,7336a74b11e3906229aa958728d1a68b77cd3aa25b040e1970837875c441ba10,False,
numerical_validation/adversarial_overnight/stage6_noise/production_level.json,validation/adversarial_overnight/stage6_noise/production_level.json,19,51a7347c952333180e853ce72d63d671a14561f737c6d3ccad9516edfc753a5e,False,
numerical_validation/adversarial_overnight/stage6_noise/reduction_rule.json,validation/adversarial_overnight/stage6_noise/reduction_rule.json,147,3f0c5070a32a29f50d8051dc3869ba93e5467d0bfd1557702f200c8ccade69a2,False,
numerical_validation/adversarial_overnight/stage6_noise/selection_probability.pdf,validation/adversarial_overnight/stage6_noise/selection_probability.pdf,20305,37bde101c7e7dd0c73d5052064b3e785dfe8c4b8e95608abaf63905a85828d8f,False,
numerical_validation/adversarial_overnight/stage6_noise/selection_probability.png,validation/adversarial_overnight/stage6_noise/selection_probability.png,58495,cc3ec6a7683f7cbc09de7a39a0e5aa4e1ce8c62becf11e0b323d23a2e16b21a2,False,
numerical_validation/adversarial_overnight/stage6_noise/solver_invariance_6A.json,validation/adversarial_overnight/stage6_noise/solver_invariance_6A.json,276,52a47ed9a73d833910228c9998c97495c97db3915169dd3c6b9f8aa701c6d75f,False,
numerical_validation/adversarial_overnight/stage6_noise/solver_invariance_6A_levelP.json,validation/adversarial_overnight/stage6_noise/solver_invariance_6A_levelP.json,251,e25de05557179a701ca41d2405a9dd74b51af6caa18ee6e13a60ff28fb9a44c9,False,
numerical_validation/adversarial_overnight/stage6_noise/summary.csv,validation/adversarial_overnight/stage6_noise/summary.csv,16350,70946238b75386b4f412371103707021c9c3f3ed4d90fd13ccc1c6f4927eb243,False,
numerical_validation/adversarial_overnight/stage6_noise/trials.csv,validation/adversarial_overnight/stage6_noise/trials.csv,6559285,c85f650fba0bdc8d2acd3e37e6721da2e16ae82d1b34970ff55b9db342059b36,False,
numerical_validation/adversarial_overnight/stage7_numinv/DONE.json,validation/adversarial_overnight/stage7_numinv/DONE.json,3097,fb640b0a17f0fe8893e9d84c0d45cb6a6be61a46f4250da44298cfec995ada2f,False,
numerical_validation/adversarial_overnight/stage7_numinv/analysis/S7_baseline_base.json,validation/adversarial_overnight/stage7_numinv/analysis/S7_baseline_base.json,148990,cea49daf0bd65d8be5873ff9e8f811e1d05f38275d73bf4e75470637de90b846,False,
numerical_validation/adversarial_overnight/stage7_numinv/analysis/S7_baseline_grid_coarse.json,validation/adversarial_overnight/stage7_numinv/analysis/S7_baseline_grid_coarse.json,149062,4e100872e95f22c1544f22d636e933ec73a0ba14f71658ae297847593e4ff742,False,
numerical_validation/adversarial_overnight/stage7_numinv/analysis/S7_baseline_grid_fine.json,validation/adversarial_overnight/stage7_numinv/analysis/S7_baseline_grid_fine.json,149043,3022f7664306650ba06048d65bc647a5596a11360d701d0aacc9dab40eb2c51f,False,
numerical_validation/adversarial_overnight/stage7_numinv/analysis/S7_baseline_kgrid_16.json,validation/adversarial_overnight/stage7_numinv/analysis/S7_baseline_kgrid_16.json,149029,b1ec0a8855c0c8a94b08aa113a83530298bc1f39dbaed5e0430cb3b904622aab,False,
numerical_validation/adversarial_overnight/stage7_numinv/analysis/S7_baseline_kgrid_200.json,validation/adversarial_overnight/stage7_numinv/analysis/S7_baseline_kgrid_200.json,149022,210e7b994c5103a01a440f8203309efa4db6cb9a504681ea83d3994362386961,False,
numerical_validation/adversarial_overnight/stage7_numinv/analysis/S7_baseline_rand_128.json,validation/adversarial_overnight/stage7_numinv/analysis/S7_baseline_rand_128.json,149035,5e4a2e730d1d98c8e94a4a44e4c1481c0a87070af8370bce9aa9b5280c429b1a,False,
numerical_validation/adversarial_overnight/stage7_numinv/analysis/S7_baseline_rand_8.json,validation/adversarial_overnight/stage7_numinv/analysis/S7_baseline_rand_8.json,149025,21bbe773f3db02d9a4fc6b17aa7f9ee17036dcc8e543f04836ff5218e6ee7ee8,False,
numerical_validation/adversarial_overnight/stage7_numinv/analysis/S7_baseline_tol_1e-11.json,validation/adversarial_overnight/stage7_numinv/analysis/S7_baseline_tol_1e-11.json,149092,1b51f6cc8fe2ba5039106d89b85df2e0a06d5e4a21a1810d732f0a80d4bd17e3,False,
numerical_validation/adversarial_overnight/stage7_numinv/analysis/S7_baseline_tol_1e-7.json,validation/adversarial_overnight/stage7_numinv/analysis/S7_baseline_tol_1e-7.json,149116,30c0202d6c44a7f77b82d19bcf6be5ca901ebdab67eb1140ded685361967695e,False,
numerical_validation/adversarial_overnight/stage7_numinv/analysis/S7_fixeddelta0p2_z0p2_base.json,validation/adversarial_overnight/stage7_numinv/analysis/S7_fixeddelta0p2_z0p2_base.json,295006,f4e486caeeac3b299a6a30a22023f6f28e6a9cb8bce5d27175350a1bb190c5d6,False,
numerical_validation/adversarial_overnight/stage7_numinv/analysis/S7_fixeddelta0p2_z0p2_grid_coarse.json,validation/adversarial_overnight/stage7_numinv/analysis/S7_fixeddelta0p2_z0p2_grid_coarse.json,295052,d93154784d036181435c0ffdb398196df581ac3bf33e5566d254df4b635b9866,False,
numerical_validation/adversarial_overnight/stage7_numinv/analysis/S7_fixeddelta0p2_z0p2_grid_fine.json,validation/adversarial_overnight/stage7_numinv/analysis/S7_fixeddelta0p2_z0p2_grid_fine.json,294989,477955d4205a4ef6e7b15d2e74c1474fa7903b37188d16de785bb0892d51191a,False,
numerical_validation/adversarial_overnight/stage7_numinv/analysis/S7_fixeddelta0p2_z0p2_kgrid_16.json,validation/adversarial_overnight/stage7_numinv/analysis/S7_fixeddelta0p2_z0p2_kgrid_16.json,294864,e2991e633b9f9da036f6c83db54bb0af51b562ea51d93c1531a1478c86a43fce,False,
numerical_validation/adversarial_overnight/stage7_numinv/analysis/S7_fixeddelta0p2_z0p2_kgrid_200.json,validation/adversarial_overnight/stage7_numinv/analysis/S7_fixeddelta0p2_z0p2_kgrid_200.json,294973,b1ac00ee9c16ca758b2e8f8fa4470cd2212a036fbdf89ccb23c9834db1f6c4cc,False,
numerical_validation/adversarial_overnight/stage7_numinv/analysis/S7_fixeddelta0p2_z0p2_rand_128.json,validation/adversarial_overnight/stage7_numinv/analysis/S7_fixeddelta0p2_z0p2_rand_128.json,295228,6de35c230024bee673d05e74df1a2bbaddb161a0a241a81fe9247715c0c82c7f,False,
numerical_validation/adversarial_overnight/stage7_numinv/analysis/S7_fixeddelta0p2_z0p2_rand_8.json,validation/adversarial_overnight/stage7_numinv/analysis/S7_fixeddelta0p2_z0p2_rand_8.json,294828,3a2a4282a31fc4e636b4b43252b74a0de384a5db999eb84b00eb13967e16dc8d,False,
numerical_validation/adversarial_overnight/stage7_numinv/analysis/S7_fixeddelta0p2_z0p2_tol_1e-11.json,validation/adversarial_overnight/stage7_numinv/analysis/S7_fixeddelta0p2_z0p2_tol_1e-11.json,294554,f3bfc27580dfe3ba813305dbfb9262ba16b8193616bf9a3052de7b298127b784,False,
numerical_validation/adversarial_overnight/stage7_numinv/analysis/S7_fixeddelta0p2_z0p2_tol_1e-7.json,validation/adversarial_overnight/stage7_numinv/analysis/S7_fixeddelta0p2_z0p2_tol_1e-7.json,296446,23bcce4837641aadc696ebae2be1363a0abb4dda8b4a94fba6b764c0cfe2e903,False,
numerical_validation/adversarial_overnight/stage7_numinv/analysis/S7_hann_base.json,validation/adversarial_overnight/stage7_numinv/analysis/S7_hann_base.json,148631,723bdb5466ec32ae6a750fea5ea1baec6e32d077f5b0ae7698d5b0a8c1cf46a3,False,
numerical_validation/adversarial_overnight/stage7_numinv/analysis/S7_hann_grid_coarse.json,validation/adversarial_overnight/stage7_numinv/analysis/S7_hann_grid_coarse.json,148702,2adcd9579c10d7032157246f8942cdb4f04d3cde673e75aaf869ea227f5db676,False,
numerical_validation/adversarial_overnight/stage7_numinv/analysis/S7_hann_grid_fine.json,validation/adversarial_overnight/stage7_numinv/analysis/S7_hann_grid_fine.json,148472,3db79af76cd25fedf75adb0fd8ec40962d6a349f442d06933985188cfe5d96fc,False,
numerical_validation/adversarial_overnight/stage7_numinv/analysis/S7_hann_kgrid_16.json,validation/adversarial_overnight/stage7_numinv/analysis/S7_hann_kgrid_16.json,148537,32dee009bc788673496171913a69b631e5e81599cf6da98218ad2041d2aa8b8e,False,
numerical_validation/adversarial_overnight/stage7_numinv/analysis/S7_hann_kgrid_200.json,validation/adversarial_overnight/stage7_numinv/analysis/S7_hann_kgrid_200.json,148586,42633a7b50511bffc8ddf58f4502b1270788b37b16c90c8204d023774a99dab3,False,
numerical_validation/adversarial_overnight/stage7_numinv/analysis/S7_hann_rand_128.json,validation/adversarial_overnight/stage7_numinv/analysis/S7_hann_rand_128.json,148662,4397f029355c9fe7330dea889327759c89201e74ffa49bb5a592dea32575f899,False,
numerical_validation/adversarial_overnight/stage7_numinv/analysis/S7_hann_rand_8.json,validation/adversarial_overnight/stage7_numinv/analysis/S7_hann_rand_8.json,148564,1d350f977294af2c2b65efb5f431333fb311107d3f663926b9b9668f58f08faa,False,
numerical_validation/adversarial_overnight/stage7_numinv/analysis/S7_hann_tol_1e-11.json,validation/adversarial_overnight/stage7_numinv/analysis/S7_hann_tol_1e-11.json,148450,1ccd17aabe1039dbb113c30c2425e38632976ef6ad5419c8e86dde4e787b34cd,False,
numerical_validation/adversarial_overnight/stage7_numinv/analysis/S7_hann_tol_1e-7.json,validation/adversarial_overnight/stage7_numinv/analysis/S7_hann_tol_1e-7.json,149058,3f4372a791b44c3104cb5acc24e1d12d39336e564e82c6bc3dc4209f2db03411,False,
numerical_validation/adversarial_overnight/stage7_numinv/analysis/S7_kappa0p2_z0p5_base.json,validation/adversarial_overnight/stage7_numinv/analysis/S7_kappa0p2_z0p5_base.json,150065,8689e6337f7a9838589a6e6fca6cfa35660a27cfe93265614bcf95111a8e854e,False,
numerical_validation/adversarial_overnight/stage7_numinv/analysis/S7_kappa0p2_z0p5_grid_coarse.json,validation/adversarial_overnight/stage7_numinv/analysis/S7_kappa0p2_z0p5_grid_coarse.json,150023,e9d782872096835b0b037040011188bd7413dbe53d3942f5b21aae217f7267b3,False,
numerical_validation/adversarial_overnight/stage7_numinv/analysis/S7_kappa0p2_z0p5_grid_fine.json,validation/adversarial_overnight/stage7_numinv/analysis/S7_kappa0p2_z0p5_grid_fine.json,149986,ff54fc3a8aae57a366fc9b988f9fe4b8b74383fc726f2f628a13cc0ed6f7a0f2,False,
numerical_validation/adversarial_overnight/stage7_numinv/analysis/S7_kappa0p2_z0p5_kgrid_16.json,validation/adversarial_overnight/stage7_numinv/analysis/S7_kappa0p2_z0p5_kgrid_16.json,150121,98b2d689baa95980bda3e4d3729512c289457d1d8756a3c47744612b7bea0338,False,
numerical_validation/adversarial_overnight/stage7_numinv/analysis/S7_kappa0p2_z0p5_kgrid_200.json,validation/adversarial_overnight/stage7_numinv/analysis/S7_kappa0p2_z0p5_kgrid_200.json,150123,a4cac2be29f35cfcd588b33f16958ef22e2e95f3d103faee09c858f3f41b58e0,False,
numerical_validation/adversarial_overnight/stage7_numinv/analysis/S7_kappa0p2_z0p5_rand_128.json,validation/adversarial_overnight/stage7_numinv/analysis/S7_kappa0p2_z0p5_rand_128.json,150125,59dd2de80fc28b0edabb24fed875709145a8a2fc0159fa5048cc8bd7af054af8,False,
numerical_validation/adversarial_overnight/stage7_numinv/analysis/S7_kappa0p2_z0p5_rand_8.json,validation/adversarial_overnight/stage7_numinv/analysis/S7_kappa0p2_z0p5_rand_8.json,150156,472398a1bcd2ed44231f403182e1e466711e4c1a8ae412f0c204e8a9fc2f0c98,False,
numerical_validation/adversarial_overnight/stage7_numinv/analysis/S7_kappa0p2_z0p5_tol_1e-11.json,validation/adversarial_overnight/stage7_numinv/analysis/S7_kappa0p2_z0p5_tol_1e-11.json,150005,da60d9bc7d3a2a9876095d10c2d0660b8cf6c695ff849304201747d7e5a6911e,False,
numerical_validation/adversarial_overnight/stage7_numinv/analysis/S7_kappa0p2_z0p5_tol_1e-7.json,validation/adversarial_overnight/stage7_numinv/analysis/S7_kappa0p2_z0p5_tol_1e-7.json,150193,d43af06547f2fe317c71b9d98e726c8b65e78e18c8fda424998e40ab4231e5b0,False,
numerical_validation/adversarial_overnight/stage7_numinv/analysis/S7_weakest_margin_base.json,validation/adversarial_overnight/stage7_numinv/analysis/S7_weakest_margin_base.json,151772,9eabee27d473b13bd07dade9664e6b4d6da5bd88033b472ebd366098db6a4390,False,
numerical_validation/adversarial_overnight/stage7_numinv/analysis/S7_weakest_margin_grid_coarse.json,validation/adversarial_overnight/stage7_numinv/analysis/S7_weakest_margin_grid_coarse.json,151942,9a9f719225b0c01ebc083537f72d236323eda625fbabd6b341367f979c880897,False,
numerical_validation/adversarial_overnight/stage7_numinv/analysis/S7_weakest_margin_grid_fine.json,validation/adversarial_overnight/stage7_numinv/analysis/S7_weakest_margin_grid_fine.json,151872,076029e65ee8c66335303f5a4994d5414d1776e589db0aaba7b348bf56cfa8d8,False,
numerical_validation/adversarial_overnight/stage7_numinv/analysis/S7_weakest_margin_kgrid_16.json,validation/adversarial_overnight/stage7_numinv/analysis/S7_weakest_margin_kgrid_16.json,151885,19588f69eb0690fd27f2f08fb3ce796024e44e544c05e770e68a6f6d39a83d5d,False,
numerical_validation/adversarial_overnight/stage7_numinv/analysis/S7_weakest_margin_kgrid_200.json,validation/adversarial_overnight/stage7_numinv/analysis/S7_weakest_margin_kgrid_200.json,151805,d152cb959f901f787040f5dafb890b19ef179804e34d61ed5022b5877558ae5c,False,
numerical_validation/adversarial_overnight/stage7_numinv/analysis/S7_weakest_margin_rand_128.json,validation/adversarial_overnight/stage7_numinv/analysis/S7_weakest_margin_rand_128.json,151847,39db059083b6f4b52396cf5e0a60697c09d20e9b7c6ac19f303dba8157543c95,False,
numerical_validation/adversarial_overnight/stage7_numinv/analysis/S7_weakest_margin_rand_8.json,validation/adversarial_overnight/stage7_numinv/analysis/S7_weakest_margin_rand_8.json,151801,115c5d6ebe11200f0aeeedda028fa78c0c2daa1b899b200301c80f42ca948b88,False,
numerical_validation/adversarial_overnight/stage7_numinv/analysis/S7_weakest_margin_tol_1e-11.json,validation/adversarial_overnight/stage7_numinv/analysis/S7_weakest_margin_tol_1e-11.json,151654,0914755fefb8736f1073a22c34f6c033d4f0a367607f86e36b8b6d8d450e0823,False,
numerical_validation/adversarial_overnight/stage7_numinv/analysis/S7_weakest_margin_tol_1e-7.json,validation/adversarial_overnight/stage7_numinv/analysis/S7_weakest_margin_tol_1e-7.json,152235,509444b71929498afa012690884014304ccf67db4f7296f06255c3f38315b781,False,
numerical_validation/adversarial_overnight/stage7_numinv/scan/S7_baseline_base.json,validation/adversarial_overnight/stage7_numinv/scan/S7_baseline_base.json,570934,deede1ef2c35e9254fdeb6fdecf30204be972109a0cc3477270d0b610a98f905,False,
numerical_validation/adversarial_overnight/stage7_numinv/scan/S7_baseline_grid_coarse.json,validation/adversarial_overnight/stage7_numinv/scan/S7_baseline_grid_coarse.json,571183,8bc4225bc3fc5ef814df3341dbfd73cf0db7afd2d648c47e4a8df745a69695ab,False,
numerical_validation/adversarial_overnight/stage7_numinv/scan/S7_baseline_grid_fine.json,validation/adversarial_overnight/stage7_numinv/scan/S7_baseline_grid_fine.json,571072,6a266867321b201ea566f22815043f5cffde140f85c48cebaaa33de64760b08f,False,
numerical_validation/adversarial_overnight/stage7_numinv/scan/S7_baseline_kgrid_16.json,validation/adversarial_overnight/stage7_numinv/scan/S7_baseline_kgrid_16.json,570957,e6b37c3966e78c60518162332dd4e1637ed679d079cec290407bd9c6ba7db181,False,
numerical_validation/adversarial_overnight/stage7_numinv/scan/S7_baseline_kgrid_200.json,validation/adversarial_overnight/stage7_numinv/scan/S7_baseline_kgrid_200.json,571086,e96b8ece8af01bc152bf04efd56586318536bc3cc3dbabed4daff7138e86382b,False,
numerical_validation/adversarial_overnight/stage7_numinv/scan/S7_baseline_rand_128.json,validation/adversarial_overnight/stage7_numinv/scan/S7_baseline_rand_128.json,571072,ad274731d987f6fc9c9eee6208f144ebd4292b03608dcc1a19922d5c874806a0,False,
numerical_validation/adversarial_overnight/stage7_numinv/scan/S7_baseline_rand_8.json,validation/adversarial_overnight/stage7_numinv/scan/S7_baseline_rand_8.json,570984,c3c6ac18f32f4e228457f5b53b7d6870417be19d87a038546dfeb39309fc20f7,False,
numerical_validation/adversarial_overnight/stage7_numinv/scan/S7_baseline_tol_1e-11.json,validation/adversarial_overnight/stage7_numinv/scan/S7_baseline_tol_1e-11.json,571061,bdd831a8c6f77103e85fe136431d8ef5f458bd836d25adc45a6671b51e14d353,False,
numerical_validation/adversarial_overnight/stage7_numinv/scan/S7_baseline_tol_1e-7.json,validation/adversarial_overnight/stage7_numinv/scan/S7_baseline_tol_1e-7.json,571035,c5609809ca28b47afda22f910aabc300b45ebf4458296ae3e1d97a6a4ae03bf7,False,
numerical_validation/adversarial_overnight/stage7_numinv/scan/S7_fixeddelta0p2_z0p2_base.json,validation/adversarial_overnight/stage7_numinv/scan/S7_fixeddelta0p2_z0p2_base.json,576037,dc5c91df9668b0baf7a5e43bdef06c81ff8b485aff56e7b06759e7b8996fc683,False,
numerical_validation/adversarial_overnight/stage7_numinv/scan/S7_fixeddelta0p2_z0p2_base__ext.json,validation/adversarial_overnight/stage7_numinv/scan/S7_fixeddelta0p2_z0p2_base__ext.json,572434,f6eba98bcf774da085b42df83838c89f44f2037935ac619bb995c0a2ce41284d,False,
numerical_validation/adversarial_overnight/stage7_numinv/scan/S7_fixeddelta0p2_z0p2_grid_coarse.json,validation/adversarial_overnight/stage7_numinv/scan/S7_fixeddelta0p2_z0p2_grid_coarse.json,576228,e871f988f6d259b44066b761ee0bbab3f98a088cd4dc62ef670324580c8f5bd1,False,
numerical_validation/adversarial_overnight/stage7_numinv/scan/S7_fixeddelta0p2_z0p2_grid_coarse__ext.json,validation/adversarial_overnight/stage7_numinv/scan/S7_fixeddelta0p2_z0p2_grid_coarse__ext.json,572576,edc089884c7606c9e2a8d4e0e7ff2e7b3659e3f768422a409365213b74a33d75,False,
numerical_validation/adversarial_overnight/stage7_numinv/scan/S7_fixeddelta0p2_z0p2_grid_fine.json,validation/adversarial_overnight/stage7_numinv/scan/S7_fixeddelta0p2_z0p2_grid_fine.json,575947,f2e99c587f52284fd314cc9d2aa30b68d324c903a65242ec0917e67e0a9b1c39,False,
numerical_validation/adversarial_overnight/stage7_numinv/scan/S7_fixeddelta0p2_z0p2_grid_fine__ext.json,validation/adversarial_overnight/stage7_numinv/scan/S7_fixeddelta0p2_z0p2_grid_fine__ext.json,572423,5fbfed6c7ba3db67596b42d23e26960cd6b31ec66f59e2f8d26518e34bfa1664,False,
numerical_validation/adversarial_overnight/stage7_numinv/scan/S7_fixeddelta0p2_z0p2_kgrid_16.json,validation/adversarial_overnight/stage7_numinv/scan/S7_fixeddelta0p2_z0p2_kgrid_16.json,576053,395c9f7a27ec06a9153950ae6b7cd86393c5597955f5bcda9871a8f97f17ed10,False,
numerical_validation/adversarial_overnight/stage7_numinv/scan/S7_fixeddelta0p2_z0p2_kgrid_16__ext.json,validation/adversarial_overnight/stage7_numinv/scan/S7_fixeddelta0p2_z0p2_kgrid_16__ext.json,572339,f3ff6ca5d5e6b39482cdbee565b6f6e262b74c6c0ddaadedd5fd09b6172ff164,False,
numerical_validation/adversarial_overnight/stage7_numinv/scan/S7_fixeddelta0p2_z0p2_kgrid_200.json,validation/adversarial_overnight/stage7_numinv/scan/S7_fixeddelta0p2_z0p2_kgrid_200.json,576136,fd9c9f834ed001184ee9e65e2fa1b7de5dbdc09e92d7b5ae4261811179d3fb53,False,
numerical_validation/adversarial_overnight/stage7_numinv/scan/S7_fixeddelta0p2_z0p2_kgrid_200__ext.json,validation/adversarial_overnight/stage7_numinv/scan/S7_fixeddelta0p2_z0p2_kgrid_200__ext.json,572433,8b3fdf78434bbc7316801b8e8bc4bf82398a8dd8fff9c9df557321c029037f16,False,
numerical_validation/adversarial_overnight/stage7_numinv/scan/S7_fixeddelta0p2_z0p2_rand_128.json,validation/adversarial_overnight/stage7_numinv/scan/S7_fixeddelta0p2_z0p2_rand_128.json,576204,71e0bb9737800620337cdff322261a5f47894a56b3b2261585d1aa96b9ddf437,False,
numerical_validation/adversarial_overnight/stage7_numinv/scan/S7_fixeddelta0p2_z0p2_rand_128__ext.json,validation/adversarial_overnight/stage7_numinv/scan/S7_fixeddelta0p2_z0p2_rand_128__ext.json,572472,d270a9b72bb134249bacf7478011213d2378d08f397a7e5130bbe11823518599,False,
numerical_validation/adversarial_overnight/stage7_numinv/scan/S7_fixeddelta0p2_z0p2_rand_8.json,validation/adversarial_overnight/stage7_numinv/scan/S7_fixeddelta0p2_z0p2_rand_8.json,575971,788f8f9afa255ae5dc64fd12e2a37adfc4eb3c229e035507b7d0f2eadb4aa732,False,
numerical_validation/adversarial_overnight/stage7_numinv/scan/S7_fixeddelta0p2_z0p2_rand_8__ext.json,validation/adversarial_overnight/stage7_numinv/scan/S7_fixeddelta0p2_z0p2_rand_8__ext.json,572270,0d87a451df37c2db50e4b4fc4bf378519a97f320abb6b33c447002e677e51b62,False,
numerical_validation/adversarial_overnight/stage7_numinv/scan/S7_fixeddelta0p2_z0p2_tol_1e-11.json,validation/adversarial_overnight/stage7_numinv/scan/S7_fixeddelta0p2_z0p2_tol_1e-11.json,575799,e85310620c1cb8b45e730185251a4113ed2adc60518f693d6267baf4a2706c01,False,
numerical_validation/adversarial_overnight/stage7_numinv/scan/S7_fixeddelta0p2_z0p2_tol_1e-11__ext.json,validation/adversarial_overnight/stage7_numinv/scan/S7_fixeddelta0p2_z0p2_tol_1e-11__ext.json,572123,f55b7c6b3a2435ee0545ee6248ab28eabb1cb2ecf50b020cb2200396b7e9bde2,False,
numerical_validation/adversarial_overnight/stage7_numinv/scan/S7_fixeddelta0p2_z0p2_tol_1e-7.json,validation/adversarial_overnight/stage7_numinv/scan/S7_fixeddelta0p2_z0p2_tol_1e-7.json,576971,174f4428dd5b3b7a346419ff69e49195b357b5300cfbbb421c1a03b96a0c9b51,False,
numerical_validation/adversarial_overnight/stage7_numinv/scan/S7_fixeddelta0p2_z0p2_tol_1e-7__ext.json,validation/adversarial_overnight/stage7_numinv/scan/S7_fixeddelta0p2_z0p2_tol_1e-7__ext.json,573096,0ab809a686380b6470172e345f1b874c43c235f817b982322b75045bdb11c1b3,False,
numerical_validation/adversarial_overnight/stage7_numinv/scan/S7_hann_base.json,validation/adversarial_overnight/stage7_numinv/scan/S7_hann_base.json,573918,b628429d1bb2d678f533c434e37d134bd53ab108186bb6e2359a46d054f675fb,False,
numerical_validation/adversarial_overnight/stage7_numinv/scan/S7_hann_grid_coarse.json,validation/adversarial_overnight/stage7_numinv/scan/S7_hann_grid_coarse.json,574066,5867ea309304fa7f22121120b93de576739a70cfc52db470b6c3e54e527ab7a2,False,
numerical_validation/adversarial_overnight/stage7_numinv/scan/S7_hann_grid_fine.json,validation/adversarial_overnight/stage7_numinv/scan/S7_hann_grid_fine.json,573832,933b24650ad365475332de0cd726bdd71f5e9cc5b37897b2b8d00ac4d07391b2,False,
numerical_validation/adversarial_overnight/stage7_numinv/scan/S7_hann_kgrid_16.json,validation/adversarial_overnight/stage7_numinv/scan/S7_hann_kgrid_16.json,573755,9ffa88d184ad85aa0212077f4d598babce203e1a91e3abb15082516242cbf4d0,False,
numerical_validation/adversarial_overnight/stage7_numinv/scan/S7_hann_kgrid_200.json,validation/adversarial_overnight/stage7_numinv/scan/S7_hann_kgrid_200.json,574077,c55c9499ed39a41c5b7aac08c42de4d90f182c46a9a2270e2757502f9d28e32a,False,
numerical_validation/adversarial_overnight/stage7_numinv/scan/S7_hann_rand_128.json,validation/adversarial_overnight/stage7_numinv/scan/S7_hann_rand_128.json,573833,188375095cffabdfac857181cd9ea56117acd34a04564d4e2ee6cb983c4e9549,False,
numerical_validation/adversarial_overnight/stage7_numinv/scan/S7_hann_rand_8.json,validation/adversarial_overnight/stage7_numinv/scan/S7_hann_rand_8.json,573873,6fc8053cdeadd835edad400de19761ed9a499e9a938e2409f32fa7f28fb1c994,False,
numerical_validation/adversarial_overnight/stage7_numinv/scan/S7_hann_tol_1e-11.json,validation/adversarial_overnight/stage7_numinv/scan/S7_hann_tol_1e-11.json,573665,3c27303460b022202af3bcc5cc6ec263496f0c7bedd4f292820f070758dceee3,False,
numerical_validation/adversarial_overnight/stage7_numinv/scan/S7_hann_tol_1e-7.json,validation/adversarial_overnight/stage7_numinv/scan/S7_hann_tol_1e-7.json,574574,2cc26ba5a122b6f0f7fb84e301632576b09e912e52690e33b211f1882debef93,False,
numerical_validation/adversarial_overnight/stage7_numinv/scan/S7_kappa0p2_z0p5_base.json,validation/adversarial_overnight/stage7_numinv/scan/S7_kappa0p2_z0p5_base.json,576927,fcac5cfa1ac9ec1790d6d4e9debd7b18eec58606d384bc7a954fa3abd1a9c7f1,False,
numerical_validation/adversarial_overnight/stage7_numinv/scan/S7_kappa0p2_z0p5_grid_coarse.json,validation/adversarial_overnight/stage7_numinv/scan/S7_kappa0p2_z0p5_grid_coarse.json,577072,3337f4a28bf106c6bc934c56fc1911d05195cd6a25967d4157aefa2c49d1c038,False,
numerical_validation/adversarial_overnight/stage7_numinv/scan/S7_kappa0p2_z0p5_grid_fine.json,validation/adversarial_overnight/stage7_numinv/scan/S7_kappa0p2_z0p5_grid_fine.json,576839,b16a137796c76d7e0c64a5abe6f78409fc14b78f4dede5d948d57b80e500b99c,False,
numerical_validation/adversarial_overnight/stage7_numinv/scan/S7_kappa0p2_z0p5_kgrid_16.json,validation/adversarial_overnight/stage7_numinv/scan/S7_kappa0p2_z0p5_kgrid_16.json,577015,6f0eeccd2962a83b4f1e3c3228d65c7b0991eed11e405d4787a7a56a65196e44,False,
numerical_validation/adversarial_overnight/stage7_numinv/scan/S7_kappa0p2_z0p5_kgrid_200.json,validation/adversarial_overnight/stage7_numinv/scan/S7_kappa0p2_z0p5_kgrid_200.json,576997,8db347a813fda46422c7e15e5636b26dd6d269fe0371ece53a0669caa6dd53c4,False,
numerical_validation/adversarial_overnight/stage7_numinv/scan/S7_kappa0p2_z0p5_rand_128.json,validation/adversarial_overnight/stage7_numinv/scan/S7_kappa0p2_z0p5_rand_128.json,577094,4ce181cf7345bf0cfacaf932713e150067d529d020ea9ea606b8b6d47ee51db8,False,
numerical_validation/adversarial_overnight/stage7_numinv/scan/S7_kappa0p2_z0p5_rand_8.json,validation/adversarial_overnight/stage7_numinv/scan/S7_kappa0p2_z0p5_rand_8.json,576893,b95a90eca6bf9172fb7a159f5d2cb92be987ea0025bcb4f014f54db1fea72896,False,
numerical_validation/adversarial_overnight/stage7_numinv/scan/S7_kappa0p2_z0p5_tol_1e-11.json,validation/adversarial_overnight/stage7_numinv/scan/S7_kappa0p2_z0p5_tol_1e-11.json,576975,a4d9b026e5c4fbbdb57cf3c150b77479c2f0d38feb386b7dba9ced4424b81be3,False,
numerical_validation/adversarial_overnight/stage7_numinv/scan/S7_kappa0p2_z0p5_tol_1e-7.json,validation/adversarial_overnight/stage7_numinv/scan/S7_kappa0p2_z0p5_tol_1e-7.json,577317,cdaded8703cb0096c06633d0ba11b14ef2ed94ff1db3e3a023124bfe304a7d51,False,
numerical_validation/adversarial_overnight/stage7_numinv/scan/S7_weakest_margin_base.json,validation/adversarial_overnight/stage7_numinv/scan/S7_weakest_margin_base.json,580979,eb50e95dcdc013a38c76974bbcef44c8945aca071afaef76824e46a7f696ae15,False,
numerical_validation/adversarial_overnight/stage7_numinv/scan/S7_weakest_margin_grid_coarse.json,validation/adversarial_overnight/stage7_numinv/scan/S7_weakest_margin_grid_coarse.json,580974,e1fcd79443947b5456ba1b078447152671895c33ff7970d64b9f4161c4648bc9,False,
numerical_validation/adversarial_overnight/stage7_numinv/scan/S7_weakest_margin_grid_fine.json,validation/adversarial_overnight/stage7_numinv/scan/S7_weakest_margin_grid_fine.json,581103,65b4933001e9e3f55b9a264af3b32717011b8c91cb462c873f7a45aaf63920e2,False,
numerical_validation/adversarial_overnight/stage7_numinv/scan/S7_weakest_margin_kgrid_16.json,validation/adversarial_overnight/stage7_numinv/scan/S7_weakest_margin_kgrid_16.json,580944,0ea3319746bb601bd2a12fd1a8faf7d1b0d538d92d721e1546eb772289414a44,False,
numerical_validation/adversarial_overnight/stage7_numinv/scan/S7_weakest_margin_kgrid_200.json,validation/adversarial_overnight/stage7_numinv/scan/S7_weakest_margin_kgrid_200.json,581133,2916417628019a2ee60f0a48788c04384a95084914d1707f0ee91128c871678f,False,
numerical_validation/adversarial_overnight/stage7_numinv/scan/S7_weakest_margin_rand_128.json,validation/adversarial_overnight/stage7_numinv/scan/S7_weakest_margin_rand_128.json,581077,df39a10e71121d8e9ca112ad1b8988e2365390cf6ead5da98fb1e5a6892f5b81,False,
numerical_validation/adversarial_overnight/stage7_numinv/scan/S7_weakest_margin_rand_8.json,validation/adversarial_overnight/stage7_numinv/scan/S7_weakest_margin_rand_8.json,580982,be391bead2ec18188f39b0ebb29dd4533c74f286079660f97d8e9a58e27ef6a3,False,
numerical_validation/adversarial_overnight/stage7_numinv/scan/S7_weakest_margin_tol_1e-11.json,validation/adversarial_overnight/stage7_numinv/scan/S7_weakest_margin_tol_1e-11.json,580694,576e0b441158ded33453b74b1b63e0dc137b0411a4b47a6c64a73f76ea22f387,False,
numerical_validation/adversarial_overnight/stage7_numinv/scan/S7_weakest_margin_tol_1e-7.json,validation/adversarial_overnight/stage7_numinv/scan/S7_weakest_margin_tol_1e-7.json,581724,a95d75e989445ae782fcf71c9fa3f960da2786a58867024077480e507eeedf4a,False,
numerical_validation/adversarial_overnight/stage7_numinv/variant_table.csv,validation/adversarial_overnight/stage7_numinv/variant_table.csv,4215,6f203d5c85a98f1abbbdd31789263e950344bc9101a53af04e06b460408c559e,False,
numerical_validation/adversarial_overnight/stage8_real/DONE.json,validation/adversarial_overnight/stage8_real/DONE.json,1298,96e567d3c99b26b148a62b33ba487ff063dc564170987a6b56c1a92b4d79ba12,False,
numerical_validation/adversarial_overnight/tools/finalize.py,validation/adversarial_overnight/tools/finalize.py,4653,06542478c1c884aee67a628ebc2cad5270ba02f12a710eafb67954cdcbd64670,False,
numerical_validation/adversarial_overnight/tools/freeze_tool.py,validation/adversarial_overnight/tools/freeze_tool.py,4950,757f3d74cdf189d2ab7d634d0d564814fa0a587e4bca1cbd9fd88feeef725b33,False,
numerical_validation/adversarial_overnight/tools/integrity_check.py,validation/adversarial_overnight/tools/integrity_check.py,1170,597120292e322ad70177e6564de4d6d7fa4302f8ceb60062982c914ad785939d,False,
numerical_validation/adversarial_overnight/tools/make_reports.py,validation/adversarial_overnight/tools/make_reports.py,12129,9025edafbd99da831d2fc551aac36fcee8189aefdd0d92170fa8afd48df09a3f,False,
numerical_validation/adversarial_overnight/tools/posthoc_stage2.py,validation/adversarial_overnight/tools/posthoc_stage2.py,2227,21be0dbb479a91deee2edb1a77167135a8f071cea44b4d1e02d33a2cc6d2d5e4,False,
numerical_validation/adversarial_overnight/tools/posthoc_stage2_fig.py,validation/adversarial_overnight/tools/posthoc_stage2_fig.py,1249,c2b99371e0eb5cbebc8dccdc3f32314c4681cef30219026a7be18fe2e490bf02,False,
numerical_validation/adversarial_overnight/tools/posthoc_stage6.py,validation/adversarial_overnight/tools/posthoc_stage6.py,2064,b7d6cb1aa0fc0ad7a2b3cf7081048803e7397c88b26b2c0567f30d611ed1caed,False,
numerical_validation/adversarial_overnight/tools/replay_sandbox.py,validation/adversarial_overnight/tools/replay_sandbox.py,10865,67e12236bbdfb4e915516077d36ed494e63ae51c0bd6e3c9f7997c2270f6ff01,False,
numerical_validation/adversarial_overnight/tools/report_stage2.py,validation/adversarial_overnight/tools/report_stage2.py,8650,ca8fe951511cd4dddb3186e9953f52ee0fb69228f98e39f5776a288c4681b142,False,
numerical_validation/adversarial_overnight/tools/report_stages346.py,validation/adversarial_overnight/tools/report_stages346.py,12809,363ea1a3b4ed81ffb13b049555ea6a1ebb0cc876abfe0fdbc95dd63d89584f8c,False,
numerical_validation/adversarial_overnight/window_minima.npz,validation/adversarial_overnight/window_minima.npz,124915,7ae0d1fe45bfaf3b71e352cf8cf254b4149e7b387c101c83df77abdadec26ebc,False,
numerical_validation/adversarial_overnight/window_report.md,validation/adversarial_overnight/window_report.md,3259,3ee5bf680d0ba4d18cb1c1d4392b90734e36c6271c6ef71f0df6f6b9b5714102,False,
numerical_validation/adversarial_overnight/window_summary.csv,validation/adversarial_overnight/window_summary.csv,7610,2ffac724a6e41152e6dd04f7bd57b7f1d0bea35c71d9dcac37874f70453d49e3,False,
numerical_validation/analysis/branch_continuation.csv,branch_continuation.csv,213312,7f6d6d7487190f8bd2e2b0556c0d1fdc3bcc6e2e5b812e561914da6e1f770687,True,True
numerical_validation/analysis/branch_probability.csv,branch_probability.csv,5138,b1ac2a1e7fe41f8c0e5737841ab47ba2dde09eaae6bd6309db1885be31d3a7d8,True,True
numerical_validation/analysis/figures/branch_continuation_figure.pdf,branch_continuation_figure.pdf,16801,84d8af3ff8b07f7fb3a61a983797e95641b6b14bfd10313883582b8d55d70891,True,True
numerical_validation/analysis/figures/continuum_vs_finiteN_figure.pdf,continuum_vs_finiteN_figure.pdf,17866,ae21086d4fe88e1ace858f5b07b92b5dc8cda4b8f0a44bb9dcfd7f9731a75e72,True,True
numerical_validation/analysis/figures/lambda_inf_vs_b.pdf,lambda_inf_vs_b.pdf,20144,cce16b224203e6691403ce17cc07535cdc281419a948c772f2ea14269549ed24,True,True
numerical_validation/analysis/figures/largeN_theory_vs_data.pdf,largeN_theory_vs_data.pdf,20506,5b0e136bc6e7035ee649b3bb1e3bbcfc7a33eacf1e7bd64276961f0780f97d9a,True,True
numerical_validation/analysis/figures/order_selection_sanity.pdf,order_selection_sanity.pdf,23748,51f23e2d3ae6ee82a59535992c14a032f81d9b57bf29b1431e6ceb2f209160cb,True,True
numerical_validation/analysis/figures/smallz_global_cost_figure.pdf,smallz_global_cost_figure.pdf,19699,d83bb704ab39544422fefe8bd6e0b67cf4da302c24835676eeca38b7d3d1b4d3,True,True
numerical_validation/analysis/kappa_crossing_map.csv,kappa_crossing_map.csv,3113,e3b41252d4dc3db7c9d8db13236395860937dfe8102add8bb47d8dc924050784,True,True
numerical_validation/analysis/lambdaN_asymptotics.csv,lambdaN_asymptotics.csv,2305,264200ffb9705aa06be7d3858e970a3464baf615aa37e81c207a515b0ac507d9,True,True
numerical_validation/analysis/lambdaN_largeN_data.csv,lambdaN_largeN_data.csv,2754,bbcaace02ec3a6db6deb818f36beb94c7f7fd8ed4b10d6d7f019faab4721f034,True,True
numerical_validation/analysis/lambdaN_residual_scaling.csv,lambdaN_residual_scaling.csv,2226,970711ceda1fb91bb4258cbce014d8dec8112e1262b2820297cbadf710b78ae6,True,True
numerical_validation/analysis/lambda_inf_vs_b.csv,lambda_inf_vs_b.csv,8318,7f506908be77a5177fce26aa1e1c70f65702ee69223496b85bc5f3f5492664fb,True,True
numerical_validation/analysis/mixture_statistics.csv,mixture_statistics.csv,1312,21de3875b8477478a86809e85067f9a7ca43885cbbb1da0b7f1b96a977ae8deb,True,True
numerical_validation/analysis/noise_branch_trials.csv,noise_branch_trials.csv,3215745,245b0f6b697381e8c6b7ff23b909b000d178b5b4cd9a961572ad0569a630e899,True,True
numerical_validation/analysis/noise_model_fit.csv,noise_model_fit.csv,8319,c149d8fad9e94b3fb37cbb016cddd17468bc6df793d392c1f509a83a252e2b08,True,True
numerical_validation/analysis/order_selection_sanity.csv,order_selection_sanity.csv,253479,fc26d01edf92bec445d349f6824537de2f0bff5412e6076e2656fdf254ab9a54,True,True
numerical_validation/analysis/order_selection_sanity_summary.csv,order_selection_sanity_summary.csv,1260,7e5069fb9394bd67628404e0b3ace4ad24f5eb5de5148a6e97fb45d2a991779e,True,True
numerical_validation/analysis/p_bridge_certificate.json,p_bridge_certificate.json,3012,56e90e7904c0e15e92427ebcb881802996831b0007254e00b7bd940ee165adf7,True,True
numerical_validation/analysis/p_bridge_competitor_margins.csv,p_bridge_competitor_margins.csv,1231,607477062539bb773406825f05915b46c2f9749243ae73debd0fb7ba2e4e455b,True,True
numerical_validation/analysis/p_bridge_numerical.csv,p_bridge_numerical.csv,49314,b270d6d11025ec4d4bd6ddba89bd1f68310942ec15a651c326aa534e1561d191,True,True
numerical_validation/analysis/p_bridge_slabs.csv,p_bridge_slabs.csv,7671,c38ee2f42985de7a3effef7f42ddd31d1d4c15b248226624369735b77900c11d,True,True
numerical_validation/analysis/phase_crossing_map.csv,phase_crossing_map.csv,12497,d42ae5231fd3c17d6a1dabb10f3ef2e7151be13aa134633bddba9af9970e6e2b,True,True
numerical_validation/analysis/resolution_sweep.csv,resolution_sweep.csv,4497,48153828d1b7163ae98fcd66185486da85ffdfda07d720d82171a05987afabfa,True,True
numerical_validation/analysis/stage11_phase_validation.json,stage11_phase_validation.json,6983,ff4dff6e51682eeb738b8b07e60d765c66d5f377050c2e6d6f4d706852829407,True,True
numerical_validation/analysis/stage12_continuation_checks.json,stage12_continuation_checks.json,4198,3a5b99fc8dcab465db563782c3d59addc2e31bd188fd1aac596d92b9958f11be,True,True
numerical_validation/analysis/stage14_asymptotic_coefficients.json,stage14_asymptotic_coefficients.json,606,45e85e7aeb099aa74f9e11d72661f27af3863f1392b3f42b805f95d4f6e65a93,True,True
numerical_validation/analysis/stage16_residual_scaling.csv,stage16_residual_scaling.csv,3721,ec67c9062ebe768548375e5aec9eed362feae8962d393e3be2ef22a38010b71a,True,True
numerical_validation/analysis/transition_width.csv,transition_width.csv,359,1f28fbdb8fc1aea5c7a4ef7cfd7e56128763ce476fc6d13e43a757b89aa51478,True,True
numerical_validation/analysis/z_continuation_vs_asymptotics.csv,z_continuation_vs_asymptotics.csv,7042,333b859a36c0bb27d9538d37408800b0ad6ef71700cfd197fce8937b1e285afb,True,True
numerical_validation/figures/inputs/fig7_phase_resolution.pdf,paper/figures/fig7_phase_resolution.pdf,27690,277a78c9f4f5353a94dac5199f0bc95a334173c78dcb95c4996c441b81bac8c9,True,True
numerical_validation/figures/make_revision_figures.py,paper/figure_scripts/make_revision_figures.py,20196,e8e3da49178d9f92a9844dbc60f3ce872e1416bbdda4bc15eba40fb5b2388b5d,False,
replay/README.md,,915,3d3c792d8f9f8faa1a73d4fd100742b224be042676f04c547f22f7bdae30645f,False,
replay/frozen_output_hashes.json,,236,ad49e47bba0e60b6988d518f9dfd880727a3b2c38962d4645e4604e298edc8a6,False,
replay/records/linux_wsl_2026-09-28/README.md,paper/freeze_records/linux_replay_2026-09-28/README.md,4414,b877aec29f86391b38313b3dffad09e10f49ffd3ed9e7614b87322099eae6368,False,
replay/records/linux_wsl_2026-09-28/environment.json,paper/freeze_records/linux_replay_2026-09-28/environment.json,3596,e347785b19a0ee771f361477a46be726c14dc66183bc66860c7836cc8f84fab4,False,
replay/records/linux_wsl_2026-09-28/figure_regeneration.json,paper/freeze_records/linux_replay_2026-09-28/figure_regeneration.json,2554,b2281b9dbfc867022f0e302fcb763385039a5cdf74204d817d4a4eda6f73c231,False,
replay/records/linux_wsl_2026-09-28/figure_trace.json,paper/freeze_records/linux_replay_2026-09-28/figure_trace.json,2320,a790d76e120e7f2708e2fbad39398418bc232fe7c8aa03048b8aea55b534d4f9,False,
replay/records/linux_wsl_2026-09-28/logs/R1_arb_finite_z__stage12_cover_audit.log,paper/freeze_records/linux_replay_2026-09-28/logs/R1_arb_finite_z__stage12_cover_audit.log,4031,c43ace083f97ed03bd39e98ce15febb6cbc0097602e6eb39cd83ea59fc22e4c8,False,
replay/records/linux_wsl_2026-09-28/logs/R1_arb_finite_z__stage12_full_arb_replay_21.log,paper/freeze_records/linux_replay_2026-09-28/logs/R1_arb_finite_z__stage12_full_arb_replay_21.log,1485,7a8617175a8be783ca7c64b827afcb4005d1ba2da051ccf84073b2089d321be5,False,
replay/records/linux_wsl_2026-09-28/logs/R1_arb_finite_z__stage12_full_arb_replay_31.log,paper/freeze_records/linux_replay_2026-09-28/logs/R1_arb_finite_z__stage12_full_arb_replay_31.log,1147,56471af86dc78d0be856fb20ae4f9e024705a4a59ebdadc71ccb59a4d39bc081,False,
replay/records/linux_wsl_2026-09-28/logs/R2_generalN__stage12_generalN_11.log,paper/freeze_records/linux_replay_2026-09-28/logs/R2_generalN__stage12_generalN_11.log,1676,b23982de9ad72e495b62a89e16b478e5ecd2c72f64cd10139372bb82d0a06dac,False,
replay/records/linux_wsl_2026-09-28/logs/R2_generalN__stage12_generalN_15.log,paper/freeze_records/linux_replay_2026-09-28/logs/R2_generalN__stage12_generalN_15.log,1643,568add61cdf4362c1b2346c8c7d059bd03c78a56dcd8ea5c602e904be7b4dae9,False,
replay/records/linux_wsl_2026-09-28/logs/R2_generalN__stage12_generalN_21.log,paper/freeze_records/linux_replay_2026-09-28/logs/R2_generalN__stage12_generalN_21.log,1702,789a6270233536fb08dff9a506678bf49c1715d2f18886464e27d5eb294615af,False,
replay/records/linux_wsl_2026-09-28/logs/R2_generalN__stage12_generalN_31.log,paper/freeze_records/linux_replay_2026-09-28/logs/R2_generalN__stage12_generalN_31.log,1663,d0899060ed68f3ecdc93a613ec78a19ddadc9a194ebb8c96a8caa9f85e763f3f,False,
replay/records/linux_wsl_2026-09-28/logs/R2_generalN__stage12_generalN_41.log,paper/freeze_records/linux_replay_2026-09-28/logs/R2_generalN__stage12_generalN_41.log,1571,bd201e383cf62093020b942ab60f3b3b9c107ed27c6f1f4b2cc1eb2d1c1cceac,False,
replay/records/linux_wsl_2026-09-28/logs/R3_continuum__stage14_continuum.log,paper/freeze_records/linux_replay_2026-09-28/logs/R3_continuum__stage14_continuum.log,1675,18f59d9231c7e54d915dba4cfc46c5c6aa8e2020795e97db193f81d482b48969,False,
replay/records/linux_wsl_2026-09-28/logs/R3_continuum__stage14_continuum_endpoint_interval.log,paper/freeze_records/linux_replay_2026-09-28/logs/R3_continuum__stage14_continuum_endpoint_interval.log,2222,49e9a79ea9d40c0436ba9ffbcd9901919c6318784a233bb1a0d3180a1c63cc97,False,
replay/records/linux_wsl_2026-09-28/logs/R3_continuum__stage14_continuum_global_hybrid.log,paper/freeze_records/linux_replay_2026-09-28/logs/R3_continuum__stage14_continuum_global_hybrid.log,2045,899033776276d3d49a16db9e9366067c6eaffef8a63ad06d00f0d8d104ab7ee2,False,
replay/records/linux_wsl_2026-09-28/logs/R3_continuum__stage14_continuum_interval.log,paper/freeze_records/linux_replay_2026-09-28/logs/R3_continuum__stage14_continuum_interval.log,3318,e88ce9b07e190c879cbb79e968e1597289179cdeafe011831e80ecb436b9ebc7,False,
replay/records/linux_wsl_2026-09-28/logs/R3_continuum__stage14_replay_global.log,paper/freeze_records/linux_replay_2026-09-28/logs/R3_continuum__stage14_replay_global.log,565,10adab3b32cd41cc728336219bd0b986c05322d7bbace06d50c40163169e8147,False,
replay/records/linux_wsl_2026-09-28/logs/R4_independent_arb_N0__stage16_independent_arb.log,paper/freeze_records/linux_replay_2026-09-28/logs/R4_independent_arb_N0__stage16_independent_arb.log,1842,82bdef3868037b45212dc06317bcae27cb5ee695464fdb88556a2228f55f592b,False,
replay/records/linux_wsl_2026-09-28/logs/R5_largeN_floor_10001__stage17_annotate_condition_thresholds.log,paper/freeze_records/linux_replay_2026-09-28/logs/R5_largeN_floor_10001__stage17_annotate_condition_thresholds.log,0,e3b0c44298fc1c149afbf4c8996fb92427ae41e4649b934ca495991b7852b855,False,
replay/records/linux_wsl_2026-09-28/logs/R5_largeN_floor_10001__stage17_largeN_margin_summary.log,paper/freeze_records/linux_replay_2026-09-28/logs/R5_largeN_floor_10001__stage17_largeN_margin_summary.log,1403,d88ac4ad1591fc900cac1529d37177f4b38fb09ddad075d4807770455b6523c1,False,
replay/records/linux_wsl_2026-09-28/logs/R5_largeN_floor_10001__stage17_refine_uniform_10001.log,paper/freeze_records/linux_replay_2026-09-28/logs/R5_largeN_floor_10001__stage17_refine_uniform_10001.log,175,9a7ec41ffe5242297d0c61b2829d71a038448f47d46fe9e82d84030c15db268a,False,
replay/records/linux_wsl_2026-09-28/logs/R5_largeN_floor_10001__stage17_uniform_trial_10001.log,paper/freeze_records/linux_replay_2026-09-28/logs/R5_largeN_floor_10001__stage17_uniform_trial_10001.log,2344,806e0dca56283c7edafa7ad25854cf60bf018e63a8c43fa2655ca137742c38ca,False,
replay/records/linux_wsl_2026-09-28/logs/R5_largeN_floor_10001__stage17_write_largeN.log,paper/freeze_records/linux_replay_2026-09-28/logs/R5_largeN_floor_10001__stage17_write_largeN.log,3095,9504a5f4545a0ae03a7c9e46c0784592c8117057f40254bbcc9b48b8e998b7e7,False,
replay/records/linux_wsl_2026-09-28/logs/R6_finite_width_eps_0p035__stage17_epsilon_coeff_crosscheck.log,paper/freeze_records/linux_replay_2026-09-28/logs/R6_finite_width_eps_0p035__stage17_epsilon_coeff_crosscheck.log,365,54866f2bf21c57684432c7488f3aa3f5792baae7ce8dc6f73cf7c9f4fa8bcffe,False,
replay/records/linux_wsl_2026-09-28/logs/R6_finite_width_eps_0p035__stage17_epsilon_coverage_audit_0p035.log,paper/freeze_records/linux_replay_2026-09-28/logs/R6_finite_width_eps_0p035__stage17_epsilon_coverage_audit_0p035.log,418,ba18f63e711bfbe33b8a0e5d314127129a92978be21d6c5acee6a8febafa96e8,False,
replay/records/linux_wsl_2026-09-28/logs/R6_finite_width_eps_0p035__stage17_epsilon_inner_tiled__0p035_3000000.log,paper/freeze_records/linux_replay_2026-09-28/logs/R6_finite_width_eps_0p035__stage17_epsilon_inner_tiled__0p035_3000000.log,1695,770526b31f7a68250c9e4c66e2839c538e6a6b3896589044523a2ff9809ad8d7,False,
replay/records/linux_wsl_2026-09-28/logs/R6_finite_width_eps_0p035__stage17_epsilon_joints__0p035.log,paper/freeze_records/linux_replay_2026-09-28/logs/R6_finite_width_eps_0p035__stage17_epsilon_joints__0p035.log,1838,ca190cdda21e13a009b557bb05dbbcec83a5a237dae61b835cecb116714e6a48,False,
replay/records/linux_wsl_2026-09-28/logs/R6_finite_width_eps_0p035__stage17_epsilon_refine_0p035_14287.log,paper/freeze_records/linux_replay_2026-09-28/logs/R6_finite_width_eps_0p035__stage17_epsilon_refine_0p035_14287.log,57789,9f2c239ef98d054f608810eade3f6af9b90b7b40b453849133efb842c934c173,False,
replay/records/linux_wsl_2026-09-28/logs/R6_finite_width_eps_0p035__stage17_epsilon_root_tiling_0p035_4096.log,paper/freeze_records/linux_replay_2026-09-28/logs/R6_finite_width_eps_0p035__stage17_epsilon_root_tiling_0p035_4096.log,3749,d4d05567295dc988f6e3d74efa7075cdd7ccf3bdccef9b309387d7974ff86fd7,False,
replay/records/linux_wsl_2026-09-28/logs/R6_finite_width_eps_0p035__stage17_write_epsilon_certificate_0p035.log,paper/freeze_records/linux_replay_2026-09-28/logs/R6_finite_width_eps_0p035__stage17_write_epsilon_certificate_0p035.log,1960,dad676af6256a2154dca316ae3ebfe25862465074d4a80206583ff05ee49ba7d,False,
replay/records/linux_wsl_2026-09-28/logs/R7_lower_transition__stage13_build.log,paper/freeze_records/linux_replay_2026-09-28/logs/R7_lower_transition__stage13_build.log,3095,d047cd42c1f0932e8c17786f468bc6d033b43b157b51b939bae01c14de9f4107,False,
replay/records/linux_wsl_2026-09-28/output_comparison.json,paper/freeze_records/linux_replay_2026-09-28/output_comparison.json,16709,0e96421c52f69a8251196da42171666026e52d49ed1fc6f4038e9ea3179f7b46,False,
replay/records/linux_wsl_2026-09-28/replay_state.json,paper/freeze_records/linux_replay_2026-09-28/replay_state.json,5919,aedb943cf8bef84f9c15ce31ab3d77d9bfe1e8aa77e2d724430e02927f650281,False,
replay/records/linux_wsl_2026-09-28/sandbox_info.json,paper/freeze_records/linux_replay_2026-09-28/sandbox_info.json,2315,2246a30033504cf27ae98147002c6e876f455855d8620c37e18eb6de9646fbc4,False,
replay/records/linux_wsl_2026-09-28/trace_summary.json,paper/freeze_records/linux_replay_2026-09-28/trace_summary.json,6675,a9616c6a241a2aff62af221795f6cc494776a5dd42ab478d4223a1a0b64af958,False,
replay/replay_and_compare.py,,23613,fe4efa0b64f53061d6c7029aa74c76af09436ab0ad2c14c40a8d8cf5f8816be6,False,
replay/workspace_map.csv,,233463,1a9fdaf2061f1d53f3eb0832694f85858d171ed20c8475ae93f92359d9b2a4da,False,
requirements.txt,,386,5d76492f3cd370ab20329f31686bdf80e831cb6adaf27bd747b7d2196c78eff5,False,
src/README.md,,1760,9fbe0a1e6abe7064bcc7cb9900ad3b4805daad32e8922ef14576322944fe7a77,False,
src/analysis/kcheck.py,paper/freeze_records/tools/kcheck.py,2436,c3916958da29f30bca7469868b029af4d43cb4d5ce0ef43e86e0391b39fba764,False,
src/analysis/stage11_revision_figures.py,stage11_revision_figures.py,3011,02cc7c6e3d917f5f5a5225a8d97e2111c94367e196f16491e831bce12a3d5389,True,True
src/analysis/stage12_branch_continuation.py,stage12_branch_continuation.py,4573,213e1b4423d9a5e1af52cbb91e6d66de2602053e14328c3c986bccc91a6a4630,True,True
src/analysis/stage12_constrained_check.py,stage12_constrained_check.py,994,6856ec3e39d566636001d03bb47df5c50510670fd36ecde1a457c28153fb114b,True,True
src/analysis/stage14_asymptotics.py,stage14_asymptotics.py,4856,ab5a6d6c7454a6b84d9367f3e50fde9eb1008add6318b2d21b0698aa65e749e4,True,True
src/analysis/stage15_asymptotic_data.py,stage15_asymptotic_data.py,2942,d1a23e9cd6d66d4ac5ddb7dad3cd002b383da27eafbc5530d804b5a29ada561c,True,True
src/analysis/stage16_symbolic_asymptotics.py,stage16_symbolic_asymptotics.py,4162,f358cb0217663bc8dbb953a5cec8a177952ee20490bffc62459623e2d31c6d6b,True,True
src/analysis/stage18_p_bridge_numerical.py,stage18_p_bridge_numerical.py,3114,fe1bc8adfec87a617a515f243b5e502ff58c2521fe64bcd54a916b56bc154f97,True,True
src/analysis/stage18_slab_pilot.py,stage18_slab_pilot.py,2659,89259adc53aee74302068c163462fb1edca1d2e3aab59d93236f3774b0d6ff92,True,True
src/analysis/stage18_write_certificate.py,stage18_write_certificate.py,6228,70df375b010fc0170c565f5c3827c5770fc0c875b89d849087a0afe8d8e38694,True,True
src/analysis/stage20_noise_width_uncertainty.py,stage20_noise_width_uncertainty.py,1380,e520028cf0092101ba648405211ada87cdb1249bd751b445ffb152b8e336ef96,True,True
src/analysis/stage21_order_selection.py,stage21_order_selection.py,5979,648f60671b1e84be17569af0fa3eaac7306454a964ac552e4eafc30c914d9639,True,True
src/analysis/stage21_z_figure.py,stage21_z_figure.py,2365,1299ced9e0d13ed9f9b41aa7211990785acc1b585b510f099d198e74dbc2a7d3,True,True
src/analysis/stage22_b_map.py,stage22_b_map.py,8051,51f3bfe80f96b942dce3282c52ec63b25289a76e3bc8e5abdae384fc78427618,True,True
src/analysis/three_to_two_tone_stage4_continuation.py,three_to_two_tone_stage4_continuation.py,3003,0e69a7b5d70917b7a3c765fe89612e7b216b45ff94d7d5a7713f9ca1765ebb24,True,True
src/analysis/three_to_two_tone_stage4_interval_curve.py,three_to_two_tone_stage4_interval_curve.py,5920,830637a11ebd0a28d661fb02a742bc235177b85eee4f55dbf1192ee8569f96b3,True,True
src/analysis/three_to_two_tone_stage5_core.py,three_to_two_tone_stage5_core.py,2732,6ac06cdf73e77eec8992d3519c280bbb6fccf9c53f8f0a889d0714e6768e0f85,True,True
src/independent_arb/stage12_arb_backend.py,stage12_arb_backend.py,4678,d8461358b25e6eeb272d33cee09fc00292e4528126000c9272b46ddd9bae1b3b,True,True
src/independent_arb/stage12_cover_audit.py,stage12_cover_audit.py,3334,2f80d793135512942b19afb197c561d10904d8cbca6383ea161db91187a2641b,True,True
src/independent_arb/stage12_full_arb_replay.py,stage12_full_arb_replay.py,9697,24cb03b899aeb0457fa40e8841efd46571e9f32f1bcef835787d760dd09f64b6,True,True
src/independent_arb/stage12_reports.py,stage12_reports.py,12737,3e11d70bbcc30931b164b8c5d34315abd00bacf6ca29e75f78d6279d538b4e7e,True,True
src/independent_arb/stage16_independent_arb.py,stage16_independent_arb.py,15428,631180147be0603aa598e51f930791b7a4fea8dde217bf1bf76f2b8ab6f507bd,True,True
src/independent_arb/stage23_b_arb_replay.py,stage23_b_arb_replay.py,2562,10f1a6950cde3ec85bcfab61b46e26f6f64ccd5973f420117ba33a70d086180e,True,True
src/primary_interval/stage12_generalN.py,stage12_generalN.py,6130,ec27e25cd2b6814153430b1bac231b409a2461793eaeb080f40218c25da681f6,True,True
src/primary_interval/stage13_build.py,stage13_build.py,8037,d2096f1147323b6d7a94d8296dd075f8e311a9afdb388bd01726d97ba7af9b30,True,True
src/primary_interval/stage14_continuum.py,stage14_continuum.py,3380,f712b853d536576b048d65fe8d282c6284ad68a159dbae847a85c6c4ca89253a,True,True
src/primary_interval/stage14_continuum_endpoint_interval.py,stage14_continuum_endpoint_interval.py,1323,604ded2874de3547e27d2adce4c533f9e13662a02fb8de36f9606e0270ab0888,True,True
src/primary_interval/stage14_continuum_global_hybrid.py,stage14_continuum_global_hybrid.py,4436,0decbf870a7a67cf876d0ba05ea337624c54a11c479118a9ad05aa1e15e41176,True,True
src/primary_interval/stage14_continuum_global_interval.py,stage14_continuum_global_interval.py,5612,f7b38231963ee1fd3576381a0908e727151c8064588cb0fbee64ee933a1298e6,True,True
src/primary_interval/stage14_continuum_interval.py,stage14_continuum_interval.py,2802,ac0857e51d5cae387c8c3d7ad25f47a1944444ff00bccf6f7388ca3f424ac33f,True,True
src/primary_interval/stage14_replay_global.py,stage14_replay_global.py,3490,9f9fb3fd47319edfd8fad4fdb5a1ccda1dbc32328410f5ba647b2d2d9500e28b,True,True
src/primary_interval/stage15_finalize_certificate.py,stage15_finalize_certificate.py,5214,2edf762a03f787f9156d5488877dd397638c27e3cf7cedcb8b2cbd8fd63bb219,True,True
src/primary_interval/stage15_uniform_interval.py,stage15_uniform_interval.py,8897,fbec4bac781972d962babbf503c52e00a6a716981f2fb84b351e1986d8f01a60,True,True
src/primary_interval/stage17_annotate_condition_thresholds.py,stage17_annotate_condition_thresholds.py,1345,e9efb15b33e483a634a7c8221660a913365f21029eaa40207163eb45a839b5a8,True,True
src/primary_interval/stage17_epsilon_coeff_crosscheck.py,stage17_epsilon_coeff_crosscheck.py,1714,73378a4f38d214eb7fe301bc9e2cab5a376de64969b728da5ef06cea033ba1b2,True,True
src/primary_interval/stage17_epsilon_coverage_audit.py,stage17_epsilon_coverage_audit.py,3884,6dfaaff7ab5f515686de171a6d1f5dc39b6c2027a39c60c829e3a33f4eb7fd3f,True,True
src/primary_interval/stage17_epsilon_inner_tiled.py,stage17_epsilon_inner_tiled.py,5753,b7d30886abf87fa40303739d540f0f1382091189763c0063457662bdac5c275c,True,True
src/primary_interval/stage17_epsilon_joints.py,stage17_epsilon_joints.py,2945,7a7b23b229d0e52659cc09ad59747e65e4f10d137d028f39439c999053b2ac1c,True,True
src/primary_interval/stage17_epsilon_quadratic_trial.py,stage17_epsilon_quadratic_trial.py,4836,54d7df2de372f4dc4e87c7647a9efad733d98880fb3753afad871f56d9447aa5,True,True
src/primary_interval/stage17_epsilon_refine.py,stage17_epsilon_refine.py,2596,af0540d3f64d2b4f505f19e0c56f0e40a5c2efc5c51c19e18e8162ca7cf5a0a1,True,True
src/primary_interval/stage17_epsilon_root_tiling.py,stage17_epsilon_root_tiling.py,2615,77cbee8cd0ad4671f9171208d5ebc151390dea113f70a65b229bfbdea30797ba,True,True
src/primary_interval/stage17_kernel_bound.py,stage17_kernel_bound.py,1050,ae7cfb3dd06c10a077f0bae109171fe92acabeb44220c08630239e5ac019b696,True,True
src/primary_interval/stage17_largeN_margin_summary.py,stage17_largeN_margin_summary.py,1871,10a61b26d9735d3fe11f5e41f9378293096341862515d00e8b637a6825e70240,True,True
src/primary_interval/stage17_parametric_jet.py,stage17_parametric_jet.py,762,a097e32460edffe9aa57bac93fc68dfd8cc1e45d5dc9b5ef01dece0416baed7f,True,True
src/primary_interval/stage17_refine_uniform.py,stage17_refine_uniform.py,2113,1de9c6c152892e46c6d4b475359d91160ae33a2642e29ce851c006c21e6d251b,True,True
src/primary_interval/stage17_uniform_trial.py,stage17_uniform_trial.py,9281,187e57e84e4d925d6c7844668bacad696c8ff72cf1215ec979d542b8d4b8d83f,True,True
src/primary_interval/stage17_write_epsilon_certificate.py,stage17_write_epsilon_certificate.py,10280,8eb0ed83e3cfac976c29599ac57d8f4b75962784a88745de892f2253ecf7096e,True,True
src/primary_interval/stage17_write_largeN.py,stage17_write_largeN.py,5445,527f4bb756735f57262782d2954a1563ff2f639e3beecb8677a2f53c540ef846,True,True
src/primary_interval/stage7_n31_certificate.py,stage7_n31_certificate.py,12489,79c70803a1878019e6d8600b84d62fc8c9c0c2903bbcb381324bbd8a77e495de,True,True
src/primary_interval/three_to_two_tone_branch_study.py,three_to_two_tone_branch_study.py,12542,508cb2ac70eb39ef145230dfb645787c04b5cc7a42a0cce07f170c7b577a2179,True,True
src/primary_interval/three_to_two_tone_explore.py,three_to_two_tone_explore.py,2306,c2b92844c9b67e38272b172966342312c0f0e14d3cc7aff24a35919eb43d530e,True,True
src/primary_interval/three_to_two_tone_stage1_global.py,three_to_two_tone_stage1_global.py,6393,ec593f69463e1ce14bd273e461f610019ab0acb704fdcde62b89ef024890decb,True,True
src/primary_interval/three_to_two_tone_stage2_inner_global.py,three_to_two_tone_stage2_inner_global.py,6233,010b994bc48bfda7e2fbe5451e2ce26d2e742b138b4853f1a1fc9afeb857b3e2,True,True
src/primary_interval/three_to_two_tone_stage2_interval.py,three_to_two_tone_stage2_interval.py,4303,55900100bbb56bef5e3bd7c3f97ee98c4a8a9b332ae93dcd35886658a68a9e05,True,True
src/primary_interval/three_to_two_tone_stage2_krawczyk.py,three_to_two_tone_stage2_krawczyk.py,3359,7703d3f4e3c74262b1437ee6c6529f08d392d8c48835e2e3ff39be3c4f818853,True,True
src/primary_interval/three_to_two_tone_stage2_outer_global.py,three_to_two_tone_stage2_outer_global.py,5216,46fb802b4a8bcd11c1c19c66f7e2b925a2500f8fb8d46ad787e58a68ff122b45,True,True
src/primary_interval/three_to_two_tone_stage3_full_crossings.py,three_to_two_tone_stage3_full_crossings.py,3273,78dd453283104bb18fc210e1512c690358067e06b4f3c75a7a764d453950a137,True,True
src/primary_interval/three_to_two_tone_stage3_tangent.py,three_to_two_tone_stage3_tangent.py,2963,6c0a44a8d94f7e88a9b5f6e20624c26d43509339d737e52f2071380021a571d0,True,True
src/primary_interval/three_to_two_tone_stage3_tangent_interval.py,three_to_two_tone_stage3_tangent_interval.py,4085,5b3bc54f38b3052a15a250c9226e23939c750bcd79cc50129929606f3857bdb6,True,True
src/provenance/stage10_replay_compare.py,stage10_replay_compare.py,3607,799d45acc0e4db4010ffcdb14d5fa28c2bcaa1e139845f92a8ef5e0e290a0c8e,True,True
src/provenance/stage10_replay_n21_large.py,stage10_replay_n21_large.py,825,a4dfc007cb91a02493220549b1fd631ca28d93ab6afc37b410d759b4235a7743,True,True
src/provenance/stage10_replay_runner.py,stage10_replay_runner.py,3141,53225d14f7a4b4eae9326132ab50aa5d258ab7102b4ce41dbc04badf323f149c,True,True
src/provenance/stage11_finite_epsilon.py,stage11_finite_epsilon.py,5350,da7fb958e032be212fe7694b6bac75abcffaac1d1070c9fe480e698843b954b7,True,True
src/provenance/stage11_leakage_audit.py,stage11_leakage_audit.py,2430,81ade3be2cec3dc20ef3e5b609ec699096775fe094d8bc148c89670ad8b3c1d5,True,True
src/provenance/stage11_phase_resolution.py,stage11_phase_resolution.py,5678,914c64a20b247d0f1d977251b6e548410b5485f8260a7946e03befcf1cb4b247,True,True
src/provenance/stage11_phase_validation.py,stage11_phase_validation.py,3878,22b2a2216ea81fa084623832acb52b23f58dce61702a317a9334ac30b599dded,True,True
src/provenance/stage11_resolution_boundary.py,stage11_resolution_boundary.py,3893,4c4f7a42d39782a5b8fc0d0da226b970ff7dd230b299f475f364c688de86cd2a,True,True
src/provenance/stage11_resolution_closure.py,stage11_resolution_closure.py,668,cb64e6209311c77be5f0596d5f6200b6ebe57120845a0e3c9e71e164ba842745,True,True
src/provenance/stage11_revise_manuscript.py,stage11_revise_manuscript.py,18390,2a8f28236b2cf8870afbb53f59283aa2025845d11ff856bdc80ab5febd7b4fa1,True,True
src/provenance/stage11_supplement_content.py,stage11_supplement_content.py,19623,cd3bd7887312a99afe5a204fac5852dd52ed7fdf5fa573f8686fb9bd10161238,True,True
src/provenance/stage11_tangent_crosscheck.py,stage11_tangent_crosscheck.py,847,b0f0f15f6fd8883387b6a27de24621f42cf84220fd6a3f5342ad00331b95a9da,True,True
src/provenance/stage11_tangent_global.py,stage11_tangent_global.py,5329,496defcb69222dbcf0c71c766864f9685bd26c2f9ead6904128156637a1f65b7,True,True
src/provenance/stage11_write_reports.py,stage11_write_reports.py,41943,45982d565069ae91385be9fd428e2784ee1cbe0973beead59e51bc40a61dc31d,True,True
src/provenance/stage12_contact.py,stage12_contact.py,497,f2817b56c7322bf61342d8abc6e78b8b48177b17066c2cb6bb9de7432f7b6fd9,True,True
src/provenance/stage12_final_check.py,stage12_final_check.py,1109,965dfeaad0ca6b8c4c62a708330d799dc1a22e4457bd7c966d22dc48c2590159,True,True
src/provenance/stage12_final_contact.py,stage12_final_contact.py,488,e5b2f891b9477ddb72f738726704dadb53c428876eafa78edfdb51f2d9fcaf7b,True,True
src/provenance/stage12_manifest.py,stage12_manifest.py,4061,b07b1a2b6ca8df4544d3e20178ac5502fd8fe7ed74907a14469a68d86cf99a2b,True,True
src/provenance/stage13_explore.py,stage13_explore.py,3173,84c36c3a88af7ddb186fdbf8f60741e74f5f5809fbbb00c8df2a6988dd134376,True,True
src/provenance/stage13_interval_points.py,stage13_interval_points.py,1266,459906598d8ae08f14cd342040b5d85739f8abe2587028ae741425648271a840,True,True
src/provenance/stage14_trim_manuscript.py,stage14_trim_manuscript.py,2357,3139a02a926dc928209c063aa6c55e078194354f7e097fc56a0b82f9777d7f6c,True,True
src/provenance/stage15_margin_audit.py,stage15_margin_audit.py,1544,939e8ebf0bbaf44bfb09a2fb3e5ca234ccfbbb351f57aba9f262310124270726,True,True
src/provenance/stage15_update_manuscript.py,stage15_update_manuscript.py,2936,d24cd6226a8dad9f64069f8e3ed0fbcbfd5d61b701dcbf90917958ad1540fd7d,True,True
src/provenance/stage16_artifact_manifest.py,stage16_artifact_manifest.py,3563,9279c1a932bb67d627533f307ce9b37c4810876c6be3af01de23d2f8896cf28c,True,True
src/provenance/stage17_build_manifest.py,stage17_build_manifest.py,2343,98f7b7eca1f4b5a2d31bff17cd4066cb3d7fd8b49e700da1ea71fd48f7cb69a8,True,True
src/provenance/stage17_epsilon_inner.py,stage17_epsilon_inner.py,4605,dd03b7a6c026964b0221476cdade0528fd3b5bed0de0912c6434bbe78c3dc2fc,True,True
src/provenance/stage17_epsilon_local.py,stage17_epsilon_local.py,2764,ef94ae24666e35f754111be6d506e8779a1fe21e6288f22ab86b70e3abf09408,True,True
src/provenance/stage17_inner_accounting.py,stage17_inner_accounting.py,5629,f01e12a2d6405a2bffd4210d8379f939ff3dcdd288d32af07b27df7ba19d38be,True,True
src/provenance/stage17_tangent_landscape.py,stage17_tangent_landscape.py,2045,ac854c29c566f0794e45bfc82de7a2b3c608693604f80bb2ec1b260781efe2dd,True,True
src/provenance/stage20_fixed_delta_map.py,stage20_fixed_delta_map.py,1887,542df9e7a2e2c297d360d9abb9a15521ff512fdc7028e1aa85428cf56669c4c7,True,True
src/provenance/stage20_phase_regimes.py,stage20_phase_regimes.py,7153,ef7c4999697d0f6eb2a8b63df491a624dff54b5060a8a686e4aa7bfb4bec6d75,True,True
src/provenance/stage23_b_interval.py,stage23_b_interval.py,8241,8a4b8c553f9dd61c92d49a3729eae8c775d99809fd69b1b3bd7574f4c452436e,True,True
src/provenance/stage23_estimator_analysis.py,stage23_estimator_analysis.py,6738,d9a9352f2d124d7fee5fd8346f7eb9fa84b9ca87b06468bd8ec41a3d315eadea,True,True
src/provenance/stage23_window_study.py,stage23_window_study.py,5765,c486bce9313f45793d340286461c232eedda6a02db57fe6afea04580092004b2,True,True
src/provenance/stage7_manuscript_update.py,stage7_manuscript_update.py,8414,fd36ad5351e7333ba6c91c974749b3fe15e3240aa4b2c901acf67c11f705398b,True,True
src/provenance/stage7_n31_inner_log.py,stage7_n31_inner_log.py,1370,cd183d1271e54c57f49b7905f1acac6f527a34f47045209543c51fc54622d670,True,True
src/provenance/stage9_mpfr_spotcheck.py,stage9_mpfr_spotcheck.py,16925,b0060afe3cde2f340a101d3c4028984975187495c2b990e2e66005f7267c4b12,True,True
src/provenance/three_to_two_tone_global_checks.py,three_to_two_tone_global_checks.py,2479,a359510721e327bfad7942d9b9c8b39dfd4275473f5cff2f466bf562fb98ad7e,True,True
src/provenance/three_to_two_tone_stage1_analysis.py,three_to_two_tone_stage1_analysis.py,11939,03357189c6b7f0e13fb7d87974c6776895e09acf4498dfca28ddd1e677b6b01b,True,True
src/provenance/three_to_two_tone_stage1_asymptotic.py,three_to_two_tone_stage1_asymptotic.py,1586,c90778df6206bc9dcef2c0cbf2136f11c143bf444579fa8abc2cdf3ec5e2f14c,True,True
src/provenance/three_to_two_tone_stage1_high_precision.py,three_to_two_tone_stage1_high_precision.py,1436,ad3844420d777231934189391e6852d3569e00370eb73036de5f322a19776031,True,True
src/provenance/three_to_two_tone_stage1_stationary.py,three_to_two_tone_stage1_stationary.py,3526,79d888f33704687eacfcb5ee7e277bae98979c555dc4ca96e7f56372975fe2a6,True,True
src/provenance/three_to_two_tone_stage1_tight_check.py,three_to_two_tone_stage1_tight_check.py,1354,f27823978a054fdd4f93485b14d908e050fe1133e0fedb5c03ea25c9b3972a1a,True,True
src/provenance/three_to_two_tone_stage2_cell_audit.py,three_to_two_tone_stage2_cell_audit.py,3565,97a8a978f554002dffc0e8d7784937a7a7da7ccec8c78ef5bff5069ce7cd5b44,True,True
src/provenance/three_to_two_tone_stage2_certificate_build.py,three_to_two_tone_stage2_certificate_build.py,4226,c7f3e8b98e2d501b70be96288e0517933821706a4b0ca24b9a8a1dc580798faa,True,True
src/provenance/three_to_two_tone_stage2_crossing.py,three_to_two_tone_stage2_crossing.py,2855,c509d403fe76836adf62947dbcd75c1685ffe1d3e206984293cc5b56f02bbda7,True,True
src/provenance/three_to_two_tone_stage2_crossing_global.py,three_to_two_tone_stage2_crossing_global.py,2331,528e0725aa9f053b35bff186104d15759bef35f7443d98b27241299ac2d449af,True,True
src/provenance/three_to_two_tone_stage2_figures.py,three_to_two_tone_stage2_figures.py,6850,ac2d71d4da2d669845e1383912b3caa4cd633e21a006b5b240862b53e611d0ef,True,True
src/provenance/three_to_two_tone_stage2_reference.py,three_to_two_tone_stage2_reference.py,2110,cbe22af03fef3314d09e4d671d55c1cb054e8ec840cd50e6dcf3c7ef78019b40,True,True
src/provenance/three_to_two_tone_stage2_tables.py,three_to_two_tone_stage2_tables.py,2862,524a4842636c4fd074ab1a49228e777477935a133bebd55ba6b29111623ef69f,True,True
src/provenance/three_to_two_tone_stage3_certificate_build.py,three_to_two_tone_stage3_certificate_build.py,2651,c81dd1c872d52daa939aa943599acd238269f63bcfbddf72aea58d8604038473,True,True
src/provenance/three_to_two_tone_stage3_figures.py,three_to_two_tone_stage3_figures.py,3952,afbe038f4a62fe3f2939dcf0d50ed55aea8235623a9c12ff90ce9896fff90e95,True,True
src/provenance/three_to_two_tone_stage4_bottleneck_certificate.py,three_to_two_tone_stage4_bottleneck_certificate.py,2970,c10b50346cd0f59cc0e1733862e78594b11b91c31708ae6174ce1c004bb8e24d,True,True
src/provenance/three_to_two_tone_stage4_bottleneck_probe.py,three_to_two_tone_stage4_bottleneck_probe.py,3674,61e0d89162677d5b3a3dadae042e9e4214750c648c05e048db4a7fdfaab05d0b,True,True
src/provenance/three_to_two_tone_stage4_bridge_repair.py,three_to_two_tone_stage4_bridge_repair.py,2664,f1f190b025517c3783285dbff26368e19d9c3a284c701235a5a074bf18b6496f,True,True
src/provenance/three_to_two_tone_stage4_cell_optimization.py,three_to_two_tone_stage4_cell_optimization.py,5322,c164d989753b9596264a835f8ecd440b597a6d8798e011bdcf1726d7fdbf750c,True,True
src/provenance/three_to_two_tone_stage4_centered_bound.py,three_to_two_tone_stage4_centered_bound.py,5386,3275a709fd1d487c9585fa9713ef874304510e1350c37fedc4a22c47267de986,True,True
src/provenance/three_to_two_tone_stage4_diagnostic_export.py,three_to_two_tone_stage4_diagnostic_export.py,6465,9f8cf400eea7aa12d528de96f779b5a3e367121b686aa8d74e36f4204b27c352,True,True
src/provenance/three_to_two_tone_stage4_global_interval.py,three_to_two_tone_stage4_global_interval.py,7928,1d262cc355ba5e464bfabb12002bf4ed0ac64c9e2c3f7900413ed76cbb87a7a2,True,True
src/provenance/three_to_two_tone_stage4_globality_probe.py,three_to_two_tone_stage4_globality_probe.py,1662,e42fe6cb2b22bc399bc87a7c59066d127263c9a541210d507e60a317cd4908a0,True,True
src/provenance/three_to_two_tone_stage4_grid_global.py,three_to_two_tone_stage4_grid_global.py,3886,eecb7e11b12fc846ee83ab061b2ed598885255b4851a31c0b0deeffc8842a3d5,True,True
src/provenance/three_to_two_tone_stage4_inner_failure_export.py,three_to_two_tone_stage4_inner_failure_export.py,4193,08ad6dcb459663a4586fd8340031c8260d2b84796889eb56ff0b35f0d80b0c7f,True,True
src/provenance/three_to_two_tone_stage4_interval_taylor_cells.py,three_to_two_tone_stage4_interval_taylor_cells.py,5375,5f4a70cc63e4d9d4cec2a405324e30aff34e73a1de082a4e37bf189598815eb6,True,True
src/provenance/three_to_two_tone_stage4_jet3.py,three_to_two_tone_stage4_jet3.py,2110,90fd2d36995468629063e2734e7b2dc3a6bf77e4324f5e1df45bb402d9dbad38,True,True
src/provenance/three_to_two_tone_stage4_outputs.py,three_to_two_tone_stage4_outputs.py,10275,26c31cef2a7b092aeead7cc07d60f7e057fbfbd0c5873e7e3504e814a1787d64,True,True
src/provenance/three_to_two_tone_stage4_pointwise_repair.py,three_to_two_tone_stage4_pointwise_repair.py,2340,2a4f04d45caaaf833b09114bfc6bae8ae954826b854ffb04950478961b639379,True,True
src/provenance/three_to_two_tone_stage4_refine_inner_failures.py,three_to_two_tone_stage4_refine_inner_failures.py,4934,83557b8e880d08df95beda100b1b3b52ef74a52f276316db0ff0f9f47aa632b0,True,True
src/provenance/three_to_two_tone_stage4_targeted_inner_boxes.py,three_to_two_tone_stage4_targeted_inner_boxes.py,1957,49129aed188c48c57af0778345dbec8d2220a79a7a7b4c1afe9e5a50d63ab23c,True,True
src/provenance/three_to_two_tone_stage4_targeted_transfer.py,three_to_two_tone_stage4_targeted_transfer.py,3855,899014f8ce02a9602dc930c4a27d05a3787a446ee96d4a9756102385cd0a5293,True,True
src/provenance/three_to_two_tone_stage4_taylor_diagnostic.py,three_to_two_tone_stage4_taylor_diagnostic.py,3715,2bc128dbf7cd1893ae40702ae277dfd8893ed072e65791346a140ac0305a6347,True,True
src/provenance/three_to_two_tone_stage5_asymmetry.py,three_to_two_tone_stage5_asymmetry.py,5174,bd9f87be1d65c6e18dce2d06d414ca96792b33d10afd3b3bd9a9a5bfdff9e281,True,True
src/provenance/three_to_two_tone_stage5_crossn.py,three_to_two_tone_stage5_crossn.py,3460,4435f6c8c2dbdf1969e4ae4dfc93f8a2c749c99f747e7fc7dbfe3cee69543fd1,True,True
src/provenance/three_to_two_tone_stage5_crossn_globality.py,three_to_two_tone_stage5_crossn_globality.py,1748,60e48c37343a5c12e13d40a818c58bcba60f7f0214a9f66730b2c7f4f95b1834,True,True
src/provenance/three_to_two_tone_stage5_figures.py,three_to_two_tone_stage5_figures.py,6229,61aaeafc9f205311aeb7c4589f4d70528f38ed979bb0f6b31723a6771dfa4f0f,True,True
src/provenance/three_to_two_tone_stage5_local_covariance.py,three_to_two_tone_stage5_local_covariance.py,2057,cbc0aa85ea1d8422d0a197648c3fbddb6faf363ff325edb108ed27f569929ebc,True,True
src/provenance/three_to_two_tone_stage5_mse_decomposition.py,three_to_two_tone_stage5_mse_decomposition.py,1053,b183a1c9ae453180bb7c34928dfaa77e80469e5e81b65f721f8f313e530739e8,True,True
src/provenance/three_to_two_tone_stage5_noise.py,three_to_two_tone_stage5_noise.py,7445,30e1fefdb217d6ba582716298ab7a4537d90c66a992e18d38d7bac0112ff044a,True,True
src/provenance/three_to_two_tone_stage5_pilot.py,three_to_two_tone_stage5_pilot.py,820,6b7d2ea9c333633c5433c76c0866a6f1b7932fdfa80a731a00d289ad3448231f,True,True
src/provenance/three_to_two_tone_stage5_transition_scaling.py,three_to_two_tone_stage5_transition_scaling.py,4229,738564766015ba1bf6b18e43aeeca774acfff0370eeef2419c712fe528f96089,True,True
transition_theory/00_THEORY_PLAN.md,paper/transition_theory/00_THEORY_PLAN.md,16614,9fa6965ed9e519534ca96019f781b01c0b4c312b9bb35e76520c834c4fcd5e4e,False,
transition_theory/DERIVATION.md,paper/transition_theory/DERIVATION.md,8692,1d1fb1a1bec0f84796c76f96cf5ddf95e5403db58922f257f0fde0d14c159a03,False,
transition_theory/README.md,,3127,99ee753c8b26c0eacfa318e9f9a892006a9ae1443e5c9a0a88d884b346802cb9,False,
transition_theory/RESULT_RECORD.json,paper/transition_theory/RESULT_RECORD.json,1106,bbefb0da53bd98461b6f6ff246ecdf5d93f60e1073cb577c176916d08f41ca21,False,
transition_theory/RESULT_RECORD.sha256,paper/transition_theory/RESULT_RECORD.sha256,620,51e0321fea2f5f6e97da3950ba7381a5cadde1e77869fa3595532bad0a026e75,False,
transition_theory/SEAL_1.json,paper/transition_theory/SEAL_1.json,628,adfce402b376cdf43785b6d3d2d698efbea51d7ad5155acb78973776f9ce2d40,False,
transition_theory/SEAL_1.sha256,paper/transition_theory/SEAL_1.sha256,171,6051209b333985ac5c79d7e6699703b3db4c669f56caaddc8350de9d88e7783b,False,
transition_theory/SEAL_2.json,paper/transition_theory/SEAL_2.json,2969,97a76d8c4f8bc3a7357fd1826e04062a10d7a0c65f7947f3b10a4a8414f5d5ec,False,
transition_theory/SEAL_2.sha256,paper/transition_theory/SEAL_2.sha256,1837,11ff99d6615eeb89e6957aa08ffc038ba573054308bd53964e928740d3b67f47,False,
transition_theory/VALIDATION_REPORT.md,paper/transition_theory/VALIDATION_REPORT.md,22624,80ea4fe6295c980e0c326237d878015c09c1242829046197b5f4a8b2b65e1abd,False,
transition_theory/code/second_order_diagnostic.py,paper/transition_theory/code/second_order_diagnostic.py,2673,32d1f741030d6b570e415d8217d1022587dc675435d59fa12eeea02a033fbbcd,False,
transition_theory/code/transition_theory.py,paper/transition_theory/code/transition_theory.py,15880,e5f57b0fcd9fa29b1420adcea39f37e1b3b508ce864678805453a07abfb0ff55,False,
transition_theory/code/validate.py,paper/transition_theory/code/validate.py,12372,335a541f7ade2e508187915204add91aab7f0122865dd437046a39ec795cee00,False,
transition_theory/results/deterministic/checks.json,results/transition_theory/deterministic/checks.json,2042,68339c86c1ee86fcb25673a1da06545f4c058976adcb3920e5102b3dae8b7606,False,
transition_theory/results/deterministic/deterministic.json,results/transition_theory/deterministic/deterministic.json,3454,4ed0c9d74e4bf7c1e5e7d0099fcfe7f942ebd8cefd3b61026eb1ed9913febd1f,False,
transition_theory/results/deterministic/predictions.csv,results/transition_theory/deterministic/predictions.csv,21712,78f9212a20ce785128353673d4e85e429d712b14978b32b0bae4344e267ed206,False,
transition_theory/results/deterministic/second_order_diagnostic.json,results/transition_theory/deterministic/second_order_diagnostic.json,649,11eb2e1e16d1ba41ea5af9e37dd8bd7188386f95790fa86c8de324e0d6e519b9,False,
transition_theory/results/validation/comparison.csv,results/transition_theory/validation/comparison.csv,15709,365979dfca7d2bcf3991afec4beef16642b2801b67ee5856fd954e90a08c9fb5,False,
transition_theory/results/validation/transition_theory_validation.pdf,results/transition_theory/validation/transition_theory_validation.pdf,28385,33bc676538a3c91cae2858d10a799e61fb833003cfd9ee9b7f18fd495516dfdb,False,
transition_theory/results/validation/transition_theory_validation.png,results/transition_theory/validation/transition_theory_validation.png,142184,d7ae6ed8241ce9b332897bfa10eee0ea0290b8fe0b65f16bcb23de6c74400e95,False,
transition_theory/results/validation/validation.json,results/transition_theory/validation/validation.json,6298,40e677c2c7ad1cf3899d0b0d7ed4dad87985443d0e12d111d9a0d6329ef1dd8c,False,
transition_theory/transition_spec.json,paper/transition_theory/transition_spec.json,7825,ea5f3d71b4aee6d8625ead0f9bc91c488b8888bf0c42e2cf5f40d601c6e8d0be,False,
