label,branch,depth,u1_lo,u1_hi,u2_lo,u2_hi,status,J_lower,gradient_exclusion
crossing,A,7,-2.982308146750305,-2.732308145500305,2.1135741200336811,2.6135741225336811,objective_excluded,"[1.4919870683363796313166983395779728909510593867867, 1.4919870683363796313166983395779728909510593867867]",
crossing,A,7,-3.232308148000305,-2.982308146750305,2.1135741200336811,2.6135741225336811,objective_excluded,"[2.1451689938752730566587170783250905713171987075783, 2.1451689938752730566587170783250905713171987075783]",
crossing,A,8,-2.982308146750305,-2.732308145500305,1.8635741187836811,2.1135741200336811,objective_excluded,"[1.7291761111088066541440759983992029283641582193852, 1.7291761111088066541440759983992029283641582193852]",
crossing,A,9,-2.857308146125305,-2.732308145500305,1.6135741175336811,1.8635741187836811,objective_excluded,"[1.4744051456572019864322444181528427277034093940595, 1.4744051456572019864322444181528427277034093940595]",
crossing,A,9,-2.982308146750305,-2.857308146125305,1.6135741175336811,1.8635741187836811,objective_excluded,"[1.5725487184675138038458682787208451320533324983468, 1.5725487184675138038458682787208451320533324983468]",
crossing,A,8,-3.232308148000305,-2.982308146750305,1.8635741187836811,2.1135741200336811,objective_excluded,"[2.1241673867043696836839397380187059020402184422799, 2.1241673867043696836839397380187059020402184422799]",
crossing,A,8,-3.232308148000305,-2.982308146750305,1.6135741175336811,1.8635741187836811,objective_excluded,"[1.4187323796576341989631479428745003918159586011043, 1.4187323796576341989631479428745003918159586011043]",
crossing,A,6,-3.732308150500305,-3.232308148000305,2.1135741200336811,2.6135741225336811,objective_excluded,"[1.6398135434328421241659114328472277597164633761286, 1.6398135434328421241659114328472277597164633761286]",
crossing,A,8,-3.482308149250305,-3.232308148000305,1.8635741187836811,2.1135741200336811,objective_excluded,"[2.6003920316275521077361239875342098154228212012843, 2.6003920316275521077361239875342098154228212012843]",
crossing,A,8,-3.482308149250305,-3.232308148000305,1.6135741175336811,1.8635741187836811,objective_excluded,"[1.7169947340612350005690803486428943066973431314488, 1.7169947340612350005690803486428943066973431314488]",
crossing,A,8,-3.732308150500305,-3.482308149250305,1.8635741187836811,2.1135741200336811,objective_excluded,"[3.1671162642617667238031539204682802688297334188674, 3.1671162642617667238031539204682802688297334188674]",
crossing,A,8,-3.732308150500305,-3.482308149250305,1.6135741175336811,1.8635741187836811,objective_excluded,"[2.0755074282966894040970578083599733240583996052196, 2.0755074282966894040970578083599733240583996052196]",
crossing,A,10,-2.857308146125305,-2.732308145500305,1.4885741169086811,1.6135741175336811,objective_excluded,"[1.5003628687842814742434801807051535255234220647039, 1.5003628687842814742434801807051535255234220647039]",
crossing,A,10,-2.857308146125305,-2.732308145500305,1.3635741162836811,1.4885741169086811,objective_excluded,"[1.3729052708783245254760574398656035351241018415232, 1.3729052708783245254760574398656035351241018415232]",
crossing,A,10,-2.982308146750305,-2.857308146125305,1.4885741169086811,1.6135741175336811,objective_excluded,"[1.5586856764407043816231788248527347437127534886557, 1.5586856764407043816231788248527347437127534886557]",
crossing,A,10,-2.982308146750305,-2.857308146125305,1.3635741162836811,1.4885741169086811,objective_excluded,"[1.4051767668758447849520962488816966027587391501763, 1.4051767668758447849520962488816966027587391501763]",
crossing,A,10,-2.857308146125305,-2.732308145500305,1.2385741156586811,1.3635741162836811,objective_excluded,"[1.2922232433068076885944483127419486577193709435819, 1.2922232433068076885944483127419486577193709435819]",
crossing,A,10,-2.857308146125305,-2.732308145500305,1.1135741150336811,1.2385741156586811,objective_excluded,"[1.2496019841897113456526998854067002767154226327192, 1.2496019841897113456526998854067002767154226327192]",
crossing,A,10,-2.982308146750305,-2.857308146125305,1.2385741156586811,1.3635741162836811,objective_excluded,"[1.3033009055036292183701711999399366815838753072193, 1.3033009055036292183701711999399366815838753072193]",
crossing,A,10,-2.982308146750305,-2.857308146125305,1.1135741150336811,1.2385741156586811,objective_excluded,"[1.2505042474623946779013557467524301173428222339307, 1.2505042474623946779013557467524301173428222339307]",
crossing,A,9,-3.107308147375305,-2.982308146750305,1.3635741162836811,1.6135741175336811,objective_excluded,"[1.2430785845385155115040670326648825003670005903514, 1.2430785845385155115040670326648825003670005903514]",
crossing,A,9,-3.232308148000305,-3.107308147375305,1.3635741162836811,1.6135741175336811,objective_excluded,"[1.3044079025354454131904568538249240140443680397602, 1.3044079025354454131904568538249240140443680397602]",
crossing,A,10,-3.107308147375305,-2.982308146750305,1.2385741156586811,1.3635741162836811,objective_excluded,"[1.3217967123915630407107425143145268808462849657921, 1.3217967123915630407107425143145268808462849657921]",
crossing,A,10,-3.107308147375305,-2.982308146750305,1.1135741150336811,1.2385741156586811,objective_excluded,"[1.2503670572159882670382715277683715958085923933665, 1.2503670572159882670382715277683715958085923933665]",
crossing,A,10,-3.232308148000305,-3.107308147375305,1.2385741156586811,1.3635741162836811,objective_excluded,"[1.3483082259444575685004945857145208213522519625399, 1.3483082259444575685004945857145208213522519625399]",
crossing,A,10,-3.232308148000305,-3.107308147375305,1.1135741150336811,1.2385741156586811,objective_excluded,"[1.2560988894750749890398838785389296834469480393687, 1.2560988894750749890398838785389296834469480393687]",
crossing,A,10,-2.857308146125305,-2.732308145500305,0.9885741144086811,1.1135741150336811,objective_excluded,"[1.229532909682271880668359943527973974924003038412, 1.229532909682271880668359943527973974924003038412]",
crossing,A,11,-2.794808145812805,-2.732308145500305,0.8635741137836811,0.9885741144086811,objective_excluded,"[1.3083934739761809708160603922508264129423786790241, 1.3083934739761809708160603922508264129423786790241]",
crossing,A,11,-2.857308146125305,-2.794808145812805,0.8635741137836811,0.9885741144086811,objective_excluded,"[1.2978187167388258580452278844667612966820287815038, 1.2978187167388258580452278844667612966820287815038]",
crossing,A,10,-2.982308146750305,-2.857308146125305,0.9885741144086811,1.1135741150336811,objective_excluded,"[1.227815533971283562354432162875545522515737800422, 1.227815533971283562354432162875545522515737800422]",
crossing,A,11,-2.919808146437805,-2.857308146125305,0.8635741137836811,0.9885741144086811,objective_excluded,"[1.2881748943392631375919297593074853859777046070033, 1.2881748943392631375919297593074853859777046070033]",
crossing,A,11,-2.982308146750305,-2.919808146437805,0.8635741137836811,0.9885741144086811,objective_excluded,"[1.2795674570035572019818958725431970173271458741395, 1.2795674570035572019818958725431970173271458741395]",
crossing,A,10,-2.857308146125305,-2.732308145500305,0.7385741131586811,0.8635741137836811,objective_excluded,"[1.2450134020041236377736976753900592154064101989186, 1.2450134020041236377736976753900592154064101989186]",
crossing,A,10,-2.857308146125305,-2.732308145500305,0.6135741125336811,0.7385741131586811,objective_excluded,"[1.3123897602804733651173549202788313204333607627548, 1.3123897602804733651173549202788313204333607627548]",
crossing,A,10,-2.982308146750305,-2.857308146125305,0.7385741131586811,0.8635741137836811,objective_excluded,"[1.2300748587197595817299526358739703049418043483867, 1.2300748587197595817299526358739703049418043483867]",
crossing,A,10,-2.982308146750305,-2.857308146125305,0.6135741125336811,0.7385741131586811,objective_excluded,"[1.2941550224800604803273727231051133743649907861764, 1.2941550224800604803273727231051133743649907861764]",
crossing,A,10,-3.107308147375305,-2.982308146750305,0.9885741144086811,1.1135741150336811,objective_excluded,"[1.2203043287521698114607233754921651756738704186584, 1.2203043287521698114607233754921651756738704186584]",
crossing,A,11,-3.044808147062805,-2.982308146750305,0.8635741137836811,0.9885741144086811,objective_excluded,"[1.2720648214799390455200870635866833981798187862142, 1.2720648214799390455200870635866833981798187862142]",
crossing,A,11,-3.107308147375305,-3.044808147062805,0.8635741137836811,0.9885741144086811,objective_excluded,"[1.2657600358178246514731719871576913467598699596566, 1.2657600358178246514731719871576913467598699596566]",
crossing,A,11,-3.169808147687805,-3.107308147375305,0.9885741144086811,1.1135741150336811,objective_excluded,"[1.2678846958325206744259823526992909220076014698058, 1.2678846958325206744259823526992909220076014698058]",
crossing,A,11,-3.232308148000305,-3.169808147687805,0.9885741144086811,1.1135741150336811,objective_excluded,"[1.2639792557787396978237660210779034998279961989435, 1.2639792557787396978237660210779034998279961989435]",
crossing,A,11,-3.169808147687805,-3.107308147375305,0.8635741137836811,0.9885741144086811,objective_excluded,"[1.2607060396636554236830091963473334255878611663549, 1.2607060396636554236830091963473334255878611663549]",
crossing,A,11,-3.232308148000305,-3.169808147687805,0.8635741137836811,0.9885741144086811,objective_excluded,"[1.2569125112291690639579086843356468229098353266445, 1.2569125112291690639579086843356468229098353266445]",
crossing,A,11,-3.044808147062805,-2.982308146750305,0.7385741131586811,0.8635741137836811,objective_excluded,"[1.2978824861999021454563360608257896904896214798894, 1.2978824861999021454563360608257896904896214798894]",
crossing,A,11,-3.107308147375305,-3.044808147062805,0.7385741131586811,0.8635741137836811,objective_excluded,"[1.2854795596811095477731615538582079127582632811359, 1.2854795596811095477731615538582079127582632811359]",
crossing,A,10,-3.107308147375305,-2.982308146750305,0.6135741125336811,0.7385741131586811,objective_excluded,"[1.274644303482190769177548064389197959050842555917, 1.274644303482190769177548064389197959050842555917]",
crossing,A,11,-3.169808147687805,-3.107308147375305,0.7385741131586811,0.8635741137836811,objective_excluded,"[1.2738997648022785444252105771577250969708074853305, 1.2738997648022785444252105771577250969708074853305]",
crossing,A,11,-3.232308148000305,-3.169808147687805,0.7385741131586811,0.8635741137836811,objective_excluded,"[1.2631725514984415655760781402011427628292828400983, 1.2631725514984415655760781402011427628292828400983]",
crossing,A,10,-3.232308148000305,-3.107308147375305,0.6135741125336811,0.7385741131586811,objective_excluded,"[1.2546610847673798377907600028402350451419855471711, 1.2546610847673798377907600028402350451419855471711]",
crossing,A,9,-3.357308148625305,-3.232308148000305,1.3635741162836811,1.6135741175336811,objective_excluded,"[1.3753973552667928677525926948669862632063264598044, 1.3753973552667928677525926948669862632063264598044]",
crossing,A,9,-3.482308149250305,-3.357308148625305,1.3635741162836811,1.6135741175336811,objective_excluded,"[1.4568563535456880822533167934083166679976093292318, 1.4568563535456880822533167934083166679976093292318]",
crossing,A,10,-3.357308148625305,-3.232308148000305,1.2385741156586811,1.3635741162836811,objective_excluded,"[1.3836540851913765274919270015941328249033109429788, 1.3836540851913765274919270015941328249033109429788]",
crossing,A,10,-3.357308148625305,-3.232308148000305,1.1135741150336811,1.2385741156586811,objective_excluded,"[1.2682363517640533605511863692931959140681569767267, 1.2682363517640533605511863692931959140681569767267]",
crossing,A,10,-3.482308149250305,-3.357308148625305,1.2385741156586811,1.3635741162836811,objective_excluded,"[1.4285582237009694747006416518063282457496394482276, 1.4285582237009694747006416518063282457496394482276]",
crossing,A,10,-3.482308149250305,-3.357308148625305,1.1135741150336811,1.2385741156586811,objective_excluded,"[1.2875217176092895916782008607521342440551433558449, 1.2875217176092895916782008607521342440551433558449]",
crossing,A,8,-3.732308150500305,-3.482308149250305,1.3635741162836811,1.6135741175336811,objective_excluded,"[1.3243432848662806387436052266135242155432049245115, 1.3243432848662806387436052266135242155432049245115]",
crossing,A,10,-3.607308149875305,-3.482308149250305,1.2385741156586811,1.3635741162836811,objective_excluded,"[1.4836347689620020609243273977640018382008154900147, 1.4836347689620020609243273977640018382008154900147]",
crossing,A,10,-3.607308149875305,-3.482308149250305,1.1135741150336811,1.2385741156586811,objective_excluded,"[1.3146226581139683420414153384524822547739589644748, 1.3146226581139683420414153384524822547739589644748]",
crossing,A,10,-3.732308150500305,-3.607308149875305,1.2385741156586811,1.3635741162836811,objective_excluded,"[1.5494436943442985873629513367991562805341360629006, 1.5494436943442985873629513367991562805341360629006]",
crossing,A,10,-3.732308150500305,-3.607308149875305,1.1135741150336811,1.2385741156586811,objective_excluded,"[1.3501091173583656998782130161263397935559151351126, 1.3501091173583656998782130161263397935559151351126]",
crossing,A,11,-3.294808148312805,-3.232308148000305,0.9885741144086811,1.1135741150336811,objective_excluded,"[1.2603274137255109085936249149073781851518868597227, 1.2603274137255109085936249149073781851518868597227]",
crossing,A,11,-3.357308148625305,-3.294808148312805,0.9885741144086811,1.1135741150336811,objective_excluded,"[1.2574088411615102935107414801196125039926147712409, 1.2574088411615102935107414801196125039926147712409]",
crossing,A,11,-3.294808148312805,-3.232308148000305,0.8635741137836811,0.9885741144086811,objective_excluded,"[1.2544999302376379163981445458700931436087776919762, 1.2544999302376379163981445458700931436087776919762]",
crossing,A,11,-3.357308148625305,-3.294808148312805,0.8635741137836811,0.9885741144086811,objective_excluded,"[1.2506555741693075789144468372664072618319049522909, 1.2506555741693075789144468372664072618319049522909]",
crossing,A,11,-3.419808148937805,-3.357308148625305,0.9885741144086811,1.1135741150336811,objective_excluded,"[1.255963704861945443559359566249526659986480871774, 1.255963704861945443559359566249526659986480871774]",
crossing,A,11,-3.482308149250305,-3.419808148937805,0.9885741144086811,1.1135741150336811,objective_excluded,"[1.2560399610682045596936458513347853546622797796621, 1.2560399610682045596936458513347853546622797796621]",
crossing,A,11,-3.419808148937805,-3.357308148625305,0.8635741137836811,0.9885741144086811,objective_excluded,"[1.2426646174841748674300725090652987599353825352242, 1.2426646174841748674300725090652987599353825352242]",
crossing,A,11,-3.482308149250305,-3.419808148937805,0.8635741137836811,0.9885741144086811,objective_excluded,"[1.235797228367157049445379072286975822617219775567, 1.235797228367157049445379072286975822617219775567]",
crossing,A,11,-3.294808148312805,-3.232308148000305,0.7385741131586811,0.8635741137836811,objective_excluded,"[1.2533602061713584473596584597118762970123005604919, 1.2533602061713584473596584597118762970123005604919]",
crossing,A,11,-3.357308148625305,-3.294808148312805,0.7385741131586811,0.8635741137836811,objective_excluded,"[1.2444768689588670839413575937621883439729409259883, 1.2444768689588670839413575937621883439729409259883]",
crossing,A,10,-3.357308148625305,-3.232308148000305,0.6135741125336811,0.7385741131586811,objective_excluded,"[1.2350126517119474697952413122731834630189082803091, 1.2350126517119474697952413122731834630189082803091]",
crossing,A,11,-3.419808148937805,-3.357308148625305,0.7385741131586811,0.8635741137836811,objective_excluded,"[1.2366370889774829565290831248259185496217211751002, 1.2366370889774829565290831248259185496217211751002]",
crossing,A,11,-3.482308149250305,-3.419808148937805,0.7385741131586811,0.8635741137836811,objective_excluded,"[1.2299077960406002550623786058145232277857522772012, 1.2299077960406002550623786058145232277857522772012]",
crossing,A,11,-3.419808148937805,-3.357308148625305,0.6135741125336811,0.7385741131586811,objective_excluded,"[1.2822761818213624374820265082557348542532451787895, 1.2822761818213624374820265082557348542532451787895]",
crossing,A,11,-3.482308149250305,-3.419808148937805,0.6135741125336811,0.7385741131586811,objective_excluded,"[1.2692971784255567229394035317670614927812495618363, 1.2692971784255567229394035317670614927812495618363]",
crossing,A,10,-3.607308149875305,-3.482308149250305,0.9885741144086811,1.1135741150336811,objective_excluded,"[1.2184112609835585478505708953403599938317383731346, 1.2184112609835585478505708953403599938317383731346]",
crossing,A,11,-3.544808149562805,-3.482308149250305,0.8635741137836811,0.9885741144086811,objective_excluded,"[1.2301072086309795246402470413174643740345202630948, 1.2301072086309795246402470413174643740345202630948]",
crossing,A,11,-3.607308149875305,-3.544808149562805,0.8635741137836811,0.9885741144086811,objective_excluded,"[1.2256375558562883807054371279977634982760337977656, 1.2256375558562883807054371279977634982760337977656]",
crossing,A,10,-3.732308150500305,-3.607308149875305,0.9885741144086811,1.1135741150336811,objective_excluded,"[1.2294707794813471861985943670855031030884646826028, 1.2294707794813471861985943670855031030884646826028]",
crossing,A,11,-3.669808150187805,-3.607308149875305,0.8635741137836811,0.9885741144086811,objective_excluded,"[1.2214237654067832614482792501810628153075659945523, 1.2214237654067832614482792501810628153075659945523]",
crossing,A,11,-3.732308150500305,-3.669808150187805,0.8635741137836811,0.9885741144086811,objective_excluded,"[1.2179184456426466216467839925048006846697302548596, 1.2179184456426466216467839925048006846697302548596]",
crossing,A,11,-3.544808149562805,-3.482308149250305,0.7385741131586811,0.8635741137836811,objective_excluded,"[1.2242879851555891226271148272432670463491177465996, 1.2242879851555891226271148272432670463491177465996]",
crossing,A,11,-3.607308149875305,-3.544808149562805,0.7385741131586811,0.8635741137836811,objective_excluded,"[1.2198777867927034832118626778993317912836404836086, 1.2198777867927034832118626778993317912836404836086]",
crossing,A,11,-3.544808149562805,-3.482308149250305,0.6135741125336811,0.7385741131586811,objective_excluded,"[1.2570523659889629721353479321040279281498606190532, 1.2570523659889629721353479321040279281498606190532]",
crossing,A,11,-3.607308149875305,-3.544808149562805,0.6135741125336811,0.7385741131586811,objective_excluded,"[1.2456085286415879099767166198953057264089049707727, 1.2456085286415879099767166198953057264089049707727]",
crossing,A,12,-3.669808150187805,-3.607308149875305,0.8010741134711811,0.8635741137836811,objective_excluded,"[1.2510985934344004018250371020648037681355129402647, 1.2510985934344004018250371020648037681355129402647]",
crossing,A,12,-3.669808150187805,-3.607308149875305,0.7385741131586811,0.8010741134711811,objective_excluded,"[1.2516162304449817866478475341486687213174526469614, 1.2516162304449817866478475341486687213174526469614]",
crossing,A,12,-3.732308150500305,-3.669808150187805,0.8010741134711811,0.8635741137836811,objective_excluded,"[1.2470590281059690592431798760568077864430161271495, 1.2470590281059690592431798760568077864430161271495]",
crossing,A,12,-3.732308150500305,-3.669808150187805,0.7385741131586811,0.8010741134711811,objective_excluded,"[1.244908560755518995595808317478058590512780906087, 1.244908560755518995595808317478058590512780906087]",
crossing,A,11,-3.669808150187805,-3.607308149875305,0.6135741125336811,0.7385741131586811,objective_excluded,"[1.2349582013646914086476437783752350848672756170546, 1.2349582013646914086476437783752350848672756170546]",
crossing,A,11,-3.732308150500305,-3.669808150187805,0.6135741125336811,0.7385741131586811,objective_excluded,"[1.2251951599650805539935396497203718877286881368825, 1.2251951599650805539935396497203718877286881368825]",
crossing,A,6,-4.232308153000305,-3.732308150500305,2.1135741200336811,2.6135741225336811,objective_excluded,"[3.4627494904381882859980683722391021230849398637561, 3.4627494904381882859980683722391021230849398637561]",
crossing,A,7,-3.982308151750305,-3.732308150500305,1.6135741175336811,2.1135741200336811,objective_excluded,"[1.5935327247071973203027513686198787332030052171238, 1.5935327247071973203027513686198787332030052171238]",
crossing,A,7,-4.232308153000305,-3.982308151750305,1.6135741175336811,2.1135741200336811,objective_excluded,"[2.11007787138908907653103767473109574100867331002, 2.11007787138908907653103767473109574100867331002]",
crossing,A,6,-4.732308155500305,-4.232308153000305,2.1135741200336811,2.6135741225336811,objective_excluded,"[5.794154271847148482503748429933384714124916604229, 5.794154271847148482503748429933384714124916604229]",
crossing,A,6,-4.732308155500305,-4.232308153000305,1.6135741175336811,2.1135741200336811,objective_excluded,"[1.5853643358256388367442212239861389933092364274687, 1.5853643358256388367442212239861389933092364274687]",
crossing,A,8,-3.982308151750305,-3.732308150500305,1.3635741162836811,1.6135741175336811,objective_excluded,"[1.5709573016830517356703192187199686044819139328945, 1.5709573016830517356703192187199686044819139328945]",
crossing,A,9,-3.857308151125305,-3.732308150500305,1.1135741150336811,1.3635741162836811,gradient_excluded,"[1.2157041561815654263312898226330414061324371072192, 1.2157041561815654263312898226330414061324371072192]",g2
crossing,A,9,-3.982308151750305,-3.857308151125305,1.1135741150336811,1.3635741162836811,objective_excluded,"[1.2722768344581519090280778794509934262805267834341, 1.2722768344581519090280778794509934262805267834341]",
crossing,A,8,-4.232308153000305,-3.982308151750305,1.3635741162836811,1.6135741175336811,objective_excluded,"[1.8661547550630289992352795703192225150803590073728, 1.8661547550630289992352795703192225150803590073728]",
crossing,A,8,-4.232308153000305,-3.982308151750305,1.1135741150336811,1.3635741162836811,gradient_excluded,"[1.1502323221792074931707366435163733494570700339656, 1.1502323221792074931707366435163733494570700339656]",g2
crossing,A,10,-3.857308151125305,-3.732308150500305,0.9885741144086811,1.1135741150336811,objective_excluded,"[1.2472667890447655935092186137665809052742581387007, 1.2472667890447655935092186137665809052742581387007]",
crossing,A,12,-3.794808150812805,-3.732308150500305,0.9260741140961811,0.9885741144086811,objective_excluded,"[1.2719159890383407005432449980090711741526369510782, 1.2719159890383407005432449980090711741526369510782]",
crossing,A,12,-3.794808150812805,-3.732308150500305,0.8635741137836811,0.9260741140961811,objective_excluded,"[1.2488581456125624215427080583748198220035199324236, 1.2488581456125624215427080583748198220035199324236]",
crossing,A,12,-3.857308151125305,-3.794808150812805,0.9260741140961811,0.9885741144086811,objective_excluded,"[1.2763635786303674581958825669864075105244452001234, 1.2763635786303674581958825669864075105244452001234]",
crossing,A,12,-3.857308151125305,-3.794808150812805,0.8635741137836811,0.9260741140961811,objective_excluded,"[1.2479560153617298017548303724785519806342970022777, 1.2479560153617298017548303724785519806342970022777]",
crossing,A,10,-3.982308151750305,-3.857308151125305,0.9885741144086811,1.1135741150336811,objective_excluded,"[1.2722463338903837156167246304875725171159812848431, 1.2722463338903837156167246304875725171159812848431]",
crossing,A,12,-3.919808151437805,-3.857308151125305,0.9260741140961811,0.9885741144086811,objective_excluded,"[1.2825580314692070964033826847268923620107383102141, 1.2825580314692070964033826847268923620107383102141]",
crossing,A,12,-3.919808151437805,-3.857308151125305,0.8635741137836811,0.9260741140961811,objective_excluded,"[1.248563882739551386827799647278046474111357409171, 1.248563882739551386827799647278046474111357409171]",
crossing,A,11,-3.982308151750305,-3.919808151437805,0.8635741137836811,0.9885741144086811,objective_excluded,"[1.2178894059083676989801245420885120771310809113765, 1.2178894059083676989801245420885120771310809113765]",
crossing,A,12,-3.794808150812805,-3.732308150500305,0.8010741134711811,0.8635741137836811,objective_excluded,"[1.2416586429885151379604428089849738175382588855165, 1.2416586429885151379604428089849738175382588855165]",
crossing,A,12,-3.794808150812805,-3.732308150500305,0.7385741131586811,0.8010741134711811,objective_excluded,"[1.2394359699561119480181428837180638777554439140273, 1.2394359699561119480181428837180638777554439140273]",
crossing,A,12,-3.857308151125305,-3.794808150812805,0.8010741134711811,0.8635741137836811,objective_excluded,"[1.2375458324757873729017185399866950055012929585804, 1.2375458324757873729017185399866950055012929585804]",
crossing,A,12,-3.857308151125305,-3.794808150812805,0.7385741131586811,0.8010741134711811,objective_excluded,"[1.2352475162796991421771480410822802233369829390349, 1.2352475162796991421771480410822802233369829390349]",
crossing,A,12,-3.794808150812805,-3.732308150500305,0.6760741128461811,0.7385741131586811,objective_excluded,"[1.2503156583480855351093885331329845866397794595482, 1.2503156583480855351093885331329845866397794595482]",
crossing,A,12,-3.794808150812805,-3.732308150500305,0.6135741125336811,0.6760741128461811,objective_excluded,"[1.2800446388967889101777670091508900376110489239234, 1.2800446388967889101777670091508900376110489239234]",
crossing,A,12,-3.857308151125305,-3.794808150812805,0.6760741128461811,0.7385741131586811,objective_excluded,"[1.2419856772997088505957337938898980333262560896796, 1.2419856772997088505957337938898980333262560896796]",
crossing,A,12,-3.857308151125305,-3.794808150812805,0.6135741125336811,0.6760741128461811,objective_excluded,"[1.2682688778958355025070820358237181641820905262981, 1.2682688778958355025070820358237181641820905262981]",
crossing,A,12,-3.919808151437805,-3.857308151125305,0.8010741134711811,0.8635741137836811,objective_excluded,"[1.2347659455866221769629268574744317319107896351852, 1.2347659455866221769629268574744317319107896351852]",
crossing,A,12,-3.919808151437805,-3.857308151125305,0.7385741131586811,0.8010741134711811,objective_excluded,"[1.2323888488908586111329108134342917215045412345145, 1.2323888488908586111329108134342917215045412345145]",
crossing,A,12,-3.982308151750305,-3.919808151437805,0.8010741134711811,0.8635741137836811,objective_excluded,"[1.2323356242996592897193262612093750238313647449277, 1.2323356242996592897193262612093750238313647449277]",
crossing,A,12,-3.982308151750305,-3.919808151437805,0.7385741131586811,0.8010741134711811,objective_excluded,"[1.2308418812980525045789879105961692182166723615329, 1.2308418812980525045789879105961692182166723615329]",
crossing,A,12,-3.919808151437805,-3.857308151125305,0.6760741128461811,0.7385741131586811,objective_excluded,"[1.2347741207813406861197496516393346805939792350942, 1.2347741207813406861197496516393346805939792350942]",
crossing,A,12,-3.919808151437805,-3.857308151125305,0.6135741125336811,0.6760741128461811,objective_excluded,"[1.2574107898891239660287994716792308887849310641072, 1.2574107898891239660287994716792308887849310641072]",
crossing,A,12,-3.982308151750305,-3.919808151437805,0.6760741128461811,0.7385741131586811,objective_excluded,"[1.2287232572367766320236713294296969009059917132073, 1.2287232572367766320236713294296969009059917132073]",
crossing,A,12,-3.982308151750305,-3.919808151437805,0.6135741125336811,0.6760741128461811,objective_excluded,"[1.2475131907904290279304996411730465536484677475383, 1.2475131907904290279304996411730465536484677475383]",
crossing,A,10,-4.107308152375305,-3.982308151750305,0.9885741144086811,1.1135741150336811,objective_excluded,"[1.3049375521931123938908680755849496314779944530092, 1.3049375521931123938908680755849496314779944530092]",
crossing,A,11,-4.044808152062805,-3.982308151750305,0.8635741137836811,0.9885741144086811,objective_excluded,"[1.221622792758888906165289626189361149061424287207, 1.221622792758888906165289626189361149061424287207]",
crossing,A,11,-4.107308152375305,-4.044808152062805,0.8635741137836811,0.9885741144086811,objective_excluded,"[1.2269611402659355492630706836018521213129357964657, 1.2269611402659355492630706836018521213129357964657]",
crossing,A,10,-4.232308153000305,-4.107308152375305,0.9885741144086811,1.1135741150336811,objective_excluded,"[1.3458148341070934380340704842774103094419906940654, 1.3458148341070934380340704842774103094419906940654]",
crossing,A,10,-4.232308153000305,-4.107308152375305,0.8635741137836811,0.9885741144086811,gradient_excluded,"[1.2049044174696446154089738862922159846490493951266, 1.2049044174696446154089738862922159846490493951266]",g2
crossing,A,12,-4.044808152062805,-3.982308151750305,0.8010741134711811,0.8635741137836811,objective_excluded,"[1.2307973623335795598635928630955109995418740010779, 1.2307973623335795598635928630955109995418740010779]",
crossing,A,12,-4.044808152062805,-3.982308151750305,0.7385741131586811,0.8010741134711811,objective_excluded,"[1.2260713518669643859521459686051611018916469744288, 1.2260713518669643859521459686051611018916469744288]",
crossing,A,12,-4.107308152375305,-4.044808152062805,0.8010741134711811,0.8635741137836811,objective_excluded,"[1.2306801469728490684577399453657172682407865314354, 1.2306801469728490684577399453657172682407865314354]",
crossing,A,12,-4.107308152375305,-4.044808152062805,0.7385741131586811,0.8010741134711811,objective_excluded,"[1.2225513109119851530351669404103315477495231417195, 1.2225513109119851530351669404103315477495231417195]",
crossing,A,12,-4.044808152062805,-3.982308151750305,0.6760741128461811,0.7385741131586811,objective_excluded,"[1.2238765485100149144877983374492181380412821797128, 1.2238765485100149144877983374492181380412821797128]",
crossing,A,12,-4.044808152062805,-3.982308151750305,0.6135741125336811,0.6760741128461811,objective_excluded,"[1.2386166708811981069480973719485106097899232529427, 1.2386166708811981069480973719485106097899232529427]",
crossing,A,12,-4.107308152375305,-4.044808152062805,0.6760741128461811,0.7385741131586811,objective_excluded,"[1.2202778196451257697655864956071312268218905287132, 1.2202778196451257697655864956071312268218905287132]",
crossing,A,12,-4.107308152375305,-4.044808152062805,0.6135741125336811,0.6760741128461811,objective_excluded,"[1.230762194348910440475911180971607021342228227801, 1.230762194348910440475911180971607021342228227801]",
crossing,A,12,-4.169808152687805,-4.107308152375305,0.8010741134711811,0.8635741137836811,objective_excluded,"[1.2320299398842166541113459680377945834739841557621, 1.2320299398842166541113459680377945834739841557621]",
crossing,A,12,-4.169808152687805,-4.107308152375305,0.7385741131586811,0.8010741134711811,objective_excluded,"[1.2201180857946190472713239939963759563830527161622, 1.2201180857946190472713239939963759563830527161622]",
crossing,A,12,-4.232308153000305,-4.169808152687805,0.8010741134711811,0.8635741137836811,objective_excluded,"[1.2348933254792537277622653999626884183933431197818, 1.2348933254792537277622653999626884183933431197818]",
crossing,A,13,-4.201058152844055,-4.169808152687805,0.7385741131586811,0.8010741134711811,objective_excluded,"[1.2222007095256229313432461763332600106771179121634, 1.2222007095256229313432461763332600106771179121634]",
crossing,A,13,-4.232308153000305,-4.201058152844055,0.7385741131586811,0.8010741134711811,objective_excluded,"[1.2214741054708582407117214162134812073584980756007, 1.2214741054708582407117214162134812073584980756007]",
crossing,A,12,-4.169808152687805,-4.107308152375305,0.6760741128461811,0.7385741131586811,objective_excluded,"[1.2179690009104194576736956288885605944165901755295, 1.2179690009104194576736956288885605944165901755295]",
crossing,A,12,-4.169808152687805,-4.107308152375305,0.6135741125336811,0.6760741128461811,objective_excluded,"[1.2239892000132632532572835319596200378542229710321, 1.2239892000132632532572835319596200378542229710321]",
crossing,A,13,-4.201058152844055,-4.169808152687805,0.6760741128461811,0.7385741131586811,objective_excluded,"[1.2217257257932479571756054994277937394265058692646, 1.2217257257932479571756054994277937394265058692646]",
crossing,A,13,-4.232308153000305,-4.201058152844055,0.6760741128461811,0.7385741131586811,objective_excluded,"[1.2213506003961175711067925948594264925201953120203, 1.2213506003961175711067925948594264925201953120203]",
crossing,A,12,-4.232308153000305,-4.169808152687805,0.6135741125336811,0.6760741128461811,objective_excluded,"[1.2183367643527319779164587891599698173270570495589, 1.2183367643527319779164587891599698173270570495589]",
crossing,A,8,-4.482308154250305,-4.232308153000305,1.3635741162836811,1.6135741175336811,objective_excluded,"[2.2163339113232668715288526317491099795072185286208, 2.2163339113232668715288526317491099795072185286208]",
crossing,A,8,-4.482308154250305,-4.232308153000305,1.1135741150336811,1.3635741162836811,objective_excluded,"[1.3282541811181866537154827782646295429037483594869, 1.3282541811181866537154827782646295429037483594869]",
crossing,A,7,-4.732308155500305,-4.482308154250305,1.1135741150336811,1.6135741175336811,gradient_excluded,"[0.65168924863535378039407175781753681395743659046809, 0.65168924863535378039407175781753681395743659046809]",g2
crossing,A,10,-4.357308153625305,-4.232308153000305,0.9885741144086811,1.1135741150336811,objective_excluded,"[1.3953450643620121029384193128566104276746188853138, 1.3953450643620121029384193128566104276746188853138]",
crossing,A,10,-4.357308153625305,-4.232308153000305,0.8635741137836811,0.9885741144086811,objective_excluded,"[1.2254851016573264740395330969119350742900472585574, 1.2254851016573264740395330969119350742900472585574]",
crossing,A,9,-4.482308154250305,-4.357308153625305,0.8635741137836811,1.1135741150336811,gradient_excluded,"[1.0823774384774794074536180612380857609532353555299, 1.0823774384774794074536180612380857609532353555299]",g2
crossing,A,12,-4.294808153312805,-4.232308153000305,0.8010741134711811,0.8635741137836811,objective_excluded,"[1.2393181007439809463176502483587064455208655237462, 1.2393181007439809463176502483587064455208655237462]",
crossing,A,12,-4.294808153312805,-4.232308153000305,0.7385741131586811,0.8010741134711811,gradient_excluded,"[1.2167232617143130791100583062185511853656896337499, 1.2167232617143130791100583062185511853656896337499]",g2
crossing,A,12,-4.357308153625305,-4.294808153312805,0.8010741134711811,0.8635741137836811,objective_excluded,"[1.245351508035228518855117114603810129067916875101, 1.245351508035228518855117114603810129067916875101]",
crossing,A,12,-4.357308153625305,-4.294808153312805,0.7385741131586811,0.8010741134711811,gradient_excluded,"[1.2170763473309084460658825487465350619643968243603, 1.2170763473309084460658825487465350619643968243603]",g2
crossing,A,13,-4.263558153156555,-4.232308153000305,0.6760741128461811,0.7385741131586811,objective_excluded,"[1.2211570616889446068576618864066554018082927427615, 1.2211570616889446068576618864066554018082927427615]",
crossing,A,13,-4.294808153312805,-4.263558153156555,0.6760741128461811,0.7385741131586811,objective_excluded,"[1.2190236451329075264175177263997690826612392099814, 1.2190236451329075264175177263997690826612392099814]",
crossing,A,13,-4.263558153156555,-4.232308153000305,0.6135741125336811,0.6760741128461811,objective_excluded,"[1.2201752115749618660447528263929509999581304727642, 1.2201752115749618660447528263929509999581304727642]",
crossing,A,13,-4.294808153312805,-4.263558153156555,0.6135741125336811,0.6760741128461811,objective_excluded,"[1.218022186789623194964285964096597128623546695076, 1.218022186789623194964285964096597128623546695076]",
crossing,A,14,-4.326058153469055,-4.294808153312805,0.7073241130024311,0.7385741131586811,objective_excluded,"[1.2232485721406812922188616658270588733341457770268, 1.2232485721406812922188616658270588733341457770268]",
crossing,A,14,-4.326058153469055,-4.294808153312805,0.6760741128461811,0.7073241130024311,objective_excluded,"[1.2227279663910160198331746006136562087266376593656, 1.2227279663910160198331746006136562087266376593656]",
crossing,A,14,-4.357308153625305,-4.326058153469055,0.7073241130024311,0.7385741131586811,objective_excluded,"[1.2226598685720477747709001763893918163004408581336, 1.2226598685720477747709001763893918163004408581336]",
crossing,A,14,-4.357308153625305,-4.326058153469055,0.6760741128461811,0.7073241130024311,objective_excluded,"[1.2217473430082108088064637103117250461976852097612, 1.2217473430082108088064637103117250461976852097612]",
crossing,A,13,-4.326058153469055,-4.294808153312805,0.6135741125336811,0.6760741128461811,gradient_excluded,"[1.2161735685315928868967684646929301242321611270307, 1.2161735685315928868967684646929301242321611270307]",g2
crossing,A,14,-4.357308153625305,-4.326058153469055,0.6448241126899311,0.6760741128461811,objective_excluded,"[1.2211804223858378404792860883183180858369621344066, 1.2211804223858378404792860883183180858369621344066]",
crossing,A,14,-4.357308153625305,-4.326058153469055,0.6135741125336811,0.6448241126899311,objective_excluded,"[1.2261011312445930329789499409608163403698023364807, 1.2261011312445930329789499409608163403698023364807]",
crossing,A,11,-4.419808153937805,-4.357308153625305,0.7385741131586811,0.8635741137836811,gradient_excluded,"[1.1858706901751653321408131275557005447614283985844, 1.1858706901751653321408131275557005447614283985844]",g2
crossing,A,11,-4.482308154250305,-4.419808153937805,0.7385741131586811,0.8635741137836811,gradient_excluded,"[1.1888801817888559689499642151608313823744970198026, 1.1888801817888559689499642151608313823744970198026]",g2
crossing,A,14,-4.388558153781555,-4.357308153625305,0.7073241130024311,0.7385741131586811,objective_excluded,"[1.2224092425470397578179236356928853476807028482911, 1.2224092425470397578179236356928853476807028482911]",
crossing,A,14,-4.388558153781555,-4.357308153625305,0.6760741128461811,0.7073241130024311,objective_excluded,"[1.2205813301587433761092089356509963105355524323917, 1.2205813301587433761092089356509963105355524323917]",
crossing,A,14,-4.419808153937805,-4.388558153781555,0.7073241130024311,0.7385741131586811,objective_excluded,"[1.2225019094923339481789726279456616999310838236551, 1.2225019094923339481789726279456616999310838236551]",
crossing,A,14,-4.419808153937805,-4.388558153781555,0.6760741128461811,0.7073241130024311,objective_excluded,"[1.2197370308623168019138772177014198504763964922314, 1.2197370308623168019138772177014198504763964922314]",
crossing,A,14,-4.388558153781555,-4.357308153625305,0.6448241126899311,0.6760741128461811,objective_excluded,"[1.2200021758076353934018307939467494499120226753854, 1.2200021758076353934018307939467494499120226753854]",
crossing,A,14,-4.388558153781555,-4.357308153625305,0.6135741125336811,0.6448241126899311,objective_excluded,"[1.2237489691113998911653256744475143808942389806658, 1.2237489691113998911653256744475143808942389806658]",
crossing,A,14,-4.419808153937805,-4.388558153781555,0.6448241126899311,0.6760741128461811,objective_excluded,"[1.2191455609402894593234947885884561689387013097167, 1.2191455609402894593234947885884561689387013097167]",
crossing,A,14,-4.419808153937805,-4.388558153781555,0.6135741125336811,0.6448241126899311,objective_excluded,"[1.2216923769349407679528714689193621367214601817233, 1.2216923769349407679528714689193621367214601817233]",
crossing,A,14,-4.451058154094055,-4.419808153937805,0.7073241130024311,0.7385741131586811,objective_excluded,"[1.2229430809121106452538675487754098211534658111435, 1.2229430809121106452538675487754098211534658111435]",
crossing,A,14,-4.451058154094055,-4.419808153937805,0.6760741128461811,0.7073241130024311,objective_excluded,"[1.2190744478559317630057690221714931729088844198131, 1.2190744478559317630057690221714931729088844198131]",
crossing,A,14,-4.482308154250305,-4.451058154094055,0.7073241130024311,0.7385741131586811,objective_excluded,"[1.2237379609758874117841997569816904769474656035284, 1.2237379609758874117841997569816904769474656035284]",
crossing,A,14,-4.482308154250305,-4.451058154094055,0.6760741128461811,0.7073241130024311,objective_excluded,"[1.2185429272178329560605570083333929207152609290425, 1.2185429272178329560605570083333929207152609290425]",
crossing,A,14,-4.451058154094055,-4.419808153937805,0.6448241126899311,0.6760741128461811,objective_excluded,"[1.2186156700818284342639073265281641755681819351641, 1.2186156700818284342639073265281641755681819351641]",
crossing,A,14,-4.451058154094055,-4.419808153937805,0.6135741125336811,0.6448241126899311,objective_excluded,"[1.2199363222683776246137186971979930453446452412212, 1.2199363222683776246137186971979930453446452412212]",
crossing,A,14,-4.482308154250305,-4.451058154094055,0.6448241126899311,0.6760741128461811,objective_excluded,"[1.2184175929727057488641105991540256394095574742611, 1.2184175929727057488641105991540256394095574742611]",
crossing,A,14,-4.482308154250305,-4.451058154094055,0.6135741125336811,0.6448241126899311,objective_excluded,"[1.2184857777324671903801396862792369039049418912311, 1.2184857777324671903801396862792369039049418912311]",
crossing,A,9,-4.607308154875305,-4.482308154250305,0.8635741137836811,1.1135741150336811,gradient_excluded,"[1.1172463273341693353431004759779836807168596049366, 1.1172463273341693353431004759779836807168596049366]",g2
crossing,A,9,-4.732308155500305,-4.607308154875305,0.8635741137836811,1.1135741150336811,gradient_excluded,"[1.1591615862667681867481808856842711551177063083351, 1.1591615862667681867481808856842711551177063083351]",g2
crossing,A,10,-4.607308154875305,-4.482308154250305,0.7385741131586811,0.8635741137836811,gradient_excluded,"[1.1686457864701957015158064914308634007982655612891, 1.1686457864701957015158064914308634007982655612891]",g2
crossing,A,13,-4.513558154406555,-4.482308154250305,0.6760741128461811,0.7385741131586811,gradient_excluded,"[1.2113631355323636576638706285338479252451133783869, 1.2113631355323636576638706285338479252451133783869]",g2
crossing,A,13,-4.544808154562805,-4.513558154406555,0.6760741128461811,0.7385741131586811,gradient_excluded,"[1.2114408205827339947229385792097203477752889714681, 1.2114408205827339947229385792097203477752889714681]",g2
crossing,A,14,-4.513558154406555,-4.482308154250305,0.6448241126899311,0.6760741128461811,objective_excluded,"[1.2179247320880097344019882067175781280553554872574, 1.2179247320880097344019882067175781280553554872574]",
crossing,A,14,-4.513558154406555,-4.482308154250305,0.6135741125336811,0.6448241126899311,gradient_excluded,"[1.2173456860809227262952264159453944764650641258272, 1.2173456860809227262952264159453944764650641258272]",g2
crossing,A,16,-4.529183154484680,-4.513558154406555,0.6604491127680561,0.6760741128461811,objective_excluded,"[1.2193154247934443664279768619868970110513947493086, 1.2193154247934443664279768619868970110513947493086]",
crossing,A,16,-4.529183154484680,-4.513558154406555,0.6448241126899311,0.6604491127680561,objective_excluded,"[1.2192012914129660119039125104291635475588861717881, 1.2192012914129660119039125104291635475588861717881]",
crossing,A,16,-4.544808154562805,-4.529183154484680,0.6604491127680561,0.6760741128461811,objective_excluded,"[1.2191902110720033417122994788659474274522742170198, 1.2191902110720033417122994788659474274522742170198]",
crossing,A,16,-4.544808154562805,-4.529183154484680,0.6448241126899311,0.6604491127680561,objective_excluded,"[1.2188750619275262754922848546335286778082135706488, 1.2188750619275262754922848546335286778082135706488]",
crossing,A,15,-4.529183154484680,-4.513558154406555,0.6135741125336811,0.6448241126899311,gradient_excluded,"[1.2175444245360066517217998082127570558700593893037, 1.2175444245360066517217998082127570558700593893037]",g1
crossing,A,15,-4.544808154562805,-4.529183154484680,0.6135741125336811,0.6448241126899311,gradient_excluded,"[1.217171432467307221048205039850131262823762797102, 1.217171432467307221048205039850131262823762797102]",g1
crossing,A,12,-4.607308154875305,-4.544808154562805,0.6760741128461811,0.7385741131586811,gradient_excluded,"[1.2079394860565675402426530332444832636479171101971, 1.2079394860565675402426530332444832636479171101971]",g2
crossing,A,16,-4.560433154640930,-4.544808154562805,0.6604491127680561,0.6760741128461811,objective_excluded,"[1.2191479155708149513996425020204318109967534176644, 1.2191479155708149513996425020204318109967534176644]",
crossing,A,16,-4.560433154640930,-4.544808154562805,0.6448241126899311,0.6604491127680561,objective_excluded,"[1.218592823915557476329456436841374004077225032267, 1.218592823915557476329456436841374004077225032267]",
crossing,A,16,-4.576058154719055,-4.560433154640930,0.6604491127680561,0.6760741128461811,objective_excluded,"[1.2191891631520963190901641989147364189097525632985, 1.2191891631520963190901641989147364189097525632985]",
crossing,A,16,-4.576058154719055,-4.560433154640930,0.6448241126899311,0.6604491127680561,objective_excluded,"[1.2183914485487476471877863783743405192519814343494, 1.2183914485487476471877863783743405192519814343494]",
crossing,A,16,-4.560433154640930,-4.544808154562805,0.6291991126118061,0.6448241126899311,objective_excluded,"[1.2184387993804945715356871221300653517685973068688, 1.2184387993804945715356871221300653517685973068688]",
crossing,A,16,-4.560433154640930,-4.544808154562805,0.6135741125336811,0.6291991126118061,objective_excluded,"[1.2193712934410965186388077296000433760041302191891, 1.2193712934410965186388077296000433760041302191891]",
crossing,A,16,-4.576058154719055,-4.560433154640930,0.6291991126118061,0.6448241126899311,objective_excluded,"[1.2182358210792058496670469714883475113190044566552, 1.2182358210792058496670469714883475113190044566552]",
crossing,A,16,-4.576058154719055,-4.560433154640930,0.6135741125336811,0.6291991126118061,objective_excluded,"[1.2188526053541594481927390963151162466790936373547, 1.2188526053541594481927390963151162466790936373547]",
crossing,A,16,-4.591683154797180,-4.576058154719055,0.6604491127680561,0.6760741128461811,objective_excluded,"[1.2193145779343772703359928829867828597881252930173, 1.2193145779343772703359928829867828597881252930173]",
crossing,A,16,-4.591683154797180,-4.576058154719055,0.6448241126899311,0.6604491127680561,objective_excluded,"[1.2182246245973540000728656245606950918583871090953, 1.2182246245973540000728656245606950918583871090953]",
crossing,A,15,-4.607308154875305,-4.591683154797180,0.6448241126899311,0.6760741128461811,gradient_excluded,"[1.2164865677647992677256314877427994289809916822043, 1.2164865677647992677256314877427994289809916822043]",g2
crossing,A,16,-4.591683154797180,-4.576058154719055,0.6291991126118061,0.6448241126899311,objective_excluded,"[1.2181143200652435561231809755070319582921047508742, 1.2181143200652435561231809755070319582921047508742]",
crossing,A,16,-4.591683154797180,-4.576058154719055,0.6135741125336811,0.6291991126118061,objective_excluded,"[1.2184121257636225502749592672482746071248810600329, 1.2184121257636225502749592672482746071248810600329]",
crossing,A,16,-4.607308154875305,-4.591683154797180,0.6291991126118061,0.6448241126899311,objective_excluded,"[1.2180749136139983414347768885631583039817309743363, 1.2180749136139983414347768885631583039817309743363]",
crossing,A,16,-4.607308154875305,-4.591683154797180,0.6135741125336811,0.6291991126118061,objective_excluded,"[1.2180504664337876640529192249356489215845849969457, 1.2180504664337876640529192249356489215845849969457]",
crossing,A,10,-4.732308155500305,-4.607308154875305,0.7385741131586811,0.8635741137836811,gradient_excluded,"[1.183225000762004701642687165818163094933870125093, 1.183225000762004701642687165818163094933870125093]",g2
crossing,A,12,-4.669808155187805,-4.607308154875305,0.6760741128461811,0.7385741131586811,gradient_excluded,"[1.2098633770137534363169074960507706129017209567755, 1.2098633770137534363169074960507706129017209567755]",g2
crossing,A,14,-4.638558155031555,-4.607308154875305,0.6448241126899311,0.6760741128461811,gradient_excluded,"[1.2157590217544227231446499319986101771494149461245, 1.2157590217544227231446499319986101771494149461245]",g2
crossing,A,16,-4.622933154953430,-4.607308154875305,0.6291991126118061,0.6448241126899311,objective_excluded,"[1.2179223023161984580377137272195848717634711882024, 1.2179223023161984580377137272195848717634711882024]",
crossing,A,16,-4.622933154953430,-4.607308154875305,0.6135741125336811,0.6291991126118061,gradient_excluded,"[1.2177682383464822922281662996345850815377296906343, 1.2177682383464822922281662996345850815377296906343]",g1
crossing,A,17,-4.6307456549924925,-4.622933154953430,0.6291991126118061,0.6448241126899311,objective_excluded,"[1.2178605185483930485896964782249169647100221776184, 1.2178605185483930485896964782249169647100221776184]",
crossing,A,17,-4.638558155031555,-4.6307456549924925,0.6291991126118061,0.6448241126899311,krawczyk_excluded,"[1.2177700958028393876894540330863802397432060025699, 1.2177700958028393876894540330863802397432060025699]",K disjoint
crossing,A,16,-4.638558155031555,-4.622933154953430,0.6135741125336811,0.6291991126118061,gradient_excluded,"[1.217566052051436750349215299538003238816359640616, 1.217566052051436750349215299538003238816359640616]",g1
crossing,A,14,-4.669808155187805,-4.638558155031555,0.6448241126899311,0.6760741128461811,gradient_excluded,"[1.2159090108961392630995887337561513783937504213453, 1.2159090108961392630995887337561513783937504213453]",g2
crossing,A,17,-4.6463706550706175,-4.638558155031555,0.6291991126118061,0.6448241126899311,krawczyk_excluded,"[1.2176866081096532586294590724038589449859653569029, 1.2176866081096532586294590724038589449859653569029]",K disjoint
crossing,A,17,-4.654183155109680,-4.6463706550706175,0.6291991126118061,0.6448241126899311,krawczyk_excluded,"[1.2176159368559239104668487298780084139526274378593, 1.2176159368559239104668487298780084139526274378593]",K disjoint
crossing,A,17,-4.6463706550706175,-4.638558155031555,0.6135741125336811,0.6291991126118061,gradient_excluded,"[1.2176226873729357770164103191929834581949964871654, 1.2176226873729357770164103191929834581949964871654]",g1
crossing,A,17,-4.654183155109680,-4.6463706550706175,0.6135741125336811,0.6291991126118061,gradient_excluded,"[1.2175722754828186964150730342500746715548202538943, 1.2175722754828186964150730342500746715548202538943]",g1
crossing,A,16,-4.669808155187805,-4.654183155109680,0.6291991126118061,0.6448241126899311,gradient_excluded,"[1.2174330734357685279173445203586517830022718226621, 1.2174330734357685279173445203586517830022718226621]",g2
crossing,A,17,-4.6619956551487425,-4.654183155109680,0.6135741125336811,0.6291991126118061,krawczyk_excluded,"[1.2175421807862594588956927277052859609422537986844, 1.2175421807862594588956927277052859609422537986844]",K disjoint
crossing,A,17,-4.669808155187805,-4.6619956551487425,0.6135741125336811,0.6291991126118061,krawczyk_excluded,"[1.2175324793048458382146889040079619768203001652961, 1.2175324793048458382146889040079619768203001652961]",K disjoint
crossing,A,12,-4.732308155500305,-4.669808155187805,0.6760741128461811,0.7385741131586811,gradient_excluded,"[1.2132041501936420281004156003507915496272307225314, 1.2132041501936420281004156003507915496272307225314]",g2
crossing,A,14,-4.701058155344055,-4.669808155187805,0.6448241126899311,0.6760741128461811,gradient_excluded,"[1.2163943264431216150998046930117265511494585286465, 1.2163943264431216150998046930117265511494585286465]",g2
crossing,A,16,-4.685433155265930,-4.669808155187805,0.6291991126118061,0.6448241126899311,gradient_excluded,"[1.2173927346591488721054339648579371482348155741037, 1.2173927346591488721054339648579371482348155741037]",g2
crossing,A,18,-4.6776206552268675,-4.669808155187805,0.6213866125727436,0.6291991126118061,objective_excluded,"[1.2178785407943558938755258027070524146927773150229, 1.2178785407943558938755258027070524146927773150229]",
crossing,A,18,-4.6776206552268675,-4.669808155187805,0.6135741125336811,0.6213866125727436,gradient_excluded,"[1.2178386691498600858942795182196887270945061540189, 1.2178386691498600858942795182196887270945061540189]",g1
crossing,A,18,-4.685433155265930,-4.6776206552268675,0.6213866125727436,0.6291991126118061,krawczyk_excluded,"[1.2178289009893075731770739471445473241750610440071, 1.2178289009893075731770739471445473241750610440071]",K disjoint
crossing,A,18,-4.685433155265930,-4.6776206552268675,0.6135741125336811,0.6213866125727436,gradient_excluded,"[1.2177888276748558057373426798733865150230790532524, 1.2177888276748558057373426798733865150230790532524]",g1
crossing,A,16,-4.701058155344055,-4.685433155265930,0.6291991126118061,0.6448241126899311,gradient_excluded,"[1.2174342660423561567875880186853614780503067725027, 1.2174342660423561567875880186853614780503067725027]",g2
crossing,A,18,-4.6932456553049925,-4.685433155265930,0.6213866125727436,0.6291991126118061,krawczyk_excluded,"[1.2177872971887038054789769160017923335220845903149, 1.2177872971887038054789769160017923335220845903149]",K disjoint
crossing,A,18,-4.6932456553049925,-4.685433155265930,0.6135741125336811,0.6213866125727436,gradient_excluded,"[1.2177592011286555427261530231755687491769464648914, 1.2177592011286555427261530231755687491769464648914]",g1
crossing,A,18,-4.701058155344055,-4.6932456553049925,0.6213866125727436,0.6291991126118061,gradient_excluded,"[1.2177576672789395759445114377155354389607106987041, 1.2177576672789395759445114377155354389607106987041]",g2
crossing,A,18,-4.701058155344055,-4.6932456553049925,0.6135741125336811,0.6213866125727436,krawczyk_excluded,"[1.2177498649876655039517489382117719043651085063482, 1.2177498649876655039517489382117719043651085063482]",K disjoint
crossing,A,14,-4.732308155500305,-4.701058155344055,0.6448241126899311,0.6760741128461811,gradient_excluded,"[1.2172198866037631885751999896662483525596627139057, 1.2172198866037631885751999896662483525596627139057]",g1
crossing,A,16,-4.716683155422180,-4.701058155344055,0.6291991126118061,0.6448241126899311,gradient_excluded,"[1.2175582746111981584164229784516593526379768986344, 1.2175582746111981584164229784516593526379768986344]",g1
crossing,A,18,-4.7088706553831175,-4.701058155344055,0.6213866125727436,0.6291991126118061,gradient_excluded,"[1.2177483278005141417891816685661519926585792310286, 1.2177483278005141417891816685661519926585792310286]",g2
crossing,A,19,-4.70496440536358625,-4.701058155344055,0.6135741125336811,0.6213866125727436,krawczyk_excluded,"[1.2177810217985250557905832486651050566128134246728, 1.2177810217985250557905832486651050566128134246728]",K disjoint
crossing,A,19,-4.7088706553831175,-4.70496440536358625,0.6135741125336811,0.6213866125727436,krawczyk_excluded,"[1.2177891315101278379985564528317666625337972646344, 1.2177891315101278379985564528317666625337972646344]",K disjoint
crossing,A,18,-4.716683155422180,-4.7088706553831175,0.6213866125727436,0.6291991126118061,gradient_excluded,"[1.2177593541611907726387243773194671369726969278746, 1.2177593541611907726387243773194671369726969278746]",g1
crossing,A,19,-4.71277690540264875,-4.7088706553831175,0.6135741125336811,0.6213866125727436,krawczyk_excluded,"[1.2178023515707602198455497428555483048531746121123, 1.2178023515707602198455497428555483048531746121123]",K disjoint
crossing,A,19,-4.716683155422180,-4.71277690540264875,0.6135741125336811,0.6213866125727436,krawczyk_excluded,"[1.2177809965036145917967780136246928305043134212329, 1.2177809965036145917967780136246928305043134212329]",K disjoint
crossing,A,16,-4.732308155500305,-4.716683155422180,0.6291991126118061,0.6448241126899311,gradient_excluded,"[1.2177653661972286233355250522486616339626333962774, 1.2177653661972286233355250522486616339626333962774]",g1
crossing,A,18,-4.7244956554612425,-4.716683155422180,0.6213866125727436,0.6291991126118061,gradient_excluded,"[1.2177908216961777912293101684537129615352516918663, 1.2177908216961777912293101684537129615352516918663]",g1
crossing,A,20,-4.72058940544171125,-4.716683155422180,0.61748036255321235,0.6213866125727436,gradient_excluded,"[1.2178308843112850278124408017501650577069313708943, 1.2178308843112850278124408017501650577069313708943]",g2
crossing,A,20,-4.72058940544171125,-4.716683155422180,0.6135741125336811,0.61748036255321235,krawczyk_excluded,"[1.2178339280130438189383567443233423308053775271437, 1.2178339280130438189383567443233423308053775271437]",K disjoint
crossing,A,20,-4.7244956554612425,-4.72058940544171125,0.61748036255321235,0.6213866125727436,gradient_excluded,"[1.2178337297223204784854738395608591900102903804119, 1.2178337297223204784854738395608591900102903804119]",g1
crossing,A,20,-4.7244956554612425,-4.72058940544171125,0.6135741125336811,0.61748036255321235,krawczyk_excluded,"[1.2178370251441276836265596642066606046458269623974, 1.2178370251441276836265596642066606046458269623974]",K disjoint
crossing,A,18,-4.732308155500305,-4.7244956554612425,0.6213866125727436,0.6291991126118061,gradient_excluded,"[1.2178428056644043000705284051206794153382936389952, 1.2178428056644043000705284051206794153382936389952]",g1
crossing,A,20,-4.72840190548077375,-4.7244956554612425,0.61748036255321235,0.6213866125727436,gradient_excluded,"[1.2178416628420838271536311477734641515156046340221, 1.2178416628420838271536311477734641515156046340221]",g1
crossing,A,21,-4.726448780471008125,-4.7244956554612425,0.6135741125336811,0.61748036255321235,krawczyk_excluded,"[1.2178332761019766378418139195825856032168137090894, 1.2178332761019766378418139195825856032168137090894]",K disjoint
crossing,A,21,-4.72840190548077375,-4.726448780471008125,0.6135741125336811,0.61748036255321235,krawczyk_excluded,"[1.2178288199615983054489643385755574127328148440564, 1.2178288199615983054489643385755574127328148440564]",K disjoint
crossing,A,20,-4.732308155500305,-4.72840190548077375,0.61748036255321235,0.6213866125727436,gradient_excluded,"[1.2178546930506015107778812771043205417217860980228, 1.2178546930506015107778812771043205417217860980228]",g1
crossing,A,22,-4.730355030490539375,-4.72840190548077375,0.615527237543446725,0.61748036255321235,gradient_excluded,"[1.2178534617434113729540765256972761876255761626485, 1.2178534617434113729540765256972761876255761626485]",g1
crossing,A,22,-4.730355030490539375,-4.72840190548077375,0.6135741125336811,0.615527237543446725,krawczyk_excluded,"[1.2178496808718682211061091186516293045641751389009, 1.2178496808718682211061091186516293045641751389009]",K disjoint
crossing,A,22,-4.732308155500305,-4.730355030490539375,0.615527237543446725,0.61748036255321235,gradient_excluded,"[1.2178567240660271513369959132600110876626829611785, 1.2178567240660271513369959132600110876626829611785]",g1
crossing,A,23,-4.7313315929954221875,-4.730355030490539375,0.6135741125336811,0.615527237543446725,krawczyk_excluded,"[1.2178493671213943685935692951682566839452427125454, 1.2178493671213943685935692951682566839452427125454]",K disjoint
crossing,A,24,-4.732308155500305,-4.7313315929954221875,0.6145506750385639125,0.615527237543446725,gradient_excluded,"[1.2178571137884733260174474447002911380537672308009, 1.2178571137884733260174474447002911380537672308009]",g1
crossing,A,25,-4.73181987424786359375,-4.7313315929954221875,0.6135741125336811,0.6145506750385639125,krawczyk_excluded,"[1.2178552632304795926500284259627178739660650197135, 1.2178552632304795926500284259627178739660650197135]",K disjoint
crossing,A,26,-4.732308155500305,-4.73181987424786359375,0.61406239378612250625,0.6145506750385639125,gradient_excluded,"[1.2178571964383015730726610747140177430252478432843, 1.2178571964383015730726610747140177430252478432843]",g1
crossing,A,27,-4.732064014874084296875,-4.73181987424786359375,0.6135741125336811,0.61406239378612250625,krawczyk_excluded,"[1.2178567323815761680688591098735551019650199872814, 1.2178567323815761680688591098735551019650199872814]",K disjoint
crossing,A,28,-4.732308155500305,-4.732064014874084296875,0.613818253159901803125,0.61406239378612250625,gradient_excluded,"[1.2178572152514778546259747949701581927244716671442, 1.2178572152514778546259747949701581927244716671442]",g1
crossing,A,28,-4.732308155500305,-4.732064014874084296875,0.6135741125336811,0.613818253159901803125,inside_Krawczyk_box,,
crossing,A,10,-2.857308146125305,-2.732308145500305,0.4885741119086811,0.6135741125336811,objective_excluded,"[1.4159574902951882725187596392718173677071163637217, 1.4159574902951882725187596392718173677071163637217]",
crossing,A,10,-2.857308146125305,-2.732308145500305,0.3635741112836811,0.4885741119086811,objective_excluded,"[1.5525053625027506382745639330169141616811507249079, 1.5525053625027506382745639330169141616811507249079]",
crossing,A,10,-2.982308146750305,-2.857308146125305,0.4885741119086811,0.6135741125336811,objective_excluded,"[1.3995958762308830099724164707406283756131889686453, 1.3995958762308830099724164707406283756131889686453]",
crossing,A,10,-2.982308146750305,-2.857308146125305,0.3635741112836811,0.4885741119086811,objective_excluded,"[1.5427002588244840668332417876716236649808074599273, 1.5427002588244840668332417876716236649808074599273]",
crossing,A,10,-2.857308146125305,-2.732308145500305,0.2385741106586811,0.3635741112836811,objective_excluded,"[1.7163874551870004986238699802023804093885566081444, 1.7163874551870004986238699802023804093885566081444]",
crossing,A,10,-2.857308146125305,-2.732308145500305,0.1135741100336811,0.2385741106586811,objective_excluded,"[1.9044817874222691289367382214679096945640453459033, 1.9044817874222691289367382214679096945640453459033]",
crossing,A,10,-2.982308146750305,-2.857308146125305,0.2385741106586811,0.3635741112836811,objective_excluded,"[1.7201181768663110649705686050227052868791403424516, 1.7201181768663110649705686050227052868791403424516]",
crossing,A,10,-2.982308146750305,-2.857308146125305,0.1135741100336811,0.2385741106586811,objective_excluded,"[1.9262773137267464927803936058444138607923887669006, 1.9262773137267464927803936058444138607923887669006]",
crossing,A,10,-3.107308147375305,-2.982308146750305,0.4885741119086811,0.6135741125336811,objective_excluded,"[1.3795237526811552657290488196826807951639964819148, 1.3795237526811552657290488196826807951639964819148]",
crossing,A,10,-3.107308147375305,-2.982308146750305,0.3635741112836811,0.4885741119086811,objective_excluded,"[1.5271935900965528456430902065462561301273082065698, 1.5271935900965528456430902065462561301273082065698]",
crossing,A,10,-3.232308148000305,-3.107308147375305,0.4885741119086811,0.6135741125336811,objective_excluded,"[1.3572744156168966848315906531406324889611289130628, 1.3572744156168966848315906531406324889611289130628]",
crossing,A,10,-3.232308148000305,-3.107308147375305,0.3635741112836811,0.4885741119086811,objective_excluded,"[1.507236645395460313135915838686576209569159935874, 1.507236645395460313135915838686576209569159935874]",
crossing,A,10,-3.107308147375305,-2.982308146750305,0.2385741106586811,0.3635741112836811,objective_excluded,"[1.7138083986963270679459341973943777111602562477741, 1.7138083986963270679459341973943777111602562477741]",
crossing,A,10,-3.107308147375305,-2.982308146750305,0.1135741100336811,0.2385741106586811,objective_excluded,"[1.9358405624267970656995657023773214153196748630565, 1.9358405624267970656995657023773214153196748630565]",
crossing,A,10,-3.232308148000305,-3.107308147375305,0.2385741106586811,0.3635741112836811,objective_excluded,"[1.7012064930635949558544605449386797218162952641003, 1.7012064930635949558544605449386797218162952641003]",
crossing,A,10,-3.232308148000305,-3.107308147375305,0.1135741100336811,0.2385741106586811,objective_excluded,"[1.935157893659291601508316963908273436997135416221, 1.935157893659291601508316963908273436997135416221]",
crossing,A,10,-2.857308146125305,-2.732308145500305,-0.0114258905913189,0.1135741100336811,objective_excluded,"[2.1120648333745531668784883371364934283872440784614, 2.1120648333745531668784883371364934283872440784614]",
crossing,A,10,-2.857308146125305,-2.732308145500305,-0.1364258912163189,-0.0114258905913189,objective_excluded,"[2.3328594384928239114508694691671078369680889429286, 2.3328594384928239114508694691671078369680889429286]",
crossing,A,10,-2.982308146750305,-2.857308146125305,-0.0114258905913189,0.1135741100336811,objective_excluded,"[2.1567186613783652061023329002288641724303416270513, 2.1567186613783652061023329002288641724303416270513]",
crossing,A,10,-2.982308146750305,-2.857308146125305,-0.1364258912163189,-0.0114258905913189,objective_excluded,"[2.4077198875230351662771932534956992564174295237619, 2.4077198875230351662771932534956992564174295237619]",
crossing,A,10,-2.857308146125305,-2.732308145500305,-0.2614258918413189,-0.1364258912163189,objective_excluded,"[2.5492615351772635886560574588608135049461103427748, 2.5492615351772635886560574588608135049461103427748]",
crossing,A,10,-2.857308146125305,-2.732308145500305,-0.3864258924663189,-0.2614258918413189,objective_excluded,"[2.7602740385274320625615552549800251669247123545842, 2.7602740385274320625615552549800251669247123545842]",
crossing,A,10,-2.982308146750305,-2.857308146125305,-0.2614258918413189,-0.1364258912163189,objective_excluded,"[2.6619033085013070619426763362919539830780720154814, 2.6619033085013070619426763362919539830780720154814]",
crossing,A,10,-2.982308146750305,-2.857308146125305,-0.3864258924663189,-0.2614258918413189,objective_excluded,"[2.9187896909917867436410393088702794833834297863277, 2.9187896909917867436410393088702794833834297863277]",
crossing,A,9,-3.107308147375305,-2.982308146750305,-0.1364258912163189,0.1135741100336811,objective_excluded,"[1.3339879286350389203657895201925761242440289748206, 1.3339879286350389203657895201925761242440289748206]",
crossing,A,9,-3.232308148000305,-3.107308147375305,-0.1364258912163189,0.1135741100336811,objective_excluded,"[1.494657730673569610416206699431550711888835114626, 1.494657730673569610416206699431550711888835114626]",
crossing,A,9,-3.107308147375305,-2.982308146750305,-0.3864258924663189,-0.1364258912163189,objective_excluded,"[1.5015012702062342433272934522736710246617695053369, 1.5015012702062342433272934522736710246617695053369]",
crossing,A,9,-3.232308148000305,-3.107308147375305,-0.3864258924663189,-0.1364258912163189,objective_excluded,"[1.7947857454779066825591327339714054548371232924678, 1.7947857454779066825591327339714054548371232924678]",
crossing,A,10,-3.357308148625305,-3.232308148000305,0.4885741119086811,0.6135741125336811,objective_excluded,"[1.3336150611244969624850040359720085221048405172363, 1.3336150611244969624850040359720085221048405172363]",
crossing,A,10,-3.357308148625305,-3.232308148000305,0.3635741112836811,0.4885741119086811,objective_excluded,"[1.484326574840758622630906886258418817235228365474, 1.484326574840758622630906886258418817235228365474]",
crossing,A,10,-3.482308149250305,-3.357308148625305,0.4885741119086811,0.6135741125336811,objective_excluded,"[1.3094967573463241277251773101298099415969011500106, 1.3094967573463241277251773101298099415969011500106]",
crossing,A,10,-3.482308149250305,-3.357308148625305,0.3635741112836811,0.4885741119086811,objective_excluded,"[1.4591568826486480680152339654680526861608877284969, 1.4591568826486480680152339654680526861608877284969]",
crossing,A,9,-3.357308148625305,-3.232308148000305,0.1135741100336811,0.3635741112836811,objective_excluded,"[1.2456346095025009720830349289509535109821467432049, 1.2456346095025009720830349289509535109821467432049]",
crossing,A,9,-3.482308149250305,-3.357308148625305,0.1135741100336811,0.3635741112836811,objective_excluded,"[1.2770622114914050537452663900939298543014235411877, 1.2770622114914050537452663900939298543014235411877]",
crossing,A,10,-3.607308149875305,-3.482308149250305,0.4885741119086811,0.6135741125336811,objective_excluded,"[1.2854053720870911179909121558036516484658464135917, 1.2854053720870911179909121558036516484658464135917]",
crossing,A,10,-3.607308149875305,-3.482308149250305,0.3635741112836811,0.4885741119086811,objective_excluded,"[1.4326388120414223240808653691959882991222967140421, 1.4326388120414223240808653691959882991222967140421]",
crossing,A,10,-3.732308150500305,-3.607308149875305,0.4885741119086811,0.6135741125336811,objective_excluded,"[1.260906239266114770007555357129643734847057231267, 1.260906239266114770007555357129643734847057231267]",
crossing,A,10,-3.732308150500305,-3.607308149875305,0.3635741112836811,0.4885741119086811,objective_excluded,"[1.4052336828197285142594581704363283001986814028812, 1.4052336828197285142594581704363283001986814028812]",
crossing,A,9,-3.607308149875305,-3.482308149250305,0.1135741100336811,0.3635741112836811,objective_excluded,"[1.2965799841350561346269878809402920213412060884884, 1.2965799841350561346269878809402920213412060884884]",
crossing,A,9,-3.732308150500305,-3.607308149875305,0.1135741100336811,0.3635741112836811,objective_excluded,"[1.3065660173400390281206308813064819655237148981647, 1.3065660173400390281206308813064819655237148981647]",
crossing,A,9,-3.357308148625305,-3.232308148000305,-0.1364258912163189,0.1135741100336811,objective_excluded,"[1.6183957787747838943250061060979054307684907899984, 1.6183957787747838943250061060979054307684907899984]",
crossing,A,9,-3.482308149250305,-3.357308148625305,-0.1364258912163189,0.1135741100336811,objective_excluded,"[1.7123860081578304822979538081519011940515954840202, 1.7123860081578304822979538081519011940515954840202]",
crossing,A,9,-3.357308148625305,-3.232308148000305,-0.3864258924663189,-0.1364258912163189,objective_excluded,"[2.0290175233462701011804589138086849272979962937517, 2.0290175233462701011804589138086849272979962937517]",
crossing,A,9,-3.482308149250305,-3.357308148625305,-0.3864258924663189,-0.1364258912163189,objective_excluded,"[2.2141024354157246300175253054469956056816910445854, 2.2141024354157246300175253054469956056816910445854]",
crossing,A,9,-3.607308149875305,-3.482308149250305,-0.1364258912163189,0.1135741100336811,objective_excluded,"[1.7744737595686556878019004439651649025967214247366, 1.7744737595686556878019004439651649025967214247366]",
crossing,A,9,-3.732308150500305,-3.607308149875305,-0.1364258912163189,0.1135741100336811,objective_excluded,"[1.8160973673832519581120206732397832449128394039559, 1.8160973673832519581120206732397832449128394039559]",
crossing,A,8,-3.732308150500305,-3.482308149250305,-0.3864258924663189,-0.1364258912163189,objective_excluded,"[1.3305314976547906407091348877318251357969983203074, 1.3305314976547906407091348877318251357969983203074]",
crossing,A,10,-2.857308146125305,-2.732308145500305,-0.5114258930913189,-0.3864258924663189,objective_excluded,"[2.9512227965826966957409022679340642811821461971765, 2.9512227965826966957409022679340642811821461971765]",
crossing,A,10,-2.857308146125305,-2.732308145500305,-0.6364258937163189,-0.5114258930913189,objective_excluded,"[3.1135107818992506878763867643338234020610526327783, 3.1135107818992506878763867643338234020610526327783]",
crossing,A,10,-2.982308146750305,-2.857308146125305,-0.5114258930913189,-0.3864258924663189,objective_excluded,"[3.1745997366517428338181443021428096973650589925995, 3.1745997366517428338181443021428096973650589925995]",
crossing,A,10,-2.982308146750305,-2.857308146125305,-0.6364258937163189,-0.5114258930913189,objective_excluded,"[3.4114591465460605329213957866654554569603247571908, 3.4114591465460605329213957866654554569603247571908]",
crossing,A,10,-2.857308146125305,-2.732308145500305,-0.7614258943413189,-0.6364258937163189,objective_excluded,"[3.2269815914258145086254836085666114516335119139355, 3.2269815914258145086254836085666114516335119139355]",
crossing,A,10,-2.857308146125305,-2.732308145500305,-0.8864258949663189,-0.7614258943413189,objective_excluded,"[3.2624814445535876503346661739645774882399091026207, 3.2624814445535876503346661739645774882399091026207]",
crossing,A,10,-2.982308146750305,-2.857308146125305,-0.7614258943413189,-0.6364258937163189,objective_excluded,"[3.6210107630209412109422616639719835397746494991818, 3.6210107630209412109422616639719835397746494991818]",
crossing,A,10,-2.982308146750305,-2.857308146125305,-0.8864258949663189,-0.7614258943413189,objective_excluded,"[3.7833564813405973554428864509652819113664813146821, 3.7833564813405973554428864509652819113664813146821]",
crossing,A,9,-3.107308147375305,-2.982308146750305,-0.6364258937163189,-0.3864258924663189,objective_excluded,"[1.4949988842062449367995226802449804417281065320336, 1.4949988842062449367995226802449804417281065320336]",
crossing,A,9,-3.232308148000305,-3.107308147375305,-0.6364258937163189,-0.3864258924663189,objective_excluded,"[1.9928856239310890150669003873477174869325862746724, 1.9928856239310890150669003873477174869325862746724]",
crossing,A,10,-3.107308147375305,-2.982308146750305,-0.7614258943413189,-0.6364258937163189,objective_excluded,"[3.9394866287700940979989235871787306890300102142592, 3.9394866287700940979989235871787306890300102142592]",
crossing,A,10,-3.107308147375305,-2.982308146750305,-0.8864258949663189,-0.7614258943413189,objective_excluded,"[4.1989197413583604665473335438851311671001639906897, 4.1989197413583604665473335438851311671001639906897]",
crossing,A,9,-3.232308148000305,-3.107308147375305,-0.8864258949663189,-0.6364258937163189,objective_excluded,"[1.94457718059830968390496788743611981418857662176, 1.94457718059830968390496788743611981418857662176]",
crossing,A,10,-2.857308146125305,-2.732308145500305,-1.0114258955913189,-0.8864258949663189,objective_excluded,"[3.1761958088628655018446346810492614632102138633913, 3.1761958088628655018446346810492614632102138633913]",
crossing,A,10,-2.857308146125305,-2.732308145500305,-1.1364258962163189,-1.0114258955913189,objective_excluded,"[2.9006562731346534439763142059795273288726867907166, 2.9006562731346534439763142059795273288726867907166]",
crossing,A,10,-2.982308146750305,-2.857308146125305,-1.0114258955913189,-0.8864258949663189,objective_excluded,"[3.8696770204877302858923629381766126055551554254658, 3.8696770204877302858923629381766126055551554254658]",
crossing,A,10,-2.982308146750305,-2.857308146125305,-1.1364258962163189,-1.0114258955913189,objective_excluded,"[3.8373487383838786868796851266226098888829682522416, 3.8373487383838786868796851266226098888829682522416]",
crossing,A,10,-2.857308146125305,-2.732308145500305,-1.2614258968413189,-1.1364258962163189,objective_excluded,"[2.3266519615904083048001217043560051787198472346564, 2.3266519615904083048001217043560051787198472346564]",
crossing,A,10,-2.857308146125305,-2.732308145500305,-1.3864258974663189,-1.2614258968413189,objective_excluded,"[1.2687270177325853973496317657931120376271260566219, 1.2687270177325853973496317657931120376271260566219]",
crossing,A,10,-2.982308146750305,-2.857308146125305,-1.2614258968413189,-1.1364258962163189,objective_excluded,"[3.6202225728618312254824367493838759533419045363867, 3.6202225728618312254824367493838759533419045363867]",
crossing,A,10,-2.982308146750305,-2.857308146125305,-1.3864258974663189,-1.2614258968413189,objective_excluded,"[3.1110352311455033998919922851175515835603746006904, 3.1110352311455033998919922851175515835603746006904]",
crossing,A,10,-3.107308147375305,-2.982308146750305,-1.0114258955913189,-0.8864258949663189,objective_excluded,"[4.4125614666653842195944427106388290121824743320995, 4.4125614666653842195944427106388290121824743320995]",
crossing,A,10,-3.107308147375305,-2.982308146750305,-1.1364258962163189,-1.0114258955913189,objective_excluded,"[4.5523973412196479559079590207652582654584135424013, 4.5523973412196479559079590207652582654584135424013]",
crossing,A,9,-3.232308148000305,-3.107308147375305,-1.1364258962163189,-0.8864258949663189,objective_excluded,"[1.2624549860962958497375182891896644023135789993051, 1.2624549860962958497375182891896644023135789993051]",
crossing,A,10,-3.107308147375305,-2.982308146750305,-1.2614258968413189,-1.1364258962163189,objective_excluded,"[4.5766257957712534359120456209883874742205397189161, 4.5766257957712534359120456209883874742205397189161]",
crossing,A,10,-3.107308147375305,-2.982308146750305,-1.3864258974663189,-1.2614258968413189,objective_excluded,"[4.4201897662457917892868406812095160493886075742416, 4.4201897662457917892868406812095160493886075742416]",
crossing,A,10,-3.232308148000305,-3.107308147375305,-1.2614258968413189,-1.1364258962163189,objective_excluded,"[5.3144769323298302618614908806950137574370321140817, 5.3144769323298302618614908806950137574370321140817]",
crossing,A,10,-3.232308148000305,-3.107308147375305,-1.3864258974663189,-1.2614258968413189,objective_excluded,"[5.3972230130310991292013748046144883279668639323824, 5.3972230130310991292013748046144883279668639323824]",
crossing,A,9,-3.357308148625305,-3.232308148000305,-0.6364258937163189,-0.3864258924663189,objective_excluded,"[2.3913151897283441708006763598132274900929135228083, 2.3913151897283441708006763598132274900929135228083]",
crossing,A,9,-3.482308149250305,-3.357308148625305,-0.6364258937163189,-0.3864258924663189,objective_excluded,"[2.7144419432190546148295781443743494071803040763671, 2.7144419432190546148295781443743494071803040763671]",
crossing,A,9,-3.357308148625305,-3.232308148000305,-0.8864258949663189,-0.6364258937163189,objective_excluded,"[2.6091159576043476391851371571498655619357693538054, 2.6091159576043476391851371571498655619357693538054]",
crossing,A,9,-3.482308149250305,-3.357308148625305,-0.8864258949663189,-0.6364258937163189,objective_excluded,"[3.1406163133766538395778537387941387932355730898977, 3.1406163133766538395778537387941387932355730898977]",
crossing,A,8,-3.732308150500305,-3.482308149250305,-0.6364258937163189,-0.3864258924663189,objective_excluded,"[1.5347622786065533092009291774538797360118606636211, 1.5347622786065533092009291774538797360118606636211]",
crossing,A,8,-3.732308150500305,-3.482308149250305,-0.8864258949663189,-0.6364258937163189,objective_excluded,"[1.4863746995708589166924624432593417486001449513034, 1.4863746995708589166924624432593417486001449513034]",
crossing,A,9,-3.357308148625305,-3.232308148000305,-1.1364258962163189,-0.8864258949663189,objective_excluded,"[2.4297587182470137611325776292854231875059592968851, 2.4297587182470137611325776292854231875059592968851]",
crossing,A,9,-3.482308149250305,-3.357308148625305,-1.1364258962163189,-0.8864258949663189,objective_excluded,"[3.3382871545128368714645480159887283259035187624096, 3.3382871545128368714645480159887283259035187624096]",
crossing,A,9,-3.357308148625305,-3.232308148000305,-1.3864258974663189,-1.1364258962163189,objective_excluded,"[1.3882856030697680838120944163499363809638977108371, 1.3882856030697680838120944163499363809638977108371]",
crossing,A,9,-3.482308149250305,-3.357308148625305,-1.3864258974663189,-1.1364258962163189,objective_excluded,"[2.9384939787323877196362681050310394842553356090461, 2.9384939787323877196362681050310394842553356090461]",
crossing,A,9,-3.607308149875305,-3.482308149250305,-1.1364258962163189,-0.8864258949663189,objective_excluded,"[4.0392785660336359062955581307362095260403789707021, 4.0392785660336359062955581307362095260403789707021]",
crossing,A,9,-3.732308150500305,-3.607308149875305,-1.1364258962163189,-0.8864258949663189,objective_excluded,"[4.6105510691729677904513532308582060138096892282082, 4.6105510691729677904513532308582060138096892282082]",
crossing,A,9,-3.607308149875305,-3.482308149250305,-1.3864258974663189,-1.1364258962163189,objective_excluded,"[4.131060610185437498373407085745755404227814507556, 4.131060610185437498373407085745755404227814507556]",
crossing,A,9,-3.732308150500305,-3.607308149875305,-1.3864258974663189,-1.1364258962163189,objective_excluded,"[5.0740309474062826767680714027858535291953334360927, 5.0740309474062826767680714027858535291953334360927]",
crossing,A,10,-3.857308151125305,-3.732308150500305,0.4885741119086811,0.6135741125336811,objective_excluded,"[1.2376778236943530117309789703964535533300558006803, 1.2376778236943530117309789703964535533300558006803]",
crossing,A,10,-3.857308151125305,-3.732308150500305,0.3635741112836811,0.4885741119086811,objective_excluded,"[1.3773834608743681591607420120527201330009882750469, 1.3773834608743681591607420120527201330009882750469]",
crossing,A,11,-3.919808151437805,-3.857308151125305,0.4885741119086811,0.6135741125336811,objective_excluded,"[1.2662937996028222607556630225327193333363320772169, 1.2662937996028222607556630225327193333363320772169]",
crossing,A,11,-3.982308151750305,-3.919808151437805,0.4885741119086811,0.6135741125336811,objective_excluded,"[1.2537408970154301354668317049957719077423349949113, 1.2537408970154301354668317049957719077423349949113]",
crossing,A,10,-3.982308151750305,-3.857308151125305,0.3635741112836811,0.4885741119086811,objective_excluded,"[1.3497931729735330839698376574209120121493345641877, 1.3497931729735330839698376574209120121493345641877]",
crossing,A,9,-3.857308151125305,-3.732308150500305,0.1135741100336811,0.3635741112836811,objective_excluded,"[1.308661700556778517100583812844905276803011013888, 1.308661700556778517100583812844905276803011013888]",
crossing,A,9,-3.982308151750305,-3.857308151125305,0.1135741100336811,0.3635741112836811,objective_excluded,"[1.3040696709097275105345035126337948339227604040684, 1.3040696709097275105345035126337948339227604040684]",
crossing,A,11,-4.044808152062805,-3.982308151750305,0.4885741119086811,0.6135741125336811,objective_excluded,"[1.2419208889602507160346472294030318452161326521524, 1.2419208889602507160346472294030318452161326521524]",
crossing,A,11,-4.107308152375305,-4.044808152062805,0.4885741119086811,0.6135741125336811,objective_excluded,"[1.2308805675366079405283248620813848044419888465508, 1.2308805675366079405283248620813848044419888465508]",
crossing,A,10,-4.107308152375305,-3.982308151750305,0.3635741112836811,0.4885741119086811,objective_excluded,"[1.3220359426763531727273527145542200837197910833277, 1.3220359426763531727273527145542200837197910833277]",
crossing,A,11,-4.169808152687805,-4.107308152375305,0.4885741119086811,0.6135741125336811,objective_excluded,"[1.2206597902393847148739917846734419992706790266307, 1.2206597902393847148739917846734419992706790266307]",
crossing,A,11,-4.232308153000305,-4.169808152687805,0.4885741119086811,0.6135741125336811,gradient_excluded,"[1.2112979181568456807054684181136254059275653219565, 1.2112979181568456807054684181136254059275653219565]",g2
crossing,A,10,-4.232308153000305,-4.107308152375305,0.3635741112836811,0.4885741119086811,objective_excluded,"[1.2953903016767395251580990153211873399216263791637, 1.2953903016767395251580990153211873399216263791637]",
crossing,A,9,-4.107308152375305,-3.982308151750305,0.1135741100336811,0.3635741112836811,objective_excluded,"[1.2949581440575752605735314104709874763457078862764, 1.2949581440575752605735314104709874763457078862764]",
crossing,A,9,-4.232308153000305,-4.107308152375305,0.1135741100336811,0.3635741112836811,objective_excluded,"[1.2821751988926898599421544189991246938940878576191, 1.2821751988926898599421544189991246938940878576191]",
crossing,A,8,-3.982308151750305,-3.732308150500305,-0.1364258912163189,0.1135741100336811,objective_excluded,"[1.2803542606346716761676506885367714742856485537956, 1.2803542606346716761676506885367714742856485537956]",
crossing,A,8,-3.982308151750305,-3.732308150500305,-0.3864258924663189,-0.1364258912163189,objective_excluded,"[1.8278584162932067887055941645806678547857084988932, 1.8278584162932067887055941645806678547857084988932]",
crossing,A,8,-4.232308153000305,-3.982308151750305,-0.1364258912163189,0.1135741100336811,objective_excluded,"[1.4353472560235491020083592172987373945094747670266, 1.4353472560235491020083592172987373945094747670266]",
crossing,A,8,-4.232308153000305,-3.982308151750305,-0.3864258924663189,-0.1364258912163189,objective_excluded,"[2.1402723600247353334228608669868145691999497694568, 2.1402723600247353334228608669868145691999497694568]",
crossing,A,11,-4.294808153312805,-4.232308153000305,0.4885741119086811,0.6135741125336811,gradient_excluded,"[1.2028400515641573457116429220855560788375112805473, 1.2028400515641573457116429220855560788375112805473]",g2
crossing,A,11,-4.357308153625305,-4.294808153312805,0.4885741119086811,0.6135741125336811,gradient_excluded,"[1.1953267293009385145593891053996924502007433472991, 1.1953267293009385145593891053996924502007433472991]",g2
crossing,A,10,-4.357308153625305,-4.232308153000305,0.3635741112836811,0.4885741119086811,objective_excluded,"[1.27030312625535261591276404507661282489733472245, 1.27030312625535261591276404507661282489733472245]",
crossing,A,11,-4.419808153937805,-4.357308153625305,0.4885741119086811,0.6135741125336811,gradient_excluded,"[1.1887926934081619497455880416291910907688402964008, 1.1887926934081619497455880416291910907688402964008]",g2
crossing,A,12,-4.482308154250305,-4.419808153937805,0.5510741122211811,0.6135741125336811,gradient_excluded,"[1.2147195829788936660976587149433999031607141472494, 1.2147195829788936660976587149433999031607141472494]",g2
crossing,A,12,-4.482308154250305,-4.419808153937805,0.4885741119086811,0.5510741122211811,objective_excluded,"[1.2473525169760375547762462475152924929585394744054, 1.2473525169760375547762462475152924929585394744054]",
crossing,A,10,-4.482308154250305,-4.357308153625305,0.3635741112836811,0.4885741119086811,objective_excluded,"[1.247261379267285212904605698161951470381953028953, 1.247261379267285212904605698161951470381953028953]",
crossing,A,9,-4.357308153625305,-4.232308153000305,0.1135741100336811,0.3635741112836811,objective_excluded,"[1.2662697254852410056229904891666300724449676887119, 1.2662697254852410056229904891666300724449676887119]",
crossing,A,9,-4.482308154250305,-4.357308153625305,0.1135741100336811,0.3635741112836811,objective_excluded,"[1.2485483197822276477395363935286833730198084815943, 1.2485483197822276477395363935286833730198084815943]",
crossing,A,12,-4.544808154562805,-4.482308154250305,0.5510741122211811,0.6135741125336811,gradient_excluded,"[1.2103585830249852215384918774970222903026987488513, 1.2103585830249852215384918774970222903026987488513]",g2
crossing,A,12,-4.544808154562805,-4.482308154250305,0.4885741119086811,0.5510741122211811,objective_excluded,"[1.2388417682797289046372975730911682459267298488322, 1.2388417682797289046372975730911682459267298488322]",
crossing,A,12,-4.607308154875305,-4.544808154562805,0.5510741122211811,0.6135741125336811,gradient_excluded,"[1.2071590511937618867582208956189146041707968396615, 1.2071590511937618867582208956189146041707968396615]",g2
crossing,A,12,-4.607308154875305,-4.544808154562805,0.4885741119086811,0.5510741122211811,objective_excluded,"[1.2312930732745165637509117235460457153247204185989, 1.2312930732745165637509117235460457153247204185989]",
crossing,A,10,-4.607308154875305,-4.482308154250305,0.3635741112836811,0.4885741119086811,objective_excluded,"[1.2265528839573412427465341448449649705706918925983, 1.2265528839573412427465341448449649705706918925983]",
crossing,A,13,-4.638558155031555,-4.607308154875305,0.5510741122211811,0.6135741125336811,gradient_excluded,"[1.2096060211456236820894895882132771404665754848757, 1.2096060211456236820894895882132771404665754848757]",g2
crossing,A,13,-4.669808155187805,-4.638558155031555,0.5510741122211811,0.6135741125336811,gradient_excluded,"[1.2087278403313798919740893362995922641743351445153, 1.2087278403313798919740893362995922641743351445153]",g2
crossing,A,12,-4.669808155187805,-4.607308154875305,0.4885741119086811,0.5510741122211811,objective_excluded,"[1.2247461761649866036571045851575287632267039289036, 1.2247461761649866036571045851575287632267039289036]",
crossing,A,14,-4.701058155344055,-4.669808155187805,0.5823241123774311,0.6135741125336811,gradient_excluded,"[1.2150997142408139106954636322217720599571781814081, 1.2150997142408139106954636322217720599571781814081]",g2
crossing,A,14,-4.701058155344055,-4.669808155187805,0.5510741122211811,0.5823241123774311,objective_excluded,"[1.2200332383750104263492030722737743410917126598147, 1.2200332383750104263492030722737743410917126598147]",
crossing,A,15,-4.716683155422180,-4.701058155344055,0.5823241123774311,0.6135741125336811,gradient_excluded,"[1.2155910612071782829873404031564518182372233060545, 1.2155910612071782829873404031564518182372233060545]",g2
crossing,A,17,-4.7244956554612425,-4.716683155422180,0.5979491124555561,0.6135741125336811,gradient_excluded,"[1.2173092248704301788754810954122618503954247533661, 1.2173092248704301788754810954122618503954247533661]",g2
crossing,A,19,-4.72840190548077375,-4.7244956554612425,0.6057616124946186,0.6135741125336811,gradient_excluded,"[1.2177224699990391051404778701917055157331285522186, 1.2177224699990391051404778701917055157331285522186]",g1
crossing,A,21,-4.730355030490539375,-4.72840190548077375,0.60966786251414985,0.6135741125336811,gradient_excluded,"[1.2178238100559964033782619784145167099443332443306, 1.2178238100559964033782619784145167099443332443306]",g1
crossing,A,23,-4.7313315929954221875,-4.730355030490539375,0.611620987523915475,0.6135741125336811,gradient_excluded,"[1.2178489027092279445403048898402014433346049021304, 1.2178489027092279445403048898402014433346049021304]",g1
crossing,A,25,-4.73181987424786359375,-4.7313315929954221875,0.6125975500287982875,0.6135741125336811,gradient_excluded,"[1.2178551458279697271082392261796775911849651293743, 1.2178551458279697271082392261796775911849651293743]",g1
crossing,A,27,-4.732064014874084296875,-4.73181987424786359375,0.61308583128123969375,0.6135741125336811,gradient_excluded,"[1.2178567028676799752855981446633275838680250997305, 1.2178567028676799752855981446633275838680250997305]",g1
crossing,A,28,-4.732308155500305,-4.732064014874084296875,0.613329971907460396875,0.6135741125336811,inside_Krawczyk_box,,
crossing,A,28,-4.732308155500305,-4.732064014874084296875,0.61308583128123969375,0.613329971907460396875,objective_excluded,"[1.2178572862039396798975885505339491349894483632571, 1.2178572862039396798975885505339491349894483632571]",
crossing,A,26,-4.732308155500305,-4.73181987424786359375,0.6125975500287982875,0.61308583128123969375,objective_excluded,"[1.2178574807024903972454351229238288862789203913187, 1.2178574807024903972454351229238288862789203913187]",
crossing,A,24,-4.732308155500305,-4.7313315929954221875,0.611620987523915475,0.6125975500287982875,objective_excluded,"[1.2178582544686280882258611628234794091877801357764, 1.2178582544686280882258611628234794091877801357764]",
crossing,A,22,-4.732308155500305,-4.730355030490539375,0.60966786251414985,0.611620987523915475,objective_excluded,"[1.2178613155924088669271444991994834525389568864653, 1.2178613155924088669271444991994834525389568864653]",
crossing,A,20,-4.732308155500305,-4.72840190548077375,0.6057616124946186,0.60966786251414985,objective_excluded,"[1.217873286695587845779047020917984267378684210757, 1.217873286695587845779047020917984267378684210757]",
crossing,A,18,-4.732308155500305,-4.7244956554612425,0.5979491124555561,0.6057616124946186,objective_excluded,"[1.2179189539334408002380245604985313335038166464562, 1.2179189539334408002380245604985313335038166464562]",
crossing,A,16,-4.732308155500305,-4.716683155422180,0.5823241123774311,0.5979491124555561,objective_excluded,"[1.2180833988377789818514214119934444143647358123657, 1.2180833988377789818514214119934444143647358123657]",
crossing,A,14,-4.732308155500305,-4.701058155344055,0.5510741122211811,0.5823241123774311,objective_excluded,"[1.2185874043009000813635410181513014945943835797261, 1.2185874043009000813635410181513014945943835797261]",
crossing,A,12,-4.732308155500305,-4.669808155187805,0.4885741119086811,0.5510741122211811,objective_excluded,"[1.2192390812866679299924941545724256883998258451692, 1.2192390812866679299924941545724256883998258451692]",
crossing,A,10,-4.732308155500305,-4.607308154875305,0.3635741112836811,0.4885741119086811,gradient_excluded,"[1.2085645937355683031666859610141548745996298008365, 1.2085645937355683031666859610141548745996298008365]",g2
crossing,A,9,-4.607308154875305,-4.482308154250305,0.1135741100336811,0.3635741112836811,objective_excluded,"[1.2297278570937855252755062126210026674609348781701, 1.2297278570937855252755062126210026674609348781701]",
crossing,A,9,-4.732308155500305,-4.607308154875305,0.1135741100336811,0.3635741112836811,gradient_excluded,"[1.210316228593281849298404651758598643184722121166, 1.210316228593281849298404651758598643184722121166]",g2
crossing,A,8,-4.482308154250305,-4.232308153000305,-0.1364258912163189,0.1135741100336811,objective_excluded,"[1.5242053968231558003742110402586169199374783070445, 1.5242053968231558003742110402586169199374783070445]",
crossing,A,8,-4.482308154250305,-4.232308153000305,-0.3864258924663189,-0.1364258912163189,objective_excluded,"[2.3369912894194979162391074337344692648154275242563, 2.3369912894194979162391074337344692648154275242563]",
crossing,A,8,-4.732308155500305,-4.482308154250305,-0.1364258912163189,0.1135741100336811,objective_excluded,"[1.5666337839010196417239446545982256715816631043153, 1.5666337839010196417239446545982256715816631043153]",
crossing,A,8,-4.732308155500305,-4.482308154250305,-0.3864258924663189,-0.1364258912163189,objective_excluded,"[2.4578577931681976432738895422720560912086346293487, 2.4578577931681976432738895422720560912086346293487]",
crossing,A,8,-3.982308151750305,-3.732308150500305,-0.6364258937163189,-0.3864258924663189,objective_excluded,"[2.365287639429929575246315595423043526758354462875, 2.365287639429929575246315595423043526758354462875]",
crossing,A,8,-3.982308151750305,-3.732308150500305,-0.8864258949663189,-0.6364258937163189,objective_excluded,"[2.83103371115079238298441820604241347675074919679, 2.83103371115079238298441820604241347675074919679]",
crossing,A,8,-4.232308153000305,-3.982308151750305,-0.6364258937163189,-0.3864258924663189,objective_excluded,"[2.9190161674252629495011205655178894194878276362944, 2.9190161674252629495011205655178894194878276362944]",
crossing,A,8,-4.232308153000305,-3.982308151750305,-0.8864258949663189,-0.6364258937163189,objective_excluded,"[3.7334889694946803180052785027751796474356270292431, 3.7334889694946803180052785027751796474356270292431]",
crossing,A,8,-3.982308151750305,-3.732308150500305,-1.1364258962163189,-0.8864258949663189,objective_excluded,"[3.0647633876249322709124006841554874928046426492407, 3.0647633876249322709124006841554874928046426492407]",
crossing,A,8,-3.982308151750305,-3.732308150500305,-1.3864258974663189,-1.1364258962163189,objective_excluded,"[2.8361381554152720992445990773221554970557526278957, 2.8361381554152720992445990773221554970557526278957]",
crossing,A,8,-4.232308153000305,-3.982308151750305,-1.1364258962163189,-0.8864258949663189,objective_excluded,"[4.4797847760387737580168004504713242395607407767898, 4.4797847760387737580168004504713242395607407767898]",
crossing,A,8,-4.232308153000305,-3.982308151750305,-1.3864258974663189,-1.1364258962163189,objective_excluded,"[5.0135417271230252234524910559791951370047243895323, 5.0135417271230252234524910559791951370047243895323]",
crossing,A,8,-4.482308154250305,-4.232308153000305,-0.6364258937163189,-0.3864258924663189,objective_excluded,"[3.2882406330398701811695921123549718128205908778283, 3.2882406330398701811695921123549718128205908778283]",
crossing,A,8,-4.482308154250305,-4.232308153000305,-0.8864258949663189,-0.6364258937163189,objective_excluded,"[4.3613855753179960968359771886325017295558990618841, 4.3613855753179960968359771886325017295558990618841]",
crossing,A,7,-4.732308155500305,-4.482308154250305,-0.8864258949663189,-0.3864258924663189,objective_excluded,"[1.3284791500321314327586366536203027755709096660301, 1.3284791500321314327586366536203027755709096660301]",
crossing,A,8,-4.482308154250305,-4.232308153000305,-1.1364258962163189,-0.8864258949663189,objective_excluded,"[5.469164561583544784110238046041168845067193518754, 5.469164561583544784110238046041168845067193518754]",
crossing,A,8,-4.482308154250305,-4.232308153000305,-1.3864258974663189,-1.1364258962163189,objective_excluded,"[6.5096144130658077157140057633279162237159712756242, 6.5096144130658077157140057633279162237159712756242]",
crossing,A,7,-4.732308155500305,-4.482308154250305,-1.3864258974663189,-0.8864258949663189,objective_excluded,"[2.2079463980891904752679351636726462639759896243241, 2.2079463980891904752679351636726462639759896243241]",
crossing,A,6,-5.232308158000305,-4.732308155500305,2.1135741200336811,2.6135741225336811,objective_excluded,"[8.6897457356840499245127896080704739481460347761085, 8.6897457356840499245127896080704739481460347761085]",
crossing,A,6,-5.232308158000305,-4.732308155500305,1.6135741175336811,2.1135741200336811,objective_excluded,"[2.9878805271734352189506000593905357083671655166225, 2.9878805271734352189506000593905357083671655166225]",
crossing,A,5,-5.732308160500305,-5.232308158000305,1.6135741175336811,2.6135741225336811,gradient_excluded,"[-0.50635341831461102605955698412049675254730589504721, -0.50635341831461102605955698412049675254730589504721]",g2
crossing,A,7,-4.982308156750305,-4.732308155500305,1.1135741150336811,1.6135741175336811,gradient_excluded,"[0.88033994810471662215450184145971093772720517386882, 0.88033994810471662215450184145971093772720517386882]",g2
crossing,A,7,-5.232308158000305,-4.982308156750305,1.1135741150336811,1.6135741175336811,gradient_excluded,"[1.1396425104784523948490652727978236385667567799748, 1.1396425104784523948490652727978236385667567799748]",g2
crossing,A,8,-4.982308156750305,-4.732308155500305,0.8635741137836811,1.1135741150336811,gradient_excluded,"[1.067815452832150088003368862653451414286457428933, 1.067815452832150088003368862653451414286457428933]",g2
crossing,A,10,-4.857308156125305,-4.732308155500305,0.7385741131586811,0.8635741137836811,gradient_excluded,"[1.2040618444729989547471709329251255222421393696831, 1.2040618444729989547471709329251255222421393696831]",g2
crossing,A,12,-4.794808155812805,-4.732308155500305,0.6760741128461811,0.7385741131586811,objective_excluded,"[1.2180004614384876716438347232133836638169343735188, 1.2180004614384876716438347232133836638169343735188]",
crossing,A,14,-4.763558155656555,-4.732308155500305,0.6448241126899311,0.6760741128461811,objective_excluded,"[1.2183905703322018385217305189434664245808358052528, 1.2183905703322018385217305189434664245808358052528]",
crossing,A,16,-4.747933155578430,-4.732308155500305,0.6291991126118061,0.6448241126899311,objective_excluded,"[1.2180561453172321270667926115737129111690161378122, 1.2180561453172321270667926115737129111690161378122]",
crossing,A,18,-4.7401206555393675,-4.732308155500305,0.6213866125727436,0.6291991126118061,objective_excluded,"[1.2179153812447642911621594839545954535727419680107, 1.2179153812447642911621594839545954535727419680107]",
crossing,A,20,-4.73621440551983625,-4.732308155500305,0.61748036255321235,0.6213866125727436,objective_excluded,"[1.2178728297229672874115365924507691143695525743928, 1.2178728297229672874115365924507691143695525743928]",
crossing,A,22,-4.734261280510070625,-4.732308155500305,0.615527237543446725,0.61748036255321235,objective_excluded,"[1.2178612578212670451853371276018307951573838295933, 1.2178612578212670451853371276018307951573838295933]",
crossing,A,24,-4.7332847180051878125,-4.732308155500305,0.6145506750385639125,0.615527237543446725,objective_excluded,"[1.2178582472066243854526872143480124270610068552449, 1.2178582472066243854526872143480124270610068552449]",
crossing,A,26,-4.73279643675274640625,-4.732308155500305,0.61406239378612250625,0.6145506750385639125,objective_excluded,"[1.2178574797922013967957910268587543516766648824361, 1.2178574797922013967957910268587543516766648824361]",
crossing,A,28,-4.732552296126525703125,-4.732308155500305,0.613818253159901803125,0.61406239378612250625,objective_excluded,"[1.2178572860899949209184179769980531825221457272228, 1.2178572860899949209184179769980531825221457272228]",
crossing,A,28,-4.732552296126525703125,-4.732308155500305,0.6135741125336811,0.613818253159901803125,inside_Krawczyk_box,,
crossing,A,27,-4.73279643675274640625,-4.732552296126525703125,0.6135741125336811,0.61406239378612250625,gradient_excluded,"[1.2178567025196018335086000875275013461958370910809, 1.2178567025196018335086000875275013461958370910809]",g1
crossing,A,25,-4.7332847180051878125,-4.73279643675274640625,0.6135741125336811,0.6145506750385639125,gradient_excluded,"[1.2178551430490333697747580089528263805433284876506, 1.2178551430490333697747580089528263805433284876506]",g1
crossing,A,23,-4.734261280510070625,-4.7332847180051878125,0.6135741125336811,0.615527237543446725,gradient_excluded,"[1.2178488805687491001975888357664033254547907013429, 1.2178488805687491001975888357664033254547907013429]",g1
crossing,A,21,-4.73621440551983625,-4.734261280510070625,0.6135741125336811,0.61748036255321235,gradient_excluded,"[1.2178236343878755501951269614708389667935487040742, 1.2178236343878755501951269614708389667935487040742]",g1
crossing,A,19,-4.7401206555393675,-4.73621440551983625,0.6135741125336811,0.6213866125727436,gradient_excluded,"[1.2177210879299266754193146302162191574571175416041, 1.2177210879299266754193146302162191574571175416041]",g1
crossing,A,17,-4.747933155578430,-4.7401206555393675,0.6135741125336811,0.6291991126118061,gradient_excluded,"[1.2172985402576568724886569162125934047662766830212, 1.2172985402576568724886569162125934047662766830212]",g2
crossing,A,15,-4.763558155656555,-4.747933155578430,0.6135741125336811,0.6448241126899311,gradient_excluded,"[1.2155115216811690141059722183261218573713394866049, 1.2155115216811690141059722183261218573713394866049]",g2
crossing,A,14,-4.794808155812805,-4.763558155656555,0.6448241126899311,0.6760741128461811,objective_excluded,"[1.2199111145635650175448248832651562975439215233621, 1.2199111145635650175448248832651562975439215233621]",
crossing,A,14,-4.794808155812805,-4.763558155656555,0.6135741125336811,0.6448241126899311,gradient_excluded,"[1.2149616873583416021674044367003071928071966341761, 1.2149616873583416021674044367003071928071966341761]",g2
crossing,A,12,-4.857308156125305,-4.794808155812805,0.6760741128461811,0.7385741131586811,objective_excluded,"[1.2242945967521683917129218308112792842152557417562, 1.2242945967521683917129218308112792842152557417562]",
crossing,A,13,-4.826058155969055,-4.794808155812805,0.6135741125336811,0.6760741128461811,gradient_excluded,"[1.2080139595369164849088730751302472315134368633092, 1.2080139595369164849088730751302472315134368633092]",g2
crossing,A,13,-4.857308156125305,-4.826058155969055,0.6135741125336811,0.6760741128461811,gradient_excluded,"[1.2087397818342644464132920311018938006529390604274, 1.2087397818342644464132920311018938006529390604274]",g2
crossing,A,10,-4.982308156750305,-4.857308156125305,0.7385741131586811,0.8635741137836811,objective_excluded,"[1.2315430946199261779153733377702405085860302813859, 1.2315430946199261779153733377702405085860302813859]",
crossing,A,12,-4.919808156437805,-4.857308156125305,0.6760741128461811,0.7385741131586811,objective_excluded,"[1.2321264007653501816174605959720959899156005316035, 1.2321264007653501816174605959720959899156005316035]",
crossing,A,12,-4.919808156437805,-4.857308156125305,0.6135741125336811,0.6760741128461811,gradient_excluded,"[1.2062343435430082449172407955318705043458359465881, 1.2062343435430082449172407955318705043458359465881]",g2
crossing,A,11,-4.982308156750305,-4.919808156437805,0.6135741125336811,0.7385741131586811,gradient_excluded,"[1.1747499812891604773191640370720720033766540856604, 1.1747499812891604773191640370720720033766540856604]",g2
crossing,A,8,-5.232308158000305,-4.982308156750305,0.8635741137836811,1.1135741150336811,gradient_excluded,"[1.2002087863554693020319475216507835421773389593387, 1.2002087863554693020319475216507835421773389593387]",g2
crossing,A,10,-5.107308157375305,-4.982308156750305,0.7385741131586811,0.8635741137836811,objective_excluded,"[1.2659942771511831333103667447690510561055584715098, 1.2659942771511831333103667447690510561055584715098]",
crossing,A,10,-5.107308157375305,-4.982308156750305,0.6135741125336811,0.7385741131586811,gradient_excluded,"[1.1585157019263312057816372975327960335952810546884, 1.1585157019263312057816372975327960335952810546884]",g2
crossing,A,10,-5.232308158000305,-5.107308157375305,0.7385741131586811,0.8635741137836811,objective_excluded,"[1.3077491863297967189372326989127136464955444023663, 1.3077491863297967189372326989127136464955444023663]",
crossing,A,10,-5.232308158000305,-5.107308157375305,0.6135741125336811,0.7385741131586811,gradient_excluded,"[1.1716509126112553910656673785087249361354562189684, 1.1716509126112553910656673785087249361354562189684]",g2
crossing,A,6,-5.732308160500305,-5.232308158000305,1.1135741150336811,1.6135741175336811,gradient_excluded,"[0.57566835681412719509738611667570173874352210336362, 0.57566835681412719509738611667570173874352210336362]",g2
crossing,A,8,-5.482308159250305,-5.232308158000305,0.8635741137836811,1.1135741150336811,objective_excluded,"[1.3556590018951512789982599861739337078986952034934, 1.3556590018951512789982599861739337078986952034934]",
crossing,A,9,-5.357308158625305,-5.232308158000305,0.6135741125336811,0.8635741137836811,gradient_excluded,"[1.0185579619735997182400087793682016822001914871006, 1.0185579619735997182400087793682016822001914871006]",g2
crossing,A,9,-5.482308159250305,-5.357308158625305,0.6135741125336811,0.8635741137836811,gradient_excluded,"[1.040235278952312183541657719282240540433526875507, 1.040235278952312183541657719282240540433526875507]",g2
crossing,A,8,-5.732308160500305,-5.482308159250305,0.8635741137836811,1.1135741150336811,objective_excluded,"[1.5469137816109127686076716409940585405482842297973, 1.5469137816109127686076716409940585405482842297973]",
crossing,A,8,-5.732308160500305,-5.482308159250305,0.6135741125336811,0.8635741137836811,gradient_excluded,"[0.95112153590900499868257429081384672970473630310517, 0.95112153590900499868257429081384672970473630310517]",g2
crossing,A,5,-6.232308163000305,-5.732308160500305,1.6135741175336811,2.6135741225336811,objective_excluded,"[2.1938045694210269388413251190061440496304067544801, 2.1938045694210269388413251190061440496304067544801]",
crossing,A,5,-6.732308165500305,-6.232308163000305,1.6135741175336811,2.6135741225336811,objective_excluded,"[5.2116010135262280765841691590726147611178742259774, 5.2116010135262280765841691590726147611178742259774]",
crossing,A,6,-6.232308163000305,-5.732308160500305,1.1135741150336811,1.6135741175336811,objective_excluded,"[1.4202838231824497361891430952469634246155967988663, 1.4202838231824497361891430952469634246155967988663]",
crossing,A,8,-5.982308161750305,-5.732308160500305,0.8635741137836811,1.1135741150336811,objective_excluded,"[1.7793887477932065184911453116595332073430084305661, 1.7793887477932065184911453116595332073430084305661]",
crossing,A,8,-5.982308161750305,-5.732308160500305,0.6135741125336811,0.8635741137836811,gradient_excluded,"[1.0222885592410934869006380207552747574058020865204, 1.0222885592410934869006380207552747574058020865204]",g2
crossing,A,7,-6.232308163000305,-5.982308161750305,0.6135741125336811,1.1135741150336811,gradient_excluded,"[0.1569395009164002270546779889786757741050382192114, 0.1569395009164002270546779889786757741050382192114]",g2
crossing,A,6,-6.732308165500305,-6.232308163000305,1.1135741150336811,1.6135741175336811,objective_excluded,"[2.5884621968716347499955846278675257177488839446524, 2.5884621968716347499955846278675257177488839446524]",
crossing,A,7,-6.482308164250305,-6.232308163000305,0.6135741125336811,1.1135741150336811,gradient_excluded,"[0.2599434359701418405100946123026130836902777243036, 0.2599434359701418405100946123026130836902777243036]",g2
crossing,A,7,-6.732308165500305,-6.482308164250305,0.6135741125336811,1.1135741150336811,gradient_excluded,"[0.40665387382038367548609151173819931579472102788439, 0.40665387382038367548609151173819931579472102788439]",g2
crossing,A,28,-4.732552296126525703125,-4.732308155500305,0.613329971907460396875,0.6135741125336811,inside_Krawczyk_box,,
crossing,A,28,-4.732552296126525703125,-4.732308155500305,0.61308583128123969375,0.613329971907460396875,gradient_excluded,"[1.2178572153651818373485353107132512288232766861762, 1.2178572153651818373485353107132512288232766861762]",g1
crossing,A,27,-4.73279643675274640625,-4.732552296126525703125,0.61308583128123969375,0.6135741125336811,krawczyk_excluded,"[1.2178567323611803620913752830231596588644152438852, 1.2178567323611803620913752830231596588644152438852]",K disjoint
crossing,A,26,-4.73279643675274640625,-4.732308155500305,0.6125975500287982875,0.61308583128123969375,gradient_excluded,"[1.2178571973473640924320027203526687985560117316725, 1.2178571973473640924320027203526687985560117316725]",g1
crossing,A,25,-4.7332847180051878125,-4.73279643675274640625,0.6125975500287982875,0.6135741125336811,krawczyk_excluded,"[1.2178552630688172937727602514934359219059798612331, 1.2178552630688172937727602514934359219059798612331]",K disjoint
crossing,A,24,-4.7332847180051878125,-4.732308155500305,0.611620987523915475,0.6125975500287982875,gradient_excluded,"[1.2178571210518635619097633108035658152395398569024, 1.2178571210518635619097633108035658152395398569024]",g1
crossing,A,23,-4.734261280510070625,-4.7332847180051878125,0.611620987523915475,0.6135741125336811,krawczyk_excluded,"[1.2178493658521624885129480778602393553078683059393, 1.2178493658521624885129480778602393553078683059393]",K disjoint
crossing,A,22,-4.734261280510070625,-4.732308155500305,0.60966786251414985,0.611620987523915475,gradient_excluded,"[1.2178567820274192185864198545367890566998027049348, 1.2178567820274192185864198545367890566998027049348]",g1
crossing,A,22,-4.73621440551983625,-4.734261280510070625,0.611620987523915475,0.6135741125336811,krawczyk_excluded,"[1.2178496705292817526306841405748015161585224237813, 1.2178496705292817526306841405748015161585224237813]",K disjoint
crossing,A,22,-4.73621440551983625,-4.734261280510070625,0.60966786251414985,0.611620987523915475,gradient_excluded,"[1.2178535095300065984170795546791378320560332024128, 1.2178535095300065984170795546791378320560332024128]",g1
crossing,A,20,-4.73621440551983625,-4.732308155500305,0.6057616124946186,0.60966786251414985,gradient_excluded,"[1.2178551544110616914822928727114820626554875760116, 1.2178551544110616914822928727114820626554875760116]",g1
crossing,A,21,-4.738167530529601875,-4.73621440551983625,0.60966786251414985,0.6135741125336811,krawczyk_excluded,"[1.2178287546161890687825384559367688196552731450513, 1.2178287546161890687825384559367688196552731450513]",K disjoint
crossing,A,21,-4.7401206555393675,-4.738167530529601875,0.60966786251414985,0.6135741125336811,krawczyk_excluded,"[1.2178331621954100791519123723224764084684935365085, 1.2178331621954100791519123723224764084684935365085]",K disjoint
crossing,A,20,-4.7401206555393675,-4.73621440551983625,0.6057616124946186,0.60966786251414985,gradient_excluded,"[1.2178420456690826338500307083664416611251669878048, 1.2178420456690826338500307083664416611251669878048]",g1
crossing,A,18,-4.7401206555393675,-4.732308155500305,0.5979491124555561,0.6057616124946186,gradient_excluded,"[1.2178464592888354655072266309136475424086684522779, 1.2178464592888354655072266309136475424086684522779]",g1
crossing,A,20,-4.74402690555889875,-4.7401206555393675,0.60966786251414985,0.6135741125336811,krawczyk_excluded,"[1.2178368707385963138840846456139714615203643096336, 1.2178368707385963138840846456139714615203643096336]",K disjoint
crossing,A,20,-4.74402690555889875,-4.7401206555393675,0.6057616124946186,0.60966786251414985,gradient_excluded,"[1.2178339698028530122499734226945533395732630371399, 1.2178339698028530122499734226945533395732630371399]",g1
crossing,A,20,-4.747933155578430,-4.74402690555889875,0.60966786251414985,0.6135741125336811,krawczyk_excluded,"[1.217833770973039899864387644512240063724168836359, 1.217833770973039899864387644512240063724168836359]",K disjoint
crossing,A,20,-4.747933155578430,-4.74402690555889875,0.6057616124946186,0.60966786251414985,gradient_excluded,"[1.217830936140790616502300026560653500366197841152, 1.217830936140790616502300026560653500366197841152]",g2
crossing,A,18,-4.747933155578430,-4.7401206555393675,0.5979491124555561,0.6057616124946186,gradient_excluded,"[1.2177938928544023827887161261833566309349771733566, 1.2177938928544023827887161261833566309349771733566]",g1
crossing,A,16,-4.747933155578430,-4.732308155500305,0.5823241123774311,0.5979491124555561,gradient_excluded,"[1.21779400001543657271083356028266091754061067688, 1.21779400001543657271083356028266091754061067688]",g1
crossing,A,19,-4.75183940559796125,-4.747933155578430,0.6057616124946186,0.6135741125336811,krawczyk_excluded,"[1.2177798714106324064890326638183690789676962768956, 1.2177798714106324064890326638183690789676962768956]",K disjoint
crossing,A,19,-4.7557456556174925,-4.75183940559796125,0.6057616124946186,0.6135741125336811,krawczyk_excluded,"[1.2178020189650441433195750134450142203551474923116, 1.2178020189650441433195750134450142203551474923116]",K disjoint
crossing,A,18,-4.7557456556174925,-4.747933155578430,0.5979491124555561,0.6057616124946186,gradient_excluded,"[1.2177613291385053500377185398812922210029373954811, 1.2177613291385053500377185398812922210029373954811]",g1
crossing,A,19,-4.75965190563702375,-4.7557456556174925,0.6057616124946186,0.6135741125336811,krawczyk_excluded,"[1.2177882854398783064786138971511058747614166833207, 1.2177882854398783064786138971511058747614166833207]",K disjoint
crossing,A,19,-4.763558155656555,-4.75965190563702375,0.6057616124946186,0.6135741125336811,krawczyk_excluded,"[1.2177795712652628456887897317994058137935826709621, 1.2177795712652628456887897317994058137935826709621]",K disjoint
crossing,A,18,-4.763558155656555,-4.7557456556174925,0.5979491124555561,0.6057616124946186,gradient_excluded,"[1.2177488425742120094169957994235334191160176459841, 1.2177488425742120094169957994235334191160176459841]",g2
crossing,A,16,-4.763558155656555,-4.747933155578430,0.5823241123774311,0.5979491124555561,gradient_excluded,"[1.2175829803759903045623462035165128364571412651068, 1.2175829803759903045623462035165128364571412651068]",g1
crossing,A,14,-4.763558155656555,-4.732308155500305,0.5510741122211811,0.5823241123774311,gradient_excluded,"[1.2174394628477113508969763481836756528818301448936, 1.2174394628477113508969763481836756528818301448936]",g1
crossing,A,18,-4.7713706556956175,-4.763558155656555,0.6057616124946186,0.6135741125336811,krawczyk_excluded,"[1.2177472888619333865530153403640884678598900502286, 1.2177472888619333865530153403640884678598900502286]",K disjoint
crossing,A,18,-4.7713706556956175,-4.763558155656555,0.5979491124555561,0.6057616124946186,gradient_excluded,"[1.2177565075155640632700725644319628708302895011107, 1.2177565075155640632700725644319628708302895011107]",g2
crossing,A,18,-4.779183155734680,-4.7713706556956175,0.6057616124946186,0.6135741125336811,gradient_excluded,"[1.2177549506305113236237038841964492566197252509131, 1.2177549506305113236237038841964492566197252509131]",g1
crossing,A,18,-4.779183155734680,-4.7713706556956175,0.5979491124555561,0.6057616124946186,krawczyk_excluded,"[1.2177843982338161480635705401484134924796832113365, 1.2177843982338161480635705401484134924796832113365]",K disjoint
crossing,A,16,-4.779183155734680,-4.763558155656555,0.5823241123774311,0.5979491124555561,gradient_excluded,"[1.2174509336918428076164648551653303513071354760134, 1.2174509336918428076164648551653303513071354760134]",g2
crossing,A,18,-4.7869956557737425,-4.779183155734680,0.6057616124946186,0.6135741125336811,gradient_excluded,"[1.2177828382035369599973172602186431806226347901576, 1.2177828382035369599973172602186431806226347901576]",g1
crossing,A,18,-4.7869956557737425,-4.779183155734680,0.5979491124555561,0.6057616124946186,krawczyk_excluded,"[1.2178254468935957999894129924731998379258918567977, 1.2178254468935957999894129924731998379258918567977]",K disjoint
crossing,A,17,-4.794808155812805,-4.7869956557737425,0.5979491124555561,0.6135741125336811,krawczyk_excluded,"[1.2175326832948217722403024961043598155387848468861, 1.2175326832948217722403024961043598155387848468861]",K disjoint
crossing,A,16,-4.794808155812805,-4.779183155734680,0.5823241123774311,0.5979491124555561,gradient_excluded,"[1.2173984525721190059226017366395554465550733946647, 1.2173984525721190059226017366395554465550733946647]",g2
crossing,A,14,-4.794808155812805,-4.763558155656555,0.5510741122211811,0.5823241123774311,gradient_excluded,"[1.2165941509879302102014074222493793834484849228998, 1.2165941509879302102014074222493793834484849228998]",g2
crossing,A,12,-4.794808155812805,-4.732308155500305,0.4885741119086811,0.5510741122211811,gradient_excluded,"[1.2148099114010306774753496846153177923870237118416, 1.2148099114010306774753496846153177923870237118416]",g2
crossing,A,17,-4.8026206558518675,-4.794808155812805,0.5979491124555561,0.6135741125336811,krawczyk_excluded,"[1.2175166594956678488393478010103518532854579587339, 1.2175166594956678488393478010103518532854579587339]",K disjoint
crossing,A,17,-4.810433155890930,-4.8026206558518675,0.5979491124555561,0.6135741125336811,krawczyk_excluded,"[1.2175206760815003113915894990171438986071437513003, 1.2175206760815003113915894990171438986071437513003]",K disjoint
crossing,A,16,-4.810433155890930,-4.794808155812805,0.5823241123774311,0.5979491124555561,gradient_excluded,"[1.2174261283438203747928054048446542176205043532644, 1.2174261283438203747928054048446542176205043532644]",g2
crossing,A,17,-4.8182456559299925,-4.810433155890930,0.5979491124555561,0.6135741125336811,gradient_excluded,"[1.2175448059216976985111764159458692964866230227885, 1.2175448059216976985111764159458692964866230227885]",g1
crossing,A,17,-4.826058155969055,-4.8182456559299925,0.5979491124555561,0.6135741125336811,gradient_excluded,"[1.2175891240395451845473734823134805041458138422229, 1.2175891240395451845473734823134805041458138422229]",g1
crossing,A,17,-4.8182456559299925,-4.810433155890930,0.5823241123774311,0.5979491124555561,krawczyk_excluded,"[1.2175961993922596044613497765913261562506853902183, 1.2175961993922596044613497765913261562506853902183]",K disjoint
crossing,A,17,-4.826058155969055,-4.8182456559299925,0.5823241123774311,0.5979491124555561,krawczyk_excluded,"[1.2176607975321373251593251492579197838525338004874, 1.2176607975321373251593251492579197838525338004874]",K disjoint
crossing,A,14,-4.826058155969055,-4.794808155812805,0.5510741122211811,0.5823241123774311,gradient_excluded,"[1.2160561920221423413302112361323146553937005654886, 1.2160561920221423413302112361323146553937005654886]",g2
crossing,A,16,-4.841683156047180,-4.826058155969055,0.5979491124555561,0.6135741125336811,gradient_excluded,"[1.2175225707828992234737724917880472234002245400976, 1.2175225707828992234737724917880472234002245400976]",g1
crossing,A,16,-4.841683156047180,-4.826058155969055,0.5823241123774311,0.5979491124555561,krawczyk_excluded,"[1.2176978706021473236093088240638258391083685394706, 1.2176978706021473236093088240638258391083685394706]",K disjoint
crossing,A,16,-4.857308156125305,-4.841683156047180,0.5979491124555561,0.6135741125336811,gradient_excluded,"[1.2177122592679357300603170615621517080581200827992, 1.2177122592679357300603170615621517080581200827992]",g1
crossing,A,16,-4.857308156125305,-4.841683156047180,0.5823241123774311,0.5979491124555561,objective_excluded,"[1.217889208773692720648284243494537501594008618408, 1.217889208773692720648284243494537501594008618408]",
crossing,A,14,-4.857308156125305,-4.826058155969055,0.5510741122211811,0.5823241123774311,gradient_excluded,"[1.2158302751297758078805722263668616382880768968703, 1.2158302751297758078805722263668616382880768968703]",g2
crossing,A,12,-4.857308156125305,-4.794808155812805,0.4885741119086811,0.5510741122211811,gradient_excluded,"[1.2114966564858809714844023648096720038013009032171, 1.2114966564858809714844023648096720038013009032171]",g2
crossing,A,10,-4.857308156125305,-4.732308155500305,0.3635741112836811,0.4885741119086811,gradient_excluded,"[1.1936896404365068675982839684587587007770712095193, 1.1936896404365068675982839684587587007770712095193]",g2
crossing,A,16,-4.872933156203430,-4.857308156125305,0.5979491124555561,0.6135741125336811,objective_excluded,"[1.2179838709799744813833891757208920169549471069634, 1.2179838709799744813833891757208920169549471069634]",
crossing,A,16,-4.872933156203430,-4.857308156125305,0.5823241123774311,0.5979491124555561,objective_excluded,"[1.2181022130395918066989069941911142658846130028893, 1.2181022130395918066989069941911142658846130028893]",
crossing,A,16,-4.888558156281555,-4.872933156203430,0.5979491124555561,0.6135741125336811,objective_excluded,"[1.2183379908973423284464982013333300154989023905759, 1.2183379908973423284464982013333300154989023905759]",
crossing,A,16,-4.888558156281555,-4.872933156203430,0.5823241123774311,0.5979491124555561,objective_excluded,"[1.2181179023486887908753943153000148827168820881095, 1.2181179023486887908753943153000148827168820881095]",
crossing,A,14,-4.888558156281555,-4.857308156125305,0.5510741122211811,0.5823241123774311,gradient_excluded,"[1.215920952572977892674072464542432882162581273486, 1.215920952572977892674072464542432882162581273486]",g2
crossing,A,16,-4.904183156359680,-4.888558156281555,0.5979491124555561,0.6135741125336811,objective_excluded,"[1.2187752020923045283889172283315789189494418951318, 1.2187752020923045283889172283315789189494418951318]",
crossing,A,16,-4.904183156359680,-4.888558156281555,0.5823241123774311,0.5979491124555561,objective_excluded,"[1.2182134627313984769011514362750656251578550638502, 1.2182134627313984769011514362750656251578550638502]",
crossing,A,15,-4.919808156437805,-4.904183156359680,0.5823241123774311,0.6135741125336811,gradient_excluded,"[1.2166368941527402766278851071389381081290633539467, 1.2166368941527402766278851071389381081290633539467]",g1
crossing,A,16,-4.904183156359680,-4.888558156281555,0.5666991122993061,0.5823241123774311,objective_excluded,"[1.218388686612671855690024653362966370003716676322, 1.218388686612671855690024653362966370003716676322]",
crossing,A,16,-4.904183156359680,-4.888558156281555,0.5510741122211811,0.5666991122993061,objective_excluded,"[1.2194229293019980156242107842916758099811264616494, 1.2194229293019980156242107842916758099811264616494]",
crossing,A,16,-4.919808156437805,-4.904183156359680,0.5666991122993061,0.5823241123774311,objective_excluded,"[1.2185663320129682482942273816427344350917269317707, 1.2185663320129682482942273816427344350917269317707]",
crossing,A,16,-4.919808156437805,-4.904183156359680,0.5510741122211811,0.5666991122993061,objective_excluded,"[1.219345237364929144877324134974380353525214493949, 1.219345237364929144877324134974380353525214493949]",
crossing,A,12,-4.919808156437805,-4.857308156125305,0.4885741119086811,0.5510741122211811,gradient_excluded,"[1.2093368690676699756953195741973519914578470767679, 1.2093368690676699756953195741973519914578470767679]",g2
crossing,A,15,-4.935433156515930,-4.919808156437805,0.5823241123774311,0.6135741125336811,gradient_excluded,"[1.2168837484450756147534014897190097073306849037798, 1.2168837484450756147534014897190097073306849037798]",g1
crossing,A,15,-4.951058156594055,-4.935433156515930,0.5823241123774311,0.6135741125336811,gradient_excluded,"[1.2172121621787241738200305752794893962708319126816, 1.2172121621787241738200305752794893962708319126816]",g1
crossing,A,16,-4.935433156515930,-4.919808156437805,0.5666991122993061,0.5823241123774311,objective_excluded,"[1.218825006107751082395955035755576065244230626112, 1.218825006107751082395955035755576065244230626112]",
crossing,A,16,-4.935433156515930,-4.919808156437805,0.5510741122211811,0.5666991122993061,objective_excluded,"[1.2193459586126314221458570857806358899512227746052, 1.2193459586126314221458570857806358899512227746052]",
crossing,A,15,-4.951058156594055,-4.935433156515930,0.5510741122211811,0.5823241123774311,krawczyk_excluded,"[1.2175943385281381727100482189013287155317278169567, 1.2175943385281381727100482189013287155317278169567]",K disjoint
crossing,A,14,-4.982308156750305,-4.951058156594055,0.5823241123774311,0.6135741125336811,gradient_excluded,"[1.2169812543159796857949579494188515641699945593994, 1.2169812543159796857949579494188515641699945593994]",g1
crossing,A,15,-4.966683156672180,-4.951058156594055,0.5510741122211811,0.5823241123774311,objective_excluded,"[1.2180082896152946275565715926125479721138131213447, 1.2180082896152946275565715926125479721138131213447]",
crossing,A,15,-4.982308156750305,-4.966683156672180,0.5510741122211811,0.5823241123774311,objective_excluded,"[1.2185049339173203067008194474418570023012415723339, 1.2185049339173203067008194474418570023012415723339]",
crossing,A,12,-4.982308156750305,-4.919808156437805,0.4885741119086811,0.5510741122211811,gradient_excluded,"[1.208366020116167474004337262638611223315215404598, 1.208366020116167474004337262638611223315215404598]",g2
crossing,A,10,-4.982308156750305,-4.857308156125305,0.3635741112836811,0.4885741119086811,gradient_excluded,"[1.1822629833559180061229318255945715648140373278708, 1.1822629833559180061229318255945715648140373278708]",g2
crossing,A,9,-4.857308156125305,-4.732308155500305,0.1135741100336811,0.3635741112836811,gradient_excluded,"[1.1898813707032691261257179503847124122190948516539, 1.1898813707032691261257179503847124122190948516539]",g2
crossing,A,9,-4.982308156750305,-4.857308156125305,0.1135741100336811,0.3635741112836811,gradient_excluded,"[1.1693849901164656865105960699019485893198956159482, 1.1693849901164656865105960699019485893198956159482]",g2
crossing,A,14,-5.013558156906555,-4.982308156750305,0.5823241123774311,0.6135741125336811,objective_excluded,"[1.2180488182334731136991399790960217308902657446711, 1.2180488182334731136991399790960217308902657446711]",
crossing,A,14,-5.013558156906555,-4.982308156750305,0.5510741122211811,0.5823241123774311,objective_excluded,"[1.2187203084754165562985024815376220622608750245706, 1.2187203084754165562985024815376220622608750245706]",
crossing,A,14,-5.044808157062805,-5.013558156906555,0.5823241123774311,0.6135741125336811,objective_excluded,"[1.2194516197746127100091684082655273576287960027146, 1.2194516197746127100091684082655273576287960027146]",
crossing,A,14,-5.044808157062805,-5.013558156906555,0.5510741122211811,0.5823241123774311,objective_excluded,"[1.2187411495542402500258742406004789138796594486945, 1.2187411495542402500258742406004789138796594486945]",
crossing,A,13,-5.013558156906555,-4.982308156750305,0.4885741119086811,0.5510741122211811,gradient_excluded,"[1.2114820108453486836826433699204001128711152349656, 1.2114820108453486836826433699204001128711152349656]",g2
crossing,A,13,-5.044808157062805,-5.013558156906555,0.4885741119086811,0.5510741122211811,gradient_excluded,"[1.2117495820435615236874688045152813756758931950986, 1.2117495820435615236874688045152813756758931950986]",g2
crossing,A,14,-5.076058157219055,-5.044808157062805,0.5823241123774311,0.6135741125336811,objective_excluded,"[1.2211941892169762362715247651915886219116389220791, 1.2211941892169762362715247651915886219116389220791]",
crossing,A,14,-5.076058157219055,-5.044808157062805,0.5510741122211811,0.5823241123774311,objective_excluded,"[1.2190763270582450326015177045895724971430457299089, 1.2190763270582450326015177045895724971430457299089]",
crossing,A,14,-5.107308157375305,-5.076058157219055,0.5823241123774311,0.6135741125336811,objective_excluded,"[1.2232809993250729783513539279206735389065216069895, 1.2232809993250729783513539279206735389065216069895]",
crossing,A,14,-5.107308157375305,-5.076058157219055,0.5510741122211811,0.5823241123774311,objective_excluded,"[1.2197303309551536057933168230042453916663368899329, 1.2197303309551536057933168230042453916663368899329]",
crossing,A,14,-5.076058157219055,-5.044808157062805,0.5198241120649311,0.5510741122211811,objective_excluded,"[1.2198132482508670243969464395471206001392416919286, 1.2198132482508670243969464395471206001392416919286]",
crossing,A,14,-5.076058157219055,-5.044808157062805,0.4885741119086811,0.5198241120649311,objective_excluded,"[1.2244565135572592447799615595274809217543313001555, 1.2244565135572592447799615595274809217543313001555]",
crossing,A,14,-5.107308157375305,-5.076058157219055,0.5198241120649311,0.5510741122211811,objective_excluded,"[1.2204803831531857682116363540571240805397230485782, 1.2204803831531857682116363540571240805397230485782]",
crossing,A,14,-5.107308157375305,-5.076058157219055,0.4885741119086811,0.5198241120649311,objective_excluded,"[1.2240847648846182983174672437387852070082434149342, 1.2240847648846182983174672437387852070082434149342]",
crossing,A,10,-5.107308157375305,-4.982308156750305,0.3635741112836811,0.4885741119086811,gradient_excluded,"[1.1745717556954462433905571884065451703852205124644, 1.1745717556954462433905571884065451703852205124644]",g2
crossing,A,14,-5.138558157531555,-5.107308157375305,0.5823241123774311,0.6135741125336811,objective_excluded,"[1.2257164719688688754775562472180665378277775510375, 1.2257164719688688754775562472180665378277775510375]",
crossing,A,14,-5.138558157531555,-5.107308157375305,0.5510741122211811,0.5823241123774311,objective_excluded,"[1.2207076128793418967862169368758236152986110690097, 1.2207076128793418967862169368758236152986110690097]",
crossing,A,13,-5.169808157687805,-5.138558157531555,0.5510741122211811,0.6135741125336811,gradient_excluded,"[1.2140470353861368591597478308791124870898422694147, 1.2140470353861368591597478308791124870898422694147]",g1
crossing,A,14,-5.138558157531555,-5.107308157375305,0.5198241120649311,0.5510741122211811,objective_excluded,"[1.2214707599248987694431004534383297124612058799715, 1.2214707599248987694431004534383297124612058799715]",
crossing,A,14,-5.138558157531555,-5.107308157375305,0.4885741119086811,0.5198241120649311,objective_excluded,"[1.2240157209300693817268680970847523632402124288886, 1.2240157209300693817268680970847523632402124288886]",
crossing,A,14,-5.169808157687805,-5.138558157531555,0.5198241120649311,0.5510741122211811,objective_excluded,"[1.2227887806051585530037097037985720245560604754288, 1.2227887806051585530037097037985720245560604754288]",
crossing,A,14,-5.169808157687805,-5.138558157531555,0.4885741119086811,0.5198241120649311,objective_excluded,"[1.2242537714997764566007634628020307938504156255841, 1.2242537714997764566007634628020307938504156255841]",
crossing,A,12,-5.232308158000305,-5.169808157687805,0.5510741122211811,0.6135741125336811,gradient_excluded,"[1.2123190613092689218685146173713124341282311562862, 1.2123190613092689218685146173713124341282311562862]",g2
crossing,A,14,-5.201058157844055,-5.169808157687805,0.5198241120649311,0.5510741122211811,objective_excluded,"[1.2241593801884772591368231067420805349865066781182, 1.2241593801884772591368231067420805349865066781182]",
crossing,A,14,-5.201058157844055,-5.169808157687805,0.4885741119086811,0.5198241120649311,objective_excluded,"[1.2248032672902358934561568629654811843598932605154, 1.2248032672902358934561568629654811843598932605154]",
crossing,A,13,-5.232308158000305,-5.201058157844055,0.4885741119086811,0.5510741122211811,objective_excluded,"[1.2192854132700406699023702555429074450459844906832, 1.2192854132700406699023702555429074450459844906832]",
crossing,A,10,-5.232308158000305,-5.107308157375305,0.3635741112836811,0.4885741119086811,gradient_excluded,"[1.1709623005822178601705819734269809872097665612108, 1.1709623005822178601705819734269809872097665612108]",g2
crossing,A,9,-5.107308157375305,-4.982308156750305,0.1135741100336811,0.3635741112836811,gradient_excluded,"[1.1498811744271707460145220358208169980667814873609, 1.1498811744271707460145220358208169980667814873609]",g2
crossing,A,9,-5.232308158000305,-5.107308157375305,0.1135741100336811,0.3635741112836811,gradient_excluded,"[1.131845688314998210695976276588860724138513499997, 1.131845688314998210695976276588860724138513499997]",g2
crossing,A,8,-4.982308156750305,-4.732308155500305,-0.1364258912163189,0.1135741100336811,objective_excluded,"[1.5780244131800229826348376997532492824398529282546, 1.5780244131800229826348376997532492824398529282546]",
crossing,A,8,-4.982308156750305,-4.732308155500305,-0.3864258924663189,-0.1364258912163189,objective_excluded,"[2.526207048633979598486576240291370730932509154181, 2.526207048633979598486576240291370730932509154181]",
crossing,A,8,-5.232308158000305,-4.982308156750305,-0.1364258912163189,0.1135741100336811,objective_excluded,"[1.5680878577057900142186085722010921114292703425384, 1.5680878577057900142186085722010921114292703425384]",
crossing,A,8,-5.232308158000305,-4.982308156750305,-0.3864258924663189,-0.1364258912163189,objective_excluded,"[2.5582704306351706533093628008485401094506640087748, 2.5582704306351706533093628008485401094506640087748]",
crossing,A,12,-5.294808158312805,-5.232308158000305,0.5510741122211811,0.6135741125336811,gradient_excluded,"[1.2164592015594567908008443579539409178908865217877, 1.2164592015594567908008443579539409178908865217877]",g2
crossing,A,12,-5.294808158312805,-5.232308158000305,0.4885741119086811,0.5510741122211811,objective_excluded,"[1.2198988030591426776321798617670383420545337135687, 1.2198988030591426776321798617670383420545337135687]",
crossing,A,12,-5.357308158625305,-5.294808158312805,0.5510741122211811,0.6135741125336811,objective_excluded,"[1.221971732638180323484339951149392342332370851414, 1.221971732638180323484339951149392342332370851414]",
crossing,A,12,-5.357308158625305,-5.294808158312805,0.4885741119086811,0.5510741122211811,objective_excluded,"[1.220598804329342723125066749173347673049961806461, 1.220598804329342723125066749173347673049961806461]",
crossing,A,11,-5.294808158312805,-5.232308158000305,0.3635741112836811,0.4885741119086811,gradient_excluded,"[1.1879612981887225509460800513524703283600810400624, 1.1879612981887225509460800513524703283600810400624]",g2
crossing,A,12,-5.357308158625305,-5.294808158312805,0.4260741115961811,0.4885741119086811,objective_excluded,"[1.2222881617465101885681980473851832740366941882381, 1.2222881617465101885681980473851832740366941882381]",
crossing,A,12,-5.357308158625305,-5.294808158312805,0.3635741112836811,0.4260741115961811,objective_excluded,"[1.2506364613435109274507647139135964646681574307264, 1.2506364613435109274507647139135964646681574307264]",
crossing,A,12,-5.419808158937805,-5.357308158625305,0.5510741122211811,0.6135741125336811,objective_excluded,"[1.2288912627060612697618465646036960261460454016518, 1.2288912627060612697618465646036960261460454016518]",
crossing,A,12,-5.419808158937805,-5.357308158625305,0.4885741119086811,0.5510741122211811,objective_excluded,"[1.2216025831816564888663093426574215307661809344739, 1.2216025831816564888663093426574215307661809344739]",
crossing,A,12,-5.482308159250305,-5.419808158937805,0.5510741122211811,0.6135741125336811,objective_excluded,"[1.2372500210184024198971201430263774194385271680252, 1.2372500210184024198971201430263774194385271680252]",
crossing,A,12,-5.482308159250305,-5.419808158937805,0.4885741119086811,0.5510741122211811,objective_excluded,"[1.2238507388749475301561894515910667354413209670172, 1.2238507388749475301561894515910667354413209670172]",
crossing,A,12,-5.419808158937805,-5.357308158625305,0.4260741115961811,0.4885741119086811,objective_excluded,"[1.2245527382932361089207821683924275784442956612583, 1.2245527382932361089207821683924275784442956612583]",
crossing,A,12,-5.419808158937805,-5.357308158625305,0.3635741112836811,0.4260741115961811,objective_excluded,"[1.2476694433837378752000067019512644710223726657694, 1.2476694433837378752000067019512644710223726657694]",
crossing,A,12,-5.482308159250305,-5.419808158937805,0.4260741115961811,0.4885741119086811,objective_excluded,"[1.2271650413396497878979050911479421934852247106437, 1.2271650413396497878979050911479421934852247106437]",
crossing,A,12,-5.482308159250305,-5.419808158937805,0.3635741112836811,0.4260741115961811,objective_excluded,"[1.2457881100399402632893973840774524483001417203844, 1.2457881100399402632893973840774524483001417203844]",
crossing,A,9,-5.357308158625305,-5.232308158000305,0.1135741100336811,0.3635741112836811,gradient_excluded,"[1.1156791096674323301552096848226790124230229348685, 1.1156791096674323301552096848226790124230229348685]",g2
crossing,A,9,-5.482308159250305,-5.357308158625305,0.1135741100336811,0.3635741112836811,gradient_excluded,"[1.1018690479889817414983117917493166543252243783491, 1.1018690479889817414983117917493166543252243783491]",g2
crossing,A,12,-5.544808159562805,-5.482308159250305,0.5510741122211811,0.6135741125336811,objective_excluded,"[1.2470774561678623796194195004822901051922017550594, 1.2470774561678623796194195004822901051922017550594]",
crossing,A,12,-5.544808159562805,-5.482308159250305,0.4885741119086811,0.5510741122211811,objective_excluded,"[1.2273751230322978503912007893871918926949133120754, 1.2273751230322978503912007893871918926949133120754]",
crossing,A,12,-5.607308159875305,-5.544808159562805,0.5510741122211811,0.6135741125336811,objective_excluded,"[1.2584020168336288581981918559827282927820378524257, 1.2584020168336288581981918559827282927820378524257]",
crossing,A,12,-5.607308159875305,-5.544808159562805,0.4885741119086811,0.5510741122211811,objective_excluded,"[1.2322072431559581153559786227249848903527847757433, 1.2322072431559581153559786227249848903527847757433]",
crossing,A,12,-5.544808159562805,-5.482308159250305,0.4260741115961811,0.4885741119086811,objective_excluded,"[1.2307914773051570401763104013047774139978843377494, 1.2307914773051570401763104013047774139978843377494]",
crossing,A,12,-5.544808159562805,-5.482308159250305,0.3635741112836811,0.4260741115961811,objective_excluded,"[1.2450246748417798820520801446059775464025270458111, 1.2450246748417798820520801446059775464025270458111]",
crossing,A,12,-5.607308159875305,-5.544808159562805,0.4260741115961811,0.4885741119086811,objective_excluded,"[1.2357236951441817043382709588267202554054815169324, 1.2357236951441817043382709588267202554054815169324]",
crossing,A,12,-5.607308159875305,-5.544808159562805,0.3635741112836811,0.4260741115961811,objective_excluded,"[1.2454116851036977807083002518336877241713060534596, 1.2454116851036977807083002518336877241713060534596]",
crossing,A,11,-5.669808160187805,-5.607308159875305,0.4885741119086811,0.6135741125336811,gradient_excluded,"[1.2000124175053099112037077617321705477914756395747, 1.2000124175053099112037077617321705477914756395747]",g2
crossing,A,11,-5.732308160500305,-5.669808160187805,0.4885741119086811,0.6135741125336811,gradient_excluded,"[1.2068905334417564441086176592383422707458380638614, 1.2068905334417564441086176592383422707458380638614]",g1
crossing,A,12,-5.669808160187805,-5.607308159875305,0.4260741115961811,0.4885741119086811,objective_excluded,"[1.2419928929875077815897870708442140438378700842812, 1.2419928929875077815897870708442140438378700842812]",
crossing,A,12,-5.669808160187805,-5.607308159875305,0.3635741112836811,0.4260741115961811,objective_excluded,"[1.2469820018528042455841926079721651835485357759635, 1.2469820018528042455841926079721651835485357759635]",
crossing,A,12,-5.732308160500305,-5.669808160187805,0.4260741115961811,0.4885741119086811,objective_excluded,"[1.2462362652861064772567576876732778824812743998676, 1.2462362652861064772567576876732778824812743998676]",
crossing,A,12,-5.732308160500305,-5.669808160187805,0.3635741112836811,0.4260741115961811,objective_excluded,"[1.249509322421107300856800296278597254623713293935, 1.249509322421107300856800296278597254623713293935]",
crossing,A,9,-5.607308159875305,-5.482308159250305,0.1135741100336811,0.3635741112836811,gradient_excluded,"[1.0908119685327355789149413533559448679562400361867, 1.0908119685327355789149413533559448679562400361867]",g2
crossing,A,9,-5.732308160500305,-5.607308159875305,0.1135741100336811,0.3635741112836811,gradient_excluded,"[1.0828889291352310218030258011906490837175739312818, 1.0828889291352310218030258011906490837175739312818]",g2
crossing,A,8,-5.482308159250305,-5.232308158000305,-0.1364258912163189,0.1135741100336811,objective_excluded,"[1.544023870099839027008176300006933187601793531895, 1.544023870099839027008176300006933187601793531895]",
crossing,A,8,-5.482308159250305,-5.232308158000305,-0.3864258924663189,-0.1364258912163189,objective_excluded,"[2.5628893934482342069858275114488387724488965917245, 2.5628893934482342069858275114488387724488965917245]",
crossing,A,8,-5.732308160500305,-5.482308159250305,-0.1364258912163189,0.1135741100336811,objective_excluded,"[1.5108840966617114318405611070568798034677464328901, 1.5108840966617114318405611070568798034677464328901]",
crossing,A,8,-5.732308160500305,-5.482308159250305,-0.3864258924663189,-0.1364258912163189,objective_excluded,"[2.5464198059348793278092652100588392071724812883807, 2.5464198059348793278092652100588392071724812883807]",
crossing,A,7,-4.982308156750305,-4.732308155500305,-0.8864258949663189,-0.3864258924663189,objective_excluded,"[1.9906814406301056852065903964259148249199959852972, 1.9906814406301056852065903964259148249199959852972]",
crossing,A,7,-5.232308158000305,-4.982308156750305,-0.8864258949663189,-0.3864258924663189,objective_excluded,"[2.4540666615173117491942790685969258658429688262469, 2.4540666615173117491942790685969258658429688262469]",
crossing,A,7,-4.982308156750305,-4.732308155500305,-1.3864258974663189,-0.8864258949663189,objective_excluded,"[3.9260520763779755206267394213500829622711385195222, 3.9260520763779755206267394213500829622711385195222]",
crossing,A,7,-5.232308158000305,-4.982308156750305,-1.3864258974663189,-0.8864258949663189,objective_excluded,"[5.1121216081721296894709070829683723066315647374143, 5.1121216081721296894709070829683723066315647374143]",
crossing,A,6,-5.732308160500305,-5.232308158000305,-0.8864258949663189,-0.3864258924663189,objective_excluded,"[1.2461699033191970833807070159295216721913336394125, 1.2461699033191970833807070159295216721913336394125]",
crossing,A,6,-5.732308160500305,-5.232308158000305,-1.3864258974663189,-0.8864258949663189,objective_excluded,"[3.5373893269487736384843143314164920268275004902717, 3.5373893269487736384843143314164920268275004902717]",
crossing,A,10,-5.857308161125305,-5.732308160500305,0.4885741119086811,0.6135741125336811,gradient_excluded,"[1.1978417517506919824697416152098322660924003652928, 1.1978417517506919824697416152098322660924003652928]",g2
crossing,A,11,-5.794808160812805,-5.732308160500305,0.3635741112836811,0.4885741119086811,objective_excluded,"[1.2244542485202040101908398471824409526631121524907, 1.2244542485202040101908398471824409526631121524907]",
crossing,A,11,-5.857308161125305,-5.794808160812805,0.3635741112836811,0.4885741119086811,objective_excluded,"[1.2343595842097792473053978835365128350744481431731, 1.2343595842097792473053978835365128350744481431731]",
crossing,A,10,-5.982308161750305,-5.857308161125305,0.4885741119086811,0.6135741125336811,objective_excluded,"[1.2182246280086346229304354965535733388513461813457, 1.2182246280086346229304354965535733388513461813457]",
crossing,A,10,-5.982308161750305,-5.857308161125305,0.3635741112836811,0.4885741119086811,objective_excluded,"[1.2271441369049826348748324144084175996979552970474, 1.2271441369049826348748324144084175996979552970474]",
crossing,A,9,-5.857308161125305,-5.732308160500305,0.1135741100336811,0.3635741112836811,gradient_excluded,"[1.0784858448858593651190804003130949857875364053191, 1.0784858448858593651190804003130949857875364053191]",g2
crossing,A,9,-5.982308161750305,-5.857308161125305,0.1135741100336811,0.3635741112836811,gradient_excluded,"[1.0773565709578782072368032429567186978898498875607, 1.0773565709578782072368032429567186978898498875607]",g2
crossing,A,10,-6.107308162375305,-5.982308161750305,0.4885741119086811,0.6135741125336811,objective_excluded,"[1.2445249457688978169449976756319676015683160650712, 1.2445249457688978169449976756319676015683160650712]",
crossing,A,10,-6.107308162375305,-5.982308161750305,0.3635741112836811,0.4885741119086811,objective_excluded,"[1.2280697377478736292543652484505922487252041069494, 1.2280697377478736292543652484505922487252041069494]",
crossing,A,10,-6.232308163000305,-6.107308162375305,0.4885741119086811,0.6135741125336811,objective_excluded,"[1.277014082773696710440437793434366958460694125828, 1.277014082773696710440437793434366958460694125828]",
crossing,A,10,-6.232308163000305,-6.107308162375305,0.3635741112836811,0.4885741119086811,objective_excluded,"[1.2337433425881968107146403131502773631729474320663, 1.2337433425881968107146403131502773631729474320663]",
crossing,A,10,-6.107308162375305,-5.982308161750305,0.2385741106586811,0.3635741112836811,objective_excluded,"[1.2408502413163140042329084028087787929367340501065, 1.2408502413163140042329084028087787929367340501065]",
crossing,A,10,-6.107308162375305,-5.982308161750305,0.1135741100336811,0.2385741106586811,objective_excluded,"[1.3728525523099164048010987678957345367464421521785, 1.3728525523099164048010987678957345367464421521785]",
crossing,A,10,-6.232308163000305,-6.107308162375305,0.2385741106586811,0.3635741112836811,objective_excluded,"[1.2499939113011196072382429492644902743387083712433, 1.2499939113011196072382429492644902743387083712433]",
crossing,A,10,-6.232308163000305,-6.107308162375305,0.1135741100336811,0.2385741106586811,objective_excluded,"[1.3628248519477143524238886049316316171614038493104, 1.3628248519477143524238886049316316171614038493104]",
crossing,A,7,-5.982308161750305,-5.732308160500305,-0.3864258924663189,0.1135741100336811,gradient_excluded,"[0.7076494342011908886072205534484718370219261758121, 0.7076494342011908886072205534484718370219261758121]",g2
crossing,A,7,-6.232308163000305,-5.982308161750305,-0.3864258924663189,0.1135741100336811,gradient_excluded,"[0.69975723976023615778419435098020865960984991535186, 0.69975723976023615778419435098020865960984991535186]",g2
crossing,A,10,-6.357308163625305,-6.232308163000305,0.4885741119086811,0.6135741125336811,objective_excluded,"[1.3158304840719653605391836462112232123729914166382, 1.3158304840719653605391836462112232123729914166382]",
crossing,A,10,-6.357308163625305,-6.232308163000305,0.3635741112836811,0.4885741119086811,objective_excluded,"[1.2444981415822714147724228490260646757086684343843, 1.2444981415822714147724228490260646757086684343843]",
crossing,A,10,-6.482308164250305,-6.357308163625305,0.4885741119086811,0.6135741125336811,objective_excluded,"[1.361022860609442658545144264863834704369146096966, 1.361022860609442658545144264863834704369146096966]",
crossing,A,10,-6.482308164250305,-6.357308163625305,0.3635741112836811,0.4885741119086811,objective_excluded,"[1.2605466992904475411465087860598664039694439097464, 1.2605466992904475411465087860598664039694439097464]",
crossing,A,10,-6.357308163625305,-6.232308163000305,0.2385741106586811,0.3635741112836811,objective_excluded,"[1.2611856257825229876258045953221148873989046021025, 1.2611856257825229876258045953221148873989046021025]",
crossing,A,10,-6.357308163625305,-6.232308163000305,0.1135741100336811,0.2385741106586811,objective_excluded,"[1.3563051493590637600336568518746650398779025090747, 1.3563051493590637600336568518746650398779025090747]",
crossing,A,10,-6.482308164250305,-6.357308163625305,0.2385741106586811,0.3635741112836811,objective_excluded,"[1.2775642212424655301519029700962938573513241036248, 1.2775642212424655301519029700962938573513241036248]",
crossing,A,10,-6.482308164250305,-6.357308163625305,0.1135741100336811,0.2385741106586811,objective_excluded,"[1.3537255074954089884055475979988913037346366349374, 1.3537255074954089884055475979988913037346366349374]",
crossing,A,10,-6.607308164875305,-6.482308164250305,0.4885741119086811,0.6135741125336811,objective_excluded,"[1.4125388367576084725327694816270620667471098732774, 1.4125388367576084725327694816270620667471098732774]",
crossing,A,10,-6.607308164875305,-6.482308164250305,0.3635741112836811,0.4885741119086811,objective_excluded,"[1.2819964686517825126964811309726127598841716253557, 1.2819964686517825126964811309726127598841716253557]",
crossing,A,9,-6.732308165500305,-6.607308164875305,0.3635741112836811,0.6135741125336811,gradient_excluded,"[1.1047718372729187493822819961412111807548224440815, 1.1047718372729187493822819961412111807548224440815]",g2
crossing,A,10,-6.607308164875305,-6.482308164250305,0.2385741106586811,0.3635741112836811,objective_excluded,"[1.2992887099765132261645629874631563608497838316552, 1.2992887099765132261645629874631563608497838316552]",
crossing,A,10,-6.607308164875305,-6.482308164250305,0.1135741100336811,0.2385741106586811,objective_excluded,"[1.3555357717772566853362695071629657553516529843746, 1.3555357717772566853362695071629657553516529843746]",
crossing,A,10,-6.732308165500305,-6.607308164875305,0.2385741106586811,0.3635741112836811,objective_excluded,"[1.3264104352581781159526937225884699737341056315847, 1.3264104352581781159526937225884699737341056315847]",
crossing,A,10,-6.732308165500305,-6.607308164875305,0.1135741100336811,0.2385741106586811,objective_excluded,"[1.3619380162239895249895242322111671749691218586392, 1.3619380162239895249895242322111671749691218586392]",
crossing,A,7,-6.482308164250305,-6.232308163000305,-0.3864258924663189,0.1135741100336811,gradient_excluded,"[0.6705684539943555304149154640284915835528275248303, 0.6705684539943555304149154640284915835528275248303]",g2
crossing,A,7,-6.732308165500305,-6.482308164250305,-0.3864258924663189,0.1135741100336811,gradient_excluded,"[0.62857417982450014881592688302944923117379273643909, 0.62857417982450014881592688302944923117379273643909]",g2
crossing,A,6,-6.232308163000305,-5.732308160500305,-0.8864258949663189,-0.3864258924663189,objective_excluded,"[2.1623505152673865040742067451333473152078066317456, 2.1623505152673865040742067451333473152078066317456]",
crossing,A,6,-6.232308163000305,-5.732308160500305,-1.3864258974663189,-0.8864258949663189,objective_excluded,"[5.5908282403376181975868986377114346283372979163609, 5.5908282403376181975868986377114346283372979163609]",
crossing,A,6,-6.732308165500305,-6.232308163000305,-0.8864258949663189,-0.3864258924663189,objective_excluded,"[2.6156776374945877606373020034683223677243165720523, 2.6156776374945877606373020034683223677243165720523]",
crossing,A,6,-6.732308165500305,-6.232308163000305,-1.3864258974663189,-0.8864258949663189,objective_excluded,"[6.77273634569441912754890574635018394253180382901, 6.77273634569441912754890574635018394253180382901]",
crossing,B,4,0.94268622540362053,1.94268623040362053,13.440325833105324,14.440325838105324,gradient_excluded,"[0.92226924702149731697933929877360060790127615670366, 0.92226924702149731697933929877360060790127615670366]",g1
crossing,B,4,0.94268622540362053,1.94268623040362053,12.440325828105324,13.440325833105324,gradient_excluded,"[-0.038313242782279734323560630103849412505172379778389, -0.038313242782279734323560630103849412505172379778389]",g1
crossing,B,5,0.44268622290362053,0.94268622540362053,13.440325833105324,14.440325838105324,gradient_excluded,"[0.32739791243872487530568027911502064913454782295023, 0.32739791243872487530568027911502064913454782295023]",g1
crossing,B,7,0.19268622165362053,0.44268622290362053,13.940325835605324,14.440325838105324,objective_excluded,"[1.4237484874916549763829501562920963992952012393501, 1.4237484874916549763829501562920963992952012393501]",
crossing,B,7,-0.05731377959637947,0.19268622165362053,13.940325835605324,14.440325838105324,objective_excluded,"[1.2252924279128679861080893907139360758716857712722, 1.2252924279128679861080893907139360758716857712722]",
crossing,B,7,0.19268622165362053,0.44268622290362053,13.440325833105324,13.940325835605324,objective_excluded,"[1.2955507838168037560306870931616901799374755588836, 1.2955507838168037560306870931616901799374755588836]",
crossing,B,8,-0.05731377959637947,0.19268622165362053,13.690325834355324,13.940325835605324,objective_excluded,"[1.2474892803644542759763862364325476155530688374426, 1.2474892803644542759763862364325476155530688374426]",
crossing,B,9,0.06768622102862053,0.19268622165362053,13.440325833105324,13.690325834355324,objective_excluded,"[1.3713279809300659181985418060410391715569577794713, 1.3713279809300659181985418060410391715569577794713]",
crossing,B,9,-0.05731377959637947,0.06768622102862053,13.440325833105324,13.690325834355324,objective_excluded,"[1.3345363693659291369758093655924083818246285988105, 1.3345363693659291369758093655924083818246285988105]",
crossing,B,5,0.44268622290362053,0.94268622540362053,12.440325828105324,13.440325833105324,gradient_excluded,"[0.24430791444387900899496116725833243159948326270823, 0.24430791444387900899496116725833243159948326270823]",g1
crossing,B,7,0.19268622165362053,0.44268622290362053,12.940325830605324,13.440325833105324,objective_excluded,"[1.2278896037196337359236974557809878490531150771547, 1.2278896037196337359236974557809878490531150771547]",
crossing,B,9,0.06768622102862053,0.19268622165362053,13.190325831855324,13.440325833105324,objective_excluded,"[1.309063306834916528734793490756724918717514204173, 1.309063306834916528734793490756724918717514204173]",
crossing,B,9,-0.05731377959637947,0.06768622102862053,13.190325831855324,13.440325833105324,objective_excluded,"[1.2499509149406384810723956629103968779514251084729, 1.2499509149406384810723956629103968779514251084729]",
crossing,B,9,0.06768622102862053,0.19268622165362053,12.940325830605324,13.190325831855324,objective_excluded,"[1.2663165184899999667540963158180812980669802180475, 1.2663165184899999667540963158180812980669802180475]",
crossing,B,10,-0.05731377959637947,0.06768622102862053,13.065325831230324,13.190325831855324,objective_excluded,"[1.2366577811370900002913828541327663485980615423486, 1.2366577811370900002913828541327663485980615423486]",
crossing,B,10,-0.05731377959637947,0.06768622102862053,12.940325830605324,13.065325831230324,gradient_excluded,"[1.2088645025777090272572045336153375226818253632035, 1.2088645025777090272572045336153375226818253632035]",g2
crossing,B,7,0.19268622165362053,0.44268622290362053,12.440325828105324,12.940325830605324,gradient_excluded,"[1.2175996403863642824249085140767055627457802288792, 1.2175996403863642824249085140767055627457802288792]",g1
crossing,B,9,0.06768622102862053,0.19268622165362053,12.690325829355324,12.940325830605324,objective_excluded,"[1.243407298439852554554583665956254169363519792936, 1.243407298439852554554583665956254169363519792936]",
crossing,B,10,-0.05731377959637947,0.06768622102862053,12.815325829980324,12.940325830605324,krawczyk_excluded,"[1.1871760265621955538607531934052178072927760401559, 1.1871760265621955538607531934052178072927760401559]",K disjoint
crossing,B,11,0.00518622071612053,0.06768622102862053,12.690325829355324,12.815325829980324,objective_excluded,"[1.2335236876533372345683889782770875840048554059053, 1.2335236876533372345683889782770875840048554059053]",
crossing,B,11,-0.05731377959637947,0.00518622071612053,12.690325829355324,12.815325829980324,gradient_excluded,"[1.2135165864580140634872276110370439570918496788397, 1.2135165864580140634872276110370439570918496788397]",g2
crossing,B,9,0.06768622102862053,0.19268622165362053,12.440325828105324,12.690325829355324,objective_excluded,"[1.240361556557894313847601403465277614701446185683, 1.240361556557894313847601403465277614701446185683]",
crossing,B,11,0.00518622071612053,0.06768622102862053,12.565325828730324,12.690325829355324,objective_excluded,"[1.2270328745454393764686255004768629133961263787333, 1.2270328745454393764686255004768629133961263787333]",
crossing,B,12,-0.05731377959637947,0.00518622071612053,12.627825829042824,12.690325829355324,gradient_excluded,"[1.2111440582606497610829048536245444195621483806716, 1.2111440582606497610829048536245444195621483806716]",g2
crossing,B,12,-0.05731377959637947,0.00518622071612053,12.565325828730324,12.627825829042824,gradient_excluded,"[1.2072002877458672970308631072053262453284232104952, 1.2072002877458672970308631072053262453284232104952]",g2
crossing,B,11,0.00518622071612053,0.06768622102862053,12.440325828105324,12.565325828730324,objective_excluded,"[1.2261030328252110795130047553600665057579102729219, 1.2261030328252110795130047553600665057579102729219]",
crossing,B,12,-0.05731377959637947,0.00518622071612053,12.502825828417824,12.565325828730324,krawczyk_excluded,"[1.2048537046544268322794243274731063677207322531839, 1.2048537046544268322794243274731063677207322531839]",K disjoint
crossing,B,13,-0.02606377944012947,0.00518622071612053,12.440325828105324,12.502825828417824,objective_excluded,"[1.2202375300113887093328275965426689879224556632522, 1.2202375300113887093328275965426689879224556632522]",
crossing,B,14,-0.05731377959637947,-0.02606377944012947,12.471575828261574,12.502825828417824,krawczyk_excluded,"[1.2147083114608552104444739146659596215561301080405, 1.2147083114608552104444739146659596215561301080405]",K disjoint
crossing,B,15,-0.04168877951825447,-0.02606377944012947,12.440325828105324,12.471575828261574,objective_excluded,"[1.2184914937816462282505588830806082309235544849343, 1.2184914937816462282505588830806082309235544849343]",
crossing,B,16,-0.05731377959637947,-0.04168877951825447,12.455950828183449,12.471575828261574,gradient_excluded,"[1.2170826605806374735192496093708438509442100980048, 1.2170826605806374735192496093708438509442100980048]",g2
crossing,B,17,-0.04950127955731697,-0.04168877951825447,12.440325828105324,12.455950828183449,objective_excluded,"[1.2180206928140620781300354398594158631087732403742, 1.2180206928140620781300354398594158631087732403742]",
crossing,B,18,-0.05731377959637947,-0.04950127955731697,12.4481383281443865,12.455950828183449,gradient_excluded,"[1.2176651652350517698911000243022477804253257524803, 1.2176651652350517698911000243022477804253257524803]",g2
crossing,B,18,-0.05731377959637947,-0.04950127955731697,12.440325828105324,12.4481383281443865,inside_Krawczyk_box,,
crossing,B,5,1.44268622790362053,1.94268623040362053,11.440325823105324,12.440325828105324,objective_excluded,"[12.005148553041916015613551240528491626952599029256, 12.005148553041916015613551240528491626952599029256]",
crossing,B,5,0.94268622540362053,1.44268622790362053,11.440325823105324,12.440325828105324,objective_excluded,"[4.5134209006005036569730239755737125734502093146751, 4.5134209006005036569730239755737125734502093146751]",
crossing,B,5,1.44268622790362053,1.94268623040362053,10.440325818105324,11.440325823105324,objective_excluded,"[11.565793073519173901750449097508921651669462033482, 11.565793073519173901750449097508921651669462033482]",
crossing,B,5,0.94268622540362053,1.44268622790362053,10.440325818105324,11.440325823105324,objective_excluded,"[4.2091116942159357936508166427502023678440078613015, 4.2091116942159357936508166427502023678440078613015]",
crossing,B,5,0.44268622290362053,0.94268622540362053,11.440325823105324,12.440325828105324,gradient_excluded,"[-0.10714240495385671808654425619114601715563057231242, -0.10714240495385671808654425619114601715563057231242]",g1
crossing,B,7,0.19268622165362053,0.44268622290362053,11.940325825605324,12.440325828105324,gradient_excluded,"[1.2043937913180724878548020983308587653044454865608, 1.2043937913180724878548020983308587653044454865608]",g1
crossing,B,9,0.06768622102862053,0.19268622165362053,12.190325826855324,12.440325828105324,objective_excluded,"[1.2405413696953328240793912245501989071612058918033, 1.2405413696953328240793912245501989071612058918033]",
crossing,B,11,0.00518622071612053,0.06768622102862053,12.315325827480324,12.440325828105324,objective_excluded,"[1.2256807914853648605905184244131143530668835848269, 1.2256807914853648605905184244131143530668835848269]",
crossing,B,13,-0.02606377944012947,0.00518622071612053,12.377825827792824,12.440325828105324,objective_excluded,"[1.2200698888698278988898136319894401043250584156188, 1.2200698888698278988898136319894401043250584156188]",
crossing,B,15,-0.04168877951825447,-0.02606377944012947,12.409075827949074,12.440325828105324,objective_excluded,"[1.2184418259619142496085869887149640723962314156949, 1.2184418259619142496085869887149640723962314156949]",
crossing,B,17,-0.04950127955731697,-0.04168877951825447,12.424700828027199,12.440325828105324,objective_excluded,"[1.2180072612271193223478789235037320378272920408683, 1.2180072612271193223478789235037320378272920408683]",
crossing,B,18,-0.05731377959637947,-0.04950127955731697,12.4325133280662615,12.440325828105324,inside_Krawczyk_box,,
crossing,B,18,-0.05731377959637947,-0.04950127955731697,12.424700828027199,12.4325133280662615,gradient_excluded,"[1.2176568892260076911172459322294553052447523030192, 1.2176568892260076911172459322294553052447523030192]",g1
crossing,B,16,-0.05731377959637947,-0.04168877951825447,12.409075827949074,12.424700828027199,gradient_excluded,"[1.2170519722144009037443949395250295159722972239209, 1.2170519722144009037443949395250295159722972239209]",g1
crossing,B,14,-0.05731377959637947,-0.02606377944012947,12.377825827792824,12.409075827949074,gradient_excluded,"[1.2146045317335282123874793818315175077960935131827, 1.2146045317335282123874793818315175077960935131827]",g1
crossing,B,12,-0.05731377959637947,0.00518622071612053,12.315325827480324,12.377825827792824,gradient_excluded,"[1.2045876642292056077932957934156537732035533433999, 1.2045876642292056077932957934156537732035533433999]",g2
crossing,B,11,0.00518622071612053,0.06768622102862053,12.190325826855324,12.315325827480324,objective_excluded,"[1.23099065602000703587751549732824235731866814701, 1.23099065602000703587751549732824235731866814701]",
crossing,B,12,-0.05731377959637947,0.00518622071612053,12.252825827167824,12.315325827480324,gradient_excluded,"[1.2071170271514972612053005568937420299580210983778, 1.2071170271514972612053005568937420299580210983778]",g1
crossing,B,12,-0.05731377959637947,0.00518622071612053,12.190325826855324,12.252825827167824,gradient_excluded,"[1.2112396992978945287242484100877986004216353638371, 1.2112396992978945287242484100877986004216353638371]",g1
crossing,B,9,0.06768622102862053,0.19268622165362053,11.940325825605324,12.190325826855324,objective_excluded,"[1.2581243289037183097639707050160488860647674804303, 1.2581243289037183097639707050160488860647674804303]",
crossing,B,10,-0.05731377959637947,0.06768622102862053,12.065325826230324,12.190325826855324,gradient_excluded,"[1.173144227460817143887579846125317563785269527448, 1.173144227460817143887579846125317563785269527448]",g2
crossing,B,10,-0.05731377959637947,0.06768622102862053,11.940325825605324,12.065325826230324,gradient_excluded,"[1.1894114329256708770467803168026782986076821343495, 1.1894114329256708770467803168026782986076821343495]",g2
crossing,B,7,0.19268622165362053,0.44268622290362053,11.440325823105324,11.940325825605324,objective_excluded,"[1.2392845283406673036178974855470913900685454387934, 1.2392845283406673036178974855470913900685454387934]",
crossing,B,9,0.06768622102862053,0.19268622165362053,11.690325824355324,11.940325825605324,objective_excluded,"[1.2946978434374518017368943793939278071666362021243, 1.2946978434374518017368943793939278071666362021243]",
crossing,B,10,-0.05731377959637947,0.06768622102862053,11.815325824980324,11.940325825605324,gradient_excluded,"[1.2115639304830672269344775372958938427106160986672, 1.2115639304830672269344775372958938427106160986672]",g2
crossing,B,10,-0.05731377959637947,0.06768622102862053,11.690325824355324,11.815325824980324,objective_excluded,"[1.2396898479001651504737246268205784775943627403445, 1.2396898479001651504737246268205784775943627403445]",
crossing,B,9,0.06768622102862053,0.19268622165362053,11.440325823105324,11.690325824355324,objective_excluded,"[1.34920005573763458177860155112571883333398354388, 1.34920005573763458177860155112571883333398354388]",
crossing,B,9,-0.05731377959637947,0.06768622102862053,11.440325823105324,11.690325824355324,objective_excluded,"[1.2500847788906469748676491453675723555733052745974, 1.2500847788906469748676491453675723555733052745974]",
crossing,B,6,0.44268622290362053,0.94268622540362053,10.940325820605324,11.440325823105324,objective_excluded,"[1.513429004500590215890106110271884643670249508521, 1.513429004500590215890106110271884643670249508521]",
crossing,B,6,0.44268622290362053,0.94268622540362053,10.440325818105324,10.940325820605324,objective_excluded,"[1.5712302847453686825603205369267558692881683300739, 1.5712302847453686825603205369267558692881683300739]",
crossing,B,7,0.19268622165362053,0.44268622290362053,10.940325820605324,11.440325823105324,objective_excluded,"[1.3194689419449060314470358785875961293316706088497, 1.3194689419449060314470358785875961293316706088497]",
crossing,B,9,0.06768622102862053,0.19268622165362053,11.190325821855324,11.440325823105324,objective_excluded,"[1.4209754466124999496293455998469243703397385329522, 1.4209754466124999496293455998469243703397385329522]",
crossing,B,9,-0.05731377959637947,0.06768622102862053,11.190325821855324,11.440325823105324,objective_excluded,"[1.333079971965499696976193258467374228925676440731, 1.333079971965499696976193258467374228925676440731]",
crossing,B,8,-0.05731377959637947,0.19268622165362053,10.940325820605324,11.190325821855324,objective_excluded,"[1.2539202981707691041494140076537177546668868504678, 1.2539202981707691041494140076537177546668868504678]",
crossing,B,7,0.19268622165362053,0.44268622290362053,10.440325818105324,10.940325820605324,objective_excluded,"[1.4554682521877537484429261745669403752777716066889, 1.4554682521877537484429261745669403752777716066889]",
crossing,B,8,-0.05731377959637947,0.19268622165362053,10.690325819355324,10.940325820605324,objective_excluded,"[1.3713704320529017811187772074528877687967213690069, 1.3713704320529017811187772074528877687967213690069]",
crossing,B,8,-0.05731377959637947,0.19268622165362053,10.440325818105324,10.690325819355324,objective_excluded,"[1.5026527890596344157727493865316358850419156970951, 1.5026527890596344157727493865316358850419156970951]",
crossing,B,7,-0.30731378084637947,-0.05731377959637947,13.940325835605324,14.440325838105324,gradient_excluded,"[1.1665100708622070702592292751010092731937810691747, 1.1665100708622070702592292751010092731937810691747]",g1
crossing,B,7,-0.55731378209637947,-0.30731378084637947,13.940325835605324,14.440325838105324,objective_excluded,"[1.8718745565935639822620239303879547178276053115985, 1.8718745565935639822620239303879547178276053115985]",
crossing,B,8,-0.30731378084637947,-0.05731377959637947,13.690325834355324,13.940325835605324,gradient_excluded,"[1.21399077710107530551617474799856335921533478223, 1.21399077710107530551617474799856335921533478223]",g1
crossing,B,8,-0.30731378084637947,-0.05731377959637947,13.440325833105324,13.690325834355324,gradient_excluded,"[1.1109675019091948922845229557611730467617328587497, 1.1109675019091948922845229557611730467617328587497]",g1
crossing,B,7,-0.55731378209637947,-0.30731378084637947,13.440325833105324,13.940325835605324,objective_excluded,"[1.4955201415299983927544730283400699013352523054596, 1.4955201415299983927544730283400699013352523054596]",
crossing,B,5,-1.05731378459637947,-0.55731378209637947,13.440325833105324,14.440325838105324,gradient_excluded,"[0.52708198642099850945069545950156625973187479018529, 0.52708198642099850945069545950156625973187479018529]",g1
crossing,B,9,-0.18231378022137947,-0.05731377959637947,13.190325831855324,13.440325833105324,objective_excluded,"[1.2360842512951953077468792613274645932824076416913, 1.2360842512951953077468792613274645932824076416913]",
crossing,B,9,-0.30731378084637947,-0.18231378022137947,13.190325831855324,13.440325833105324,objective_excluded,"[1.3885420767108058333906255631290809755974732795169, 1.3885420767108058333906255631290809755974732795169]",
crossing,B,9,-0.18231378022137947,-0.05731377959637947,12.940325830605324,13.190325831855324,gradient_excluded,"[1.1757810794941866416567394616153037745521220672587, 1.1757810794941866416567394616153037745521220672587]",g1
crossing,B,9,-0.30731378084637947,-0.18231378022137947,12.940325830605324,13.190325831855324,objective_excluded,"[1.3052703865128875230401978327185655941788718730641, 1.3052703865128875230401978327185655941788718730641]",
crossing,B,7,-0.55731378209637947,-0.30731378084637947,12.940325830605324,13.440325833105324,objective_excluded,"[1.2382924423106015173517103485353076692893323562407, 1.2382924423106015173517103485353076692893323562407]",
crossing,B,10,-0.18231378022137947,-0.05731377959637947,12.815325829980324,12.940325830605324,gradient_excluded,"[1.1817241423779717735763681749103360347240052744247, 1.1817241423779717735763681749103360347240052744247]",g1
crossing,B,11,-0.11981377990887947,-0.05731377959637947,12.690325829355324,12.815325829980324,gradient_excluded,"[1.2113375063485972566700002245994872203969897188882, 1.2113375063485972566700002245994872203969897188882]",g1
crossing,B,11,-0.18231378022137947,-0.11981377990887947,12.690325829355324,12.815325829980324,objective_excluded,"[1.2423911109417868947785981282155390813025443375151, 1.2423911109417868947785981282155390813025443375151]",
crossing,B,9,-0.30731378084637947,-0.18231378022137947,12.690325829355324,12.940325830605324,objective_excluded,"[1.2509628153080153532697112420609240903988745958901, 1.2509628153080153532697112420609240903988745958901]",
crossing,B,12,-0.11981377990887947,-0.05731377959637947,12.627825829042824,12.690325829355324,gradient_excluded,"[1.2101782093003118610263875032437478959981380208381, 1.2101782093003118610263875032437478959981380208381]",g1
crossing,B,12,-0.11981377990887947,-0.05731377959637947,12.565325828730324,12.627825829042824,gradient_excluded,"[1.2063145267405750233382470187094295547787637951619, 1.2063145267405750233382470187094295547787637951619]",g1
crossing,B,11,-0.18231378022137947,-0.11981377990887947,12.565325828730324,12.690325829355324,objective_excluded,"[1.2297174769347583780523749565298146389407338291273, 1.2297174769347583780523749565298146389407338291273]",
crossing,B,12,-0.11981377990887947,-0.05731377959637947,12.502825828417824,12.565325828730324,gradient_excluded,"[1.2040516146460119781942162337846364236932165550113, 1.2040516146460119781942162337846364236932165550113]",g2
crossing,B,14,-0.08856377975262947,-0.05731377959637947,12.471575828261574,12.502825828417824,gradient_excluded,"[1.2145382100336272145449232563540649819522259670349, 1.2145382100336272145449232563540649819522259670349]",g1
crossing,B,16,-0.07293877967450447,-0.05731377959637947,12.455950828183449,12.471575828261574,gradient_excluded,"[1.2170436811337938575080392903829015227749490852398, 1.2170436811337938575080392903829015227749490852398]",g1
crossing,B,18,-0.06512627963544197,-0.05731377959637947,12.4481383281443865,12.455950828183449,gradient_excluded,"[1.2176558459815723061519794251390503355758076162583, 1.2176558459815723061519794251390503355758076162583]",g1
crossing,B,18,-0.06512627963544197,-0.05731377959637947,12.440325828105324,12.4481383281443865,inside_Krawczyk_box,,
crossing,B,17,-0.07293877967450447,-0.06512627963544197,12.440325828105324,12.455950828183449,objective_excluded,"[1.2180043456615195884253273973492372474928205807092, 1.2180043456615195884253273973492372474928205807092]",
crossing,B,15,-0.08856377975262947,-0.07293877967450447,12.440325828105324,12.471575828261574,objective_excluded,"[1.2184185298213044413096811147395811820850776228824, 1.2184185298213044413096811147395811820850776228824]",
crossing,B,13,-0.11981377990887947,-0.08856377975262947,12.440325828105324,12.502825828417824,objective_excluded,"[1.2198807026827606789544939153955645640328596618655, 1.2198807026827606789544939153955645640328596618655]",
crossing,B,11,-0.18231378022137947,-0.11981377990887947,12.440325828105324,12.565325828730324,objective_excluded,"[1.2241167138215651811514032594113674203304470621488, 1.2241167138215651811514032594113674203304470621488]",
crossing,B,9,-0.30731378084637947,-0.18231378022137947,12.440325828105324,12.690325829355324,objective_excluded,"[1.2275264526811863617230046458866323212424837644715, 1.2275264526811863617230046458866323212424837644715]",
crossing,B,7,-0.55731378209637947,-0.30731378084637947,12.440325828105324,12.940325830605324,gradient_excluded,"[1.125839365769735556121881373499181812236937450154, 1.125839365769735556121881373499181812236937450154]",g1
crossing,B,5,-1.05731378459637947,-0.55731378209637947,12.440325828105324,13.440325833105324,gradient_excluded,"[-0.33497321354125585957331092249101044412724478524885, -0.33497321354125585957331092249101044412724478524885]",g1
crossing,B,4,-2.05731378959637947,-1.05731378459637947,13.440325833105324,14.440325838105324,objective_excluded,"[1.6927480454028869570934997244756912030584258460107, 1.6927480454028869570934997244756912030584258460107]",
crossing,B,4,-2.05731378959637947,-1.05731378459637947,12.440325828105324,13.440325833105324,gradient_excluded,"[-0.77987087860483037344081676250242395300407906465416, -0.77987087860483037344081676250242395300407906465416]",g1
crossing,B,18,-0.06512627963544197,-0.05731377959637947,12.4325133280662615,12.440325828105324,inside_Krawczyk_box,,
crossing,B,18,-0.06512627963544197,-0.05731377959637947,12.424700828027199,12.4325133280662615,gradient_excluded,"[1.2176653599987410290683473369458955585166851076733, 1.2176653599987410290683473369458955585166851076733]",g2
crossing,B,17,-0.07293877967450447,-0.06512627963544197,12.424700828027199,12.440325828105324,objective_excluded,"[1.2180198956505207736984114350983760324791776064704, 1.2180198956505207736984114350983760324791776064704]",
crossing,B,16,-0.07293877967450447,-0.05731377959637947,12.409075827949074,12.424700828027199,gradient_excluded,"[1.2170841719220893476590491529160481018533687095441, 1.2170841719220893476590491529160481018533687095441]",g2
crossing,B,15,-0.08856377975262947,-0.07293877967450447,12.409075827949074,12.440325828105324,objective_excluded,"[1.2184850247849898857837668802446982760582901142066, 1.2184850247849898857837668802446982760582901142066]",
crossing,B,14,-0.08856377975262947,-0.05731377959637947,12.377825827792824,12.409075827949074,krawczyk_excluded,"[1.21471999050842076268118517281504328485965589297, 1.21471999050842076268118517281504328485965589297]",K disjoint
crossing,B,13,-0.11981377990887947,-0.08856377975262947,12.377825827792824,12.440325828105324,objective_excluded,"[1.2201822593621897349189262112038408538773232744198, 1.2201822593621897349189262112038408538773232744198]",
crossing,B,13,-0.08856377975262947,-0.05731377959637947,12.315325827480324,12.377825827792824,gradient_excluded,"[1.2147758207112854110941908478569434822663316743402, 1.2147758207112854110941908478569434822663316743402]",g2
crossing,B,13,-0.11981377990887947,-0.08856377975262947,12.315325827480324,12.377825827792824,objective_excluded,"[1.2204945289849758182849178040821933335930620219039, 1.2204945289849758182849178040821933335930620219039]",
crossing,B,11,-0.18231378022137947,-0.11981377990887947,12.315325827480324,12.440325828105324,objective_excluded,"[1.2256177324137921583090719745668525785912633020212, 1.2256177324137921583090719745668525785912633020212]",
crossing,B,12,-0.11981377990887947,-0.05731377959637947,12.252825827167824,12.315325827480324,gradient_excluded,"[1.2073925888051488680486445737411584376685449688383, 1.2073925888051488680486445737411584376685449688383]",g2
crossing,B,12,-0.11981377990887947,-0.05731377959637947,12.190325826855324,12.252825827167824,gradient_excluded,"[1.2114328779862893198659845479160317142064850246133, 1.2114328779862893198659845479160317142064850246133]",g2
crossing,B,11,-0.18231378022137947,-0.11981377990887947,12.190325826855324,12.315325827480324,objective_excluded,"[1.2269917769682321532174324583658733441988386713328, 1.2269917769682321532174324583658733441988386713328]",
crossing,B,9,-0.30731378084637947,-0.18231378022137947,12.190325826855324,12.440325828105324,objective_excluded,"[1.2358795892905961370354127255325465152515596361421, 1.2358795892905961370354127255325465152515596361421]",
crossing,B,11,-0.11981377990887947,-0.05731377959637947,12.065325826230324,12.190325826855324,gradient_excluded,"[1.2137956132797304873074744121649866806284059148626, 1.2137956132797304873074744121649866806284059148626]",g2
crossing,B,11,-0.18231378022137947,-0.11981377990887947,12.065325826230324,12.190325826855324,objective_excluded,"[1.2351776934415335797577793665913121731810848666488, 1.2351776934415335797577793665913121731810848666488]",
crossing,B,10,-0.18231378022137947,-0.05731377959637947,11.940325825605324,12.065325826230324,gradient_excluded,"[1.1893321783320926489230019220731005275661678902389, 1.1893321783320926489230019220731005275661678902389]",g2
crossing,B,9,-0.30731378084637947,-0.18231378022137947,11.940325825605324,12.190325826855324,objective_excluded,"[1.2423932556277474185589780715200418970158053413189, 1.2423932556277474185589780715200418970158053413189]",
crossing,B,7,-0.55731378209637947,-0.30731378084637947,11.940325825605324,12.440325828105324,gradient_excluded,"[1.175287753148811208449662550875098424540258456043, 1.175287753148811208449662550875098424540258456043]",g1
crossing,B,10,-0.18231378022137947,-0.05731377959637947,11.815325824980324,11.940325825605324,gradient_excluded,"[1.2110613638166466465350163413734779390738775712321, 1.2110613638166466465350163413734779390738775712321]",g2
crossing,B,10,-0.18231378022137947,-0.05731377959637947,11.690325824355324,11.815325824980324,objective_excluded,"[1.2385121134887899850404970846539287639525823572148, 1.2385121134887899850404970846539287639525823572148]",
crossing,B,9,-0.30731378084637947,-0.18231378022137947,11.690325824355324,11.940325825605324,objective_excluded,"[1.2780628981619849146544530197648987504373111953286, 1.2780628981619849146544530197648987504373111953286]",
crossing,B,9,-0.18231378022137947,-0.05731377959637947,11.440325823105324,11.690325824355324,objective_excluded,"[1.2457052966054120978211951142491863981298630755022, 1.2457052966054120978211951142491863981298630755022]",
crossing,B,9,-0.30731378084637947,-0.18231378022137947,11.440325823105324,11.690325824355324,objective_excluded,"[1.3398347538782300701804895137740365506313354066521, 1.3398347538782300701804895137740365506313354066521]",
crossing,B,7,-0.55731378209637947,-0.30731378084637947,11.440325823105324,11.940325825605324,gradient_excluded,"[1.2078157772339883309587227501132532442360962256414, 1.2078157772339883309587227501132532442360962256414]",g1
crossing,B,5,-1.05731378459637947,-0.55731378209637947,11.440325823105324,12.440325828105324,gradient_excluded,"[-0.079568397721337646899028815112918008969426462297392, -0.079568397721337646899028815112918008969426462297392]",g1
crossing,B,9,-0.18231378022137947,-0.05731377959637947,11.190325821855324,11.440325823105324,objective_excluded,"[1.3259871658962014328547623835010121204927240131713, 1.3259871658962014328547623835010121204927240131713]",
crossing,B,9,-0.30731378084637947,-0.18231378022137947,11.190325821855324,11.440325823105324,objective_excluded,"[1.4296864622580089196358998470502547420407621419634, 1.4296864622580089196358998470502547420407621419634]",
crossing,B,8,-0.30731378084637947,-0.05731377959637947,10.940325820605324,11.190325821855324,objective_excluded,"[1.239449259725301584520603031382498382777223412325, 1.239449259725301584520603031382498382777223412325]",
crossing,B,7,-0.55731378209637947,-0.30731378084637947,10.940325820605324,11.440325823105324,objective_excluded,"[1.3392081611871116239241225721238532158091531603222, 1.3392081611871116239241225721238532158091531603222]",
crossing,B,8,-0.30731378084637947,-0.05731377959637947,10.690325819355324,10.940325820605324,objective_excluded,"[1.3535845270869727089035725577080922627001773561048, 1.3535845270869727089035725577080922627001773561048]",
crossing,B,8,-0.30731378084637947,-0.05731377959637947,10.440325818105324,10.690325819355324,objective_excluded,"[1.4811199271421062125874654225991163351321630993246, 1.4811199271421062125874654225991163351321630993246]",
crossing,B,7,-0.55731378209637947,-0.30731378084637947,10.440325818105324,10.940325820605324,objective_excluded,"[1.599421848740040048019181273548602309156021131446, 1.599421848740040048019181273548602309156021131446]",
crossing,B,5,-1.05731378459637947,-0.55731378209637947,10.440325818105324,11.440325823105324,gradient_excluded,"[-0.12847918908326840120871138420343536871759771750089, -0.12847918908326840120871138420343536871759771750089]",g1
crossing,B,4,-2.05731378959637947,-1.05731378459637947,11.440325823105324,12.440325828105324,gradient_excluded,"[-0.94241291025703584628568285095825748047580869941473, -0.94241291025703584628568285095825748047580869941473]",g1
crossing,B,4,-2.05731378959637947,-1.05731378459637947,10.440325818105324,11.440325823105324,gradient_excluded,"[0.11906732657750597955713048243353835098547834274808, 0.11906732657750597955713048243353835098547834274808]",g1
