label,branch,depth,u1_lo,u1_hi,u2_lo,u2_hi,status,J_lower,gradient_exclusion
below,A,8,-2.705281930642258,-2.455281929392258,2.4233578283404499,2.6733578295904499,objective_excluded,"[1.5680363050368497373170376899852731620860211110937, 1.5680363050368497373170376899852731620860211110937]",
below,A,8,-2.705281930642258,-2.455281929392258,2.1733578270904499,2.4233578283404499,objective_excluded,"[1.0600070119404994336335721195057178017419619270124, 1.0600070119404994336335721195057178017419619270124]",
below,A,7,-2.955281931892258,-2.705281930642258,2.1733578270904499,2.6733578295904499,objective_excluded,"[0.7406897677888122206560792553811365961693305401247, 0.7406897677888122206560792553811365961693305401247]",
below,A,8,-2.705281930642258,-2.455281929392258,1.9233578258404499,2.1733578270904499,objective_excluded,"[0.671606560546533416862484458733663154034150010146, 0.671606560546533416862484458733663154034150010146]",
below,A,9,-2.580281930017258,-2.455281929392258,1.6733578245904499,1.9233578258404499,objective_excluded,"[0.61838618194207614579468629415028592797251587329879, 0.61838618194207614579468629415028592797251587329879]",
below,A,9,-2.705281930642258,-2.580281930017258,1.6733578245904499,1.9233578258404499,objective_excluded,"[0.67170483327549163651935799030652788478398946288294, 0.67170483327549163651935799030652788478398946288294]",
below,A,8,-2.955281931892258,-2.705281930642258,1.9233578258404499,2.1733578270904499,objective_excluded,"[0.89967407604459775345866461964163172839725072989324, 0.89967407604459775345866461964163172839725072989324]",
below,A,9,-2.830281931267258,-2.705281930642258,1.6733578245904499,1.9233578258404499,objective_excluded,"[0.73382303824551709531836144945576216845324019286859, 0.73382303824551709531836144945576216845324019286859]",
below,A,9,-2.955281931892258,-2.830281931267258,1.6733578245904499,1.9233578258404499,objective_excluded,"[0.80567685065263090364980551661370388835349662341247, 0.80567685065263090364980551661370388835349662341247]",
below,A,7,-3.205281933142258,-2.955281931892258,2.1733578270904499,2.6733578295904499,objective_excluded,"[1.1968431097676626664304122129952853498791927060716, 1.1968431097676626664304122129952853498791927060716]",
below,A,7,-3.455281934392258,-3.205281933142258,2.1733578270904499,2.6733578295904499,objective_excluded,"[1.7220482327099767475174290457713184833757781960907, 1.7220482327099767475174290457713184833757781960907]",
below,A,8,-3.205281933142258,-2.955281931892258,1.9233578258404499,2.1733578270904499,objective_excluded,"[1.1806081331152918452704068370976177130070732953977, 1.1806081331152918452704068370976177130070732953977]",
below,A,8,-3.205281933142258,-2.955281931892258,1.6733578245904499,1.9233578258404499,objective_excluded,"[0.71097143405051751548865942989180684835643467969177, 0.71097143405051751548865942989180684835643467969177]",
below,A,8,-3.455281934392258,-3.205281933142258,1.9233578258404499,2.1733578270904499,objective_excluded,"[1.5224982719933773586801733805228981428834033410457, 1.5224982719933773586801733805228981428834033410457]",
below,A,8,-3.455281934392258,-3.205281933142258,1.6733578245904499,1.9233578258404499,objective_excluded,"[0.92823819880986257591169104793633909043390671939232, 0.92823819880986257591169104793633909043390671939232]",
below,A,10,-2.580281930017258,-2.455281929392258,1.5483578239654499,1.6733578245904499,objective_excluded,"[0.68684057452189914009866184850999187609134666860855, 0.68684057452189914009866184850999187609134666860855]",
below,A,10,-2.580281930017258,-2.455281929392258,1.4233578233404499,1.5483578239654499,objective_excluded,"[0.63295702620581018605173647570064322829129611053615, 0.63295702620581018605173647570064322829129611053615]",
below,A,10,-2.705281930642258,-2.580281930017258,1.5483578239654499,1.6733578245904499,objective_excluded,"[0.71396698740105561369579846374828850941359302347393, 0.71396698740105561369579846374828850941359302347393]",
below,A,10,-2.705281930642258,-2.580281930017258,1.4233578233404499,1.5483578239654499,objective_excluded,"[0.64544108918320770613743500088664478138859589448766, 0.64544108918320770613743500088664478138859589448766]",
below,A,10,-2.580281930017258,-2.455281929392258,1.2983578227154499,1.4233578233404499,objective_excluded,"[0.60319655160518282713894081064790047793671211388702, 0.60319655160518282713894081064790047793671211388702]",
below,A,10,-2.580281930017258,-2.455281929392258,1.1733578220904499,1.2983578227154499,objective_excluded,"[0.58467267783849709085319110656765907267671887141837, 0.58467267783849709085319110656765907267671887141837]",
below,A,10,-2.705281930642258,-2.580281930017258,1.2983578227154499,1.4233578233404499,objective_excluded,"[0.60411274384092085330317597612267140073802008954015, 0.60411274384092085330317597612267140073802008954015]",
below,A,10,-2.705281930642258,-2.580281930017258,1.1733578220904499,1.2983578227154499,objective_excluded,"[0.58202642652222764184438520606149287779009637366394, 0.58202642652222764184438520606149287779009637366394]",
below,A,10,-2.830281931267258,-2.705281930642258,1.5483578239654499,1.6733578245904499,objective_excluded,"[0.74943056782809967078229647705599703017122159209281, 0.74943056782809967078229647705599703017122159209281]",
below,A,10,-2.830281931267258,-2.705281930642258,1.4233578233404499,1.5483578239654499,objective_excluded,"[0.66434364866789744670280710346676333693410905481708, 0.66434364866789744670280710346676333693410905481708]",
below,A,10,-2.955281931892258,-2.830281931267258,1.5483578239654499,1.6733578245904499,objective_excluded,"[0.79389991858735634728308217127111388549014374683404, 0.79389991858735634728308217127111388549014374683404]",
below,A,10,-2.955281931892258,-2.830281931267258,1.4233578233404499,1.5483578239654499,objective_excluded,"[0.69029781243875175033469169898292903480694674525865, 0.69029781243875175033469169898292903480694674525865]",
below,A,10,-2.830281931267258,-2.705281930642258,1.2983578227154499,1.4233578233404499,objective_excluded,"[0.60968850754500068371119589536577703039243773039999, 0.60968850754500068371119589536577703039243773039999]",
below,A,10,-2.830281931267258,-2.705281930642258,1.1733578220904499,1.2983578227154499,objective_excluded,"[0.58293607997912388224048704374222140998738504073185, 0.58293607997912388224048704374222140998738504073185]",
below,A,10,-2.955281931892258,-2.830281931267258,1.2983578227154499,1.4233578233404499,objective_excluded,"[0.62052213892403260632795663733600706746797132692283, 0.62052213892403260632795663733600706746797132692283]",
below,A,10,-2.955281931892258,-2.830281931267258,1.1733578220904499,1.2983578227154499,objective_excluded,"[0.58273455131505664655808809246027448477992630638613, 0.58273455131505664655808809246027448477992630638613]",
below,A,11,-2.517781929704758,-2.455281929392258,1.0483578214654499,1.1733578220904499,objective_excluded,"[0.63346263416577255892241965265487572299051326757948, 0.63346263416577255892241965265487572299051326757948]",
below,A,11,-2.580281930017258,-2.517781929704758,1.0483578214654499,1.1733578220904499,objective_excluded,"[0.62802092840880954731777294002589699507734952689349, 0.62802092840880954731777294002589699507734952689349]",
below,A,11,-2.517781929704758,-2.455281929392258,0.9233578208404499,1.0483578214654499,objective_excluded,"[0.64855362062414865280495443668212835422301431441339, 0.64855362062414865280495443668212835422301431441339]",
below,A,11,-2.580281930017258,-2.517781929704758,0.9233578208404499,1.0483578214654499,objective_excluded,"[0.63989691079407734618454082149189103911422900740556, 0.63989691079407734618454082149189103911422900740556]",
below,A,11,-2.642781930329758,-2.580281930017258,1.0483578214654499,1.1733578220904499,objective_excluded,"[0.62346431687097258807003816717144220203284991587872, 0.62346431687097258807003816717144220203284991587872]",
below,A,11,-2.705281930642258,-2.642781930329758,1.0483578214654499,1.1733578220904499,objective_excluded,"[0.61989252578626060152264811167991807396162023897365, 0.61989252578626060152264811167991807396162023897365]",
below,A,11,-2.642781930329758,-2.580281930017258,0.9233578208404499,1.0483578214654499,objective_excluded,"[0.63161199594288954827116839741782754090213288213701, 0.63161199594288954827116839741782754090213288213701]",
below,A,11,-2.705281930642258,-2.642781930329758,0.9233578208404499,1.0483578214654499,objective_excluded,"[0.6239447372223634930170161147059834155961955045214, 0.6239447372223634930170161147059834155961955045214]",
below,A,10,-2.580281930017258,-2.455281929392258,0.7983578202154499,0.9233578208404499,objective_excluded,"[0.59275228196692199561614859514455447097708710578738, 0.59275228196692199561614859514455447097708710578738]",
below,A,10,-2.580281930017258,-2.455281929392258,0.6733578195904499,0.7983578202154499,objective_excluded,"[0.63521384873658856282230203063358640930444247470834, 0.63521384873658856282230203063358640930444247470834]",
below,A,10,-2.705281930642258,-2.580281930017258,0.7983578202154499,0.9233578208404499,objective_excluded,"[0.58335854120494811562392101304382446979237080305098, 0.58335854120494811562392101304382446979237080305098]",
below,A,10,-2.705281930642258,-2.580281930017258,0.6733578195904499,0.7983578202154499,objective_excluded,"[0.62590373023503366152043173954195676050190678598078, 0.62590373023503366152043173954195676050190678598078]",
below,A,11,-2.767781930954758,-2.705281930642258,1.0483578214654499,1.1733578220904499,objective_excluded,"[0.61741013114590585970453171086561587101255037564892, 0.61741013114590585970453171086561587101255037564892]",
below,A,11,-2.830281931267258,-2.767781930954758,1.0483578214654499,1.1733578220904499,objective_excluded,"[0.61607172341647922379456776442257591326833055029376, 0.61607172341647922379456776442257591326833055029376]",
below,A,11,-2.767781930954758,-2.705281930642258,0.9233578208404499,1.0483578214654499,objective_excluded,"[0.61694561422730004452247454936916794144222907019076, 0.61694561422730004452247454936916794144222907019076]",
below,A,11,-2.830281931267258,-2.767781930954758,0.9233578208404499,1.0483578214654499,objective_excluded,"[0.61072249943967448867626164741275304867401208469712, 0.61072249943967448867626164741275304867401208469712]",
below,A,11,-2.892781931579758,-2.830281931267258,1.0483578214654499,1.1733578220904499,objective_excluded,"[0.61088621436957494487557796677697044832647499542998, 0.61088621436957494487557796677697044832647499542998]",
below,A,11,-2.955281931892258,-2.892781931579758,1.0483578214654499,1.1733578220904499,objective_excluded,"[0.60624601660804368095389642067860477031965634414193, 0.60624601660804368095389642067860477031965634414193]",
below,A,11,-2.892781931579758,-2.830281931267258,0.9233578208404499,1.0483578214654499,objective_excluded,"[0.60531833989519389387074603553523102598514879235619, 0.60531833989519389387074603553523102598514879235619]",
below,A,11,-2.955281931892258,-2.892781931579758,0.9233578208404499,1.0483578214654499,objective_excluded,"[0.60081372177145187021626347355135011790851571764217, 0.60081372177145187021626347355135011790851571764217]",
below,A,11,-2.767781930954758,-2.705281930642258,0.7983578202154499,0.9233578208404499,objective_excluded,"[0.643874552003237555924094259693969833871304737475, 0.643874552003237555924094259693969833871304737475]",
below,A,11,-2.830281931267258,-2.767781930954758,0.7983578202154499,0.9233578208404499,objective_excluded,"[0.63443187300048502189563407082346268837630689660396, 0.63443187300048502189563407082346268837630689660396]",
below,A,10,-2.830281931267258,-2.705281930642258,0.6733578195904499,0.7983578202154499,objective_excluded,"[0.6144628228968159988904424450823900396046054605526, 0.6144628228968159988904424450823900396046054605526]",
below,A,11,-2.892781931579758,-2.830281931267258,0.7983578202154499,0.9233578208404499,objective_excluded,"[0.62531557778062625415340587537476847332255601142226, 0.62531557778062625415340587537476847332255601142226]",
below,A,11,-2.955281931892258,-2.892781931579758,0.7983578202154499,0.9233578208404499,objective_excluded,"[0.61676410664081628597784141211294401424854839547733, 0.61676410664081628597784141211294401424854839547733]",
below,A,10,-2.955281931892258,-2.830281931267258,0.6733578195904499,0.7983578202154499,objective_excluded,"[0.60217512937751408983133026009269627989642372655523, 0.60217512937751408983133026009269627989642372655523]",
below,A,9,-3.080281932517258,-2.955281931892258,1.4233578233404499,1.6733578245904499,objective_excluded,"[0.58983314774866514397370535875866119324288928537302, 0.58983314774866514397370535875866119324288928537302]",
below,A,9,-3.205281933142258,-3.080281932517258,1.4233578233404499,1.6733578245904499,objective_excluded,"[0.63723660063496257327235250230874653592831747721264, 0.63723660063496257327235250230874653592831747721264]",
below,A,10,-3.080281932517258,-2.955281931892258,1.2983578227154499,1.4233578233404499,objective_excluded,"[0.63721546865602011696390139854623936666055512850532, 0.63721546865602011696390139854623936666055512850532]",
below,A,10,-3.080281932517258,-2.955281931892258,1.1733578220904499,1.2983578227154499,objective_excluded,"[0.58591736081414308136571553985116796030492550187777, 0.58591736081414308136571553985116796030492550187777]",
below,A,10,-3.205281933142258,-3.080281932517258,1.2983578227154499,1.4233578233404499,objective_excluded,"[0.66033989134693701204172653303585308726322601261524, 0.66033989134693701204172653303585308726322601261524]",
below,A,10,-3.205281933142258,-3.080281932517258,1.1733578220904499,1.2983578227154499,objective_excluded,"[0.59383816632224573621491014238291949784162745397657, 0.59383816632224573621491014238291949784162745397657]",
below,A,9,-3.330281933767258,-3.205281933142258,1.4233578233404499,1.6733578245904499,objective_excluded,"[0.69201388450595661979038140197927517715402158469393, 0.69201388450595661979038140197927517715402158469393]",
below,A,9,-3.455281934392258,-3.330281933767258,1.4233578233404499,1.6733578245904499,objective_excluded,"[0.7549445581629123618678995450915802400321546201118, 0.7549445581629123618678995450915802400321546201118]",
below,A,10,-3.330281933767258,-3.205281933142258,1.2983578227154499,1.4233578233404499,objective_excluded,"[0.69041030173920315019698798313262493384646494146228, 0.69041030173920315019698798313262493384646494146228]",
below,A,10,-3.330281933767258,-3.205281933142258,1.1733578220904499,1.2983578227154499,objective_excluded,"[0.60701363297138367581727000366390733317633263556974, 0.60701363297138367581727000366390733317633263556974]",
below,A,10,-3.455281934392258,-3.330281933767258,1.2983578227154499,1.4233578233404499,objective_excluded,"[0.72784167546616046185516949024161827953764689058024, 0.72784167546616046185516949024161827953764689058024]",
below,A,10,-3.455281934392258,-3.330281933767258,1.1733578220904499,1.2983578227154499,objective_excluded,"[0.6259345293993271506840661244215501060813142153783, 0.6259345293993271506840661244215501060813142153783]",
below,A,11,-3.017781932204758,-2.955281931892258,1.0483578214654499,1.1733578220904499,objective_excluded,"[0.60256314229258221330516427293572164825232557328481, 0.60256314229258221330516427293572164825232557328481]",
below,A,11,-3.080281932517258,-3.017781932204758,1.0483578214654499,1.1733578220904499,objective_excluded,"[0.59985278899245839523610713526542835013891650919573, 0.59985278899245839523610713526542835013891650919573]",
below,A,11,-3.017781932204758,-2.955281931892258,0.9233578208404499,1.0483578214654499,objective_excluded,"[0.5972572115599486532016940027583433423467838765854, 0.5972572115599486532016940027583433423467838765854]",
below,A,11,-3.080281932517258,-3.017781932204758,0.9233578208404499,1.0483578214654499,objective_excluded,"[0.59469378448601572830483784101630759721363759827809, 0.59469378448601572830483784101630759721363759827809]",
below,A,11,-3.142781932829758,-3.080281932517258,1.0483578214654499,1.1733578220904499,objective_excluded,"[0.59757977335176895129376998367429384507505741155668, 0.59757977335176895129376998367429384507505741155668]",
below,A,11,-3.205281933142258,-3.142781932829758,1.0483578214654499,1.1733578220904499,objective_excluded,"[0.59563143651974709198299634924196621311266824646105, 0.59563143651974709198299634924196621311266824646105]",
below,A,11,-3.142781932829758,-3.080281932517258,0.9233578208404499,1.0483578214654499,objective_excluded,"[0.59315476532020844995628654802782151753920993194574, 0.59315476532020844995628654802782151753920993194574]",
below,A,11,-3.205281933142258,-3.142781932829758,0.9233578208404499,1.0483578214654499,objective_excluded,"[0.59265646104876903131642081777072718378277647921069, 0.59265646104876903131642081777072718378277647921069]",
below,A,11,-3.017781932204758,-2.955281931892258,0.7983578202154499,0.9233578208404499,objective_excluded,"[0.60884455888046240586904686519134195887439123514615, 0.60884455888046240586904686519134195887439123514615]",
below,A,11,-3.080281932517258,-3.017781932204758,0.7983578202154499,0.9233578208404499,objective_excluded,"[0.60159165486235968431442595027620266455309287695989, 0.60159165486235968431442595027620266455309287695989]",
below,A,10,-3.080281932517258,-2.955281931892258,0.6733578195904499,0.7983578202154499,objective_excluded,"[0.58945607266123541591452451031919743814330542189992, 0.58945607266123541591452451031919743814330542189992]",
below,A,11,-3.142781932829758,-3.080281932517258,0.7983578202154499,0.9233578208404499,objective_excluded,"[0.59504137974756808626143209315155104138181168040845, 0.59504137974756808626143209315155104138181168040845]",
below,A,11,-3.205281933142258,-3.142781932829758,0.7983578202154499,0.9233578208404499,objective_excluded,"[0.5892527986200514257234071085237913170638077013076, 0.5892527986200514257234071085237913170638077013076]",
below,A,11,-3.142781932829758,-3.080281932517258,0.6733578195904499,0.7983578202154499,objective_excluded,"[0.63186896988526376597748745697710047154648586802471, 0.63186896988526376597748745697710047154648586802471]",
below,A,11,-3.205281933142258,-3.142781932829758,0.6733578195904499,0.7983578202154499,objective_excluded,"[0.62236088774449120647050165485817267966933917540822, 0.62236088774449120647050165485817267966933917540822]",
below,A,11,-3.267781933454758,-3.205281933142258,1.0483578214654499,1.1733578220904499,objective_excluded,"[0.59476047897806115533115478398294130229986179312077, 0.59476047897806115533115478398294130229986179312077]",
below,A,11,-3.330281933767258,-3.267781933454758,1.0483578214654499,1.1733578220904499,objective_excluded,"[0.59504089178804461097332571353599539383292962955427, 0.59504089178804461097332571353599539383292962955427]",
below,A,11,-3.267781933454758,-3.205281933142258,0.9233578208404499,1.0483578214654499,objective_excluded,"[0.58872043661406379265097913595198520632428355729836, 0.58872043661406379265097913595198520632428355729836]",
below,A,11,-3.330281933767258,-3.267781933454758,0.9233578208404499,1.0483578214654499,objective_excluded,"[0.58441975041113930901235278175615585281676101560323, 0.58441975041113930901235278175615585281676101560323]",
below,A,11,-3.392781934079758,-3.330281933767258,1.0483578214654499,1.1733578220904499,objective_excluded,"[0.59651552821454900440279133466356464528312150660606, 0.59651552821454900440279133466356464528312150660606]",
below,A,11,-3.455281934392258,-3.392781934079758,1.0483578214654499,1.1733578220904499,objective_excluded,"[0.59922615489293280452922438290833611305562563516797, 0.59922615489293280452922438290833611305562563516797]",
below,A,12,-3.392781934079758,-3.330281933767258,0.9858578211529499,1.0483578214654499,objective_excluded,"[0.60729941906481813787337231179243236507503073738207, 0.60729941906481813787337231179243236507503073738207]",
below,A,12,-3.392781934079758,-3.330281933767258,0.9233578208404499,0.9858578211529499,objective_excluded,"[0.60284827877167734999777067176820167474283757139284, 0.60284827877167734999777067176820167474283757139284]",
below,A,12,-3.455281934392258,-3.392781934079758,0.9858578211529499,1.0483578214654499,objective_excluded,"[0.60629950119432976860512724911745851561409539310609, 0.60629950119432976860512724911745851561409539310609]",
below,A,12,-3.455281934392258,-3.392781934079758,0.9233578208404499,0.9858578211529499,objective_excluded,"[0.59992020643747128329352171897944930475221952243303, 0.59992020643747128329352171897944930475221952243303]",
below,A,11,-3.267781933454758,-3.205281933142258,0.7983578202154499,0.9233578208404499,objective_excluded,"[0.58425027904216007641273934170760508717649970386547, 0.58425027904216007641273934170760508717649970386547]",
below,A,12,-3.330281933767258,-3.267781933454758,0.8608578205279499,0.9233578208404499,objective_excluded,"[0.60522488395972641051455403969699568855252692805331, 0.60522488395972641051455403969699568855252692805331]",
below,A,12,-3.330281933767258,-3.267781933454758,0.7983578202154499,0.8608578205279499,objective_excluded,"[0.61345151363030885435985404208760068156668814659176, 0.61345151363030885435985404208760068156668814659176]",
below,A,11,-3.267781933454758,-3.205281933142258,0.6733578195904499,0.7983578202154499,objective_excluded,"[0.61336345928470921626374861657136322199376391241915, 0.61336345928470921626374861657136322199376391241915]",
below,A,11,-3.330281933767258,-3.267781933454758,0.6733578195904499,0.7983578202154499,objective_excluded,"[0.60489883714106752977129392314349159758424337603952, 0.60489883714106752977129392314349159758424337603952]",
below,A,12,-3.392781934079758,-3.330281933767258,0.8608578205279499,0.9233578208404499,objective_excluded,"[0.60126161820769228749410238029189489159414773826594, 0.60126161820769228749410238029189489159414773826594]",
below,A,12,-3.392781934079758,-3.330281933767258,0.7983578202154499,0.8608578205279499,objective_excluded,"[0.60689266530848323475690393449682244531465492564448, 0.60689266530848323475690393449682244531465492564448]",
below,A,12,-3.455281934392258,-3.392781934079758,0.8608578205279499,0.9233578208404499,objective_excluded,"[0.5982849813451155278636215710999444953924542065385, 0.5982849813451155278636215710999444953924542065385]",
below,A,12,-3.455281934392258,-3.392781934079758,0.7983578202154499,0.8608578205279499,objective_excluded,"[0.60117536559090144045976556793106602178633377689353, 0.60117536559090144045976556793106602178633377689353]",
below,A,11,-3.392781934079758,-3.330281933767258,0.6733578195904499,0.7983578202154499,objective_excluded,"[0.59700121257450299156071056655806332061922845908447, 0.59700121257450299156071056655806332061922845908447]",
below,A,11,-3.455281934392258,-3.392781934079758,0.6733578195904499,0.7983578202154499,objective_excluded,"[0.58968604397416233309282042800149541261179384431319, 0.58968604397416233309282042800149541261179384431319]",
below,A,6,-3.955281936892258,-3.455281934392258,2.1733578270904499,2.6733578295904499,objective_excluded,"[1.4957879121412963887060788642400054195782698266663, 1.4957879121412963887060788642400054195782698266663]",
below,A,8,-3.705281935642258,-3.455281934392258,1.9233578258404499,2.1733578270904499,objective_excluded,"[1.9315401150906433933805859186119787759900196517304, 1.9315401150906433933805859186119787759900196517304]",
below,A,8,-3.705281935642258,-3.455281934392258,1.6733578245904499,1.9233578258404499,objective_excluded,"[1.1917205467197723890849937738596466043272825146103, 1.1917205467197723890849937738596466043272825146103]",
below,A,7,-3.955281936892258,-3.705281935642258,1.6733578245904499,2.1733578270904499,objective_excluded,"[0.90362138105392740256005016585636168390851048215181, 0.90362138105392740256005016585636168390851048215181]",
below,A,6,-4.455281939392258,-3.955281936892258,2.1733578270904499,2.6733578295904499,objective_excluded,"[2.9409930643810375051733590502348863612576493094948, 2.9409930643810375051733590502348863612576493094948]",
below,A,6,-4.455281939392258,-3.955281936892258,1.6733578245904499,2.1733578270904499,gradient_excluded,"[0.53601004312327279762986494925996468261417038637221, 0.53601004312327279762986494925996468261417038637221]",g2
below,A,8,-3.705281935642258,-3.455281934392258,1.4233578233404499,1.6733578245904499,objective_excluded,"[0.67562430586177032033632584051037654136887951301369, 0.67562430586177032033632584051037654136887951301369]",
below,A,10,-3.580281935017258,-3.455281934392258,1.2983578227154499,1.4233578233404499,objective_excluded,"[0.77307029214160123767232585277146731944279691722988, 0.77307029214160123767232585277146731944279691722988]",
below,A,10,-3.580281935017258,-3.455281934392258,1.1733578220904499,1.2983578227154499,objective_excluded,"[0.65097566280268589465898668278782350715002967510496, 0.65097566280268589465898668278782350715002967510496]",
below,A,10,-3.705281935642258,-3.580281935017258,1.2983578227154499,1.4233578233404499,objective_excluded,"[0.82658790386654183580848029207998291751107843198038, 0.82658790386654183580848029207998291751107843198038]",
below,A,10,-3.705281935642258,-3.580281935017258,1.1733578220904499,1.2983578227154499,objective_excluded,"[0.68252134471431561111749116163069817598872477219531, 0.68252134471431561111749116163069817598872477219531]",
below,A,8,-3.955281936892258,-3.705281935642258,1.4233578233404499,1.6733578245904499,objective_excluded,"[0.8629402402836042785327637497727621661235408889188, 0.8629402402836042785327637497727621661235408889188]",
below,A,9,-3.830281936267258,-3.705281935642258,1.1733578220904499,1.4233578233404499,objective_excluded,"[0.60232076344704324858683044666966168071991029667399, 0.60232076344704324858683044666966168071991029667399]",
below,A,9,-3.955281936892258,-3.830281936267258,1.1733578220904499,1.4233578233404499,objective_excluded,"[0.64979795642201649416395554988221477202788367778201, 0.64979795642201649416395554988221477202788367778201]",
below,A,11,-3.517781934704758,-3.455281934392258,1.0483578214654499,1.1733578220904499,objective_excluded,"[0.60321450036342667326024642652190293932021907303966, 0.60321450036342667326024642652190293932021907303966]",
below,A,11,-3.580281935017258,-3.517781934704758,1.0483578214654499,1.1733578220904499,objective_excluded,"[0.60852073336568642099077260009529407897168337305857, 0.60852073336568642099077260009529407897168337305857]",
below,A,12,-3.517781934704758,-3.455281934392258,0.9858578211529499,1.0483578214654499,objective_excluded,"[0.60645730287589074362685293290269495577960722286123, 0.60645730287589074362685293290269495577960722286123]",
below,A,12,-3.517781934704758,-3.455281934392258,0.9233578208404499,0.9858578211529499,objective_excluded,"[0.59802550088876690063806735776719820678909641658845, 0.59802550088876690063806735776719820678909641658845]",
below,A,12,-3.580281935017258,-3.517781934704758,0.9858578211529499,1.0483578214654499,objective_excluded,"[0.6078089025714749168636694528959314400730146256047, 0.6078089025714749168636694528959314400730146256047]",
below,A,12,-3.580281935017258,-3.517781934704758,0.9233578208404499,0.9858578211529499,objective_excluded,"[0.59649509057890504700416641725246823259502222891543, 0.59649509057890504700416641725246823259502222891543]",
below,A,10,-3.705281935642258,-3.580281935017258,1.0483578214654499,1.1733578220904499,objective_excluded,"[0.59050158147931587246677195904719320388888294574956, 0.59050158147931587246677195904719320388888294574956]",
below,A,12,-3.642781935329758,-3.580281935017258,0.9858578211529499,1.0483578214654499,objective_excluded,"[0.61039146990851812810920577211120092290318411203182, 0.61039146990851812810920577211120092290318411203182]",
below,A,12,-3.642781935329758,-3.580281935017258,0.9233578208404499,0.9858578211529499,objective_excluded,"[0.59556671199765558275948500089136007349685018268404, 0.59556671199765558275948500089136007349685018268404]",
below,A,12,-3.705281935642258,-3.642781935329758,0.9858578211529499,1.0483578214654499,objective_excluded,"[0.61424165357090066795632328536324644894722003526836, 0.61424165357090066795632328536324644894722003526836]",
below,A,12,-3.705281935642258,-3.642781935329758,0.9233578208404499,0.9858578211529499,objective_excluded,"[0.59574082690169716436731981013182208877922237823953, 0.59574082690169716436731981013182208877922237823953]",
below,A,12,-3.517781934704758,-3.455281934392258,0.8608578205279499,0.9233578208404499,objective_excluded,"[0.59633890002492721811991921937879181892502852424747, 0.59633890002492721811991921937879181892502852424747]",
below,A,12,-3.517781934704758,-3.455281934392258,0.7983578202154499,0.8608578205279499,objective_excluded,"[0.59632832396647636808798547466053846222327509208274, 0.59632832396647636808798547466053846222327509208274]",
below,A,12,-3.580281935017258,-3.517781934704758,0.8608578205279499,0.9233578208404499,objective_excluded,"[0.59393153619271488728552987759644004398917770712224, 0.59393153619271488728552987759644004398917770712224]",
below,A,12,-3.580281935017258,-3.517781934704758,0.7983578202154499,0.8608578205279499,objective_excluded,"[0.59239281018897184334544491728799023880062230173532, 0.59239281018897184334544491728799023880062230173532]",
below,A,11,-3.517781934704758,-3.455281934392258,0.6733578195904499,0.7983578202154499,objective_excluded,"[0.5830137488093994178225650186121591717883860666359, 0.5830137488093994178225650186121591717883860666359]",
below,A,12,-3.580281935017258,-3.517781934704758,0.7358578199029499,0.7983578202154499,objective_excluded,"[0.60081347888366630574483382956871987601813545577813, 0.60081347888366630574483382956871987601813545577813]",
below,A,12,-3.580281935017258,-3.517781934704758,0.6733578195904499,0.7358578199029499,objective_excluded,"[0.62039978958705049301331303828238838208336502584891, 0.62039978958705049301331303828238838208336502584891]",
below,A,12,-3.642781935329758,-3.580281935017258,0.8608578205279499,0.9233578208404499,objective_excluded,"[0.59099059412518319361657863542985926239698908324385, 0.59099059412518319361657863542985926239698908324385]",
below,A,12,-3.642781935329758,-3.580281935017258,0.7983578202154499,0.8608578205279499,objective_excluded,"[0.58940173789407069339626885102273799925925738701557, 0.58940173789407069339626885102273799925925738701557]",
below,A,12,-3.705281935642258,-3.642781935329758,0.8608578205279499,0.9233578208404499,objective_excluded,"[0.58902943198518902790782265176183607473682148869791, 0.58902943198518902790782265176183607473682148869791]",
below,A,12,-3.705281935642258,-3.642781935329758,0.7983578202154499,0.8608578205279499,objective_excluded,"[0.58738796273782395195044369166651758944303971537374, 0.58738796273782395195044369166651758944303971537374]",
below,A,12,-3.642781935329758,-3.580281935017258,0.7358578199029499,0.7983578202154499,objective_excluded,"[0.595065389034451963889131679190413899725754835281, 0.595065389034451963889131679190413899725754835281]",
below,A,12,-3.642781935329758,-3.580281935017258,0.6733578195904499,0.7358578199029499,objective_excluded,"[0.61233464424347521814135016034975863040460806326043, 0.61233464424347521814135016034975863040460806326043]",
below,A,12,-3.705281935642258,-3.642781935329758,0.7358578199029499,0.7983578202154499,objective_excluded,"[0.59014707553487367482204380394484174756561706792024, 0.59014707553487367482204380394484174756561706792024]",
below,A,12,-3.705281935642258,-3.642781935329758,0.6733578195904499,0.7358578199029499,objective_excluded,"[0.6049617459021344898781070563896047310043392620946, 0.6049617459021344898781070563896047310043392620946]",
below,A,10,-3.830281936267258,-3.705281935642258,1.0483578214654499,1.1733578220904499,objective_excluded,"[0.60947369629957805627749682128120465750444111464655, 0.60947369629957805627749682128120465750444111464655]",
below,A,12,-3.767781935954758,-3.705281935642258,0.9858578211529499,1.0483578214654499,objective_excluded,"[0.61939261697335800022040922763810256949602020099152, 0.61939261697335800022040922763810256949602020099152]",
below,A,12,-3.767781935954758,-3.705281935642258,0.9233578208404499,0.9858578211529499,objective_excluded,"[0.59705181680820911983521477839504464144608734452589, 0.59705181680820911983521477839504464144608734452589]",
below,A,11,-3.830281936267258,-3.767781935954758,0.9233578208404499,1.0483578214654499,gradient_excluded,"[0.57756473093970463169413615688797372249631513943019, 0.57756473093970463169413615688797372249631513943019]",g2
below,A,10,-3.955281936892258,-3.830281936267258,1.0483578214654499,1.1733578220904499,objective_excluded,"[0.63419259616311702537189982974188013490373383628773, 0.63419259616311702537189982974188013490373383628773]",
below,A,11,-3.892781936579758,-3.830281936267258,0.9233578208404499,1.0483578214654499,gradient_excluded,"[0.58127297256822840342397119310205952249140641120753, 0.58127297256822840342397119310205952249140641120753]",g2
below,A,11,-3.955281936892258,-3.892781936579758,0.9233578208404499,1.0483578214654499,objective_excluded,"[0.58618843086122497672508565953868289522625828741609, 0.58618843086122497672508565953868289522625828741609]",
below,A,12,-3.767781935954758,-3.705281935642258,0.8608578205279499,0.9233578208404499,objective_excluded,"[0.58745569639733952066458223031943204174473771499572, 0.58745569639733952066458223031943204174473771499572]",
below,A,12,-3.767781935954758,-3.705281935642258,0.7983578202154499,0.8608578205279499,objective_excluded,"[0.58638438822957515787550550004185306826951598186403, 0.58638438822957515787550550004185306826951598186403]",
below,A,12,-3.830281936267258,-3.767781935954758,0.8608578205279499,0.9233578208404499,objective_excluded,"[0.58640980326139836833081717018125381012296082651301, 0.58640980326139836833081717018125381012296082651301]",
below,A,12,-3.830281936267258,-3.767781935954758,0.7983578202154499,0.8608578205279499,objective_excluded,"[0.58445676101282496684690265757842680085343260584021, 0.58445676101282496684690265757842680085343260584021]",
below,A,12,-3.767781935954758,-3.705281935642258,0.7358578199029499,0.7983578202154499,objective_excluded,"[0.58608921043120017938813253975354272926227398168668, 0.58608921043120017938813253975354272926227398168668]",
below,A,12,-3.767781935954758,-3.705281935642258,0.6733578195904499,0.7358578199029499,objective_excluded,"[0.59830950850316289885139852027904071141066997592152, 0.59830950850316289885139852027904071141066997592152]",
below,A,12,-3.830281936267258,-3.767781935954758,0.7358578199029499,0.7983578202154499,objective_excluded,"[0.58292271050826385171623926935451377357405267140105, 0.58292271050826385171623926935451377357405267140105]",
below,A,12,-3.830281936267258,-3.767781935954758,0.6733578195904499,0.7358578199029499,objective_excluded,"[0.59240664273540987942449013398239444557331600392113, 0.59240664273540987942449013398239444557331600392113]",
below,A,12,-3.892781936579758,-3.830281936267258,0.8608578205279499,0.9233578208404499,objective_excluded,"[0.58640512212778304509542471235535721909170504112959, 0.58640512212778304509542471235535721909170504112959]",
below,A,12,-3.892781936579758,-3.830281936267258,0.7983578202154499,0.8608578205279499,objective_excluded,"[0.58226562984331673888171307741353646296482392307186, 0.58226562984331673888171307741353646296482392307186]",
below,A,12,-3.955281936892258,-3.892781936579758,0.8608578205279499,0.9233578208404499,objective_excluded,"[0.58747676861349568693842215442254634053444392092364, 0.58747676861349568693842215442254634053444392092364]",
below,A,13,-3.924031936736008,-3.892781936579758,0.7983578202154499,0.8608578205279499,objective_excluded,"[0.58403922429044234313814257970279820110487253475136, 0.58403922429044234313814257970279820110487253475136]",
below,A,13,-3.955281936892258,-3.924031936736008,0.7983578202154499,0.8608578205279499,objective_excluded,"[0.58321007149721956711830872594723388483669970107505, 0.58321007149721956711830872594723388483669970107505]",
below,A,13,-3.861531936423508,-3.830281936267258,0.7358578199029499,0.7983578202154499,objective_excluded,"[0.58520858618994666743679069264430855566204061902195, 0.58520858618994666743679069264430855566204061902195]",
below,A,13,-3.892781936579758,-3.861531936423508,0.7358578199029499,0.7983578202154499,objective_excluded,"[0.58414757405023571235099066231920206981012932471982, 0.58414757405023571235099066231920206981012932471982]",
below,A,12,-3.892781936579758,-3.830281936267258,0.6733578195904499,0.7358578199029499,objective_excluded,"[0.58728213590249446106997763701679430022538686381317, 0.58728213590249446106997763701679430022538686381317]",
below,A,13,-3.924031936736008,-3.892781936579758,0.7358578199029499,0.7983578202154499,objective_excluded,"[0.58332734021060241193655160766073333501130287019502, 0.58332734021060241193655160766073333501130287019502]",
below,A,13,-3.955281936892258,-3.924031936736008,0.7358578199029499,0.7983578202154499,objective_excluded,"[0.58275158236462479600310641382407429506912416412153, 0.58275158236462479600310641382407429506912416412153]",
below,A,12,-3.955281936892258,-3.892781936579758,0.6733578195904499,0.7358578199029499,objective_excluded,"[0.58296522645707754441502890167865165629680916517305, 0.58296522645707754441502890167865165629680916517305]",
below,A,8,-4.205281938142258,-3.955281936892258,1.4233578233404499,1.6733578245904499,objective_excluded,"[1.0880923528964686413190689257930992553556939176536, 1.0880923528964686413190689257930992553556939176536]",
below,A,8,-4.205281938142258,-3.955281936892258,1.1733578220904499,1.4233578233404499,gradient_excluded,"[0.57761691544474905520624360320960548590850841051168, 0.57761691544474905520624360320960548590850841051168]",g2
below,A,8,-4.455281939392258,-4.205281938142258,1.4233578233404499,1.6733578245904499,objective_excluded,"[1.3550817870076758180325255044919598576121337849922, 1.3550817870076758180325255044919598576121337849922]",
below,A,8,-4.455281939392258,-4.205281938142258,1.1733578220904499,1.4233578233404499,objective_excluded,"[0.72078049666996558417700124070825384445215666027747, 0.72078049666996558417700124070825384445215666027747]",
below,A,10,-4.080281937517258,-3.955281936892258,1.0483578214654499,1.1733578220904499,objective_excluded,"[0.66501133750482305785420204074847286951493006621089, 0.66501133750482305785420204074847286951493006621089]",
below,A,10,-4.080281937517258,-3.955281936892258,0.9233578208404499,1.0483578214654499,gradient_excluded,"[0.57139463231908544370500797868002195136742673747446, 0.57139463231908544370500797868002195136742673747446]",g2
below,A,10,-4.205281938142258,-4.080281937517258,1.0483578214654499,1.1733578220904499,objective_excluded,"[0.70225844698250237410850483708864643838958060681822, 0.70225844698250237410850483708864643838958060681822]",
below,A,10,-4.205281938142258,-4.080281937517258,0.9233578208404499,1.0483578214654499,objective_excluded,"[0.58868045058496876640691741821573003580058999057494, 0.58868045058496876640691741821573003580058999057494]",
below,A,12,-4.017781937204758,-3.955281936892258,0.8608578205279499,0.9233578208404499,objective_excluded,"[0.58966060441699650737633975991132119455123675454584, 0.58966060441699650737633975991132119455123675454584]",
below,A,13,-3.986531937048508,-3.955281936892258,0.7983578202154499,0.8608578205279499,objective_excluded,"[0.58262574502664289387428019430123977499766749872799, 0.58262574502664289387428019430123977499766749872799]",
below,A,13,-4.017781937204758,-3.986531937048508,0.7983578202154499,0.8608578205279499,objective_excluded,"[0.58229014968872420946159247864861837583315787689921, 0.58229014968872420946159247864861837583315787689921]",
below,A,12,-4.080281937517258,-4.017781937204758,0.8608578205279499,0.9233578208404499,objective_excluded,"[0.59298986077385194665964054903805119418237709539814, 0.59298986077385194665964054903805119418237709539814]",
below,A,13,-4.049031937361008,-4.017781937204758,0.7983578202154499,0.8608578205279499,objective_excluded,"[0.58220714875451556417886395304232110661508261147977, 0.58220714875451556417886395304232110661508261147977]",
below,A,13,-4.080281937517258,-4.049031937361008,0.7983578202154499,0.8608578205279499,objective_excluded,"[0.58238061160070415848249335733954462178373628941674, 0.58238061160070415848249335733954462178373628941674]",
below,A,13,-3.986531937048508,-3.955281936892258,0.7358578199029499,0.7983578202154499,objective_excluded,"[0.58242341704085712773308875319657226240873830714597, 0.58242341704085712773308875319657226240873830714597]",
below,A,13,-4.017781937204758,-3.986531937048508,0.7358578199029499,0.7983578202154499,objective_excluded,"[0.58234733054808537242104337378081044021435596345471, 0.58234733054808537242104337378081044021435596345471]",
below,A,13,-3.986531937048508,-3.955281936892258,0.6733578195904499,0.7358578199029499,objective_excluded,"[0.58441619761141507194567709806461474108330870057124, 0.58441619761141507194567709806461474108330870057124]",
below,A,13,-4.017781937204758,-3.986531937048508,0.6733578195904499,0.7358578199029499,objective_excluded,"[0.58272979399058137721339879391671626537718172058742, 0.58272979399058137721339879391671626537718172058742]",
below,A,13,-4.049031937361008,-4.017781937204758,0.7358578199029499,0.7983578202154499,objective_excluded,"[0.58196011376528817144189941568906089138556581235581, 0.58196011376528817144189941568906089138556581235581]",
below,A,14,-4.080281937517258,-4.049031937361008,0.7671078200591999,0.7983578202154499,objective_excluded,"[0.5842665483812686342271828419185010244207985364124, 0.5842665483812686342271828419185010244207985364124]",
below,A,14,-4.080281937517258,-4.049031937361008,0.7358578199029499,0.7671078200591999,objective_excluded,"[0.58389193945660899507881770505595875548416177435258, 0.58389193945660899507881770505595875548416177435258]",
below,A,13,-4.049031937361008,-4.017781937204758,0.6733578195904499,0.7358578199029499,gradient_excluded,"[0.58126136240542201189617662048161780346104419103469, 0.58126136240542201189617662048161780346104419103469]",g2
below,A,14,-4.080281937517258,-4.049031937361008,0.7046078197466999,0.7358578199029499,objective_excluded,"[0.58422063179296709996512607609146390558947745962433, 0.58422063179296709996512607609146390558947745962433]",
below,A,14,-4.080281937517258,-4.049031937361008,0.6733578195904499,0.7046078197466999,objective_excluded,"[0.58818875440275396259479733026202209772158230645901, 0.58818875440275396259479733026202209772158230645901]",
below,A,12,-4.142781937829758,-4.080281937517258,0.8608578205279499,0.9233578208404499,objective_excluded,"[0.59749763540952710042992696487127362918060147591681, 0.59749763540952710042992696487127362918060147591681]",
below,A,12,-4.142781937829758,-4.080281937517258,0.7983578202154499,0.8608578205279499,gradient_excluded,"[0.57965284141946524441179504216539869898984186304581, 0.57965284141946524441179504216539869898984186304581]",g2
below,A,12,-4.205281938142258,-4.142781937829758,0.8608578205279499,0.9233578208404499,objective_excluded,"[0.60321587829851327165697884672774124068138030025102, 0.60321587829851327165697884672774124068138030025102]",
below,A,12,-4.205281938142258,-4.142781937829758,0.7983578202154499,0.8608578205279499,gradient_excluded,"[0.58137436430564779277243904717778123389142749067154, 0.58137436430564779277243904717778123389142749067154]",g2
below,A,14,-4.111531937673508,-4.080281937517258,0.7671078200591999,0.7983578202154499,objective_excluded,"[0.58385351765557523549434580443972465106369844571064, 0.58385351765557523549434580443972465106369844571064]",
below,A,14,-4.111531937673508,-4.080281937517258,0.7358578199029499,0.7671078200591999,objective_excluded,"[0.58360665313607333206970858897242926723022803716885, 0.58360665313607333206970858897242926723022803716885]",
below,A,14,-4.142781937829758,-4.111531937673508,0.7671078200591999,0.7983578202154499,objective_excluded,"[0.58368682952436956357237078934649522390639521585135, 0.58368682952436956357237078934649522390639521585135]",
below,A,14,-4.142781937829758,-4.111531937673508,0.7358578199029499,0.7671078200591999,objective_excluded,"[0.5828488929248221912101095805166573114081584692736, 0.5828488929248221912101095805166573114081584692736]",
below,A,14,-4.111531937673508,-4.080281937517258,0.7046078197466999,0.7358578199029499,objective_excluded,"[0.58322301094591460907404468353074304546392454059406, 0.58322301094591460907404468353074304546392454059406]",
below,A,14,-4.111531937673508,-4.080281937517258,0.6733578195904499,0.7046078197466999,objective_excluded,"[0.58642156774576039654413880516629356116005385019341, 0.58642156774576039654413880516629356116005385019341]",
below,A,14,-4.142781937829758,-4.111531937673508,0.7046078197466999,0.7358578199029499,objective_excluded,"[0.58245675430447036910861921047556760914788383740644, 0.58245675430447036910861921047556760914788383740644]",
below,A,14,-4.142781937829758,-4.111531937673508,0.6733578195904499,0.7046078197466999,objective_excluded,"[0.58486763718686776489295268801911092862807668286485, 0.58486763718686776489295268801911092862807668286485]",
below,A,14,-4.174031937986008,-4.142781937829758,0.7671078200591999,0.7983578202154499,objective_excluded,"[0.58377021684014322436619704516737848137465821699923, 0.58377021684014322436619704516737848137465821699923]",
below,A,14,-4.174031937986008,-4.142781937829758,0.7358578199029499,0.7671078200591999,objective_excluded,"[0.58232619567902695421771356858117157215560894715013, 0.58232619567902695421771356858117157215560894715013]",
below,A,14,-4.205281938142258,-4.174031937986008,0.7671078200591999,0.7983578202154499,objective_excluded,"[0.58410731014524328915881987482250048582582761225311, 0.58410731014524328915881987482250048582582761225311]",
below,A,14,-4.205281938142258,-4.174031937986008,0.7358578199029499,0.7671078200591999,objective_excluded,"[0.58188456915461926857968058855832973669903709407891, 0.58188456915461926857968058855832973669903709407891]",
below,A,14,-4.174031937986008,-4.142781937829758,0.7046078197466999,0.7358578199029499,objective_excluded,"[0.58192549299483317173039063458479953559514117539349, 0.58192549299483317173039063458479953559514117539349]",
below,A,14,-4.174031937986008,-4.142781937829758,0.6733578195904499,0.7046078197466999,objective_excluded,"[0.58353048327358829886406073162514504059495031753834, 0.58353048327358829886406073162514504059495031753834]",
below,A,14,-4.205281938142258,-4.174031937986008,0.7046078197466999,0.7358578199029499,objective_excluded,"[0.58163275658246652390864379470535143088261010365059, 0.58163275658246652390864379470535143088261010365059]",
below,A,14,-4.205281938142258,-4.174031937986008,0.6733578195904499,0.7046078197466999,objective_excluded,"[0.58241352831698946183377427828833450794351292379172, 0.58241352831698946183377427828833450794351292379172]",
below,A,9,-4.330281938767258,-4.205281938142258,0.9233578208404499,1.1733578220904499,gradient_excluded,"[0.49654925685242699364950085270716120004879263733561, 0.49654925685242699364950085270716120004879263733561]",g2
below,A,9,-4.455281939392258,-4.330281938767258,0.9233578208404499,1.1733578220904499,gradient_excluded,"[0.5249681947512529502028914564565156387941659831744, 0.5249681947512529502028914564565156387941659831744]",g2
below,A,11,-4.267781938454758,-4.205281938142258,0.7983578202154499,0.9233578208404499,gradient_excluded,"[0.56226527333799600641927726670899012144674319934233, 0.56226527333799600641927726670899012144674319934233]",g2
below,A,11,-4.330281938767258,-4.267781938454758,0.7983578202154499,0.9233578208404499,gradient_excluded,"[0.56605304342101493436352591387101706795830411756555, 0.56605304342101493436352591387101706795830411756555]",g2
below,A,14,-4.236531938298508,-4.205281938142258,0.7671078200591999,0.7983578202154499,objective_excluded,"[0.58470188075129693493402199731440434029456806729621, 0.58470188075129693493402199731440434029456806729621]",
below,A,14,-4.236531938298508,-4.205281938142258,0.7358578199029499,0.7671078200591999,gradient_excluded,"[0.58159047425583389087281094655111169231244265596654, 0.58159047425583389087281094655111169231244265596654]",g2
below,A,13,-4.267781938454758,-4.236531938298508,0.7358578199029499,0.7983578202154499,gradient_excluded,"[0.5770769682230863385927821513363309050207281095308, 0.5770769682230863385927821513363309050207281095308]",g2
below,A,15,-4.220906938220383,-4.205281938142258,0.7046078197466999,0.7358578199029499,objective_excluded,"[0.58207262175410920703705535299714862283401959680907, 0.58207262175410920703705535299714862283401959680907]",
below,A,15,-4.236531938298508,-4.220906938220383,0.7046078197466999,0.7358578199029499,objective_excluded,"[0.58207711881199052058540449824188685519988909960098, 0.58207711881199052058540449824188685519988909960098]",
below,A,14,-4.236531938298508,-4.205281938142258,0.6733578195904499,0.7046078197466999,gradient_excluded,"[0.58152034662647401021541927695873759219919060644813, 0.58152034662647401021541927695873759219919060644813]",g2
below,A,15,-4.252156938376633,-4.236531938298508,0.7046078197466999,0.7358578199029499,objective_excluded,"[0.58182979843366756488793966206026334278476764594488, 0.58182979843366756488793966206026334278476764594488]",
below,A,16,-4.267781938454758,-4.252156938376633,0.7202328198248249,0.7358578199029499,objective_excluded,"[0.58235235429388338253089708708345714778651211440305, 0.58235235429388338253089708708345714778651211440305]",
below,A,16,-4.267781938454758,-4.252156938376633,0.7046078197466999,0.7202328198248249,objective_excluded,"[0.58227200492818843121475828292063150745758293520583, 0.58227200492818843121475828292063150745758293520583]",
below,A,14,-4.267781938454758,-4.236531938298508,0.6733578195904499,0.7046078197466999,gradient_excluded,"[0.58085456172897850565108605104844308094048329025482, 0.58085456172897850565108605104844308094048329025482]",g2
below,A,13,-4.299031938611008,-4.267781938454758,0.7358578199029499,0.7983578202154499,gradient_excluded,"[0.57723703607003538238783620696082284602040857034054, 0.57723703607003538238783620696082284602040857034054]",g2
below,A,13,-4.330281938767258,-4.299031938611008,0.7358578199029499,0.7983578202154499,gradient_excluded,"[0.57764556075096305683531624079525351874399692962844, 0.57764556075096305683531624079525351874399692962844]",g2
below,A,16,-4.283406938532883,-4.267781938454758,0.7202328198248249,0.7358578199029499,objective_excluded,"[0.58226518203867212017408310082549054815538111097843, 0.58226518203867212017408310082549054815538111097843]",
below,A,16,-4.283406938532883,-4.267781938454758,0.7046078197466999,0.7202328198248249,objective_excluded,"[0.58215573700954773574482550807491351618456055824909, 0.58215573700954773574482550807491351618456055824909]",
below,A,16,-4.299031938611008,-4.283406938532883,0.7202328198248249,0.7358578199029499,objective_excluded,"[0.58223817203342854561295067729527626058550336023123, 0.58223817203342854561295067729527626058550336023123]",
below,A,16,-4.299031938611008,-4.283406938532883,0.7046078197466999,0.7202328198248249,objective_excluded,"[0.58197334605626207880283756621399111836391904492863, 0.58197334605626207880283756621399111836391904492863]",
below,A,15,-4.283406938532883,-4.267781938454758,0.6733578195904499,0.7046078197466999,gradient_excluded,"[0.58108730481572380342600918375168149933587142882498, 0.58108730481572380342600918375168149933587142882498]",g2
below,A,16,-4.299031938611008,-4.283406938532883,0.6889828196685749,0.7046078197466999,objective_excluded,"[0.58187000901579115316206846026226028872322952401409, 0.58187000901579115316206846026226028872322952401409]",
below,A,16,-4.299031938611008,-4.283406938532883,0.6733578195904499,0.6889828196685749,objective_excluded,"[0.58246945357379760765454831669295764828537716321982, 0.58246945357379760765454831669295764828537716321982]",
below,A,16,-4.314656938689133,-4.299031938611008,0.7202328198248249,0.7358578199029499,objective_excluded,"[0.58227177306938272802913412094863421399333739712012, 0.58227177306938272802913412094863421399333739712012]",
below,A,16,-4.314656938689133,-4.299031938611008,0.7046078197466999,0.7202328198248249,objective_excluded,"[0.58184969778356399855257513142014011634233587318167, 0.58184969778356399855257513142014011634233587318167]",
below,A,16,-4.330281938767258,-4.314656938689133,0.7202328198248249,0.7358578199029499,objective_excluded,"[0.58236643384113330441653772924349427949295247350766, 0.58236643384113330441653772924349427949295247350766]",
below,A,16,-4.330281938767258,-4.314656938689133,0.7046078197466999,0.7202328198248249,objective_excluded,"[0.58173832363974731778186764148418343194106340494228, 0.58173832363974731778186764148418343194106340494228]",
below,A,16,-4.314656938689133,-4.299031938611008,0.6889828196685749,0.7046078197466999,objective_excluded,"[0.5817452393856888675459311739481806325352826107487, 0.5817452393856888675459311739481806325352826107487]",
below,A,16,-4.314656938689133,-4.299031938611008,0.6733578195904499,0.6889828196685749,objective_excluded,"[0.58213340502249638151186980548061771283037115727375, 0.58213340502249638151186980548061771283037115727375]",
below,A,16,-4.330281938767258,-4.314656938689133,0.6889828196685749,0.7046078197466999,objective_excluded,"[0.58167965253740830822683213525140548728671087252438, 0.58167965253740830822683213525140548728671087252438]",
below,A,16,-4.330281938767258,-4.314656938689133,0.6733578195904499,0.6889828196685749,objective_excluded,"[0.58185424815306153238995090888781818833064431099873, 0.58185424815306153238995090888781818833064431099873]",
below,A,10,-4.455281939392258,-4.330281938767258,0.7983578202154499,0.9233578208404499,gradient_excluded,"[0.55311522695679572401068027872131587551593783778828, 0.55311522695679572401068027872131587551593783778828]",g2
below,A,12,-4.392781939079758,-4.330281938767258,0.7358578199029499,0.7983578202154499,gradient_excluded,"[0.57542582063783757124216407716902575948853689353717, 0.57542582063783757124216407716902575948853689353717]",g2
below,A,15,-4.345906938845383,-4.330281938767258,0.7046078197466999,0.7358578199029499,gradient_excluded,"[0.58066720177841260497414122400689311374626441989769, 0.58066720177841260497414122400689311374626441989769]",g2
below,A,15,-4.361531938923508,-4.345906938845383,0.7046078197466999,0.7358578199029499,gradient_excluded,"[0.58065531612462291758738400539181456956497921283552, 0.58065531612462291758738400539181456956497921283552]",g2
below,A,16,-4.345906938845383,-4.330281938767258,0.6889828196685749,0.7046078197466999,objective_excluded,"[0.58167369156822162177007017794293800123914268779381, 0.58167369156822162177007017794293800123914268779381]",
below,A,16,-4.345906938845383,-4.330281938767258,0.6733578195904499,0.6889828196685749,objective_excluded,"[0.5816324206270672410879741275294062949522281595863, 0.5816324206270672410879741275294062949522281595863]",
below,A,17,-4.3537194388844455,-4.345906938845383,0.6889828196685749,0.7046078197466999,objective_excluded,"[0.58168457949364151352993279390282652001894718017371, 0.58168457949364151352993279390282652001894718017371]",
below,A,17,-4.361531938923508,-4.3537194388844455,0.6889828196685749,0.7046078197466999,krawczyk_excluded,"[0.58161020516335804855705387168196728682495495174912, 0.58161020516335804855705387168196728682495495174912]",K disjoint
below,A,16,-4.361531938923508,-4.345906938845383,0.6733578195904499,0.6889828196685749,gradient_excluded,"[0.58146836012322400293229743183501293563569472563768, 0.58146836012322400293229743183501293563569472563768]",g1
below,A,14,-4.392781939079758,-4.361531938923508,0.7046078197466999,0.7358578199029499,gradient_excluded,"[0.5802104679556830536613832607103078843696436757827, 0.5802104679556830536613832607103078843696436757827]",g2
below,A,17,-4.3693444389625705,-4.361531938923508,0.6889828196685749,0.7046078197466999,krawczyk_excluded,"[0.58155038407705009353626943538053930574336879640654, 0.58155038407705009353626943538053930574336879640654]",K disjoint
below,A,17,-4.377156939001633,-4.3693444389625705,0.6889828196685749,0.7046078197466999,krawczyk_excluded,"[0.58149471914189606020938302561607092823281826334875, 0.58149471914189606020938302561607092823281826334875]",K disjoint
below,A,17,-4.3693444389625705,-4.361531938923508,0.6733578195904499,0.6889828196685749,gradient_excluded,"[0.58149885782353109244928641732930449884204763275217, 0.58149885782353109244928641732930449884204763275217]",g1
below,A,17,-4.377156939001633,-4.3693444389625705,0.6733578195904499,0.6889828196685749,gradient_excluded,"[0.58145336758995851869275603820668496616853909605695, 0.58145336758995851869275603820668496616853909605695]",g1
below,A,18,-4.3849694390406955,-4.377156939001633,0.6967953197076374,0.7046078197466999,objective_excluded,"[0.58179895492198354391478545861641050795996916242763, 0.58179895492198354391478545861641050795996916242763]",
below,A,18,-4.3849694390406955,-4.377156939001633,0.6889828196685749,0.6967953197076374,objective_excluded,"[0.58168525776191435568608287784223682361599723298658, 0.58168525776191435568608287784223682361599723298658]",
below,A,17,-4.392781939079758,-4.3849694390406955,0.6889828196685749,0.7046078197466999,gradient_excluded,"[0.5814183731572693658226257718391836097442651650511, 0.5814183731572693658226257718391836097442651650511]",g2
below,A,18,-4.3849694390406955,-4.377156939001633,0.6811703196295124,0.6889828196685749,objective_excluded,"[0.5816584536777899144216208671603874168239704656733, 0.5816584536777899144216208671603874168239704656733]",
below,A,18,-4.3849694390406955,-4.377156939001633,0.6733578195904499,0.6811703196295124,objective_excluded,"[0.58175349485399581411200386704450689039802359180499, 0.58175349485399581411200386704450689039802359180499]",
below,A,18,-4.392781939079758,-4.3849694390406955,0.6811703196295124,0.6889828196685749,objective_excluded,"[0.58164316451727772142665858752963164536630375813768, 0.58164316451727772142665858752963164536630375813768]",
below,A,18,-4.392781939079758,-4.3849694390406955,0.6733578195904499,0.6811703196295124,objective_excluded,"[0.58168391969425676618887261861194811047867212490464, 0.58168391969425676618887261861194811047867212490464]",
below,A,12,-4.455281939392258,-4.392781939079758,0.7358578199029499,0.7983578202154499,gradient_excluded,"[0.5775588491415289823442706806910410082745236353642, 0.5775588491415289823442706806910410082745236353642]",g2
below,A,14,-4.424031939236008,-4.392781939079758,0.7046078197466999,0.7358578199029499,gradient_excluded,"[0.58048880558853454818117516145113961774692585869173, 0.58048880558853454818117516145113961774692585869173]",g2
below,A,16,-4.408406939157883,-4.392781939079758,0.6889828196685749,0.7046078197466999,gradient_excluded,"[0.58130817825577684536964062621380536358533338103617, 0.58130817825577684536964062621380536358533338103617]",g2
below,A,18,-4.4005944391188205,-4.392781939079758,0.6811703196295124,0.6889828196685749,objective_excluded,"[0.58164264929203117010690236977841572670890391739638, 0.58164264929203117010690236977841572670890391739638]",
below,A,18,-4.4005944391188205,-4.392781939079758,0.6733578195904499,0.6811703196295124,objective_excluded,"[0.5816288319840411198994377831814277016973102062091, 0.5816288319840411198994377831814277016973102062091]",
below,A,18,-4.408406939157883,-4.4005944391188205,0.6811703196295124,0.6889828196685749,krawczyk_excluded,"[0.58161499638404044557296793173273603426628092206571, 0.58161499638404044557296793173273603426628092206571]",K disjoint
below,A,18,-4.408406939157883,-4.4005944391188205,0.6733578195904499,0.6811703196295124,gradient_excluded,"[0.58158828603231231736411873131937709746737119231715, 0.58158828603231231736411873131937709746737119231715]",g1
below,A,16,-4.424031939236008,-4.408406939157883,0.6889828196685749,0.7046078197466999,gradient_excluded,"[0.58131999198052678487265480016926740341705508770157, 0.58131999198052678487265480016926740341705508770157]",g2
below,A,18,-4.4162194391969455,-4.408406939157883,0.6811703196295124,0.6889828196685749,krawczyk_excluded,"[0.58158731990472721545556881891153105472879644347364, 0.58158731990472721545556881891153105472879644347364]",K disjoint
below,A,18,-4.4162194391969455,-4.408406939157883,0.6733578195904499,0.6811703196295124,gradient_excluded,"[0.58156233613470417810601098588049727728273060991808, 0.58156233613470417810601098588049727728273060991808]",g1
below,A,18,-4.424031939236008,-4.4162194391969455,0.6811703196295124,0.6889828196685749,krawczyk_excluded,"[0.58156136731924836446952592601551590605489742981078, 0.58156136731924836446952592601551590605489742981078]",K disjoint
below,A,19,-4.42012568921647675,-4.4162194391969455,0.6733578195904499,0.6811703196295124,gradient_excluded,"[0.58157438532959458110442661740418585917160545720074, 0.58157438532959458110442661740418585917160545720074]",g1
below,A,19,-4.424031939236008,-4.42012568921647675,0.6733578195904499,0.6811703196295124,krawczyk_excluded,"[0.58157059960864869422711422367629286701507249408782, 0.58157059960864869422711422367629286701507249408782]",K disjoint
below,A,14,-4.455281939392258,-4.424031939236008,0.7046078197466999,0.7358578199029499,gradient_excluded,"[0.58101236523538649967106453283059906385782172694825, 0.58101236523538649967106453283059906385782172694825]",g2
below,A,16,-4.439656939314133,-4.424031939236008,0.6889828196685749,0.7046078197466999,gradient_excluded,"[0.58139132284341873812957301200932493037792723752896, 0.58139132284341873812957301200932493037792723752896]",g1
below,A,18,-4.4318444392750705,-4.424031939236008,0.6811703196295124,0.6889828196685749,gradient_excluded,"[0.58155006508277199466989169589432069171588021960635, 0.58155006508277199466989169589432069171588021960635]",g2
below,A,19,-4.42793818925553925,-4.424031939236008,0.6733578195904499,0.6811703196295124,krawczyk_excluded,"[0.5815704900958767690644141976908641108478241264249, 0.5815704900958767690644141976908641108478241264249]",K disjoint
below,A,19,-4.4318444392750705,-4.42793818925553925,0.6733578195904499,0.6811703196295124,krawczyk_excluded,"[0.58157406357185642909622375179123382764070579008472, 0.58157406357185642909622375179123382764070579008472]",K disjoint
below,A,18,-4.439656939314133,-4.4318444392750705,0.6811703196295124,0.6889828196685749,gradient_excluded,"[0.58155346745763455407474059682111123624668822676586, 0.58155346745763455407474059682111123624668822676586]",g2
below,A,19,-4.43575068929460175,-4.4318444392750705,0.6733578195904499,0.6811703196295124,krawczyk_excluded,"[0.58158132681583454934915891242006679112161715371612, 0.58158132681583454934915891242006679112161715371612]",K disjoint
below,A,20,-4.439656939314133,-4.43575068929460175,0.67726406960998115,0.6811703196295124,krawczyk_excluded,"[0.58160829577258826757279316928768071085801890104663, 0.58160829577258826757279316928768071085801890104663]",K disjoint
below,A,20,-4.439656939314133,-4.43575068929460175,0.6733578195904499,0.67726406960998115,krawczyk_excluded,"[0.58160566842471160338853704611795935600958204410151, 0.58160566842471160338853704611795935600958204410151]",K disjoint
below,A,16,-4.455281939392258,-4.439656939314133,0.6889828196685749,0.7046078197466999,gradient_excluded,"[0.58152260756919135049195375990362721219297999275484, 0.58152260756919135049195375990362721219297999275484]",g1
below,A,18,-4.4474694393531955,-4.439656939314133,0.6811703196295124,0.6889828196685749,gradient_excluded,"[0.58157162868604059320202272982375092570673053273363, 0.58157162868604059320202272982375092570673053273363]",g1
below,A,20,-4.44356318933366425,-4.439656939314133,0.67726406960998115,0.6811703196295124,gradient_excluded,"[0.58160554199351344865793963829144027622038439833363, 0.58160554199351344865793963829144027622038439833363]",g2
below,A,20,-4.44356318933366425,-4.439656939314133,0.6733578195904499,0.67726406960998115,krawczyk_excluded,"[0.58160658240049239567839200955719519680615998090727, 0.58160658240049239567839200955719519680615998090727]",K disjoint
below,A,20,-4.4474694393531955,-4.44356318933366425,0.67726406960998115,0.6811703196295124,gradient_excluded,"[0.58160645582137432541039922901245116019404735723108, 0.58160645582137432541039922901245116019404735723108]",g1
below,A,21,-4.445516314343429875,-4.44356318933366425,0.6733578195904499,0.67726406960998115,krawczyk_excluded,"[0.58161293610881663785261614699945468056239696769562, 0.58161293610881663785261614699945468056239696769562]",K disjoint
below,A,21,-4.4474694393531955,-4.445516314343429875,0.6733578195904499,0.67726406960998115,krawczyk_excluded,"[0.5816131306842040168084748047204699632031670513658, 0.5816131306842040168084748047204699632031670513658]",K disjoint
below,A,18,-4.455281939392258,-4.4474694393531955,0.6811703196295124,0.6889828196685749,gradient_excluded,"[0.58160460298775157944005942157557764530083604437666, 0.58160460298775157944005942157557764530083604437666]",g1
below,A,20,-4.45137568937272675,-4.4474694393531955,0.67726406960998115,0.6811703196295124,gradient_excluded,"[0.58161104401327921543402637882918395595696150711604, 0.58161104401327921543402637882918395595696150711604]",g1
below,A,21,-4.449422564362961125,-4.4474694393531955,0.6733578195904499,0.67726406960998115,krawczyk_excluded,"[0.58160967507151554193729687273503621669136230986966, 0.58160967507151554193729687273503621669136230986966]",K disjoint
below,A,22,-4.45137568937272675,-4.449422564362961125,0.675310944600215525,0.67726406960998115,gradient_excluded,"[0.58161903698059246540622870085437141132210836644781, 0.58161903698059246540622870085437141132210836644781]",g1
below,A,22,-4.45137568937272675,-4.449422564362961125,0.6733578195904499,0.675310944600215525,krawczyk_excluded,"[0.58162020656718091564744108828207355018246763885794, 0.58162020656718091564744108828207355018246763885794]",K disjoint
below,A,20,-4.455281939392258,-4.45137568937272675,0.67726406960998115,0.6811703196295124,gradient_excluded,"[0.58161931332488884389562220085460491869763946630676, 0.58161931332488884389562220085460491869763946630676]",g1
below,A,22,-4.453328814382492375,-4.45137568937272675,0.675310944600215525,0.67726406960998115,gradient_excluded,"[0.58162019043858857726675952678345112345161319375113, 0.58162019043858857726675952678345112345161319375113]",g1
below,A,23,-4.4523522518776095625,-4.45137568937272675,0.6733578195904499,0.675310944600215525,krawczyk_excluded,"[0.58161977939887240673998448326863028874927765328172, 0.58161977939887240673998448326863028874927765328172]",K disjoint
below,A,23,-4.453328814382492375,-4.4523522518776095625,0.6733578195904499,0.675310944600215525,krawczyk_excluded,"[0.58161897706014450954646584771398395004865226711887, 0.58161897706014450954646584771398395004865226711887]",K disjoint
below,A,22,-4.455281939392258,-4.453328814382492375,0.675310944600215525,0.67726406960998115,gradient_excluded,"[0.58162226139951958494712495921492439059442821496302, 0.58162226139951958494712495921492439059442821496302]",g1
below,A,24,-4.4543053768873751875,-4.453328814382492375,0.6743343820953327125,0.675310944600215525,gradient_excluded,"[0.58162238862719115250561519380748513885286707709778, 0.58162238862719115250561519380748513885286707709778]",g1
below,A,24,-4.4543053768873751875,-4.453328814382492375,0.6733578195904499,0.6743343820953327125,krawczyk_excluded,"[0.58162201256706440233518630099895399594299832428653, 0.58162201256706440233518630099895399594299832428653]",K disjoint
below,A,24,-4.455281939392258,-4.4543053768873751875,0.6743343820953327125,0.675310944600215525,gradient_excluded,"[0.58162290684776648333376089622719061727596854802147, 0.58162290684776648333376089622719061727596854802147]",g1
below,A,25,-4.45479365813981659375,-4.4543053768873751875,0.6733578195904499,0.6743343820953327125,krawczyk_excluded,"[0.58162193369257130005289625442195411749277763639202, 0.58162193369257130005289625442195411749277763639202]",K disjoint
below,A,26,-4.455281939392258,-4.45479365813981659375,0.67384610084289130625,0.6743343820953327125,gradient_excluded,"[0.58162305673652643873041431517281746806722581813503, 0.58162305673652643873041431517281746806722581813503]",g1
below,A,27,-4.455037798766037296875,-4.45479365813981659375,0.6733578195904499,0.67384610084289130625,krawczyk_excluded,"[0.58162281237039964491167316006215684172564504196195, 0.58162281237039964491167316006215684172564504196195]",K disjoint
below,A,28,-4.455281939392258,-4.455037798766037296875,0.673601960216670603125,0.67384610084289130625,gradient_excluded,"[0.58162309277135526829389138510316942603891210369145, 0.58162309277135526829389138510316942603891210369145]",g1
below,A,28,-4.455281939392258,-4.455037798766037296875,0.6733578195904499,0.673601960216670603125,inside_Krawczyk_box,,
below,A,10,-2.580281930017258,-2.455281929392258,0.5483578189654499,0.6733578195904499,objective_excluded,"[0.69335836895007301435409186883195798898538715988631, 0.69335836895007301435409186883195798898538715988631]",
below,A,10,-2.580281930017258,-2.455281929392258,0.4233578183404499,0.5483578189654499,objective_excluded,"[0.76587322294652257106787077268915337480279041500563, 0.76587322294652257106787077268915337480279041500563]",
below,A,10,-2.705281930642258,-2.580281930017258,0.5483578189654499,0.6733578195904499,objective_excluded,"[0.68895143366319259319299779638817727114008062901157, 0.68895143366319259319299779638817727114008062901157]",
below,A,10,-2.705281930642258,-2.580281930017258,0.4233578183404499,0.5483578189654499,objective_excluded,"[0.76891200393099220716479742670923477819508119241208, 0.76891200393099220716479742670923477819508119241208]",
below,A,10,-2.580281930017258,-2.455281929392258,0.2983578177154499,0.4233578183404499,objective_excluded,"[0.85049697580632372671800641985642048292927404770154, 0.85049697580632372671800641985642048292927404770154]",
below,A,10,-2.580281930017258,-2.455281929392258,0.1733578170904499,0.2983578177154499,objective_excluded,"[0.94285849460556999787075833282069949200208168716431, 0.94285849460556999787075833282069949200208168716431]",
below,A,10,-2.705281930642258,-2.580281930017258,0.2983578177154499,0.4233578183404499,objective_excluded,"[0.86402009401292854458894558008347910217838450149817, 0.86402009401292854458894558008347910217838450149817]",
below,A,10,-2.705281930642258,-2.580281930017258,0.1733578170904499,0.2983578177154499,objective_excluded,"[0.97224277517120029506379461075048422062296020813531, 0.97224277517120029506379461075048422062296020813531]",
below,A,10,-2.830281931267258,-2.705281930642258,0.5483578189654499,0.6733578195904499,objective_excluded,"[0.67913782803913415515263689268844094844373879434894, 0.67913782803913415515263689268844094844373879434894]",
below,A,10,-2.830281931267258,-2.705281930642258,0.4233578183404499,0.5483578189654499,objective_excluded,"[0.76534660146060757353072870628224729763830947457518, 0.76534660146060757353072870628224729763830947457518]",
below,A,10,-2.955281931892258,-2.830281931267258,0.5483578189654499,0.6733578195904499,objective_excluded,"[0.66656306126281168095354239655734372971758565527076, 0.66656306126281168095354239655734372971758565527076]",
below,A,10,-2.955281931892258,-2.830281931267258,0.4233578183404499,0.5483578189654499,objective_excluded,"[0.75603957622904481115859709119215454396121387670244, 0.75603957622904481115859709119215454396121387670244]",
below,A,10,-2.830281931267258,-2.705281930642258,0.2983578177154499,0.4233578183404499,objective_excluded,"[0.8696271354545718776349136080110804068283539123926, 0.8696271354545718776349136080110804068283539123926]",
below,A,10,-2.830281931267258,-2.705281930642258,0.1733578170904499,0.2983578177154499,objective_excluded,"[0.98975993193663330922332590667377688827361585665457, 0.98975993193663330922332590667377688827361585665457]",
below,A,10,-2.955281931892258,-2.830281931267258,0.2983578177154499,0.4233578183404499,objective_excluded,"[0.86800308708940758119321572278575592886285231641377, 0.86800308708940758119321572278575592886285231641377]",
below,A,10,-2.955281931892258,-2.830281931267258,0.1733578170904499,0.2983578177154499,objective_excluded,"[0.99908087227026028601913469280889873267929157524664, 0.99908087227026028601913469280889873267929157524664]",
below,A,10,-2.580281930017258,-2.455281929392258,0.0483578164654499,0.1733578170904499,objective_excluded,"[1.0396891385662287926820215683344104851384995551969, 1.0396891385662287926820215683344104851384995551969]",
below,A,10,-2.580281930017258,-2.455281929392258,-0.0766421841595501,0.0483578164654499,objective_excluded,"[1.1355442082236030735311751977937326319317331192127, 1.1355442082236030735311751977937326319317331192127]",
below,A,10,-2.705281930642258,-2.580281930017258,0.0483578164654499,0.1733578170904499,objective_excluded,"[1.0887400565699783969889593056038745410390276492408, 1.0887400565699783969889593056038745410390276492408]",
below,A,10,-2.705281930642258,-2.580281930017258,-0.0766421841595501,0.0483578164654499,objective_excluded,"[1.2099548206576990306871441769493859011870726652285, 1.2099548206576990306871441769493859011870726652285]",
below,A,10,-2.580281930017258,-2.455281929392258,-0.2016421847845501,-0.0766421841595501,objective_excluded,"[1.2156296050867308156848483783177939869861999323123, 1.2156296050867308156848483783177939869861999323123]",
below,A,10,-2.580281930017258,-2.455281929392258,-0.3266421854095501,-0.2016421847845501,objective_excluded,"[1.2696149864731816384986759982195499753960563387763, 1.2696149864731816384986759982195499753960563387763]",
below,A,10,-2.705281930642258,-2.580281930017258,-0.2016421847845501,-0.0766421841595501,objective_excluded,"[1.3286030789017741036231321882286730135460506456563, 1.3286030789017741036231321882286730135460506456563]",
below,A,10,-2.705281930642258,-2.580281930017258,-0.3266421854095501,-0.2016421847845501,objective_excluded,"[1.4277094111977565942205943440423196360731907447375, 1.4277094111977565942205943440423196360731907447375]",
below,A,10,-2.830281931267258,-2.705281930642258,0.0483578164654499,0.1733578170904499,objective_excluded,"[1.1236819245353752649732797051946716683188305261721, 1.1236819245353752649732797051946716683188305261721]",
below,A,10,-2.830281931267258,-2.705281930642258,-0.0766421841595501,0.0483578164654499,objective_excluded,"[1.2660445822091832697279766400020117821920235807338, 1.2660445822091832697279766400020117821920235807338]",
below,A,10,-2.955281931892258,-2.830281931267258,0.0483578164654499,0.1733578170904499,objective_excluded,"[1.1464723732955405875233893390683372110457972209213, 1.1464723732955405875233893390683372110457972209213]",
below,A,10,-2.955281931892258,-2.830281931267258,-0.0766421841595501,0.0483578164654499,objective_excluded,"[1.3077602168502437622772561084637300752278418450749, 1.3077602168502437622772561084637300752278418450749]",
below,A,10,-2.830281931267258,-2.705281930642258,-0.2016421847845501,-0.0766421841595501,objective_excluded,"[1.4123339647307480561280655859900335120391915811888, 1.4123339647307480561280655859900335120391915811888]",
below,A,10,-2.830281931267258,-2.705281930642258,-0.3266421854095501,-0.2016421847845501,objective_excluded,"[1.5503947412469529509278192216127171855045861586886, 1.5503947412469529509278192216127171855045861586886]",
below,A,10,-2.955281931892258,-2.830281931267258,-0.2016421847845501,-0.0766421841595501,objective_excluded,"[1.4775869331070242841716142708637017117998174398271, 1.4775869331070242841716142708637017117998174398271]",
below,A,10,-2.955281931892258,-2.830281931267258,-0.3266421854095501,-0.2016421847845501,objective_excluded,"[1.6438271439684951540638427853792314180975458456472, 1.6438271439684951540638427853792314180975458456472]",
below,A,10,-3.080281932517258,-2.955281931892258,0.5483578189654499,0.6733578195904499,objective_excluded,"[0.65250199458592772403148942987784260800432078025887, 0.65250199458592772403148942987784260800432078025887]",
below,A,10,-3.080281932517258,-2.955281931892258,0.4233578183404499,0.5483578189654499,objective_excluded,"[0.74343994501755837116957795106669862867041111936371, 0.74343994501755837116957795106669862867041111936371]",
below,A,10,-3.205281933142258,-3.080281932517258,0.5483578189654499,0.6733578195904499,objective_excluded,"[0.63732610189506697000803187409114807964440569361683, 0.63732610189506697000803187409114807964440569361683]",
below,A,10,-3.205281933142258,-3.080281932517258,0.4233578183404499,0.5483578189654499,objective_excluded,"[0.72877502628722836404458057725862355422634188275447, 0.72877502628722836404458057725862355422634188275447]",
below,A,10,-3.080281932517258,-2.955281931892258,0.2983578177154499,0.4233578183404499,objective_excluded,"[0.86039023496986708232203523786689163265594575521061, 0.86039023496986708232203523786689163265594575521061]",
below,A,10,-3.080281932517258,-2.955281931892258,0.1733578170904499,0.2983578177154499,objective_excluded,"[1.0006636996188446474200689386456508662487224645071, 1.0006636996188446474200689386456508662487224645071]",
below,A,10,-3.205281933142258,-3.080281932517258,0.2983578177154499,0.4233578183404499,objective_excluded,"[0.84900990943961564666042607136388397142601665236959, 0.84900990943961564666042607136388397142601665236959]",
below,A,10,-3.205281933142258,-3.080281932517258,0.1733578170904499,0.2983578177154499,objective_excluded,"[0.99604920893821086266546413586400277359540342623716, 0.99604920893821086266546413586400277359540342623716]",
below,A,10,-3.330281933767258,-3.205281933142258,0.5483578189654499,0.6733578195904499,objective_excluded,"[0.62181139744015155692905962938378784028435347820749, 0.62181139744015155692905962938378784028435347820749]",
below,A,10,-3.330281933767258,-3.205281933142258,0.4233578183404499,0.5483578189654499,objective_excluded,"[0.71236815972707692518284871088815713868885244409927, 0.71236815972707692518284871088815713868885244409927]",
below,A,10,-3.455281934392258,-3.330281933767258,0.5483578189654499,0.6733578195904499,objective_excluded,"[0.60666698654872285073590842193717113162646812152691, 0.60666698654872285073590842193717113162646812152691]",
below,A,10,-3.455281934392258,-3.330281933767258,0.4233578183404499,0.5483578189654499,objective_excluded,"[0.69500464991662828695108348976345264130813497382611, 0.69500464991662828695108348976345264130813497382611]",
below,A,10,-3.330281933767258,-3.205281933142258,0.2983578177154499,0.4233578183404499,objective_excluded,"[0.83503491631408182199048165442499984022583113235274, 0.83503491631408182199048165442499984022583113235274]",
below,A,10,-3.330281933767258,-3.205281933142258,0.1733578170904499,0.2983578177154499,objective_excluded,"[0.98723513624915675934650742813271120847266050513154, 0.98723513624915675934650742813271120847266050513154]",
below,A,10,-3.455281934392258,-3.330281933767258,0.2983578177154499,0.4233578183404499,objective_excluded,"[0.81881017829815777869756075699929030067283836549647, 0.81881017829815777869756075699929030067283836549647]",
below,A,10,-3.455281934392258,-3.330281933767258,0.1733578170904499,0.2983578177154499,objective_excluded,"[0.97541853943415783410185633775001812145228694158339, 0.97541853943415783410185633775001812145228694158339]",
below,A,9,-3.080281932517258,-2.955281931892258,-0.0766421841595501,0.1733578170904499,objective_excluded,"[0.61332228760931701297475035581646820899484928607979, 0.61332228760931701297475035581646820899484928607979]",
below,A,9,-3.205281933142258,-3.080281932517258,-0.0766421841595501,0.1733578170904499,objective_excluded,"[0.71068036202199920176120584517252139413432109273159, 0.71068036202199920176120584517252139413432109273159]",
below,A,9,-3.080281932517258,-2.955281931892258,-0.3266421854095501,-0.0766421841595501,objective_excluded,"[0.72923499230688247292734754629718047509312969589262, 0.72923499230688247292734754629718047509312969589262]",
below,A,9,-3.205281933142258,-3.080281932517258,-0.3266421854095501,-0.0766421841595501,objective_excluded,"[0.90946514172680269001464620107380795365719662206863, 0.90946514172680269001464620107380795365719662206863]",
below,A,9,-3.330281933767258,-3.205281933142258,-0.0766421841595501,0.1733578170904499,objective_excluded,"[0.78473622572809887651534073307251048369707555422483, 0.78473622572809887651534073307251048369707555422483]",
below,A,9,-3.455281934392258,-3.330281933767258,-0.0766421841595501,0.1733578170904499,objective_excluded,"[0.83963072758377975150410702662690243895770234013622, 0.83963072758377975150410702662690243895770234013622]",
below,A,9,-3.330281933767258,-3.205281933142258,-0.3266421854095501,-0.0766421841595501,objective_excluded,"[1.0518296052835687195394531025482956537609079585086, 1.0518296052835687195394531025482956537609079585086]",
below,A,9,-3.455281934392258,-3.330281933767258,-0.3266421854095501,-0.0766421841595501,objective_excluded,"[1.1632827591997893650931054714654278686604674531699, 1.1632827591997893650931054714654278686604674531699]",
below,A,10,-2.580281930017258,-2.455281929392258,-0.4516421860345501,-0.3266421854095501,objective_excluded,"[1.2920104998163854665472015079534374680908390740736, 1.2920104998163854665472015079534374680908390740736]",
below,A,10,-2.580281930017258,-2.455281929392258,-0.5766421866595501,-0.4516421860345501,objective_excluded,"[1.2646072554167749600053144849356241698127959015038, 1.2646072554167749600053144849356241698127959015038]",
below,A,10,-2.705281930642258,-2.580281930017258,-0.4516421860345501,-0.3266421854095501,objective_excluded,"[1.5080599887162932247149767232242489304434742762186, 1.5080599887162932247149767232242489304434742762186]",
below,A,10,-2.705281930642258,-2.580281930017258,-0.5766421866595501,-0.4516421860345501,objective_excluded,"[1.5578913593110525360781341092530920613006677585223, 1.5578913593110525360781341092530920613006677585223]",
below,A,10,-2.580281930017258,-2.455281929392258,-0.7016421872845501,-0.5766421866595501,objective_excluded,"[1.160322196763067482827061716011867182179005797374, 1.160322196763067482827061716011867182179005797374]",
below,A,10,-2.580281930017258,-2.455281929392258,-0.8266421879095501,-0.7016421872845501,objective_excluded,"[0.93741940775961362220927135380697386492117670206404, 0.93741940775961362220927135380697386492117670206404]",
below,A,10,-2.705281930642258,-2.580281930017258,-0.7016421872845501,-0.5766421866595501,objective_excluded,"[1.5592297042566094147580818392755253731681277652274, 1.5592297042566094147580818392755253731681277652274]",
below,A,10,-2.705281930642258,-2.580281930017258,-0.8266421879095501,-0.7016421872845501,objective_excluded,"[1.4853936028529549821354590065130239168720486760755, 1.4853936028529549821354590065130239168720486760755]",
below,A,10,-2.830281931267258,-2.705281930642258,-0.4516421860345501,-0.3266421854095501,objective_excluded,"[1.6769687030514954344254761894792334211970609925591, 1.6769687030514954344254761894792334211970609925591]",
below,A,10,-2.830281931267258,-2.705281930642258,-0.5766421866595501,-0.4516421860345501,objective_excluded,"[1.7856974974679030476453523247670725256294915723819, 1.7856974974679030476453523247670725256294915723819]",
below,A,10,-2.955281931892258,-2.830281931267258,-0.4516421860345501,-0.3266421854095501,objective_excluded,"[1.8105479602532482362446062128815216276994784195802, 1.8105479602532482362446062128815216276994784195802]",
below,A,10,-2.955281931892258,-2.830281931267258,-0.5766421866595501,-0.4516421860345501,objective_excluded,"[1.9665593537419628149003062210730323777974129576229, 1.9665593537419628149003062210730323777974129576229]",
below,A,10,-2.830281931267258,-2.705281930642258,-0.7016421872845501,-0.5766421866595501,objective_excluded,"[1.8649671501867955775286140644661825362016157596379, 1.8649671501867955775286140644661825362016157596379]",
below,A,10,-2.830281931267258,-2.705281930642258,-0.8266421879095501,-0.7016421872845501,objective_excluded,"[1.8970697248795245078154862329041530490998663864468, 1.8970697248795245078154862329041530490998663864468]",
below,A,10,-2.955281931892258,-2.830281931267258,-0.7016421872845501,-0.5766421866595501,objective_excluded,"[2.1055948644787106030118018309125667709324643695699, 2.1055948644787106030118018309125667709324643695699]",
below,A,10,-2.955281931892258,-2.830281931267258,-0.8266421879095501,-0.7016421872845501,objective_excluded,"[2.2162096055008336415857964029473797549305792571883, 2.2162096055008336415857964029473797549305792571883]",
below,A,11,-2.517781929704758,-2.455281929392258,-0.9516421885345501,-0.8266421879095501,objective_excluded,"[2.0681656373754206286323319844061967779789019290368, 2.0681656373754206286323319844061967779789019290368]",
below,A,11,-2.580281930017258,-2.517781929704758,-0.9516421885345501,-0.8266421879095501,objective_excluded,"[2.2645358362730194852720900133483747771948333753139, 2.2645358362730194852720900133483747771948333753139]",
below,A,11,-2.517781929704758,-2.455281929392258,-1.0766421891595501,-0.9516421885345501,objective_excluded,"[1.9351115850200338989262877018330324747942522502946, 1.9351115850200338989262877018330324747942522502946]",
below,A,11,-2.580281930017258,-2.517781929704758,-1.0766421891595501,-0.9516421885345501,objective_excluded,"[2.2119060500251500336654072291212245589479917684861, 2.2119060500251500336654072291212245589479917684861]",
below,A,10,-2.705281930642258,-2.580281930017258,-0.9516421885345501,-0.8266421879095501,objective_excluded,"[1.2953310775736611975216067229453562081778323477134, 1.2953310775736611975216067229453562081778323477134]",
below,A,10,-2.705281930642258,-2.580281930017258,-1.0766421891595501,-0.9516421885345501,objective_excluded,"[0.92323508358172324639477401595641118584124747386424, 0.92323508358172324639477401595641118584124747386424]",
below,A,11,-2.517781929704758,-2.455281929392258,-1.2016421897845501,-1.0766421891595501,objective_excluded,"[1.6094551945097881241487626474950963232899135900954, 1.6094551945097881241487626474950963232899135900954]",
below,A,11,-2.580281930017258,-2.517781929704758,-1.2016421897845501,-1.0766421891595501,objective_excluded,"[2.0129252798910639622432186194116647185266664906612, 2.0129252798910639622432186194116647185266664906612]",
below,A,11,-2.517781929704758,-2.455281929392258,-1.3266421904095501,-1.2016421897845501,objective_excluded,"[0.94812289251691987175488797713499738446794697758629, 0.94812289251691987175488797713499738446794697758629]",
below,A,11,-2.580281930017258,-2.517781929704758,-1.3266421904095501,-1.2016421897845501,objective_excluded,"[1.5643164141590947336959671677305361381692853206742, 1.5643164141590947336959671677305361381692853206742]",
below,A,11,-2.642781930329758,-2.580281930017258,-1.2016421897845501,-1.0766421891595501,objective_excluded,"[2.3483291223471421134242326761816437769686664465175, 2.3483291223471421134242326761816437769686664465175]",
below,A,11,-2.705281930642258,-2.642781930329758,-1.2016421897845501,-1.0766421891595501,objective_excluded,"[2.631525574376936035207545201105595648578970557807, 2.631525574376936035207545201105595648578970557807]",
below,A,11,-2.642781930329758,-2.580281930017258,-1.3266421904095501,-1.2016421897845501,objective_excluded,"[2.0613199736047594700007234756579843199623736187506, 2.0613199736047594700007234756579843199623736187506]",
below,A,11,-2.705281930642258,-2.642781930329758,-1.3266421904095501,-1.2016421897845501,objective_excluded,"[2.4696373406558524406564402535635379885532025125484, 2.4696373406558524406564402535635379885532025125484]",
below,A,10,-2.830281931267258,-2.705281930642258,-0.9516421885345501,-0.8266421879095501,objective_excluded,"[1.8557721053650204428586167241531759536046127184117, 1.8557721053650204428586167241531759536046127184117]",
below,A,10,-2.830281931267258,-2.705281930642258,-1.0766421891595501,-0.9516421885345501,objective_excluded,"[1.7006945359300817080020103998330144146764979464261, 1.7006945359300817080020103998330144146764979464261]",
below,A,10,-2.955281931892258,-2.830281931267258,-0.9516421885345501,-0.8266421879095501,objective_excluded,"[2.280991253058043285050468689310789064599513516109, 2.280991253058043285050468689310789064599513516109]",
below,A,10,-2.955281931892258,-2.830281931267258,-1.0766421891595501,-0.9516421885345501,objective_excluded,"[2.2741371638212650055028887995862502081977705604832, 2.2741371638212650055028887995862502081977705604832]",
below,A,10,-2.830281931267258,-2.705281930642258,-1.2016421897845501,-1.0766421891595501,objective_excluded,"[1.3669761796129494977865620446578267435642111369337, 1.3669761796129494977865620446578267435642111369337]",
below,A,10,-2.830281931267258,-2.705281930642258,-1.3266421904095501,-1.2016421897845501,objective_excluded,"[0.74705676101303275082354356508507393277595734536917, 0.74705676101303275082354356508507393277595734536917]",
below,A,10,-2.955281931892258,-2.830281931267258,-1.2016421897845501,-1.0766421891595501,objective_excluded,"[2.1558442902171563495018987896795188269393789247041, 2.1558442902171563495018987896795188269393789247041]",
below,A,10,-2.955281931892258,-2.830281931267258,-1.3266421904095501,-1.2016421897845501,objective_excluded,"[1.8631708804999628136394538414440960977080007187862, 1.8631708804999628136394538414440960977080007187862]",
below,A,9,-3.080281932517258,-2.955281931892258,-0.5766421866595501,-0.3266421854095501,objective_excluded,"[0.73188452860536295621089170986172764855993609213484, 0.73188452860536295621089170986172764855993609213484]",
below,A,9,-3.205281933142258,-3.080281932517258,-0.5766421866595501,-0.3266421854095501,objective_excluded,"[1.040233667325435455751181672925274071101659396405, 1.040233667325435455751181672925274071101659396405]",
below,A,10,-3.080281932517258,-2.955281931892258,-0.7016421872845501,-0.5766421866595501,objective_excluded,"[2.299644139966670297616893982749287457221915421701, 2.299644139966670297616893982749287457221915421701]",
below,A,10,-3.080281932517258,-2.955281931892258,-0.8266421879095501,-0.7016421872845501,objective_excluded,"[2.470814884479158045875062555499117574276920513399, 2.470814884479158045875062555499117574276920513399]",
below,A,9,-3.205281933142258,-3.080281932517258,-0.8266421879095501,-0.5766421866595501,objective_excluded,"[1.022166848409721732653838916154524633377935727344, 1.022166848409721732653838916154524633377935727344]",
below,A,9,-3.330281933767258,-3.205281933142258,-0.5766421866595501,-0.3266421854095501,objective_excluded,"[1.2860507978827439390641201591884628367460544413073, 1.2860507978827439390641201591884628367460544413073]",
below,A,9,-3.455281934392258,-3.330281933767258,-0.5766421866595501,-0.3266421854095501,objective_excluded,"[1.484420368879572525024735507107342041171355064342, 1.484420368879572525024735507107342041171355064342]",
below,A,9,-3.330281933767258,-3.205281933142258,-0.8266421879095501,-0.5766421866595501,objective_excluded,"[1.4326926236599155344136962162885399282258398536913, 1.4326926236599155344136962162885399282258398536913]",
below,A,9,-3.455281934392258,-3.330281933767258,-0.8266421879095501,-0.5766421866595501,objective_excluded,"[1.7619567848910625374109173678378661244482394498686, 1.7619567848910625374109173678378661244482394498686]",
below,A,10,-3.080281932517258,-2.955281931892258,-0.9516421885345501,-0.8266421879095501,objective_excluded,"[2.6145726179381026718724763741978958786169467835353, 2.6145726179381026718724763741978958786169467835353]",
below,A,10,-3.080281932517258,-2.955281931892258,-1.0766421891595501,-0.9516421885345501,objective_excluded,"[2.7137825504648684460246663520795015315243821047318, 2.7137825504648684460246663520795015315243821047318]",
below,A,9,-3.205281933142258,-3.080281932517258,-1.0766421891595501,-0.8266421879095501,objective_excluded,"[0.6167751054643764780551355160009321841510093838841, 0.6167751054643764780551355160009321841510093838841]",
below,A,10,-3.080281932517258,-2.955281931892258,-1.2016421897845501,-1.0766421891595501,objective_excluded,"[2.742997766446217957597736401132826751317553012597, 2.742997766446217957597736401132826751317553012597]",
below,A,10,-3.080281932517258,-2.955281931892258,-1.3266421904095501,-1.2016421897845501,objective_excluded,"[2.6636876545779849850101183678509730829779797258964, 2.6636876545779849850101183678509730829779797258964]",
below,A,10,-3.205281933142258,-3.080281932517258,-1.2016421897845501,-1.0766421891595501,objective_excluded,"[3.1978926245223084733809333017248047447228668493269, 3.1978926245223084733809333017248047447228668493269]",
below,A,10,-3.205281933142258,-3.080281932517258,-1.3266421904095501,-1.2016421897845501,objective_excluded,"[3.2650382799212416341589096688696977902602241019722, 3.2650382799212416341589096688696977902602241019722]",
below,A,9,-3.330281933767258,-3.205281933142258,-1.0766421891595501,-0.8266421879095501,objective_excluded,"[1.3409237352697027858863181853279090896182579069132, 1.3409237352697027858863181853279090896182579069132]",
below,A,9,-3.455281934392258,-3.330281933767258,-1.0766421891595501,-0.8266421879095501,objective_excluded,"[1.9022599035878946813108215145707094742966180282524, 1.9022599035878946813108215145707094742966180282524]",
below,A,9,-3.330281933767258,-3.205281933142258,-1.3266421904095501,-1.0766421891595501,objective_excluded,"[0.71520745390631368906133321401985411393735327558045, 0.71520745390631368906133321401985411393735327558045]",
below,A,9,-3.455281934392258,-3.330281933767258,-1.3266421904095501,-1.0766421891595501,objective_excluded,"[1.676282829463604688524361384517189222401901018335, 1.676282829463604688524361384517189222401901018335]",
below,A,10,-3.580281935017258,-3.455281934392258,0.5483578189654499,0.6733578195904499,objective_excluded,"[0.59138881380249891930727476666276859558612442541764, 0.59138881380249891930727476666276859558612442541764]",
below,A,10,-3.580281935017258,-3.455281934392258,0.4233578183404499,0.5483578189654499,objective_excluded,"[0.67736532941449191202525520862588049178135861589119, 0.67736532941449191202525520862588049178135861589119]",
below,A,11,-3.642781935329758,-3.580281935017258,0.5483578189654499,0.6733578195904499,objective_excluded,"[0.61680838067422538919670851336074241803575697834126, 0.61680838067422538919670851336074241803575697834126]",
below,A,11,-3.705281935642258,-3.642781935329758,0.5483578189654499,0.6733578195904499,objective_excluded,"[0.6079838231943440359731443077135810705734196045226, 0.6079838231943440359731443077135810705734196045226]",
below,A,10,-3.705281935642258,-3.580281935017258,0.4233578183404499,0.5483578189654499,objective_excluded,"[0.6596058231666144303194321167682357371103381720272, 0.6596058231666144303194321167682357371103381720272]",
below,A,10,-3.580281935017258,-3.455281934392258,0.2983578177154499,0.4233578183404499,objective_excluded,"[0.80109481750355846864447349737282420189884340893977, 0.80109481750355846864447349737282420189884340893977]",
below,A,10,-3.580281935017258,-3.455281934392258,0.1733578170904499,0.2983578177154499,objective_excluded,"[0.96092499101881357772007116121340388738567065065563, 0.96092499101881357772007116121340388738567065065563]",
below,A,9,-3.705281935642258,-3.580281935017258,0.1733578170904499,0.4233578183404499,objective_excluded,"[0.5831290953513351973022170563063159940926628342146, 0.5831290953513351973022170563063159940926628342146]",
below,A,11,-3.767781935954758,-3.705281935642258,0.5483578189654499,0.6733578195904499,objective_excluded,"[0.59965589441367824059845126526496986332114218502754, 0.59965589441367824059845126526496986332114218502754]",
below,A,11,-3.830281936267258,-3.767781935954758,0.5483578189654499,0.6733578195904499,objective_excluded,"[0.59188592532042100276999431675139875743952265605502, 0.59188592532042100276999431675139875743952265605502]",
below,A,10,-3.830281936267258,-3.705281935642258,0.4233578183404499,0.5483578189654499,objective_excluded,"[0.64179136382823647897989518206058872785274757155709, 0.64179136382823647897989518206058872785274757155709]",
below,A,11,-3.892781936579758,-3.830281936267258,0.5483578189654499,0.6733578195904499,objective_excluded,"[0.58470426388417128271677158510114713641824563611504, 0.58470426388417128271677158510114713641824563611504]",
below,A,11,-3.955281936892258,-3.892781936579758,0.5483578189654499,0.6733578195904499,gradient_excluded,"[0.57814128067308282629946830062171736994736300490749, 0.57814128067308282629946830062171736994736300490749]",g2
below,A,10,-3.955281936892258,-3.830281936267258,0.4233578183404499,0.5483578189654499,objective_excluded,"[0.62431324896422651178168479029873688032632485159188, 0.62431324896422651178168479029873688032632485159188]",
below,A,9,-3.830281936267258,-3.705281935642258,0.1733578170904499,0.4233578183404499,objective_excluded,"[0.58318649745709893085339644066834016876096611957596, 0.58318649745709893085339644066834016876096611957596]",
below,A,10,-3.955281936892258,-3.830281936267258,0.2983578177154499,0.4233578183404499,objective_excluded,"[0.74349964811491025411376059745606803339202468260154, 0.74349964811491025411376059745606803339202468260154]",
below,A,10,-3.955281936892258,-3.830281936267258,0.1733578170904499,0.2983578177154499,objective_excluded,"[0.90756985533584334247284244763746095514167645849496, 0.90756985533584334247284244763746095514167645849496]",
below,A,9,-3.580281935017258,-3.455281934392258,-0.0766421841595501,0.1733578170904499,objective_excluded,"[0.87336757069560415475916716520318987461378178101824, 0.87336757069560415475916716520318987461378178101824]",
below,A,9,-3.705281935642258,-3.580281935017258,-0.0766421841595501,0.1733578170904499,objective_excluded,"[0.89595882828328089733088840340222951927320490718696, 0.89595882828328089733088840340222951927320490718696]",
below,A,8,-3.705281935642258,-3.455281934392258,-0.3266421854095501,-0.0766421841595501,objective_excluded,"[0.58635898496312759382243030196062772290734004975643, 0.58635898496312759382243030196062772290734004975643]",
below,A,9,-3.830281936267258,-3.705281935642258,-0.0766421841595501,0.1733578170904499,objective_excluded,"[0.91012503147575585580347179923590527495508356869382, 0.91012503147575585580347179923590527495508356869382]",
below,A,9,-3.955281936892258,-3.830281936267258,-0.0766421841595501,0.1733578170904499,objective_excluded,"[0.91799238403554921303058873274507650053989356527979, 0.91799238403554921303058873274507650053989356527979]",
below,A,8,-3.955281936892258,-3.705281935642258,-0.3266421854095501,-0.0766421841595501,objective_excluded,"[0.89011317591704414369802701151524896725422098544741, 0.89011317591704414369802701151524896725422098544741]",
below,A,11,-4.017781937204758,-3.955281936892258,0.5483578189654499,0.6733578195904499,gradient_excluded,"[0.57222737956588242606958232327509828834300876720587, 0.57222737956588242606958232327509828834300876720587]",g2
below,A,12,-4.080281937517258,-4.017781937204758,0.6108578192779499,0.6733578195904499,objective_excluded,"[0.58848946989484414301125418858526920431237498176331, 0.58848946989484414301125418858526920431237498176331]",
below,A,12,-4.080281937517258,-4.017781937204758,0.5483578189654499,0.6108578192779499,objective_excluded,"[0.61422825575752004074151995608834706566251600207339, 0.61422825575752004074151995608834706566251600207339]",
below,A,10,-4.080281937517258,-3.955281936892258,0.4233578183404499,0.5483578189654499,objective_excluded,"[0.60788346109224915291230349900490729587486016904967, 0.60788346109224915291230349900490729587486016904967]",
below,A,12,-4.142781937829758,-4.080281937517258,0.6108578192779499,0.6733578195904499,objective_excluded,"[0.58379610754839514183344238374708208726009639363257, 0.58379610754839514183344238374708208726009639363257]",
below,A,12,-4.142781937829758,-4.080281937517258,0.5483578189654499,0.6108578192779499,objective_excluded,"[0.60705794196698587208258417535993214947340544164122, 0.60705794196698587208258417535993214947340544164122]",
below,A,12,-4.205281938142258,-4.142781937829758,0.6108578192779499,0.6733578195904499,gradient_excluded,"[0.57988157856084240257051248481378479319117319867295, 0.57988157856084240257051248481378479319117319867295]",g2
below,A,12,-4.205281938142258,-4.142781937829758,0.5483578189654499,0.6108578192779499,objective_excluded,"[0.60052936878099173977497264506078132601214889831595, 0.60052936878099173977497264506078132601214889831595]",
below,A,10,-4.205281938142258,-4.080281937517258,0.4233578183404499,0.5483578189654499,objective_excluded,"[0.59284037062301943133211321784670272943696751164216, 0.59284037062301943133211321784670272943696751164216]",
below,A,10,-4.080281937517258,-3.955281936892258,0.2983578177154499,0.4233578183404499,objective_excluded,"[0.72384124287307081171703598761359019263112622045804, 0.72384124287307081171703598761359019263112622045804]",
below,A,10,-4.080281937517258,-3.955281936892258,0.1733578170904499,0.2983578177154499,objective_excluded,"[0.88752430225761149011465758698318924991788182849671, 0.88752430225761149011465758698318924991788182849671]",
below,A,10,-4.205281938142258,-4.080281937517258,0.2983578177154499,0.4233578183404499,objective_excluded,"[0.70433884605297811659199795133487004799399928935163, 0.70433884605297811659199795133487004799399928935163]",
below,A,10,-4.205281938142258,-4.080281937517258,0.1733578170904499,0.2983578177154499,objective_excluded,"[0.86695227625251082419623166472673757930596381889229, 0.86695227625251082419623166472673757930596381889229]",
below,A,12,-4.267781938454758,-4.205281938142258,0.6108578192779499,0.6733578195904499,gradient_excluded,"[0.5767758541175605810418751187494020055907988143601, 0.5767758541175605810418751187494020055907988143601]",g2
below,A,12,-4.267781938454758,-4.205281938142258,0.5483578189654499,0.6108578192779499,objective_excluded,"[0.59467003516469718892950858027230203467341161088105, 0.59467003516469718892950858027230203467341161088105]",
below,A,12,-4.330281938767258,-4.267781938454758,0.6108578192779499,0.6733578195904499,gradient_excluded,"[0.57450864856341871598495334455724681821516727278745, 0.57450864856341871598495334455724681821516727278745]",g2
below,A,12,-4.330281938767258,-4.267781938454758,0.5483578189654499,0.6108578192779499,objective_excluded,"[0.58951056479368093362151235996290249951895358280822, 0.58951056479368093362151235996290249951895358280822]",
below,A,10,-4.330281938767258,-4.205281938142258,0.4233578183404499,0.5483578189654499,gradient_excluded,"[0.57943263387423565882333914384889533606058183404911, 0.57943263387423565882333914384889533606058183404911]",g2
below,A,13,-4.361531938923508,-4.330281938767258,0.6108578192779499,0.6733578195904499,gradient_excluded,"[0.57645509778598326282239055832146288625632762412489, 0.57645509778598326282239055832146288625632762412489]",g2
below,A,13,-4.392781939079758,-4.361531938923508,0.6108578192779499,0.6733578195904499,gradient_excluded,"[0.57583432616796246294205499964486426440714889385874, 0.57583432616796246294205499964486426440714889385874]",g2
below,A,12,-4.392781939079758,-4.330281938767258,0.5483578189654499,0.6108578192779499,objective_excluded,"[0.58507868791817160218237572356178749746875776282598, 0.58507868791817160218237572356178749746875776282598]",
below,A,14,-4.424031939236008,-4.392781939079758,0.6421078194341999,0.6733578195904499,gradient_excluded,"[0.57984986644519174780806060350330601342321722849592, 0.57984986644519174780806060350330601342321722849592]",g2
below,A,14,-4.424031939236008,-4.392781939079758,0.6108578192779499,0.6421078194341999,objective_excluded,"[0.58287491553446516594371266336752936960197249453083, 0.58287491553446516594371266336752936960197249453083]",
below,A,15,-4.439656939314133,-4.424031939236008,0.6421078194341999,0.6733578195904499,gradient_excluded,"[0.5802141187575687973368381506702188039252724088932, 0.5802141187575687973368381506702188039252724088932]",g2
below,A,17,-4.4474694393531955,-4.439656939314133,0.6577328195123249,0.6733578195904499,gradient_excluded,"[0.58128702887200842663094264184184772605027529537381, 0.58128702887200842663094264184184772605027529537381]",g2
below,A,19,-4.45137568937272675,-4.4474694393531955,0.6655453195513874,0.6733578195904499,gradient_excluded,"[0.58154104907689507211015599742531236712640790118512, 0.58154104907689507211015599742531236712640790118512]",g1
below,A,21,-4.453328814382492375,-4.45137568937272675,0.66945156957091865,0.6733578195904499,gradient_excluded,"[0.58160283252232278733843459810888010854644305604247, 0.58160283252232278733843459810888010854644305604247]",g1
below,A,23,-4.4543053768873751875,-4.453328814382492375,0.671404694580684275,0.6733578195904499,gradient_excluded,"[0.58161806652356136898940866906024474583920041300075, 0.58161806652356136898940866906024474583920041300075]",g1
below,A,25,-4.45479365813981659375,-4.4543053768873751875,0.6723812570855670875,0.6733578195904499,gradient_excluded,"[0.58162184874853376156078976556581552939647494236517, 0.58162184874853376156078976556581552939647494236517]",g1
below,A,27,-4.455037798766037296875,-4.45479365813981659375,0.67286953833800849375,0.6733578195904499,gradient_excluded,"[0.58162279103328205179228845975787803486680112983657, 0.58162279103328205179228845975787803486680112983657]",g1
below,A,28,-4.455281939392258,-4.455037798766037296875,0.673113678964229196875,0.6733578195904499,inside_Krawczyk_box,,
below,A,28,-4.455281939392258,-4.455037798766037296875,0.67286953833800849375,0.673113678964229196875,objective_excluded,"[0.58162313954704949916279883303251309123313140475544, 0.58162313954704949916279883303251309123313140475544]",
below,A,26,-4.455281939392258,-4.45479365813981659375,0.6723812570855670875,0.67286953833800849375,objective_excluded,"[0.58162324414722147119522798835326427673328057326397, 0.58162324414722147119522798835326427673328057326397]",
below,A,24,-4.455281939392258,-4.4543053768873751875,0.671404694580684275,0.6723812570855670875,objective_excluded,"[0.58162365883316919630751089829490404506540227011056, 0.58162365883316919630751089829490404506540227011056]",
below,A,22,-4.455281939392258,-4.453328814382492375,0.66945156957091865,0.671404694580684275,objective_excluded,"[0.58162528770641699439683227467572296788402451840987, 0.58162528770641699439683227467572296788402451840987]",
below,A,20,-4.455281939392258,-4.45137568937272675,0.6655453195513874,0.66945156957091865,objective_excluded,"[0.58163156257293998131502714822084773839269660567588, 0.58163156257293998131502714822084773839269660567588]",
below,A,18,-4.455281939392258,-4.4474694393531955,0.6577328195123249,0.6655453195513874,objective_excluded,"[0.58165471185345645616227473006390882289186360170136, 0.58165471185345645616227473006390882289186360170136]",
below,A,16,-4.455281939392258,-4.439656939314133,0.6421078194341999,0.6577328195123249,objective_excluded,"[0.58173130304612916062840135517083084886531138428747, 0.58173130304612916062840135517083084886531138428747]",
below,A,14,-4.455281939392258,-4.424031939236008,0.6108578192779499,0.6421078194341999,objective_excluded,"[0.58190299919942946598082308721611642427649181777913, 0.58190299919942946598082308721611642427649181777913]",
below,A,12,-4.455281939392258,-4.392781939079758,0.5483578189654499,0.6108578192779499,gradient_excluded,"[0.5814013046113632688098443505159188634979446309359, 0.5814013046113632688098443505159188634979446309359]",g2
below,A,10,-4.455281939392258,-4.330281938767258,0.4233578183404499,0.5483578189654499,gradient_excluded,"[0.5679255155443326317968120293077563302740035171638, 0.5679255155443326317968120293077563302740035171638]",g2
below,A,10,-4.330281938767258,-4.205281938142258,0.2983578177154499,0.4233578183404499,objective_excluded,"[0.68515944258207727881454336518996159195766800689008, 0.68515944258207727881454336518996159195766800689008]",
below,A,10,-4.330281938767258,-4.205281938142258,0.1733578170904499,0.2983578177154499,objective_excluded,"[0.84614961066287384798245216766523773812155363649426, 0.84614961066287384798245216766523773812155363649426]",
below,A,10,-4.455281939392258,-4.330281938767258,0.2983578177154499,0.4233578183404499,objective_excluded,"[0.66680790395920712146456336826707851064743107907408, 0.66680790395920712146456336826707851064743107907408]",
below,A,10,-4.455281939392258,-4.330281938767258,0.1733578170904499,0.2983578177154499,objective_excluded,"[0.82537132794741635197823786537900949122500826960977, 0.82537132794741635197823786537900949122500826960977]",
below,A,8,-4.205281938142258,-3.955281936892258,-0.0766421841595501,0.1733578170904499,objective_excluded,"[0.63299799361376498505110022555894210854587982181527, 0.63299799361376498505110022555894210854587982181527]",
below,A,8,-4.205281938142258,-3.955281936892258,-0.3266421854095501,-0.0766421841595501,objective_excluded,"[1.0732505190989860013946333174749217061078603711364, 1.0732505190989860013946333174749217061078603711364]",
below,A,8,-4.455281939392258,-4.205281938142258,-0.0766421841595501,0.1733578170904499,objective_excluded,"[0.68513092378761830816089549979971013061635441166048, 0.68513092378761830816089549979971013061635441166048]",
below,A,8,-4.455281939392258,-4.205281938142258,-0.3266421854095501,-0.0766421841595501,objective_excluded,"[1.1842789900264038592213520760625910421111957268575, 1.1842789900264038592213520760625910421111957268575]",
below,A,8,-3.705281935642258,-3.455281934392258,-0.5766421866595501,-0.3266421854095501,objective_excluded,"[0.71831298006397868411818363429469662632014838822626, 0.71831298006397868411818363429469662632014838822626]",
below,A,8,-3.705281935642258,-3.455281934392258,-0.8266421879095501,-0.5766421866595501,objective_excluded,"[0.69112142247674215187036250117340409675519958590599, 0.69112142247674215187036250117340409675519958590599]",
below,A,8,-3.955281936892258,-3.705281935642258,-0.5766421866595501,-0.3266421854095501,objective_excluded,"[1.2311328839323525818795252791317784123067765729573, 1.2311328839323525818795252791317784123067765729573]",
below,A,8,-3.955281936892258,-3.705281935642258,-0.8266421879095501,-0.5766421866595501,objective_excluded,"[1.5316250975797673663311280777017230937365947673357, 1.5316250975797673663311280777017230937365947673357]",
below,A,9,-3.580281935017258,-3.455281934392258,-1.0766421891595501,-0.8266421879095501,objective_excluded,"[2.336348361519504028819948144144609854459489512558, 2.336348361519504028819948144144609854459489512558]",
below,A,9,-3.705281935642258,-3.580281935017258,-1.0766421891595501,-0.8266421879095501,objective_excluded,"[2.6912868032705020469249271037369953996067190195618, 2.6912868032705020469249271037369953996067190195618]",
below,A,9,-3.580281935017258,-3.455281934392258,-1.3266421904095501,-1.0766421891595501,objective_excluded,"[2.4181189084733650158802357771401746436729109597151, 2.4181189084733650158802357771401746436729109597151]",
below,A,9,-3.705281935642258,-3.580281935017258,-1.3266421904095501,-1.0766421891595501,objective_excluded,"[3.0029239474142725057044656169255358877735536890973, 3.0029239474142725057044656169255358877735536890973]",
below,A,8,-3.955281936892258,-3.705281935642258,-1.0766421891595501,-0.8266421879095501,objective_excluded,"[1.6869121662991216930413383411596455309853800752843, 1.6869121662991216930413383411596455309853800752843]",
below,A,8,-3.955281936892258,-3.705281935642258,-1.3266421904095501,-1.0766421891595501,objective_excluded,"[1.5543967142648974883597832541853536555912108644053, 1.5543967142648974883597832541853536555912108644053]",
below,A,8,-4.205281938142258,-3.955281936892258,-0.5766421866595501,-0.3266421854095501,objective_excluded,"[1.5716899272961053059495468284400425243409412899645, 1.5716899272961053059495468284400425243409412899645]",
below,A,8,-4.205281938142258,-3.955281936892258,-0.8266421879095501,-0.5766421866595501,objective_excluded,"[2.0908699652632770967877615713981053526264797632972, 2.0908699652632770967877615713981053526264797632972]",
below,A,8,-4.455281939392258,-4.205281938142258,-0.5766421866595501,-0.3266421854095501,objective_excluded,"[1.793317773082434385944929314997230380288498887769, 1.793317773082434385944929314997230380288498887769]",
below,A,8,-4.455281939392258,-4.205281938142258,-0.8266421879095501,-0.5766421866595501,objective_excluded,"[2.4776981454675132531021901070435158260923898918627, 2.4776981454675132531021901070435158260923898918627]",
below,A,8,-4.205281938142258,-3.955281936892258,-1.0766421891595501,-0.8266421879095501,objective_excluded,"[2.57423774422158883211762214986890577811794570805, 2.57423774422158883211762214986890577811794570805]",
below,A,8,-4.205281938142258,-3.955281936892258,-1.3266421904095501,-1.0766421891595501,objective_excluded,"[2.9244162856246534309703555701900468140903051498205, 2.9244162856246534309703555701900468140903051498205]",
below,A,8,-4.455281939392258,-4.205281938142258,-1.0766421891595501,-0.8266421879095501,objective_excluded,"[3.1893464909692941989789681675583305348046152015396, 3.1893464909692941989789681675583305348046152015396]",
below,A,8,-4.455281939392258,-4.205281938142258,-1.3266421904095501,-1.0766421891595501,objective_excluded,"[3.8652605237382291766175521176225991229653681452041, 3.8652605237382291766175521176225991229653681452041]",
below,A,6,-4.955281941892258,-4.455281939392258,2.1733578270904499,2.6733578295904499,objective_excluded,"[4.8182475878979262329433510277213789815621981928583, 4.8182475878979262329433510277213789815621981928583]",
below,A,6,-4.955281941892258,-4.455281939392258,1.6733578245904499,2.1733578270904499,objective_excluded,"[1.4359882845690716795012052204454566159346830784639, 1.4359882845690716795012052204454566159346830784639]",
below,A,5,-5.455281944392258,-4.955281941892258,1.6733578245904499,2.6733578295904499,gradient_excluded,"[-0.99688779097147954530329397152140614608746638862665, -0.99688779097147954530329397152140614608746638862665]",g2
below,A,7,-4.705281940642258,-4.455281939392258,1.1733578220904499,1.6733578245904499,gradient_excluded,"[0.296465829970288031396325801758491932275235696692, 0.296465829970288031396325801758491932275235696692]",g2
below,A,7,-4.955281941892258,-4.705281940642258,1.1733578220904499,1.6733578245904499,gradient_excluded,"[0.47767115507776892759253138369637165557705458378308, 0.47767115507776892759253138369637165557705458378308]",g2
below,A,8,-4.705281940642258,-4.455281939392258,0.9233578208404499,1.1733578220904499,gradient_excluded,"[0.45344815834891921531666379267859049177974396438058, 0.45344815834891921531666379267859049177974396438058]",g2
below,A,10,-4.580281940017258,-4.455281939392258,0.7983578202154499,0.9233578208404499,gradient_excluded,"[0.56719282367369154056227268870340157453064900425188, 0.56719282367369154056227268870340157453064900425188]",g2
below,A,12,-4.517781939704758,-4.455281939392258,0.7358578199029499,0.7983578202154499,gradient_excluded,"[0.58073945108377596960182295104439739925487551060732, 0.58073945108377596960182295104439739925487551060732]",g2
below,A,14,-4.486531939548508,-4.455281939392258,0.7046078197466999,0.7358578199029499,objective_excluded,"[0.58178468934244110006367802772898623560316929819, 0.58178468934244110006367802772898623560316929819]",
below,A,16,-4.470906939470383,-4.455281939392258,0.6889828196685749,0.7046078197466999,objective_excluded,"[0.58171428247220770466509157267311781643080098142421, 0.58171428247220770466509157267311781643080098142421]",
below,A,18,-4.4630944394313205,-4.455281939392258,0.6811703196295124,0.6889828196685749,objective_excluded,"[0.58165244455775295040731771849491565486742875906703, 0.58165244455775295040731771849491565486742875906703]",
below,A,20,-4.45918818941178925,-4.455281939392258,0.67726406960998115,0.6811703196295124,objective_excluded,"[0.58163127051034351757935224769154562183302177108299, 0.58163127051034351757935224769154562183302177108299]",
below,A,22,-4.457235064402023625,-4.455281939392258,0.675310944600215525,0.67726406960998115,objective_excluded,"[0.58162525070641842776852358411686844654898784375001, 0.58162525070641842776852358411686844654898784375001]",
below,A,24,-4.4562585018971408125,-4.455281939392258,0.6743343820953327125,0.675310944600215525,objective_excluded,"[0.58162365420190527779068687513244813737754999658926, 0.58162365420190527779068687513244813737754999658926]",
below,A,26,-4.45577022064469940625,-4.455281939392258,0.67384610084289130625,0.6743343820953327125,objective_excluded,"[0.58162324358017852479735432141114546720085854003826, 0.58162324358017852479735432141114546720085854003826]",
below,A,28,-4.455526080018478703125,-4.455281939392258,0.673601960216670603125,0.67384610084289130625,objective_excluded,"[0.58162313948303923058578995415120937115515680844565, 0.58162313948303923058578995415120937115515680844565]",
below,A,28,-4.455526080018478703125,-4.455281939392258,0.6733578195904499,0.673601960216670603125,inside_Krawczyk_box,,
below,A,27,-4.45577022064469940625,-4.455526080018478703125,0.6733578195904499,0.67384610084289130625,gradient_excluded,"[0.58162279081097456435314222365634669596226355060891, 0.58162279081097456435314222365634669596226355060891]",g1
below,A,25,-4.4562585018971408125,-4.45577022064469940625,0.6733578195904499,0.6743343820953327125,gradient_excluded,"[0.58162184697391364774006820324280866976160844695214, 0.58162184697391364774006820324280866976160844695214]",g1
below,A,23,-4.457235064402023625,-4.4562585018971408125,0.6733578195904499,0.675310944600215525,gradient_excluded,"[0.58161805240098579564223350672616137200189669746948, 0.58161805240098579564223350672616137200189669746948]",g1
below,A,21,-4.45918818941178925,-4.457235064402023625,0.6733578195904499,0.67726406960998115,gradient_excluded,"[0.58160272075727911967106121497682137038486735527405, 0.58160272075727911967106121497682137038486735527405]",g1
below,A,19,-4.4630944394313205,-4.45918818941178925,0.6733578195904499,0.6811703196295124,gradient_excluded,"[0.58154017444057437175933261363277361352951071852166, 0.58154017444057437175933261363277361352951071852166]",g1
below,A,17,-4.470906939470383,-4.4630944394313205,0.6733578195904499,0.6889828196685749,gradient_excluded,"[0.58128034311326399471398726833766351405506295206809, 0.58128034311326399471398726833766351405506295206809]",g2
below,A,15,-4.486531939548508,-4.470906939470383,0.6733578195904499,0.7046078197466999,gradient_excluded,"[0.58016559904579719269262811578680641350355691550084, 0.58016559904579719269262811578680641350355691550084]",g2
below,A,14,-4.517781939704758,-4.486531939548508,0.7046078197466999,0.7358578199029499,objective_excluded,"[0.5828093108031914026914630400855815910003747448344, 0.5828093108031914026914630400855815910003747448344]",
below,A,14,-4.517781939704758,-4.486531939548508,0.6733578195904499,0.7046078197466999,gradient_excluded,"[0.57976810916383036634138723106428575261097866247948, 0.57976810916383036634138723106428575261097866247948]",g2
below,A,12,-4.580281940017258,-4.517781939704758,0.7358578199029499,0.7983578202154499,objective_excluded,"[0.58499697928545517866860767338601208780302484320053, 0.58499697928545517866860767338601208780302484320053]",
below,A,13,-4.549031939861008,-4.517781939704758,0.6733578195904499,0.7358578199029499,gradient_excluded,"[0.57542722421534435474429021861593904116141121362938, 0.57542722421534435474429021861593904116141121362938]",g2
below,A,13,-4.580281940017258,-4.549031939861008,0.6733578195904499,0.7358578199029499,gradient_excluded,"[0.57596407118563675913260688166049335620723828471077, 0.57596407118563675913260688166049335620723828471077]",g2
below,A,10,-4.705281940642258,-4.580281940017258,0.7983578202154499,0.9233578208404499,objective_excluded,"[0.5859816628503341752017502831980666130446639659993, 0.5859816628503341752017502831980666130446639659993]",
below,A,12,-4.642781940329758,-4.580281940017258,0.7358578199029499,0.7983578202154499,objective_excluded,"[0.59035989440208995707972820536554860714584641083382, 0.59035989440208995707972820536554860714584641083382]",
below,A,12,-4.642781940329758,-4.580281940017258,0.6733578195904499,0.7358578199029499,gradient_excluded,"[0.57410648638691426800914360375687280896882313992763, 0.57410648638691426800914360375687280896882313992763]",g2
below,A,11,-4.705281940642258,-4.642781940329758,0.6733578195904499,0.7983578202154499,gradient_excluded,"[0.55403729784520697238696842138142988190869223269251, 0.55403729784520697238696842138142988190869223269251]",g2
below,A,8,-4.955281941892258,-4.705281940642258,0.9233578208404499,1.1733578220904499,gradient_excluded,"[0.54637260832238942094706649472541466184585115764553, 0.54637260832238942094706649472541466184585115764553]",g2
below,A,10,-4.830281941267258,-4.705281940642258,0.7983578202154499,0.9233578208404499,objective_excluded,"[0.60970804129667006706287935744333964431373629240418, 0.60970804129667006706287935744333964431373629240418]",
below,A,11,-4.767781940954758,-4.705281940642258,0.6733578195904499,0.7983578202154499,gradient_excluded,"[0.55713790521723695318603987513844525747537867535166, 0.55713790521723695318603987513844525747537867535166]",g2
below,A,11,-4.830281941267258,-4.767781940954758,0.6733578195904499,0.7983578202154499,gradient_excluded,"[0.56125187456595838446988148449946682915510439586024, 0.56125187456595838446988148449946682915510439586024]",g2
below,A,10,-4.955281941892258,-4.830281941267258,0.7983578202154499,0.9233578208404499,objective_excluded,"[0.6386794745521830188502716511783905256925894655785, 0.6386794745521830188502716511783905256925894655785]",
below,A,10,-4.955281941892258,-4.830281941267258,0.6733578195904499,0.7983578202154499,gradient_excluded,"[0.55168375599159985558274404372501358724560523436674, 0.55168375599159985558274404372501358724560523436674]",g2
below,A,6,-5.455281944392258,-4.955281941892258,1.1733578220904499,1.6733578245904499,gradient_excluded,"[0.064290214390722487287876156286400954833996566000367, 0.064290214390722487287876156286400954833996566000367]",g2
below,A,8,-5.205281943142258,-4.955281941892258,0.9233578208404499,1.1733578220904499,objective_excluded,"[0.66026047729576098188484696200337541371290808221075, 0.66026047729576098188484696200337541371290808221075]",
below,A,9,-5.080281942517258,-4.955281941892258,0.6733578195904499,0.9233578208404499,gradient_excluded,"[0.45255961519919905996135612766722131589322582372867, 0.45255961519919905996135612766722131589322582372867]",g2
below,A,9,-5.205281943142258,-5.080281942517258,0.6733578195904499,0.9233578208404499,gradient_excluded,"[0.46954180956508538278696705890654450168101647060487, 0.46954180956508538278696705890654450168101647060487]",g2
below,A,8,-5.455281944392258,-5.205281943142258,0.9233578208404499,1.1733578220904499,objective_excluded,"[0.79438498912698605126185896902732390091337488788173, 0.79438498912698605126185896902732390091337488788173]",
below,A,8,-5.455281944392258,-5.205281943142258,0.6733578195904499,0.9233578208404499,gradient_excluded,"[0.40987581107478466012063228879403328837829034160498, 0.40987581107478466012063228879403328837829034160498]",g2
below,A,5,-5.955281946892258,-5.455281944392258,1.6733578245904499,2.6733578295904499,objective_excluded,"[0.74694886705741516382937579674870521706240136490556, 0.74694886705741516382937579674870521706240136490556]",
below,A,5,-6.455281949392258,-5.955281946892258,1.6733578245904499,2.6733578295904499,objective_excluded,"[2.8465818223532613937571348412576403609764476279581, 2.8465818223532613937571348412576403609764476279581]",
below,A,6,-5.955281946892258,-5.455281944392258,1.1733578220904499,1.6733578245904499,objective_excluded,"[0.63992591224310298410680787092945398515599330161053, 0.63992591224310298410680787092945398515599330161053]",
below,A,8,-5.705281945642258,-5.455281944392258,0.9233578208404499,1.1733578220904499,objective_excluded,"[0.95618860386087341868795059955841645108250872880305, 0.95618860386087341868795059955841645108250872880305]",
below,A,8,-5.705281945642258,-5.455281944392258,0.6733578195904499,0.9233578208404499,gradient_excluded,"[0.46434397426294006972336749680626733792347332888303, 0.46434397426294006972336749680626733792347332888303]",g2
below,A,7,-5.955281946892258,-5.705281945642258,0.6733578195904499,1.1733578220904499,gradient_excluded,"[-0.098657392050046363717155068962463083446750917942736, -0.098657392050046363717155068962463083446750917942736]",g2
below,A,6,-6.455281949392258,-5.955281946892258,1.1733578220904499,1.6733578245904499,objective_excluded,"[1.4249976364561631039375682531242100267899111026394, 1.4249976364561631039375682531242100267899111026394]",
below,A,7,-6.205281948142258,-5.955281946892258,0.6733578195904499,1.1733578220904499,gradient_excluded,"[-0.018988360720240206756334008190737233656674652172667, -0.018988360720240206756334008190737233656674652172667]",g2
below,A,7,-6.455281949392258,-6.205281948142258,0.6733578195904499,1.1733578220904499,gradient_excluded,"[0.08154722319273568639265411360032739638344718343875, 0.08154722319273568639265411360032739638344718343875]",g2
below,A,28,-4.455526080018478703125,-4.455281939392258,0.673113678964229196875,0.6733578195904499,inside_Krawczyk_box,,
below,A,28,-4.455526080018478703125,-4.455281939392258,0.67286953833800849375,0.673113678964229196875,gradient_excluded,"[0.58162309283392333752530023638461002410356758865349, 0.58162309283392333752530023638461002410356758865349]",g1
below,A,27,-4.45577022064469940625,-4.455526080018478703125,0.67286953833800849375,0.6733578195904499,krawczyk_excluded,"[0.58162281235149797651444839569959779672838772301473, 0.58162281235149797651444839569959779672838772301473]",K disjoint
below,A,26,-4.45577022064469940625,-4.455281939392258,0.6723812570855670875,0.67286953833800849375,gradient_excluded,"[0.58162305729169105125861840430652485914993124997837, 0.58162305729169105125861840430652485914993124997837]",g1
below,A,25,-4.4562585018971408125,-4.45577022064469940625,0.6723812570855670875,0.6733578195904499,krawczyk_excluded,"[0.58162193354073392286130037453344932064723175679039, 0.58162193354073392286130037453344932064723175679039]",K disjoint
below,A,24,-4.4562585018971408125,-4.455281939392258,0.671404694580684275,0.6723812570855670875,gradient_excluded,"[0.58162291139151650773933729378936838903131439405, 0.58162291139151650773933729378936838903131439405]",g1
below,A,24,-4.457235064402023625,-4.4562585018971408125,0.6723812570855670875,0.6733578195904499,krawczyk_excluded,"[0.58162201164509235711865462931108501767107116432559, 0.58162201164509235711865462931108501767107116432559]",K disjoint
below,A,24,-4.457235064402023625,-4.4562585018971408125,0.671404694580684275,0.6723812570855670875,gradient_excluded,"[0.58162239217756557847400762874163910738472717120868, 0.58162239217756557847400762874163910738472717120868]",g1
below,A,22,-4.457235064402023625,-4.455281939392258,0.66945156957091865,0.671404694580684275,gradient_excluded,"[0.5816222978455089051354296728093863475963269501544, 0.5816222978455089051354296728093863475963269501544]",g1
below,A,23,-4.4582116269069064375,-4.457235064402023625,0.671404694580684275,0.6733578195904499,krawczyk_excluded,"[0.58161897131548823144392672476052686895972776605449, 0.58161897131548823144392672476052686895972776605449]",K disjoint
below,A,23,-4.45918818941178925,-4.4582116269069064375,0.671404694580684275,0.6733578195904499,krawczyk_excluded,"[0.5816197697396767662026884902205754117874009453438, 0.5816197697396767662026884902205754117874009453438]",K disjoint
below,A,22,-4.45918818941178925,-4.457235064402023625,0.66945156957091865,0.671404694580684275,gradient_excluded,"[0.58162021908366175532606963681738158424153265668492, 0.58162021908366175532606963681738158424153265668492]",g1
below,A,20,-4.45918818941178925,-4.455281939392258,0.6655453195513874,0.66945156957091865,gradient_excluded,"[0.58161960334385109926444994408170780817739164784007, 0.58161960334385109926444994408170780817739164784007]",g1
below,A,22,-4.461141314421554875,-4.45918818941178925,0.671404694580684275,0.6733578195904499,krawczyk_excluded,"[0.58162020294697842674653619047717289269313994368312, 0.58162020294697842674653619047717289269313994368312]",K disjoint
below,A,22,-4.461141314421554875,-4.45918818941178925,0.66945156957091865,0.671404694580684275,gradient_excluded,"[0.58161905226148518675414335373632627570542756584411, 0.58161905226148518675414335373632627570542756584411]",g1
below,A,21,-4.4630944394313205,-4.461141314421554875,0.66945156957091865,0.6733578195904499,krawczyk_excluded,"[0.58160959911977429182635638053991029004602666787248, 0.58160959911977429182635638053991029004602666787248]",K disjoint
below,A,20,-4.4630944394313205,-4.45918818941178925,0.6655453195513874,0.66945156957091865,gradient_excluded,"[0.58161127401290022731316939440247754860801851328289, 0.58161127401290022731316939440247754860801851328289]",g1
below,A,18,-4.4630944394313205,-4.455281939392258,0.6577328195123249,0.6655453195513874,gradient_excluded,"[0.5816068922213820644563544277426228336582291925722, 0.5816068922213820644563544277426228336582291925722]",g1
below,A,21,-4.465047564441086125,-4.4630944394313205,0.66945156957091865,0.6733578195904499,krawczyk_excluded,"[0.58161303736570482908784226320088666544867851586811, 0.58161303736570482908784226320088666544867851586811]",K disjoint
below,A,21,-4.46700068945085175,-4.465047564441086125,0.66945156957091865,0.6733578195904499,krawczyk_excluded,"[0.58161288832799319880785882615299459625095806210409, 0.58161288832799319880785882615299459625095806210409]",K disjoint
below,A,20,-4.46700068945085175,-4.4630944394313205,0.6655453195513874,0.66945156957091865,gradient_excluded,"[0.5816065812954524192893537439799790666645393245704, 0.5816065812954524192893537439799790666645393245704]",g1
below,A,20,-4.470906939470383,-4.46700068945085175,0.66945156957091865,0.6733578195904499,krawczyk_excluded,"[0.58160645427383924956930436488252463290297939759494, 0.58160645427383924956930436488252463290297939759494]",K disjoint
below,A,20,-4.470906939470383,-4.46700068945085175,0.6655453195513874,0.66945156957091865,gradient_excluded,"[0.58160553190541379873025958805471660587492658827396, 0.58160553190541379873025958805471660587492658827396]",g2
below,A,18,-4.470906939470383,-4.4630944394313205,0.6577328195123249,0.6655453195513874,gradient_excluded,"[0.5815734760357270984383080302708787837692045388489, 0.5815734760357270984383080302708787837692045388489]",g1
below,A,16,-4.470906939470383,-4.455281939392258,0.6421078194341999,0.6577328195123249,gradient_excluded,"[0.58154041555354982294960334762409166968563975641134, 0.58154041555354982294960334762409166968563975641134]",g1
below,A,20,-4.47481318948991425,-4.470906939470383,0.66945156957091865,0.6733578195904499,krawczyk_excluded,"[0.58160540473767195619183204666629557840005452815007, 0.58160540473767195619183204666629557840005452815007]",K disjoint
below,A,20,-4.47481318948991425,-4.470906939470383,0.6655453195513874,0.66945156957091865,krawczyk_excluded,"[0.58160813255515892009903529404337642224371020581629, 0.58160813255515892009903529404337642224371020581629]",K disjoint
below,A,19,-4.4787194395094455,-4.47481318948991425,0.6655453195513874,0.6733578195904499,krawczyk_excluded,"[0.58158098314721883807387216317846801206052066989889, 0.58158098314721883807387216317846801206052066989889]",K disjoint
below,A,18,-4.4787194395094455,-4.470906939470383,0.6577328195123249,0.6655453195513874,gradient_excluded,"[0.58155451687092262015707379823106955294751376546053, 0.58155451687092262015707379823106955294751376546053]",g1
below,A,19,-4.48262568952897675,-4.4787194395094455,0.6655453195513874,0.6733578195904499,krawczyk_excluded,"[0.5815733427628126876776632476998072160388087172702, 0.5815733427628126876776632476998072160388087172702]",K disjoint
below,A,19,-4.486531939548508,-4.48262568952897675,0.6655453195513874,0.6733578195904499,krawczyk_excluded,"[0.58156933007946153745284641803721306294480271591455, 0.58156933007946153745284641803721306294480271591455]",K disjoint
below,A,18,-4.486531939548508,-4.4787194395094455,0.6577328195123249,0.6655453195513874,gradient_excluded,"[0.58155006827859042462293339707482556559596075139098, 0.58155006827859042462293339707482556559596075139098]",g2
below,A,16,-4.486531939548508,-4.470906939470383,0.6421078194341999,0.6577328195123249,gradient_excluded,"[0.58140620703281964678999406325497801089697016218871, 0.58140620703281964678999406325497801089697016218871]",g1
below,A,14,-4.486531939548508,-4.455281939392258,0.6108578192779499,0.6421078194341999,gradient_excluded,"[0.58114674457536216260272955858172464138485479914731, 0.58114674457536216260272955858172464138485479914731]",g2
below,A,18,-4.4943444395875705,-4.486531939548508,0.6655453195513874,0.6733578195904499,krawczyk_excluded,"[0.58154908331080374884855047584284718847239411840607, 0.58154908331080374884855047584284718847239411840607]",K disjoint
below,A,18,-4.4943444395875705,-4.486531939548508,0.6577328195123249,0.6655453195513874,krawczyk_excluded,"[0.5815601837852220673663132735448735858437795350724, 0.5815601837852220673663132735448735858437795350724]",K disjoint
below,A,18,-4.502156939626633,-4.4943444395875705,0.6655453195513874,0.6733578195904499,gradient_excluded,"[0.58155919624216346820608966376059056055369321594619, 0.58155919624216346820608966376059056055369321594619]",g1
below,A,18,-4.502156939626633,-4.4943444395875705,0.6577328195123249,0.6655453195513874,krawczyk_excluded,"[0.58158491688983626262925741164488025486286930181102, 0.58158491688983626262925741164488025486286930181102]",K disjoint
below,A,16,-4.502156939626633,-4.486531939548508,0.6421078194341999,0.6577328195123249,gradient_excluded,"[0.58132910386097664064011019137750699786999376266831, 0.58132910386097664064011019137750699786999376266831]",g2
below,A,18,-4.5099694396656955,-4.502156939626633,0.6655453195513874,0.6733578195904499,gradient_excluded,"[0.58158392678712538270702051521497071991816634345381, 0.58158392678712538270702051521497071991816634345381]",g1
below,A,18,-4.5099694396656955,-4.502156939626633,0.6577328195123249,0.6655453195513874,krawczyk_excluded,"[0.58161237904283974624352923735391512419720690050304, 0.58161237904283974624352923735391512419720690050304]",K disjoint
below,A,18,-4.517781939704758,-4.5099694396656955,0.6655453195513874,0.6733578195904499,objective_excluded,"[0.58162332841500203683440826066560639396330734480367, 0.58162332841500203683440826066560639396330734480367]",
below,A,18,-4.517781939704758,-4.5099694396656955,0.6577328195123249,0.6655453195513874,objective_excluded,"[0.58164456215181442287436721064838716979904246733862, 0.58164456215181442287436721064838716979904246733862]",
below,A,16,-4.517781939704758,-4.502156939626633,0.6421078194341999,0.6577328195123249,gradient_excluded,"[0.58130953206750682729163146492879513446634439343851, 0.58130953206750682729163146492879513446634439343851]",g2
below,A,14,-4.517781939704758,-4.486531939548508,0.6108578192779499,0.6421078194341999,gradient_excluded,"[0.5806095375441570221418385145327422405689946804643, 0.5806095375441570221418385145327422405689946804643]",g2
below,A,12,-4.517781939704758,-4.455281939392258,0.5483578189654499,0.6108578192779499,gradient_excluded,"[0.5785054101104885697890169576899312174686856990496, 0.5785054101104885697890169576899312174686856990496]",g2
below,A,18,-4.5255944397438205,-4.517781939704758,0.6655453195513874,0.6733578195904499,objective_excluded,"[0.58167745456288406016729931349292151402458934514003, 0.58167745456288406016729931349292151402458934514003]",
below,A,18,-4.5255944397438205,-4.517781939704758,0.6577328195123249,0.6655453195513874,objective_excluded,"[0.5816429840640609095504312272744088093115150185747, 0.5816429840640609095504312272744088093115150185747]",
below,A,17,-4.533406939782883,-4.5255944397438205,0.6577328195123249,0.6733578195904499,krawczyk_excluded,"[0.58140630296707786975047094255105067619680715405575, 0.58140630296707786975047094255105067619680715405575]",K disjoint
below,A,17,-4.5255944397438205,-4.517781939704758,0.6421078194341999,0.6577328195123249,gradient_excluded,"[0.58141066066906469375222949901368706396114153676257, 0.58141066066906469375222949901368706396114153676257]",g2
below,A,17,-4.533406939782883,-4.5255944397438205,0.6421078194341999,0.6577328195123249,krawczyk_excluded,"[0.58143727691188694418283844846726937299566414808243, 0.58143727691188694418283844846726937299566414808243]",K disjoint
below,A,17,-4.5412194398219455,-4.533406939782883,0.6577328195123249,0.6733578195904499,gradient_excluded,"[0.5814329062204805755443399125561404959511945488837, 0.5814329062204805755443399125561404959511945488837]",g1
below,A,17,-4.549031939861008,-4.5412194398219455,0.6577328195123249,0.6733578195904499,gradient_excluded,"[0.58147410653043987041749929893555580313432309578685, 0.58147410653043987041749929893555580313432309578685]",g1
below,A,17,-4.5412194398219455,-4.533406939782883,0.6421078194341999,0.6577328195123249,krawczyk_excluded,"[0.58147849014490469028418995903190174464717744959929, 0.58147849014490469028418995903190174464717744959929]",K disjoint
below,A,17,-4.549031939861008,-4.5412194398219455,0.6421078194341999,0.6577328195123249,krawczyk_excluded,"[0.58153303506325616598354407312159810462045509062184, 0.58153303506325616598354407312159810462045509062184]",K disjoint
below,A,14,-4.549031939861008,-4.517781939704758,0.6108578192779499,0.6421078194341999,gradient_excluded,"[0.58029476116063615670111173741968187119663157540589, 0.58029476116063615670111173741968187119663157540589]",g2
below,A,16,-4.564656939939133,-4.549031939861008,0.6577328195123249,0.6733578195904499,gradient_excluded,"[0.5814372059134393784185374338457568373986962329656, 0.5814372059134393784185374338457568373986962329656]",g1
below,A,17,-4.5568444399000705,-4.549031939861008,0.6421078194341999,0.6577328195123249,krawczyk_excluded,"[0.58158917930479408984330607645818891223713291922538, 0.58158917930479408984330607645818891223713291922538]",K disjoint
below,A,17,-4.564656939939133,-4.5568444399000705,0.6421078194341999,0.6577328195123249,objective_excluded,"[0.58166002688903249868655441780317299264914982187692, 0.58166002688903249868655441780317299264914982187692]",
below,A,16,-4.580281940017258,-4.564656939939133,0.6577328195123249,0.6733578195904499,gradient_excluded,"[0.58159273246283334469243689289414537943566896994307, 0.58159273246283334469243689289414537943566896994307]",g1
below,A,16,-4.580281940017258,-4.564656939939133,0.6421078194341999,0.6577328195123249,objective_excluded,"[0.58169277795171666116997466387465831708613824556639, 0.58169277795171666116997466387465831708613824556639]",
below,A,14,-4.580281940017258,-4.549031939861008,0.6108578192779499,0.6421078194341999,gradient_excluded,"[0.58020579340109177639137531927321857247817704310063, 0.58020579340109177639137531927321857247817704310063]",g2
below,A,12,-4.580281940017258,-4.517781939704758,0.5483578189654499,0.6108578192779499,gradient_excluded,"[0.57641804125835417507791342922612583835128099657407, 0.57641804125835417507791342922612583835128099657407]",g2
below,A,10,-4.580281940017258,-4.455281939392258,0.4233578183404499,0.5483578189654499,gradient_excluded,"[0.55864922071278845390089135869897069097738521530652, 0.55864922071278845390089135869897069097738521530652]",g2
below,A,16,-4.595906940095383,-4.580281940017258,0.6577328195123249,0.6733578195904499,objective_excluded,"[0.58180749017518337943324550763790372793629336432188, 0.58180749017518337943324550763790372793629336432188]",
below,A,16,-4.595906940095383,-4.580281940017258,0.6421078194341999,0.6577328195123249,objective_excluded,"[0.58168261384153278039766275534947517519894016116069, 0.58168261384153278039766275534947517519894016116069]",
below,A,16,-4.611531940173508,-4.595906940095383,0.6577328195123249,0.6733578195904499,objective_excluded,"[0.58208189815749759507908404985726878580071404535275, 0.58208189815749759507908404985726878580071404535275]",
below,A,16,-4.611531940173508,-4.595906940095383,0.6421078194341999,0.6577328195123249,objective_excluded,"[0.58172982831927825514337605463407076993999673382903, 0.58172982831927825514337605463407076993999673382903]",
below,A,15,-4.595906940095383,-4.580281940017258,0.6108578192779499,0.6421078194341999,gradient_excluded,"[0.58068918335959715524445240450004037454101343640298, 0.58068918335959715524445240450004037454101343640298]",g2
below,A,16,-4.611531940173508,-4.595906940095383,0.6264828193560749,0.6421078194341999,objective_excluded,"[0.5818424512477810542069485147708053301950243197737, 0.5818424512477810542069485147708053301950243197737]",
below,A,16,-4.611531940173508,-4.595906940095383,0.6108578192779499,0.6264828193560749,objective_excluded,"[0.58240592990306093852162087026008514325638059693432, 0.58240592990306093852162087026008514325638059693432]",
below,A,16,-4.627156940251633,-4.611531940173508,0.6577328195123249,0.6733578195904499,objective_excluded,"[0.58241637716635449971124971268906184079696821945859, 0.58241637716635449971124971268906184079696821945859]",
below,A,16,-4.627156940251633,-4.611531940173508,0.6421078194341999,0.6577328195123249,objective_excluded,"[0.58183483886886315875102959909014083600928521939146, 0.58183483886886315875102959909014083600928521939146]",
below,A,15,-4.642781940329758,-4.627156940251633,0.6421078194341999,0.6733578195904499,gradient_excluded,"[0.58091162713071785066474714661370659173635235024413, 0.58091162713071785066474714661370659173635235024413]",g1
below,A,16,-4.627156940251633,-4.611531940173508,0.6264828193560749,0.6421078194341999,objective_excluded,"[0.58195227919805061182141973481321156484107338268861, 0.58195227919805061182141973481321156484107338268861]",
below,A,16,-4.627156940251633,-4.611531940173508,0.6108578192779499,0.6264828193560749,objective_excluded,"[0.58234609011114302435953884166209517704634885397152, 0.58234609011114302435953884166209517704634885397152]",
below,A,16,-4.642781940329758,-4.627156940251633,0.6264828193560749,0.6421078194341999,objective_excluded,"[0.58211666851846212843839968911508575567092978269784, 0.58211666851846212843839968911508575567092978269784]",
below,A,16,-4.642781940329758,-4.627156940251633,0.6108578192779499,0.6264828193560749,objective_excluded,"[0.58234263557165777958209978769649528150557424241093, 0.58234263557165777958209978769649528150557424241093]",
below,A,12,-4.642781940329758,-4.580281940017258,0.5483578189654499,0.6108578192779499,gradient_excluded,"[0.57516556182234576482199129807423048612754514659446, 0.57516556182234576482199129807423048612754514659446]",g2
below,A,14,-4.674031940486008,-4.642781940329758,0.6421078194341999,0.6733578195904499,gradient_excluded,"[0.58066478838278211966108540767638919724445187751323, 0.58066478838278211966108540767638919724445187751323]",g2
below,A,16,-4.658406940407883,-4.642781940329758,0.6264828193560749,0.6421078194341999,objective_excluded,"[0.58233499439762673473434544380891027069182037968935, 0.58233499439762673473434544380891027069182037968935]",
below,A,16,-4.658406940407883,-4.642781940329758,0.6108578192779499,0.6264828193560749,objective_excluded,"[0.58239598006109209583593401466335215151608849395431, 0.58239598006109209583593401466335215151608849395431]",
below,A,15,-4.674031940486008,-4.658406940407883,0.6108578192779499,0.6421078194341999,objective_excluded,"[0.58165615356096653121860255100737772914480329624082, 0.58165615356096653121860255100737772914480329624082]",
below,A,14,-4.705281940642258,-4.674031940486008,0.6421078194341999,0.6733578195904499,gradient_excluded,"[0.58127232764432266646584973129945745932398604373253, 0.58127232764432266646584973129945745932398604373253]",g1
below,A,14,-4.705281940642258,-4.674031940486008,0.6108578192779499,0.6421078194341999,objective_excluded,"[0.58177477028283469964080614848304197483812046363084, 0.58177477028283469964080614848304197483812046363084]",
below,A,13,-4.674031940486008,-4.642781940329758,0.5483578189654499,0.6108578192779499,gradient_excluded,"[0.57727552742160383742870611555162414219586215251414, 0.57727552742160383742870611555162414219586215251414]",g2
below,A,13,-4.705281940642258,-4.674031940486008,0.5483578189654499,0.6108578192779499,gradient_excluded,"[0.57716900883795280344382509517427666304328374165444, 0.57716900883795280344382509517427666304328374165444]",g2
below,A,10,-4.705281940642258,-4.580281940017258,0.4233578183404499,0.5483578189654499,gradient_excluded,"[0.55183498495354467799509119910196962368243341270575, 0.55183498495354467799509119910196962368243341270575]",g2
below,A,10,-4.580281940017258,-4.455281939392258,0.2983578177154499,0.4233578183404499,objective_excluded,"[0.64960265293423290426598957923667262956017837364581, 0.64960265293423290426598957923667262956017837364581]",
below,A,10,-4.580281940017258,-4.455281939392258,0.1733578170904499,0.2983578177154499,objective_excluded,"[0.80482727685922525395997708242904024406166047614214, 0.80482727685922525395997708242904024406166047614214]",
below,A,9,-4.705281940642258,-4.580281940017258,0.1733578170904499,0.4233578183404499,gradient_excluded,"[0.52329412928196220325832094478362787745379511861742, 0.52329412928196220325832094478362787745379511861742]",g2
below,A,14,-4.736531940798508,-4.705281940642258,0.6421078194341999,0.6733578195904499,objective_excluded,"[0.58211912256693773850405234856482235937819683160059, 0.58211912256693773850405234856482235937819683160059]",
below,A,14,-4.736531940798508,-4.705281940642258,0.6108578192779499,0.6421078194341999,objective_excluded,"[0.58172668361736798627127434817786081454081360801212, 0.58172668361736798627127434817786081454081360801212]",
below,A,14,-4.767781940954758,-4.736531940798508,0.6421078194341999,0.6733578195904499,objective_excluded,"[0.58320849135861143928124149376731812420158139965712, 0.58320849135861143928124149376731812420158139965712]",
below,A,14,-4.767781940954758,-4.736531940798508,0.6108578192779499,0.6421078194341999,objective_excluded,"[0.58188284370225691113910957217992217811008524261498, 0.58188284370225691113910957217992217811008524261498]",
below,A,14,-4.736531940798508,-4.705281940642258,0.5796078191216999,0.6108578192779499,objective_excluded,"[0.58193828428125869829951869358478059750565379170098, 0.58193828428125869829951869358478059750565379170098]",
below,A,14,-4.736531940798508,-4.705281940642258,0.5483578189654499,0.5796078191216999,objective_excluded,"[0.58540063912415827410852550747666920585700526599568, 0.58540063912415827410852550747666920585700526599568]",
below,A,14,-4.767781940954758,-4.736531940798508,0.5796078191216999,0.6108578192779499,objective_excluded,"[0.58232313392881379474808177993022399438428821267929, 0.58232313392881379474808177993022399438428821267929]",
below,A,14,-4.767781940954758,-4.736531940798508,0.5483578189654499,0.5796078191216999,objective_excluded,"[0.58490438958428214445363213627183825066335105392035, 0.58490438958428214445363213627183825066335105392035]",
below,A,14,-4.799031941111008,-4.767781940954758,0.6421078194341999,0.6733578195904499,objective_excluded,"[0.58454372929253742841883177536862421828759314519131, 0.58454372929253742841883177536862421828759314519131]",
below,A,14,-4.799031941111008,-4.767781940954758,0.6108578192779499,0.6421078194341999,objective_excluded,"[0.58226681469408370204686884817988689878542605980586, 0.58226681469408370204686884817988689878542605980586]",
below,A,14,-4.830281941267258,-4.799031941111008,0.6421078194341999,0.6733578195904499,objective_excluded,"[0.58612810772196466116447120666027020870104244595994, 0.58612810772196466116447120666027020870104244595994]",
below,A,14,-4.830281941267258,-4.799031941111008,0.6108578192779499,0.6421078194341999,objective_excluded,"[0.58288184317486125680911571399869098890643009571298, 0.58288184317486125680911571399869098890643009571298]",
below,A,14,-4.799031941111008,-4.767781940954758,0.5796078191216999,0.6108578192779499,objective_excluded,"[0.58276225366133399776434780717930720664769135929916, 0.58276225366133399776434780717930720664769135929916]",
below,A,14,-4.799031941111008,-4.767781940954758,0.5483578189654499,0.5796078191216999,objective_excluded,"[0.58462150203347090247729586528872374597738574460605, 0.58462150203347090247729586528872374597738574460605]",
below,A,14,-4.830281941267258,-4.799031941111008,0.5796078191216999,0.6108578192779499,objective_excluded,"[0.58338669100270757268178998766127654408165200877974, 0.58338669100270757268178998766127654408165200877974]",
below,A,14,-4.830281941267258,-4.799031941111008,0.5483578189654499,0.5796078191216999,objective_excluded,"[0.58455517242922118365999675272531024453724086330252, 0.58455517242922118365999675272531024453724086330252]",
below,A,11,-4.767781940954758,-4.705281940642258,0.4233578183404499,0.5483578189654499,gradient_excluded,"[0.56452050570205090902145796743444455429719138873676, 0.56452050570205090902145796743444455429719138873676]",g2
below,A,11,-4.830281941267258,-4.767781940954758,0.4233578183404499,0.5483578189654499,gradient_excluded,"[0.56231701052023729491300679806521162356757212190609, 0.56231701052023729491300679806521162356757212190609]",g2
below,A,13,-4.861531941423508,-4.830281941267258,0.6108578192779499,0.6733578195904499,gradient_excluded,"[0.57875686719547394007016003340006645962929939400738, 0.57875686719547394007016003340006645962929939400738]",g2
below,A,13,-4.892781941579758,-4.861531941423508,0.6108578192779499,0.6733578195904499,gradient_excluded,"[0.57979628699451603078202929703293440199214135112746, 0.57979628699451603078202929703293440199214135112746]",g1
below,A,14,-4.861531941423508,-4.830281941267258,0.5796078191216999,0.6108578192779499,objective_excluded,"[0.58424540897201955173348476017993081893672533488934, 0.58424540897201955173348476017993081893672533488934]",
below,A,14,-4.861531941423508,-4.830281941267258,0.5483578189654499,0.5796078191216999,objective_excluded,"[0.58470858226456317251903475470039682154026494170547, 0.58470858226456317251903475470039682154026494170547]",
below,A,14,-4.892781941579758,-4.861531941423508,0.5796078191216999,0.6108578192779499,objective_excluded,"[0.58465080104175007898330656194086937353853806195902, 0.58465080104175007898330656194086937353853806195902]",
below,A,14,-4.892781941579758,-4.861531941423508,0.5483578189654499,0.5796078191216999,objective_excluded,"[0.58508489594200743492504488355175331116274361057369, 0.58508489594200743492504488355175331116274361057369]",
below,A,12,-4.955281941892258,-4.892781941579758,0.6108578192779499,0.6733578195904499,gradient_excluded,"[0.57866068536225919520600796366192262347086845043169, 0.57866068536225919520600796366192262347086845043169]",g2
below,A,13,-4.924031941736008,-4.892781941579758,0.5483578189654499,0.6108578192779499,objective_excluded,"[0.58224345220603972248228644095895879911876193682912, 0.58224345220603972248228644095895879911876193682912]",
below,A,13,-4.955281941892258,-4.924031941736008,0.5483578189654499,0.6108578192779499,objective_excluded,"[0.58372035695933078796153664296772919263786086673928, 0.58372035695933078796153664296772919263786086673928]",
below,A,11,-4.892781941579758,-4.830281941267258,0.4233578183404499,0.5483578189654499,gradient_excluded,"[0.56089066018665210167319607981555723279795656577973, 0.56089066018665210167319607981555723279795656577973]",g2
below,A,12,-4.955281941892258,-4.892781941579758,0.4858578186529499,0.5483578189654499,objective_excluded,"[0.58168933327255679544636178322859443675852057522884, 0.58168933327255679544636178322859443675852057522884]",
below,A,12,-4.955281941892258,-4.892781941579758,0.4233578183404499,0.4858578186529499,objective_excluded,"[0.60155281925184018000958470763322531884936639301774, 0.60155281925184018000958470763322531884936639301774]",
below,A,9,-4.830281941267258,-4.705281940642258,0.1733578170904499,0.4233578183404499,gradient_excluded,"[0.51244802463951738659157107265890239710917755104859, 0.51244802463951738659157107265890239710917755104859]",g2
below,A,9,-4.955281941892258,-4.830281941267258,0.1733578170904499,0.4233578183404499,gradient_excluded,"[0.50256216276287875874643615356779527574430011156325, 0.50256216276287875874643615356779527574430011156325]",g2
below,A,8,-4.705281940642258,-4.455281939392258,-0.0766421841595501,0.1733578170904499,objective_excluded,"[0.70924531435964883354301923943454793328231277211307, 0.70924531435964883354301923943454793328231277211307]",
below,A,8,-4.705281940642258,-4.455281939392258,-0.3266421854095501,-0.0766421841595501,objective_excluded,"[1.2508499629929382756646703007843283179485946651464, 1.2508499629929382756646703007843283179485946651464]",
below,A,8,-4.955281941892258,-4.705281940642258,-0.0766421841595501,0.1733578170904499,objective_excluded,"[0.71413145741681222676942643535080664403262014627901, 0.71413145741681222676942643535080664403262014627901]",
below,A,8,-4.955281941892258,-4.705281940642258,-0.3266421854095501,-0.0766421841595501,objective_excluded,"[1.2857245404680594543232216165396296626988775598805, 1.2857245404680594543232216165396296626988775598805]",
below,A,12,-5.017781942204758,-4.955281941892258,0.6108578192779499,0.6733578195904499,objective_excluded,"[0.58196442915072148961370170582831406865622318346836, 0.58196442915072148961370170582831406865622318346836]",
below,A,13,-4.986531942048508,-4.955281941892258,0.5483578189654499,0.6108578192779499,objective_excluded,"[0.58358791052235822363787020650379203149293280472632, 0.58358791052235822363787020650379203149293280472632]",
below,A,13,-5.017781942204758,-4.986531942048508,0.5483578189654499,0.6108578192779499,objective_excluded,"[0.58366964826642983946492438099103382402420992854345, 0.58366964826642983946492438099103382402420992854345]",
below,A,12,-5.080281942517258,-5.017781942204758,0.6108578192779499,0.6733578195904499,objective_excluded,"[0.58626306273476557190783030214718915771523461039599, 0.58626306273476557190783030214718915771523461039599]",
below,A,12,-5.080281942517258,-5.017781942204758,0.5483578189654499,0.6108578192779499,objective_excluded,"[0.58170734862888510357829484270297094584628545378951, 0.58170734862888510357829484270297094584628545378951]",
below,A,12,-5.017781942204758,-4.955281941892258,0.4858578186529499,0.5483578189654499,objective_excluded,"[0.58210402901663043991916838621722889415092567760095, 0.58210402901663043991916838621722889415092567760095]",
below,A,12,-5.017781942204758,-4.955281941892258,0.4233578183404499,0.4858578186529499,objective_excluded,"[0.59863844476260177996935597543394494869899472539566, 0.59863844476260177996935597543394494869899472539566]",
below,A,12,-5.080281942517258,-5.017781942204758,0.4858578186529499,0.5483578189654499,objective_excluded,"[0.58339390811550624478485110749695694514046107733943, 0.58339390811550624478485110749695694514046107733943]",
below,A,12,-5.080281942517258,-5.017781942204758,0.4233578183404499,0.4858578186529499,objective_excluded,"[0.59646508791762111712692571268741703291234989479601, 0.59646508791762111712692571268741703291234989479601]",
below,A,12,-5.142781942829758,-5.080281942517258,0.6108578192779499,0.6733578195904499,objective_excluded,"[0.59158132627471568907256371804265562520531196211009, 0.59158132627471568907256371804265562520531196211009]",
below,A,12,-5.142781942829758,-5.080281942517258,0.5483578189654499,0.6108578192779499,objective_excluded,"[0.58298075096166796161512928079053398703766678409362, 0.58298075096166796161512928079053398703766678409362]",
below,A,12,-5.205281943142258,-5.142781942829758,0.6108578192779499,0.6733578195904499,objective_excluded,"[0.59794326635123283253413685699839131307801204068942, 0.59794326635123283253413685699839131307801204068942]",
below,A,12,-5.205281943142258,-5.142781942829758,0.5483578189654499,0.6108578192779499,objective_excluded,"[0.58515723600656685457527870732158971407741434267577, 0.58515723600656685457527870732158971407741434267577]",
below,A,12,-5.142781942829758,-5.080281942517258,0.4858578186529499,0.5483578189654499,objective_excluded,"[0.58515074178738930746941300837138281825036973363154, 0.58515074178738930746941300837138281825036973363154]",
below,A,12,-5.142781942829758,-5.080281942517258,0.4233578183404499,0.4858578186529499,objective_excluded,"[0.59505561857786180917322707892286233291909702446347, 0.59505561857786180917322707892286233291909702446347]",
below,A,12,-5.205281943142258,-5.142781942829758,0.4858578186529499,0.5483578189654499,objective_excluded,"[0.58740375414370441794858695821420195710941007417356, 0.58740375414370441794858695821420195710941007417356]",
below,A,12,-5.205281943142258,-5.142781942829758,0.4233578183404499,0.4858578186529499,objective_excluded,"[0.59443613178682954291818129208052457343823835588905, 0.59443613178682954291818129208052457343823835588905]",
below,A,9,-5.080281942517258,-4.955281941892258,0.1733578170904499,0.4233578183404499,gradient_excluded,"[0.4940390883311209793467215388798713003915064609012, 0.4940390883311209793467215388798713003915064609012]",g2
below,A,9,-5.205281943142258,-5.080281942517258,0.1733578170904499,0.4233578183404499,gradient_excluded,"[0.48716673727456074039931863843672952068783312124424, 0.48716673727456074039931863843672952068783312124424]",g2
below,A,12,-5.267781943454758,-5.205281943142258,0.6108578192779499,0.6733578195904499,objective_excluded,"[0.60537212383804868781236038045995620780511771989246, 0.60537212383804868781236038045995620780511771989246]",
below,A,12,-5.267781943454758,-5.205281943142258,0.5483578189654499,0.6108578192779499,objective_excluded,"[0.58826077875602725445577566168199612846839691092277, 0.58826077875602725445577566168199612846839691092277]",
below,A,11,-5.330281943767258,-5.267781943454758,0.5483578189654499,0.6733578195904499,gradient_excluded,"[0.56805890902338204007199273861425043283663894939086, 0.56805890902338204007199273861425043283663894939086]",g2
below,A,12,-5.267781943454758,-5.205281943142258,0.4858578186529499,0.5483578189654499,objective_excluded,"[0.59058284507643881456221514990436246262078370992108, 0.59058284507643881456221514990436246262078370992108]",
below,A,12,-5.267781943454758,-5.205281943142258,0.4233578183404499,0.4858578186529499,objective_excluded,"[0.59463062586512601411884071580644888182367433984428, 0.59463062586512601411884071580644888182367433984428]",
below,A,12,-5.330281943767258,-5.267781943454758,0.4858578186529499,0.5483578189654499,objective_excluded,"[0.59418960427656872973506887287822009423197608157938, 0.59418960427656872973506887287822009423197608157938]",
below,A,12,-5.330281943767258,-5.267781943454758,0.4233578183404499,0.4858578186529499,objective_excluded,"[0.59566228944946532616618886011831953938533013200578, 0.59566228944946532616618886011831953938533013200578]",
below,A,10,-5.455281944392258,-5.330281943767258,0.5483578189654499,0.6733578195904499,gradient_excluded,"[0.56030985504931556800273744276891011320171300064691, 0.56030985504931556800273744276891011320171300064691]",g2
below,A,12,-5.392781944079758,-5.330281943767258,0.4858578186529499,0.5483578189654499,objective_excluded,"[0.59520642742523073791465929158363429792801183441814, 0.59520642742523073791465929158363429792801183441814]",
below,A,12,-5.392781944079758,-5.330281943767258,0.4233578183404499,0.4858578186529499,objective_excluded,"[0.59737780278387261295528437323054499065802718114014, 0.59737780278387261295528437323054499065802718114014]",
below,A,11,-5.455281944392258,-5.392781944079758,0.4233578183404499,0.5483578189654499,objective_excluded,"[0.58434767973309926257405917625405293156612004083049, 0.58434767973309926257405917625405293156612004083049]",
below,A,9,-5.330281943767258,-5.205281943142258,0.1733578170904499,0.4233578183404499,gradient_excluded,"[0.48217553569469890483641638958901370830977243394873, 0.48217553569469890483641638958901370830977243394873]",g2
below,A,10,-5.455281944392258,-5.330281943767258,0.2983578177154499,0.4233578183404499,gradient_excluded,"[0.58135696737303169169720387778536621495966148855803, 0.58135696737303169169720387778536621495966148855803]",g2
below,A,10,-5.455281944392258,-5.330281943767258,0.1733578170904499,0.2983578177154499,objective_excluded,"[0.68207897397216031771457599706645410838525660588357, 0.68207897397216031771457599706645410838525660588357]",
below,A,8,-5.205281943142258,-4.955281941892258,-0.0766421841595501,0.1733578170904499,objective_excluded,"[0.70729388640583140398030599986984414729787432235921, 0.70729388640583140398030599986984414729787432235921]",
below,A,8,-5.205281943142258,-4.955281941892258,-0.3266421854095501,-0.0766421841595501,objective_excluded,"[1.2983964309960255642201515682884918990822684089118, 1.2983964309960255642201515682884918990822684089118]",
below,A,8,-5.455281944392258,-5.205281943142258,-0.0766421841595501,0.1733578170904499,objective_excluded,"[0.69358124696981207830415088716356201232478954047828, 0.69358124696981207830415088716356201232478954047828]",
below,A,8,-5.455281944392258,-5.205281943142258,-0.3266421854095501,-0.0766421841595501,objective_excluded,"[1.2948719098246159959500695328743062829875841219216, 1.2948719098246159959500695328743062829875841219216]",
below,A,8,-4.705281940642258,-4.455281939392258,-0.5766421866595501,-0.3266421854095501,objective_excluded,"[1.9434886085358476225766116352520958429328139066911, 1.9434886085358476225766116352520958429328139066911]",
below,A,8,-4.705281940642258,-4.455281939392258,-0.8266421879095501,-0.5766421866595501,objective_excluded,"[2.7468354590387344779960584598124542697194039612676, 2.7468354590387344779960584598124542697194039612676]",
below,A,7,-4.955281941892258,-4.705281940642258,-0.8266421879095501,-0.3266421854095501,objective_excluded,"[0.90986539569214490579199041352625225777981849539009, 0.90986539569214490579199041352625225777981849539009]",
below,A,7,-4.705281940642258,-4.455281939392258,-1.3266421904095501,-0.8266421879095501,objective_excluded,"[1.0602996401542740969868670036924136921241429224655, 1.0602996401542740969868670036924136921241429224655]",
below,A,7,-4.955281941892258,-4.705281940642258,-1.3266421904095501,-0.8266421879095501,objective_excluded,"[2.1387624468401529522009032485135865423003512701586, 2.1387624468401529522009032485135865423003512701586]",
below,A,7,-5.205281943142258,-4.955281941892258,-0.8266421879095501,-0.3266421854095501,objective_excluded,"[1.1955987886462896110142061079720923660108358175506, 1.1955987886462896110142061079720923660108358175506]",
below,A,7,-5.455281944392258,-5.205281943142258,-0.8266421879095501,-0.3266421854095501,objective_excluded,"[1.3955088959370658042661105217738644020881785049035, 1.3955088959370658042661105217738644020881785049035]",
below,A,6,-5.455281944392258,-4.955281941892258,-1.3266421904095501,-0.8266421879095501,objective_excluded,"[0.75974305034335923477332687294315824274329447504748, 0.75974305034335923477332687294315824274329447504748]",
below,A,10,-5.580281945017258,-5.455281944392258,0.5483578189654499,0.6733578195904499,gradient_excluded,"[0.57285031844583254750457902940460261430366558940752, 0.57285031844583254750457902940460261430366558940752]",g2
below,A,11,-5.517781944704758,-5.455281944392258,0.4233578183404499,0.5483578189654499,objective_excluded,"[0.58987418125051191385940188282652694921361551528482, 0.58987418125051191385940188282652694921361551528482]",
below,A,11,-5.580281945017258,-5.517781944704758,0.4233578183404499,0.5483578189654499,objective_excluded,"[0.58937187416910125096384679673382309277023136338283, 0.58937187416910125096384679673382309277023136338283]",
below,A,10,-5.705281945642258,-5.580281945017258,0.5483578189654499,0.6733578195904499,objective_excluded,"[0.58923974907110713220898945290607104697913407641876, 0.58923974907110713220898945290607104697913407641876]",
below,A,11,-5.642781945329758,-5.580281945017258,0.4233578183404499,0.5483578189654499,objective_excluded,"[0.58965909304264450737846590731864539941840944769742, 0.58965909304264450737846590731864539941840944769742]",
below,A,11,-5.705281945642258,-5.642781945329758,0.4233578183404499,0.5483578189654499,objective_excluded,"[0.5907580905808684796849555800047465501861033808197, 0.5907580905808684796849555800047465501861033808197]",
below,A,10,-5.580281945017258,-5.455281944392258,0.2983578177154499,0.4233578183404499,objective_excluded,"[0.58165520446059536438480221729362720047588227372725, 0.58165520446059536438480221729362720047588227372725]",
below,A,10,-5.580281945017258,-5.455281944392258,0.1733578170904499,0.2983578177154499,objective_excluded,"[0.67055305319832190848317720901613846566350992780198, 0.67055305319832190848317720901613846566350992780198]",
below,A,10,-5.705281945642258,-5.580281945017258,0.2983578177154499,0.4233578183404499,objective_excluded,"[0.58509965038966113311604116747516997759066366604502, 0.58509965038966113311604116747516997759066366604502]",
below,A,10,-5.705281945642258,-5.580281945017258,0.1733578170904499,0.2983578177154499,objective_excluded,"[0.66116214887436139881488077227614574821194520050439, 0.66116214887436139881488077227614574821194520050439]",
below,A,10,-5.830281946267258,-5.705281945642258,0.5483578189654499,0.6733578195904499,objective_excluded,"[0.6095620638160651857945187344864614825845912753262, 0.6095620638160651857945187344864614825845912753262]",
below,A,10,-5.830281946267258,-5.705281945642258,0.4233578183404499,0.5483578189654499,objective_excluded,"[0.58169220067850934380207284816502418108948980353695, 0.58169220067850934380207284816502418108948980353695]",
below,A,10,-5.955281946892258,-5.830281946267258,0.5483578189654499,0.6733578195904499,objective_excluded,"[0.63425787582647970470487114001184573948730866962222, 0.63425787582647970470487114001184573948730866962222]",
below,A,10,-5.955281946892258,-5.830281946267258,0.4233578183404499,0.5483578189654499,objective_excluded,"[0.58777897737709835107799531870813283449685741423543, 0.58777897737709835107799531870813283449685741423543]",
below,A,10,-5.830281946267258,-5.705281945642258,0.2983578177154499,0.4233578183404499,objective_excluded,"[0.59185794166849179990954439574250180819575162409024, 0.59185794166849179990954439574250180819575162409024]",
below,A,10,-5.830281946267258,-5.705281945642258,0.1733578170904499,0.2983578177154499,objective_excluded,"[0.6540886785116962876166658593854194886606815860569, 0.6540886785116962876166658593854194886606815860569]",
below,A,10,-5.955281946892258,-5.830281946267258,0.2983578177154499,0.4233578183404499,objective_excluded,"[0.5988651943379973032200758508830766784649544879364, 0.5988651943379973032200758508830766784649544879364]",
below,A,10,-5.955281946892258,-5.830281946267258,0.1733578170904499,0.2983578177154499,objective_excluded,"[0.64953345605959855973547188874190376713069788962378, 0.64953345605959855973547188874190376713069788962378]",
below,A,8,-5.705281945642258,-5.455281944392258,-0.0766421841595501,0.1733578170904499,objective_excluded,"[0.67389870612388095253192906926928996189005662577729, 0.67389870612388095253192906926928996189005662577729]",
below,A,8,-5.705281945642258,-5.455281944392258,-0.3266421854095501,-0.0766421841595501,objective_excluded,"[1.2789747846348055942647197731366076360740209589529, 1.2789747846348055942647197731366076360740209589529]",
below,A,8,-5.955281946892258,-5.705281945642258,-0.0766421841595501,0.1733578170904499,objective_excluded,"[0.65101470776123668053509296326762146758557795527746, 0.65101470776123668053509296326762146758557795527746]",
below,A,8,-5.955281946892258,-5.705281945642258,-0.3266421854095501,-0.0766421841595501,objective_excluded,"[1.2540979901594306774391804137667818475845374369029, 1.2540979901594306774391804137667818475845374369029]",
below,A,10,-6.080281947517258,-5.955281946892258,0.5483578189654499,0.6733578195904499,objective_excluded,"[0.66352976476113995626540048320468566909128414973599, 0.66352976476113995626540048320468566909128414973599]",
below,A,10,-6.080281947517258,-5.955281946892258,0.4233578183404499,0.5483578189654499,objective_excluded,"[0.59739097042366183648178720795921078119597113260922, 0.59739097042366183648178720795921078119597113260922]",
below,A,10,-6.205281948142258,-6.080281947517258,0.5483578189654499,0.6733578195904499,objective_excluded,"[0.69744943292620097522529127614338014015265573594451, 0.69744943292620097522529127614338014015265573594451]",
below,A,10,-6.205281948142258,-6.080281947517258,0.4233578183404499,0.5483578189654499,objective_excluded,"[0.61077889027558103539276450589199618615045163216261, 0.61077889027558103539276450589199618615045163216261]",
below,A,10,-6.080281947517258,-5.955281946892258,0.2983578177154499,0.4233578183404499,objective_excluded,"[0.60909274312429884140481697585078819266208941322031, 0.60909274312429884140481697585078819266208941322031]",
below,A,10,-6.080281947517258,-5.955281946892258,0.1733578170904499,0.2983578177154499,objective_excluded,"[0.64752680937908916338958657725685899711523717978426, 0.64752680937908916338958657725685899711523717978426]",
below,A,10,-6.205281948142258,-6.080281947517258,0.2983578177154499,0.4233578183404499,objective_excluded,"[0.62284189610275473026021941945013255662672998801546, 0.62284189610275473026021941945013255662672998801546]",
below,A,10,-6.205281948142258,-6.080281947517258,0.1733578170904499,0.2983578177154499,objective_excluded,"[0.6482421783446124918840486474767294437041949459075, 0.6482421783446124918840486474767294437041949459075]",
below,A,9,-6.330281948767258,-6.205281948142258,0.4233578183404499,0.6733578195904499,gradient_excluded,"[0.49725840090783259591534316336269789245698181190416, 0.49725840090783259591534316336269789245698181190416]",g2
below,A,9,-6.455281949392258,-6.330281948767258,0.4233578183404499,0.6733578195904499,gradient_excluded,"[0.51566718738061335284181558805129953904996465953052, 0.51566718738061335284181558805129953904996465953052]",g2
below,A,10,-6.330281948767258,-6.205281948142258,0.2983578177154499,0.4233578183404499,objective_excluded,"[0.64041604217040636185667468320735283335064314945136, 0.64041604217040636185667468320735283335064314945136]",
below,A,10,-6.330281948767258,-6.205281948142258,0.1733578170904499,0.2983578177154499,objective_excluded,"[0.65178377455388752728499874976247920247329380010946, 0.65178377455388752728499874976247920247329380010946]",
below,A,10,-6.455281949392258,-6.330281948767258,0.2983578177154499,0.4233578183404499,objective_excluded,"[0.64712005176903473562003800339982580435753068697307, 0.64712005176903473562003800339982580435753068697307]",
below,A,10,-6.455281949392258,-6.330281948767258,0.1733578170904499,0.2983578177154499,objective_excluded,"[0.65778258085190181583576080967418928928325025894119, 0.65778258085190181583576080967418928928325025894119]",
below,A,7,-6.205281948142258,-5.955281946892258,-0.3266421854095501,0.1733578170904499,gradient_excluded,"[0.14357748687207342909566037837065378757966309357766, 0.14357748687207342909566037837065378757966309357766]",g2
below,A,7,-6.455281949392258,-6.205281948142258,-0.3266421854095501,0.1733578170904499,gradient_excluded,"[0.13429940968076769778657332371612185038050334953707, 0.13429940968076769778657332371612185038050334953707]",g2
below,A,6,-5.955281946892258,-5.455281944392258,-0.8266421879095501,-0.3266421854095501,objective_excluded,"[0.72240810359554274250006501402509880359281503692676, 0.72240810359554274250006501402509880359281503692676]",
below,A,6,-5.955281946892258,-5.455281944392258,-1.3266421904095501,-0.8266421879095501,objective_excluded,"[2.5598142864292121814749672894621852477832507520935, 2.5598142864292121814749672894621852477832507520935]",
below,A,6,-6.455281949392258,-5.955281946892258,-0.8266421879095501,-0.3266421854095501,objective_excluded,"[1.1300221176661417070996777898466508637447229353117, 1.1300221176661417070996777898466508637447229353117]",
below,A,6,-6.455281949392258,-5.955281946892258,-1.3266421904095501,-0.8266421879095501,objective_excluded,"[3.5281788046033583402265469672611536883127152544998, 3.5281788046033583402265469672611536883127152544998]",
below,B,4,0.95085250034798777,1.95085250534798777,13.68667728990621,14.68667729490621,objective_excluded,"[0.75636969855528934513354482040246689273763415741178, 0.75636969855528934513354482040246689273763415741178]",
below,B,4,0.95085250034798777,1.95085250534798777,12.68667728490621,13.68667728990621,gradient_excluded,"[0.26107599505546531306204455499202081504203739477933, 0.26107599505546531306204455499202081504203739477933]",g1
below,B,5,0.45085249784798777,0.95085250034798777,13.68667728990621,14.68667729490621,gradient_excluded,"[0.27996550765354827856636632873121419334893429857528, 0.27996550765354827856636632873121419334893429857528]",g1
below,B,7,0.20085249659798777,0.45085249784798777,14.18667729240621,14.68667729490621,objective_excluded,"[0.95255620496484865528188497283389794488611950773643, 0.95255620496484865528188497283389794488611950773643]",
below,B,7,-0.04914750465201223,0.20085249659798777,14.18667729240621,14.68667729490621,objective_excluded,"[0.81662369480161776094585815648929360860171543125175, 0.81662369480161776094585815648929360860171543125175]",
below,B,7,0.20085249659798777,0.45085249784798777,13.68667728990621,14.18667729240621,objective_excluded,"[0.88506409346201860162438344857385138873430447880652, 0.88506409346201860162438344857385138873430447880652]",
below,B,7,-0.04914750465201223,0.20085249659798777,13.68667728990621,14.18667729240621,objective_excluded,"[0.68397117360990841978987353689223185239446893590455, 0.68397117360990841978987353689223185239446893590455]",
below,B,5,0.45085249784798777,0.95085250034798777,12.68667728490621,13.68667728990621,gradient_excluded,"[0.26489334947301002849846523766624306598901399648016, 0.26489334947301002849846523766624306598901399648016]",g1
below,B,7,0.20085249659798777,0.45085249784798777,13.18667728740621,13.68667728990621,objective_excluded,"[0.85878831987523416116268973637127775249906205961867, 0.85878831987523416116268973637127775249906205961867]",
below,B,7,-0.04914750465201223,0.20085249659798777,13.18667728740621,13.68667728990621,objective_excluded,"[0.60695336610133702494752160333818122409131405526471, 0.60695336610133702494752160333818122409131405526471]",
below,B,7,0.20085249659798777,0.45085249784798777,12.68667728490621,13.18667728740621,objective_excluded,"[0.85311587202811419878254031908294773291402523901129, 0.85311587202811419878254031908294773291402523901129]",
below,B,7,-0.04914750465201223,0.20085249659798777,12.68667728490621,13.18667728740621,objective_excluded,"[0.58304146087141119463917533329014510556625505950945, 0.58304146087141119463917533329014510556625505950945]",
below,B,4,0.95085250034798777,1.95085250534798777,11.68667727990621,12.68667728490621,gradient_excluded,"[-0.3365945492125168932391090408246899453888006763395, -0.3365945492125168932391090408246899453888006763395]",g1
below,B,5,1.45085250284798777,1.95085250534798777,10.68667727490621,11.68667727990621,objective_excluded,"[8.0342137213846132582224298016680279134038192013118, 8.0342137213846132582224298016680279134038192013118]",
below,B,5,0.95085250034798777,1.45085250284798777,10.68667727490621,11.68667727990621,objective_excluded,"[2.9567374702731694856308628376938042517442264070617, 2.9567374702731694856308628376938042517442264070617]",
below,B,5,0.45085249784798777,0.95085250034798777,11.68667727990621,12.68667728490621,gradient_excluded,"[0.047031444531747326314682758227206980084061295252595, 0.047031444531747326314682758227206980084061295252595]",g1
below,B,7,0.20085249659798777,0.45085249784798777,12.18667728240621,12.68667728490621,objective_excluded,"[0.85935732346399111109333196088181587440209204574795, 0.85935732346399111109333196088181587440209204574795]",
below,B,8,-0.04914750465201223,0.20085249659798777,12.43667728365621,12.68667728490621,objective_excluded,"[0.67910447383022247946625508184138994596541971784502, 0.67910447383022247946625508184138994596541971784502]",
below,B,8,-0.04914750465201223,0.20085249659798777,12.18667728240621,12.43667728365621,objective_excluded,"[0.69084688274636337057143418581306350333623893275978, 0.69084688274636337057143418581306350333623893275978]",
below,B,7,0.20085249659798777,0.45085249784798777,11.68667727990621,12.18667728240621,objective_excluded,"[0.88423519062600063128314955420546330969738804297788, 0.88423519062600063128314955420546330969738804297788]",
below,B,7,-0.04914750465201223,0.20085249659798777,11.68667727990621,12.18667728240621,objective_excluded,"[0.6030912814265328799070009120651370633199627696047, 0.6030912814265328799070009120651370633199627696047]",
below,B,5,0.45085249784798777,0.95085250034798777,10.68667727490621,11.68667727990621,gradient_excluded,"[-0.066148451868308510692627356014428869329689054357691, -0.066148451868308510692627356014428869329689054357691]",g1
below,B,7,0.20085249659798777,0.45085249784798777,11.18667727740621,11.68667727990621,objective_excluded,"[0.93250009823323874654768942711470501160264726985111, 0.93250009823323874654768942711470501160264726985111]",
below,B,7,-0.04914750465201223,0.20085249659798777,11.18667727740621,11.68667727990621,objective_excluded,"[0.67421369854567169726511690741563165891076216358813, 0.67421369854567169726511690741563165891076216358813]",
below,B,7,0.20085249659798777,0.45085249784798777,10.68667727490621,11.18667727740621,objective_excluded,"[1.000418622158697346398926552234231600043501472749, 1.000418622158697346398926552234231600043501472749]",
below,B,7,-0.04914750465201223,0.20085249659798777,10.68667727490621,11.18667727740621,objective_excluded,"[0.78278958421010991247753577431651754223434059115564, 0.78278958421010991247753577431651754223434059115564]",
below,B,7,-0.29914750590201223,-0.04914750465201223,14.18667729240621,14.68667729490621,objective_excluded,"[0.7847921684473759255620792061044452960967147930203, 0.7847921684473759255620792061044452960967147930203]",
below,B,7,-0.54914750715201223,-0.29914750590201223,14.18667729240621,14.68667729490621,objective_excluded,"[1.2553597475530513483193837521655311198412306480003, 1.2553597475530513483193837521655311198412306480003]",
below,B,7,-0.29914750590201223,-0.04914750465201223,13.68667728990621,14.18667729240621,objective_excluded,"[0.64412494397986488152127258309168887339440122304105, 0.64412494397986488152127258309168887339440122304105]",
below,B,7,-0.54914750715201223,-0.29914750590201223,13.68667728990621,14.18667729240621,objective_excluded,"[1.0325641611438685317044204884065015495924765066689, 1.0325641611438685317044204884065015495924765066689]",
below,B,5,-1.04914750965201223,-0.54914750715201223,13.68667728990621,14.68667729490621,gradient_excluded,"[0.46021585233611541753115298551999745286548001788516, 0.46021585233611541753115298551999745286548001788516]",g1
below,B,8,-0.29914750590201223,-0.04914750465201223,13.43667728865621,13.68667728990621,objective_excluded,"[0.71649975926619055257027803084649937579020939568479, 0.71649975926619055257027803084649937579020939568479]",
below,B,8,-0.29914750590201223,-0.04914750465201223,13.18667728740621,13.43667728865621,objective_excluded,"[0.68544160948492310299563772627775226631409647498755, 0.68544160948492310299563772627775226631409647498755]",
below,B,7,-0.54914750715201223,-0.29914750590201223,13.18667728740621,13.68667728990621,objective_excluded,"[0.8746838899608463573836943804874940547668265931097, 0.8746838899608463573836943804874940547668265931097]",
below,B,8,-0.29914750590201223,-0.04914750465201223,12.93667728615621,13.18667728740621,objective_excluded,"[0.6690259882871612128131196804751866950955998617201, 0.6690259882871612128131196804751866950955998617201]",
below,B,8,-0.29914750590201223,-0.04914750465201223,12.68667728490621,12.93667728615621,objective_excluded,"[0.66688195597325487006615430369124764567020740473101, 0.66688195597325487006615430369124764567020740473101]",
below,B,7,-0.54914750715201223,-0.29914750590201223,12.68667728490621,13.18667728740621,objective_excluded,"[0.80215308222753377770800130165222247202747816588003, 0.80215308222753377770800130165222247202747816588003]",
below,B,5,-1.04914750965201223,-0.54914750715201223,12.68667728490621,13.68667728990621,gradient_excluded,"[-0.086321535650386883820213179892541122535858721396557, -0.086321535650386883820213179892541122535858721396557]",g1
below,B,4,-2.04914751465201223,-1.04914750965201223,13.68667728990621,14.68667729490621,objective_excluded,"[1.4491637686354972611831296082423929842922764523716, 1.4491637686354972611831296082423929842922764523716]",
below,B,4,-2.04914751465201223,-1.04914750965201223,12.68667728490621,13.68667728990621,gradient_excluded,"[-0.22576182864854490818083644996006644728474824008205, -0.22576182864854490818083644996006644728474824008205]",g1
below,B,8,-0.29914750590201223,-0.04914750465201223,12.43667728365621,12.68667728490621,objective_excluded,"[0.6792401922449122746628066282519343560247123507797, 0.6792401922449122746628066282519343560247123507797]",
below,B,8,-0.29914750590201223,-0.04914750465201223,12.18667728240621,12.43667728365621,objective_excluded,"[0.68913749208294218828111615903578590349860405656242, 0.68913749208294218828111615903578590349860405656242]",
below,B,7,-0.54914750715201223,-0.29914750590201223,12.18667728240621,12.68667728490621,objective_excluded,"[0.818559974608085715067602755638542222599719109326, 0.818559974608085715067602755638542222599719109326]",
below,B,7,-0.29914750590201223,-0.04914750465201223,11.68667727990621,12.18667728240621,objective_excluded,"[0.60146942746995117990860720610460044851492795497612, 0.60146942746995117990860720610460044851492795497612]",
below,B,7,-0.54914750715201223,-0.29914750590201223,11.68667727990621,12.18667728240621,objective_excluded,"[0.84478006593825891391373029121460293818671097533583, 0.84478006593825891391373029121460293818671097533583]",
below,B,5,-1.04914750965201223,-0.54914750715201223,11.68667727990621,12.68667728490621,gradient_excluded,"[-0.038049082743882626279417695249566180049304864280263, -0.038049082743882626279417695249566180049304864280263]",g1
below,B,7,-0.29914750590201223,-0.04914750465201223,11.18667727740621,11.68667727990621,objective_excluded,"[0.65998859662299775362025953410335726845093999833913, 0.65998859662299775362025953410335726845093999833913]",
below,B,7,-0.54914750715201223,-0.29914750590201223,11.18667727740621,11.68667727990621,objective_excluded,"[0.91590267234595926971322214671313758153747890909151, 0.91590267234595926971322214671313758153747890909151]",
below,B,7,-0.29914750590201223,-0.04914750465201223,10.68667727490621,11.18667727740621,objective_excluded,"[0.76218971071594238366567006621757204363786581175475, 0.76218971071594238366567006621757204363786581175475]",
below,B,7,-0.54914750715201223,-0.29914750590201223,10.68667727490621,11.18667727740621,objective_excluded,"[1.0535141153847375027609610745641007259255740316332, 1.0535141153847375027609610745641007259255740316332]",
below,B,5,-1.04914750965201223,-0.54914750715201223,10.68667727490621,11.68667727990621,gradient_excluded,"[0.025053645636384128448989781749477060491997277677738, 0.025053645636384128448989781749477060491997277677738]",g1
below,B,4,-2.04914751465201223,-1.04914750965201223,11.68667727990621,12.68667728490621,gradient_excluded,"[-0.57951526368095336131407082491968899093265284926817, -0.57951526368095336131407082491968899093265284926817]",g1
below,B,4,-2.04914751465201223,-1.04914750965201223,10.68667727490621,11.68667727990621,gradient_excluded,"[0.12985540175840980015132351113275585608241634777168, 0.12985540175840980015132351113275585608241634777168]",g1
crossing,A,7,-3.022447322283973,-2.772447321033973,2.1051703297238984,2.6051703322238984,objective_excluded,"[1.0469123976420244448273362244454585621521926027243, 1.0469123976420244448273362244454585621521926027243]",
crossing,A,7,-3.272447323533973,-3.022447322283973,2.1051703297238984,2.6051703322238984,objective_excluded,"[1.4940646905540112174142066247641722425540682023244, 1.4940646905540112174142066247641722425540682023244]",
crossing,A,8,-3.022447322283973,-2.772447321033973,1.8551703284738984,2.1051703297238984,objective_excluded,"[1.1869001698120285378458608665444480282006387991269, 1.1869001698120285378458608665444480282006387991269]",
crossing,A,9,-2.897447321658973,-2.772447321033973,1.6051703272238984,1.8551703284738984,objective_excluded,"[1.0004676825062205282311462730674057865799186815832, 1.0004676825062205282311462730674057865799186815832]",
crossing,A,9,-3.022447322283973,-2.897447321658973,1.6051703272238984,1.8551703284738984,objective_excluded,"[1.0686042864495322605662507275642340228659145282249, 1.0686042864495322605662507275642340228659145282249]",
crossing,A,8,-3.272447323533973,-3.022447322283973,1.8551703284738984,2.1051703297238984,objective_excluded,"[1.4586806023317141183332063130846257079798602922946, 1.4586806023317141183332063130846257079798602922946]",
crossing,A,8,-3.272447323533973,-3.022447322283973,1.6051703272238984,1.8551703284738984,objective_excluded,"[0.96896744037209442428722586445453569102443898716732, 0.96896744037209442428722586445453569102443898716732]",
crossing,A,6,-3.772447326033973,-3.272447323533973,2.1051703297238984,2.6051703322238984,objective_excluded,"[1.1625345163264359820477760740485429400449331979009, 1.1625345163264359820477760740485429400449331979009]",
crossing,A,8,-3.522447324783973,-3.272447323533973,1.8551703284738984,2.1051703297238984,objective_excluded,"[1.7855820680240863951200090767321020298609314513658, 1.7855820680240863951200090767321020298609314513658]",
crossing,A,8,-3.522447324783973,-3.272447323533973,1.6051703272238984,1.8551703284738984,objective_excluded,"[1.1733967412046225065474105406467456585013028270267, 1.1733967412046225065474105406467456585013028270267]",
crossing,A,8,-3.772447326033973,-3.522447324783973,1.8551703284738984,2.1051703297238984,objective_excluded,"[2.1735633992379177143061946689491776995217167163289, 2.1735633992379177143061946689491776995217167163289]",
crossing,A,8,-3.772447326033973,-3.522447324783973,1.6051703272238984,1.8551703284738984,objective_excluded,"[1.4188106134490269449636409255167323224809913389677, 1.4188106134490269449636409255167323224809913389677]",
crossing,A,10,-2.897447321658973,-2.772447321033973,1.4801703265988984,1.6051703272238984,objective_excluded,"[1.0117874499290877470061193146837967471134985925283, 1.0117874499290877470061193146837967471134985925283]",
crossing,A,10,-2.897447321658973,-2.772447321033973,1.3551703259738984,1.4801703265988984,objective_excluded,"[0.92182449387285066969872841088680738014619372257947, 0.92182449387285066969872841088680738014619372257947]",
crossing,A,10,-3.022447322283973,-2.897447321658973,1.4801703265988984,1.6051703272238984,objective_excluded,"[1.0528106815506456373246274334951755314498387419754, 1.0528106815506456373246274334951755314498387419754]",
crossing,A,10,-3.022447322283973,-2.897447321658973,1.3551703259738984,1.4801703265988984,objective_excluded,"[0.94480705770273686120241877431364027377333672942104, 0.94480705770273686120241877431364027377333672942104]",
crossing,A,10,-2.897447321658973,-2.772447321033973,1.2301703253488984,1.3551703259738984,objective_excluded,"[0.86430372332321580238116028704376967893481318928407, 0.86430372332321580238116028704376967893481318928407]",
crossing,A,10,-2.897447321658973,-2.772447321033973,1.1051703247238984,1.2301703253488984,objective_excluded,"[0.8343184349288034712911854510869659216838483769266, 0.8343184349288034712911854510869659216838483769266]",
crossing,A,10,-3.022447322283973,-2.897447321658973,1.2301703253488984,1.3551703259738984,objective_excluded,"[0.87272065487564625157824829187526570457556159673939, 0.87272065487564625157824829187526570457556159673939]",
crossing,A,10,-3.022447322283973,-2.897447321658973,1.1051703247238984,1.2301703253488984,objective_excluded,"[0.83459406040868762411105183080145289316687149204522, 0.83459406040868762411105183080145289316687149204522]",
crossing,A,9,-3.147447322908973,-3.022447322283973,1.3551703259738984,1.6051703272238984,objective_excluded,"[0.83796712912766145016017297127291108550921251191191, 0.83796712912766145016017297127291108550921251191191]",
crossing,A,9,-3.272447323533973,-3.147447322908973,1.3551703259738984,1.6051703272238984,objective_excluded,"[0.88054000920202830005957752605179277948603123512054, 0.88054000920202830005957752605179277948603123512054]",
crossing,A,10,-3.147447322908973,-3.022447322283973,1.2301703253488984,1.3551703259738984,objective_excluded,"[0.88612171464219172283347053987067798571227743373883, 0.88612171464219172283347053987067798571227743373883]",
crossing,A,10,-3.147447322908973,-3.022447322283973,1.1051703247238984,1.2301703253488984,objective_excluded,"[0.83520736707068644525980346278738748759369826815435, 0.83520736707068644525980346278738748759369826815435]",
crossing,A,10,-3.272447323533973,-3.147447322908973,1.2301703253488984,1.3551703259738984,objective_excluded,"[0.90504133500895885826747472715010307213033680290982, 0.90504133500895885826747472715010307213033680290982]",
crossing,A,10,-3.272447323533973,-3.147447322908973,1.1051703247238984,1.2301703253488984,objective_excluded,"[0.83974110446965193461497052091903965190193544949423, 0.83974110446965193461497052091903965190193544949423]",
crossing,A,10,-2.897447321658973,-2.772447321033973,0.9801703240988984,1.1051703247238984,objective_excluded,"[0.82102015544770056052057497653648903385062554736882, 0.82102015544770056052057497653648903385062554736882]",
crossing,A,11,-2.834947321346473,-2.772447321033973,0.8551703234738984,0.9801703240988984,objective_excluded,"[0.87105519811981030361936024058009104753798433158443, 0.87105519811981030361936024058009104753798433158443]",
crossing,A,11,-2.897447321658973,-2.834947321346473,0.8551703234738984,0.9801703240988984,objective_excluded,"[0.86415742802824995208252467893517063060332984210968, 0.86415742802824995208252467893517063060332984210968]",
crossing,A,10,-3.022447322283973,-2.897447321658973,0.9801703240988984,1.1051703247238984,objective_excluded,"[0.81846052023509191025348177375874488045194845935001, 0.81846052023509191025348177375874488045194845935001]",
crossing,A,11,-2.959947321971473,-2.897447321658973,0.8551703234738984,0.9801703240988984,objective_excluded,"[0.85793655217705482975319368775562132070937065425578, 0.85793655217705482975319368775562132070937065425578]",
crossing,A,11,-3.022447322283973,-2.959947321971473,0.8551703234738984,0.9801703240988984,objective_excluded,"[0.85241982269235284947868009975632940116939205174469, 0.85241982269235284947868009975632940116939205174469]",
crossing,A,10,-2.897447321658973,-2.772447321033973,0.7301703228488984,0.8551703234738984,objective_excluded,"[0.82983224856149471255882920292827877448358796219683, 0.82983224856149471255882920292827877448358796219683]",
crossing,A,10,-2.897447321658973,-2.772447321033973,0.6051703222238984,0.7301703228488984,objective_excluded,"[0.87544153278068352411660628311127800045175263195562, 0.87544153278068352411660628311127800045175263195562]",
crossing,A,10,-3.022447322283973,-2.897447321658973,0.7301703228488984,0.8551703234738984,objective_excluded,"[0.81972346849570487039658993011780564390568227081749, 0.81972346849570487039658993011780564390568227081749]",
crossing,A,10,-3.022447322283973,-2.897447321658973,0.6051703222238984,0.7301703228488984,objective_excluded,"[0.8631375646548197206875086670319694127401692482522, 0.8631375646548197206875086670319694127401692482522]",
crossing,A,10,-3.147447322908973,-3.022447322283973,0.9801703240988984,1.1051703247238984,objective_excluded,"[0.81391104792461970934228136650899821497088877148016, 0.81391104792461970934228136650899821497088877148016]",
crossing,A,11,-3.084947322596473,-3.022447322283973,0.8551703234738984,0.9801703240988984,objective_excluded,"[0.84766192729219278564039772139864422705744913163538, 0.84766192729219278564039772139864422705744913163538]",
crossing,A,11,-3.147447322908973,-3.084947322596473,0.8551703234738984,0.9801703240988984,objective_excluded,"[0.8437148245138856665496943640165999534127240137467, 0.8437148245138856665496943640165999534127240137467]",
crossing,A,10,-3.272447323533973,-3.147447322908973,0.9801703240988984,1.1051703247238984,objective_excluded,"[0.81210016867013919305148558974029402580908909845644, 0.81210016867013919305148558974029402580908909845644]",
crossing,A,11,-3.209947323221473,-3.147447322908973,0.8551703234738984,0.9801703240988984,objective_excluded,"[0.84060683440944645568793177603625751833606215001835, 0.84060683440944645568793177603625751833606215001835]",
crossing,A,11,-3.272447323533973,-3.209947323221473,0.8551703234738984,0.9801703240988984,objective_excluded,"[0.83834724203010318269712991258884636427434836303681, 0.83834724203010318269712991258884636427434836303681]",
crossing,A,11,-3.084947322596473,-3.022447322283973,0.7301703228488984,0.8551703234738984,objective_excluded,"[0.86390144743117522647565134393794620330648185015897, 0.86390144743117522647565134393794620330648185015897]",
crossing,A,11,-3.147447322908973,-3.084947322596473,0.7301703228488984,0.8551703234738984,objective_excluded,"[0.85574994865166772226204227842943368943787572871075, 0.85574994865166772226204227842943368943787572871075]",
crossing,A,10,-3.147447322908973,-3.022447322283973,0.6051703222238984,0.7301703228488984,objective_excluded,"[0.84983338492393093733262628420805320106605527752764, 0.84983338492393093733262628420805320106605527752764]",
crossing,A,11,-3.209947323221473,-3.147447322908973,0.7301703228488984,0.8551703234738984,objective_excluded,"[0.84815404329584506944835123243644738550172883609644, 0.84815404329584506944835123243644738550172883609644]",
crossing,A,11,-3.272447323533973,-3.209947323221473,0.7301703228488984,0.8551703234738984,objective_excluded,"[0.84112401811658812608004056440399403957955795464712, 0.84112401811658812608004056440399403957955795464712]",
crossing,A,10,-3.272447323533973,-3.147447322908973,0.6051703222238984,0.7301703228488984,objective_excluded,"[0.83632844487192280293920065841423536992375112025262, 0.83632844487192280293920065841423536992375112025262]",
crossing,A,9,-3.397447324158973,-3.272447323533973,1.3551703259738984,1.6051703272238984,objective_excluded,"[0.92942412033438923234805036672919378841061440790104, 0.92942412033438923234805036672919378841061440790104]",
crossing,A,9,-3.522447324783973,-3.397447324158973,1.3551703259738984,1.6051703272238984,objective_excluded,"[0.98539321809224194633563995091322158371187589835086, 0.98539321809224194633563995091322158371187589835086]",
crossing,A,10,-3.397447324158973,-3.272447323533973,1.2301703253488984,1.3551703259738984,objective_excluded,"[0.92996312152595647544728370539430209692559189182751, 0.92996312152595647544728370539430209692559189182751]",
crossing,A,10,-3.397447324158973,-3.272447323533973,1.1051703247238984,1.2301703253488984,objective_excluded,"[0.84867884001720300443349360379392255991339364976085, 0.84867884001720300443349360379392255991339364976085]",
crossing,A,10,-3.522447324783973,-3.397447324158973,1.2301703253488984,1.3551703259738984,objective_excluded,"[0.96128638440102966440437908049758845649519441632939, 0.96128638440102966440437908049758845649519441632939]",
crossing,A,10,-3.522447324783973,-3.397447324158973,1.1051703247238984,1.2301703253488984,objective_excluded,"[0.86250122987015365886496983561548165263940689748498, 0.86250122987015365886496983561548165263940689748498]",
crossing,A,8,-3.772447326033973,-3.522447324783973,1.3551703259738984,1.6051703272238984,objective_excluded,"[0.89906737986245176511935161481521958047723872610022, 0.89906737986245176511935161481521958047723872610022]",
crossing,A,10,-3.647447325408973,-3.522447324783973,1.2301703253488984,1.3551703259738984,objective_excluded,"[0.99940380858814635849426206521440046137842203258847, 0.99940380858814635849426206521440046137842203258847]",
crossing,A,10,-3.647447325408973,-3.522447324783973,1.1051703247238984,1.2301703253488984,objective_excluded,"[0.88154199980759744795830590236195840975125700664901, 0.88154199980759744795830590236195840975125700664901]",
crossing,A,10,-3.772447326033973,-3.647447325408973,1.2301703253488984,1.3551703259738984,objective_excluded,"[1.0447883951446725962882807719141706886064370170602, 1.0447883951446725962882807719141706886064370170602]",
crossing,A,10,-3.772447326033973,-3.647447325408973,1.1051703247238984,1.2301703253488984,objective_excluded,"[0.90616659276983371971776914563911391673184717656247, 0.90616659276983371971776914563911391673184717656247]",
crossing,A,11,-3.334947323846473,-3.272447323533973,0.9801703240988984,1.1051703247238984,objective_excluded,"[0.8404499584865888424100919396901519451686507225832, 0.8404499584865888424100919396901519451686507225832]",
crossing,A,11,-3.397447324158973,-3.334947323846473,0.9801703240988984,1.1051703247238984,objective_excluded,"[0.83877583956227058234366430424659234084112806864919, 0.83877583956227058234366430424659234084112806864919]",
crossing,A,11,-3.334947323846473,-3.272447323533973,0.8551703234738984,0.9801703240988984,objective_excluded,"[0.83700395145733127084770063951224735611063314317834, 0.83700395145733127084770063951224735611063314317834]",
crossing,A,11,-3.397447324158973,-3.334947323846473,0.8551703234738984,0.9801703240988984,objective_excluded,"[0.8329941972794012032203113163387021033790065564452, 0.8329941972794012032203113163387021033790065564452]",
crossing,A,11,-3.459947324471473,-3.397447324158973,0.9801703240988984,1.1051703247238984,objective_excluded,"[0.83810060536759820545301222664530166492699950277089, 0.83810060536759820545301222664530166492699950277089]",
crossing,A,11,-3.522447324783973,-3.459947324471473,0.9801703240988984,1.1051703247238984,objective_excluded,"[0.83846263029993102105507081551580512107565086121229, 0.83846263029993102105507081551580512107565086121229]",
crossing,A,11,-3.459947324471473,-3.397447324158973,0.8551703234738984,0.9801703240988984,objective_excluded,"[0.82779792158859484167141452266834096378092468291352, 0.82779792158859484167141452266834096378092468291352]",
crossing,A,11,-3.522447324783973,-3.459947324471473,0.8551703234738984,0.9801703240988984,objective_excluded,"[0.82336554641143842849735619877993206209694633924829, 0.82336554641143842849735619877993206209694633924829]",
crossing,A,11,-3.334947323846473,-3.272447323533973,0.7301703228488984,0.8551703234738984,objective_excluded,"[0.83471305694067026278657896763493396402656861380593, 0.83471305694067026278657896763493396402656861380593]",
crossing,A,11,-3.397447324158973,-3.334947323846473,0.7301703228488984,0.8551703234738984,objective_excluded,"[0.82893026632814159333653584349864347117975434898471, 0.82893026632814159333653584349864347117975434898471]",
crossing,A,10,-3.397447324158973,-3.272447323533973,0.6051703222238984,0.7301703228488984,objective_excluded,"[0.82299966626206395837978774578804710846120250277707, 0.82299966626206395837978774578804710846120250277707]",
crossing,A,11,-3.459947324471473,-3.397447324158973,0.7301703228488984,0.8551703234738984,objective_excluded,"[0.82383702004405474548266195465649090645962490474732, 0.82383702004405474548266195465649090645962490474732]",
crossing,A,11,-3.522447324783973,-3.459947324471473,0.7301703228488984,0.8551703234738984,objective_excluded,"[0.81947580288807105388449299178421848150941914957547, 0.81947580288807105388449299178421848150941914957547]",
crossing,A,11,-3.459947324471473,-3.397447324158973,0.6051703222238984,0.7301703228488984,objective_excluded,"[0.85390423005909256536857498469867073980877627987975, 0.85390423005909256536857498469867073980877627987975]",
crossing,A,11,-3.522447324783973,-3.459947324471473,0.6051703222238984,0.7301703228488984,objective_excluded,"[0.84528778076385716704797599142681921415354960713152, 0.84528778076385716704797599142681921415354960713152]",
crossing,A,10,-3.647447325408973,-3.522447324783973,0.9801703240988984,1.1051703247238984,objective_excluded,"[0.81385461879428357736410477243142732433330298858851, 0.81385461879428357736410477243142732433330298858851]",
crossing,A,11,-3.584947325096473,-3.522447324783973,0.8551703234738984,0.9801703240988984,objective_excluded,"[0.81973078020221335513069855516429540532917301075485, 0.81973078020221335513069855516429540532917301075485]",
crossing,A,11,-3.647447325408973,-3.584947325096473,0.8551703234738984,0.9801703240988984,objective_excluded,"[0.81692883954870414497482217221512270429006759918727, 0.81692883954870414497482217221512270429006759918727]",
crossing,A,10,-3.772447326033973,-3.647447325408973,0.9801703240988984,1.1051703247238984,objective_excluded,"[0.82184339410650478913329880600815955734055852615387, 0.82184339410650478913329880600815955734055852615387]",
crossing,A,11,-3.709947325721473,-3.647447325408973,0.8551703234738984,0.9801703240988984,objective_excluded,"[0.81403128918481468236664663096108295430046160900271, 0.81403128918481468236664663096108295430046160900271]",
crossing,A,11,-3.772447326033973,-3.709947325721473,0.8551703234738984,0.9801703240988984,objective_excluded,"[0.81187708635280822683466291244010085164368206695845, 0.81187708635280822683466291244010085164368206695845]",
crossing,A,11,-3.584947325096473,-3.522447324783973,0.7301703228488984,0.8551703234738984,objective_excluded,"[0.81586738215445784317677635931907423435015409633428, 0.81586738215445784317677635931907423435015409633428]",
crossing,A,11,-3.647447325408973,-3.584947325096473,0.7301703228488984,0.8551703234738984,objective_excluded,"[0.81307986603372040431642523362519449677529012820138, 0.81307986603372040431642523362519449677529012820138]",
crossing,A,11,-3.584947325096473,-3.522447324783973,0.6051703222238984,0.7301703228488984,objective_excluded,"[0.83715445823350403949730635621237654221794139413548, 0.83715445823350403949730635621237654221794139413548]",
crossing,A,11,-3.647447325408973,-3.584947325096473,0.6051703222238984,0.7301703228488984,objective_excluded,"[0.82954349919094797004247767239229074998835106811994, 0.82954349919094797004247767239229074998835106811994]",
crossing,A,12,-3.709947325721473,-3.647447325408973,0.7926703231613984,0.8551703234738984,objective_excluded,"[0.83422829505057202919699690817286164554301858209454, 0.83422829505057202919699690817286164554301858209454]",
crossing,A,12,-3.709947325721473,-3.647447325408973,0.7301703228488984,0.7926703231613984,objective_excluded,"[0.8339251273914975304867665242332040241223524015357, 0.8339251273914975304867665242332040241223524015357]",
crossing,A,12,-3.772447326033973,-3.709947325721473,0.7926703231613984,0.8551703234738984,objective_excluded,"[0.83104154766640178701130815631937885188754646071449, 0.83104154766640178701130815631937885188754646071449]",
crossing,A,12,-3.772447326033973,-3.709947325721473,0.7301703228488984,0.7926703231613984,objective_excluded,"[0.82958382913797570501286117849466566488041771772449, 0.82958382913797570501286117849466566488041771772449]",
crossing,A,11,-3.709947325721473,-3.647447325408973,0.6051703222238984,0.7301703228488984,objective_excluded,"[0.82247256575615385544497320278995754741884961272689, 0.82247256575615385544497320278995754741884961272689]",
crossing,A,11,-3.772447326033973,-3.709947325721473,0.6051703222238984,0.7301703228488984,objective_excluded,"[0.81600499987656714271369541240549065824184360019688, 0.81600499987656714271369541240549065824184360019688]",
crossing,A,6,-4.272447328533973,-3.772447326033973,2.1051703297238984,2.6051703322238984,objective_excluded,"[2.3981636078096955498976113494824122127988162228263, 2.3981636078096955498976113494824122127988162228263]",
crossing,A,7,-4.022447327283973,-3.772447326033973,1.6051703272238984,2.1051703297238984,objective_excluded,"[1.0973424530677249356952829138663835729544278120006, 1.0973424530677249356952829138663835729544278120006]",
crossing,A,7,-4.272447328533973,-4.022447327283973,1.6051703272238984,2.1051703297238984,objective_excluded,"[1.4441775471068594575264138883611628289195483124948, 1.4441775471068594575264138883611628289195483124948]",
crossing,A,6,-4.772447331033973,-4.272447328533973,2.1051703297238984,2.6051703322238984,objective_excluded,"[3.9876110333568559623823964703593842142719426943423, 3.9876110333568559623823964703593842142719426943423]",
crossing,A,6,-4.772447331033973,-4.272447328533973,1.6051703272238984,2.1051703297238984,objective_excluded,"[1.0926012876231394502140042727712319727901487087991, 1.0926012876231394502140042727712319727901487087991]",
crossing,A,8,-4.022447327283973,-3.772447326033973,1.3551703259738984,1.6051703272238984,objective_excluded,"[1.0673362046997929720150449875349412706749343868518, 1.0673362046997929720150449875349412706749343868518]",
crossing,A,9,-3.897447326658973,-3.772447326033973,1.1051703247238984,1.3551703259738984,objective_excluded,"[0.81641453587284014695422152042514175085697298310779, 0.81641453587284014695422152042514175085697298310779]",
crossing,A,9,-4.022447327283973,-3.897447326658973,1.1051703247238984,1.3551703259738984,objective_excluded,"[0.85512421612169667912764641668495178680105896195548, 0.85512421612169667912764641668495178680105896195548]",
crossing,A,8,-4.272447328533973,-4.022447327283973,1.3551703259738984,1.6051703272238984,objective_excluded,"[1.2683682624327379879135243028938554944550798840175, 1.2683682624327379879135243028938554944550798840175]",
crossing,A,8,-4.272447328533973,-4.022447327283973,1.1051703247238984,1.3551703259738984,gradient_excluded,"[0.77495479340902747237103885335977338891101117993373, 0.77495479340902747237103885335977338891101117993373]",g2
crossing,A,10,-3.897447326658973,-3.772447326033973,0.9801703240988984,1.1051703247238984,objective_excluded,"[0.83430462518906728903298594857970924693274039557436, 0.83430462518906728903298594857970924693274039557436]",
crossing,A,12,-3.834947326346473,-3.772447326033973,0.9176703237863984,0.9801703240988984,objective_excluded,"[0.84942431246205649047324015108922669754977984629067, 0.84942431246205649047324015108922669754977984629067]",
crossing,A,12,-3.834947326346473,-3.772447326033973,0.8551703234738984,0.9176703237863984,objective_excluded,"[0.83292156300185784685576234090466333367699354496005, 0.83292156300185784685576234090466333367699354496005]",
crossing,A,12,-3.897447326658973,-3.834947326346473,0.9176703237863984,0.9801703240988984,objective_excluded,"[0.85266474483776009450847771837109854335001076961647, 0.85266474483776009450847771837109854335001076961647]",
crossing,A,12,-3.897447326658973,-3.834947326346473,0.8551703234738984,0.9176703237863984,objective_excluded,"[0.83251926677805767472435625818190881544827620908397, 0.83251926677805767472435625818190881544827620908397]",
crossing,A,10,-4.022447327283973,-3.897447326658973,0.9801703240988984,1.1051703247238984,objective_excluded,"[0.85163816472893551793036860272919340609642352925384, 0.85163816472893551793036860272919340609642352925384]",
crossing,A,12,-3.959947326971473,-3.897447326658973,0.9176703237863984,0.9801703240988984,objective_excluded,"[0.8570769885985504844165225129120930610202008974354, 0.8570769885985504844165225129120930610202008974354]",
crossing,A,12,-3.959947326971473,-3.897447326658973,0.8551703234738984,0.9176703237863984,objective_excluded,"[0.8331262201776325272901302926005259663654231418828, 0.8331262201776325272901302926005259663654231418828]",
crossing,A,11,-4.022447327283973,-3.959947326971473,0.8551703234738984,0.9801703240988984,objective_excluded,"[0.81257652990978845721115399393470129812889316274173, 0.81257652990978845721115399393470129812889316274173]",
crossing,A,12,-3.834947326346473,-3.772447326033973,0.7926703231613984,0.8551703234738984,objective_excluded,"[0.82757834143930533120540396796688049072451769115588, 0.82757834143930533120540396796688049072451769115588]",
crossing,A,12,-3.834947326346473,-3.772447326033973,0.7301703228488984,0.7926703231613984,objective_excluded,"[0.82607174032359737841100805023569622820914090486599, 0.82607174032359737841100805023569622820914090486599]",
crossing,A,12,-3.897447326658973,-3.834947326346473,0.7926703231613984,0.8551703234738984,objective_excluded,"[0.82497643041089729751113973971909483885815298527167, 0.82497643041089729751113973971909483885815298527167]",
crossing,A,12,-3.897447326658973,-3.834947326346473,0.7301703228488984,0.7926703231613984,objective_excluded,"[0.82341911367117697626509144569269153907923058273549, 0.82341911367117697626509144569269153907923058273549]",
crossing,A,12,-3.834947326346473,-3.772447326033973,0.6676703225363984,0.7301703228488984,objective_excluded,"[0.83295799025800541120504463367960976192818976911125, 0.83295799025800541120504463367960976192818976911125]",
crossing,A,12,-3.834947326346473,-3.772447326033973,0.6051703222238984,0.6676703225363984,objective_excluded,"[0.85281787783509873129023141495636586942585346247646, 0.85281787783509873129023141495636586942585346247646]",
crossing,A,12,-3.897447326658973,-3.834947326346473,0.6676703225363984,0.7301703228488984,objective_excluded,"[0.82748614220963336862913354504851567908148955709492, 0.82748614220963336862913354504851567908148955709492]",
crossing,A,12,-3.897447326658973,-3.834947326346473,0.6051703222238984,0.6676703225363984,objective_excluded,"[0.84499870342289923558400587698525821098925850916097, 0.84499870342289923558400587698525821098925850916097]",
crossing,A,12,-3.959947326971473,-3.897447326658973,0.7926703231613984,0.8551703234738984,objective_excluded,"[0.8232623542091120152452035892179334509828654284884, 0.8232623542091120152452035892179334509828654284884]",
crossing,A,12,-3.959947326971473,-3.897447326658973,0.7301703228488984,0.7926703231613984,objective_excluded,"[0.82165602737909725815691996998891422309620350637181, 0.82165602737909725815691996998891422309620350637181]",
crossing,A,12,-4.022447327283973,-3.959947326971473,0.7926703231613984,0.8551703234738984,objective_excluded,"[0.82159763559370626145968007949856131327463482724071, 0.82159763559370626145968007949856131327463482724071]",
crossing,A,12,-4.022447327283973,-3.959947326971473,0.7301703228488984,0.7926703231613984,objective_excluded,"[0.82024286916256630854757577952880452966241389059807, 0.82024286916256630854757577952880452966241389059807]",
crossing,A,12,-3.959947326971473,-3.897447326658973,0.6676703225363984,0.7301703228488984,objective_excluded,"[0.82276191993941887746673075054249885291645051868092, 0.82276191993941887746673075054249885291645051868092]",
crossing,A,12,-3.959947326971473,-3.897447326658973,0.6051703222238984,0.6676703225363984,objective_excluded,"[0.83779449192183177806430674408256964957793714891055, 0.83779449192183177806430674408256964957793714891055]",
crossing,A,12,-4.022447327283973,-3.959947326971473,0.6676703225363984,0.7301703228488984,objective_excluded,"[0.81881358338436912112212984317860903706167564350717, 0.81881358338436912112212984317860903706167564350717]",
crossing,A,12,-4.022447327283973,-3.959947326971473,0.6051703222238984,0.6676703225363984,objective_excluded,"[0.83123180368406050136587592157136528479460361492119, 0.83123180368406050136587592157136528479460361492119]",
crossing,A,10,-4.147447327908973,-4.022447327283973,0.9801703240988984,1.1051703247238984,objective_excluded,"[0.87417538277400735460495795389091896625272963054333, 0.87417538277400735460495795389091896625272963054333]",
crossing,A,11,-4.084947327596473,-4.022447327283973,0.8551703234738984,0.9801703240988984,objective_excluded,"[0.81526740460746199042682313803249341230793807034195, 0.81526740460746199042682313803249341230793807034195]",
crossing,A,11,-4.147447327908973,-4.084947327596473,0.8551703234738984,0.9801703240988984,objective_excluded,"[0.81903529860021970212989287622069748639840484402664, 0.81903529860021970212989287622069748639840484402664]",
crossing,A,10,-4.272447328533973,-4.147447327908973,0.9801703240988984,1.1051703247238984,objective_excluded,"[0.90219492950347612785313070676045903985492871506215, 0.90219492950347612785313070676045903985492871506215]",
crossing,A,10,-4.272447328533973,-4.147447327908973,0.8551703234738984,0.9801703240988984,gradient_excluded,"[0.80457897407395458788230948747280102196306917342477, 0.80457897407395458788230948747280102196306917342477]",g2
crossing,A,12,-4.084947327596473,-4.022447327283973,0.7926703231613984,0.8551703234738984,objective_excluded,"[0.82071302251296553116036079043325999134702427674318, 0.82071302251296553116036079043325999134702427674318]",
crossing,A,12,-4.084947327596473,-4.022447327283973,0.7301703228488984,0.7926703231613984,objective_excluded,"[0.81714458791024441990861385895981057135060916279127, 0.81714458791024441990861385895981057135060916279127]",
crossing,A,12,-4.147447327908973,-4.084947327596473,0.7926703231613984,0.8551703234738984,objective_excluded,"[0.82078207877981230090214084013363711556619078312014, 0.82078207877981230090214084013363711556619078312014]",
crossing,A,12,-4.147447327908973,-4.084947327596473,0.7301703228488984,0.7926703231613984,objective_excluded,"[0.81488282052244809117603618625946557160097130354799, 0.81488282052244809117603618625946557160097130354799]",
crossing,A,12,-4.084947327596473,-4.022447327283973,0.6676703225363984,0.7301703228488984,objective_excluded,"[0.81566620982009389332826008094835193270548405548247, 0.81566620982009389332826008094835193270548405548247]",
crossing,A,12,-4.084947327596473,-4.022447327283973,0.6051703222238984,0.6676703225363984,objective_excluded,"[0.82533711633221246911417139932899153378832844936308, 0.82533711633221246911417139932899153378832844936308]",
crossing,A,12,-4.147447327908973,-4.084947327596473,0.6676703225363984,0.7301703228488984,objective_excluded,"[0.81335071802873874804290147010281378359212374760679, 0.81335071802873874804290147010281378359212374760679]",
crossing,A,12,-4.147447327908973,-4.084947327596473,0.6051703222238984,0.6676703225363984,objective_excluded,"[0.82013377774894208612750675828375760698794813548071, 0.82013377774894208612750675828375760698794813548071]",
crossing,A,12,-4.209947328221473,-4.147447327908973,0.7926703231613984,0.8551703234738984,objective_excluded,"[0.82183309050147943953848804384856183219783938174507, 0.82183309050147943953848804384856183219783938174507]",
crossing,A,12,-4.209947328221473,-4.147447327908973,0.7301703228488984,0.7926703231613984,objective_excluded,"[0.81322157656923394627628537822816387878159698038466, 0.81322157656923394627628537822816387878159698038466]",
crossing,A,12,-4.272447328533973,-4.209947328221473,0.7926703231613984,0.8551703234738984,objective_excluded,"[0.82389781417287795031148123828390940855042258705152, 0.82389781417287795031148123828390940855042258705152]",
crossing,A,13,-4.241197328377723,-4.209947328221473,0.7301703228488984,0.7926703231613984,objective_excluded,"[0.81469805723292879707572579185354963840128142558596, 0.81469805723292879707572579185354963840128142558596]",
crossing,A,13,-4.272447328533973,-4.241197328377723,0.7301703228488984,0.7926703231613984,objective_excluded,"[0.81426070993584339910342568196521878350595634769529, 0.81426070993584339910342568196521878350595634769529]",
crossing,A,12,-4.209947328221473,-4.147447327908973,0.6676703225363984,0.7301703228488984,objective_excluded,"[0.81189657480736860161249846993992326452036612482046, 0.81189657480736860161249846993992326452036612482046]",
crossing,A,12,-4.209947328221473,-4.147447327908973,0.6051703222238984,0.6676703225363984,objective_excluded,"[0.81564851063218370348784603938900140726762892575521, 0.81564851063218370348784603938900140726762892575521]",
crossing,A,13,-4.241197328377723,-4.209947328221473,0.6676703225363984,0.7301703228488984,objective_excluded,"[0.8144366263115560397525342063497650865569507871733, 0.8144366263115560397525342063497650865569507871733]",
crossing,A,13,-4.272447328533973,-4.241197328377723,0.6676703225363984,0.7301703228488984,objective_excluded,"[0.81423418089378213814102045397003646373320660566408, 0.81423418089378213814102045397003646373320660566408]",
crossing,A,12,-4.272447328533973,-4.209947328221473,0.6051703222238984,0.6676703225363984,objective_excluded,"[0.81191276919188448794447738207007625055695612656683, 0.81191276919188448794447738207007625055695612656683]",
crossing,A,8,-4.522447329783973,-4.272447328533973,1.3551703259738984,1.6051703272238984,objective_excluded,"[1.5063296969020931948484411704183003477119914236487, 1.5063296969020931948484411704183003477119914236487]",
crossing,A,8,-4.522447329783973,-4.272447328533973,1.1051703247238984,1.3551703259738984,objective_excluded,"[0.89575638636717846487108074036395076709568390857832, 0.89575638636717846487108074036395076709568390857832]",
crossing,A,7,-4.772447331033973,-4.522447329783973,1.1051703247238984,1.6051703272238984,gradient_excluded,"[0.43775019361423489539655102734689273619739658405, 0.43775019361423489539655102734689273619739658405]",g2
crossing,A,10,-4.397447329158973,-4.272447328533973,0.9801703240988984,1.1051703247238984,objective_excluded,"[0.93602462679417444916176076531481726660875759069405, 0.93602462679417444916176076531481726660875759069405]",
crossing,A,10,-4.397447329158973,-4.272447328533973,0.8551703234738984,0.9801703240988984,objective_excluded,"[0.81872664952565078308755832253479140826176025404883, 0.81872664952565078308755832253479140826176025404883]",
crossing,A,9,-4.522447329783973,-4.397447329158973,0.8551703234738984,1.1051703247238984,gradient_excluded,"[0.72229366303807360361924894405102909048625797717898, 0.72229366303807360361924894405102909048625797717898]",g2
crossing,A,12,-4.334947328846473,-4.272447328533973,0.7926703231613984,0.8551703234738984,objective_excluded,"[0.82700812307075451651091387686695176811095979611878, 0.82700812307075451651091387686695176811095979611878]",
crossing,A,12,-4.334947328846473,-4.272447328533973,0.7301703228488984,0.7926703231613984,gradient_excluded,"[0.81114218117114982958684633792187873586312776536617, 0.81114218117114982958684633792187873586312776536617]",g2
crossing,A,12,-4.397447329158973,-4.334947328846473,0.7926703231613984,0.8551703234738984,objective_excluded,"[0.83119478814740243094413242531018537990361540153607, 0.83119478814740243094413242531018537990361540153607]",
crossing,A,12,-4.397447329158973,-4.334947328846473,0.7301703228488984,0.7926703231613984,gradient_excluded,"[0.81147373065223747396324325668004437552363059219582, 0.81147373065223747396324325668004437552363059219582]",g2
crossing,A,13,-4.303697328690223,-4.272447328533973,0.6676703225363984,0.7301703228488984,objective_excluded,"[0.81380634006156767404895592379323530356174433413817, 0.81380634006156767404895592379323530356174433413817]",
crossing,A,13,-4.334947328846473,-4.303697328690223,0.6676703225363984,0.7301703228488984,objective_excluded,"[0.81240446403712890857203265371729647370301092253964, 0.81240446403712890857203265371729647370301092253964]",
crossing,A,13,-4.303697328690223,-4.272447328533973,0.6051703222238984,0.6676703225363984,objective_excluded,"[0.81314451887557663000181145853457402650186881950077, 0.81314451887557663000181145853457402650186881950077]",
crossing,A,13,-4.334947328846473,-4.303697328690223,0.6051703222238984,0.6676703225363984,gradient_excluded,"[0.81172937725140892075262708660058597912818590720924, 0.81172937725140892075262708660058597912818590720924]",g2
crossing,A,14,-4.366197329002723,-4.334947328846473,0.6989203226926484,0.7301703228488984,objective_excluded,"[0.8154266758044635999594067763540787900881827685802, 0.8154266758044635999594067763540787900881827685802]",
crossing,A,14,-4.366197329002723,-4.334947328846473,0.6676703225363984,0.6989203226926484,objective_excluded,"[0.81511698654657707842668797668062142502607286008729, 0.81511698654657707842668797668062142502607286008729]",
crossing,A,14,-4.397447329158973,-4.366197329002723,0.6989203226926484,0.7301703228488984,objective_excluded,"[0.81506999471580509007776709553920396784477724996425, 0.81506999471580509007776709553920396784477724996425]",
crossing,A,14,-4.397447329158973,-4.366197329002723,0.6676703225363984,0.6989203226926484,objective_excluded,"[0.81434402762467680973746458740513034028999506989737, 0.81434402762467680973746458740513034028999506989737]",
crossing,A,13,-4.366197329002723,-4.334947328846473,0.6051703222238984,0.6676703225363984,gradient_excluded,"[0.81051752884160918445217040732400477179820353447997, 0.81051752884160918445217040732400477179820353447997]",g2
crossing,A,14,-4.397447329158973,-4.366197329002723,0.6364203223801484,0.6676703225363984,objective_excluded,"[0.8139603226401071343926578986218377378460219739794, 0.8139603226401071343926578986218377378460219739794]",
crossing,A,14,-4.397447329158973,-4.366197329002723,0.6051703222238984,0.6364203223801484,objective_excluded,"[0.81720158881428922404984490911181604818729353047487, 0.81720158881428922404984490911181604818729353047487]",
crossing,A,11,-4.459947329471473,-4.397447329158973,0.7301703228488984,0.8551703234738984,gradient_excluded,"[0.79041049270361104758639654917541823878716470863714, 0.79041049270361104758639654917541823878716470863714]",g2
crossing,A,11,-4.522447329783973,-4.459947329471473,0.7301703228488984,0.8551703234738984,gradient_excluded,"[0.79250573417829648947868892856971860722441286158001, 0.79250573417829648947868892856971860722441286158001]",g2
crossing,A,14,-4.428697329315223,-4.397447329158973,0.6989203226926484,0.7301703228488984,objective_excluded,"[0.8149391875494023974681057261101225286831786277964, 0.8149391875494023974681057261101225286831786277964]",
crossing,A,14,-4.428697329315223,-4.397447329158973,0.6676703225363984,0.6989203226926484,objective_excluded,"[0.81358938646245935978747774895335977628954778767222, 0.81358938646245935978747774895335977628954778767222]",
crossing,A,14,-4.459947329471473,-4.428697329315223,0.6989203226926484,0.7301703228488984,objective_excluded,"[0.81503773976649961550727786785622909376930902756648, 0.81503773976649961550727786785622909376930902756648]",
crossing,A,14,-4.459947329471473,-4.428697329315223,0.6676703225363984,0.6989203226926484,objective_excluded,"[0.81304956856468991432231669105294420009996024268293, 0.81304956856468991432231669105294420009996024268293]",
crossing,A,14,-4.428697329315223,-4.397447329158973,0.6364203223801484,0.6676703225363984,objective_excluded,"[0.81319744635678335783645399314444336436044331879978, 0.81319744635678335783645399314444336436044331879978]",
crossing,A,14,-4.428697329315223,-4.397447329158973,0.6051703222238984,0.6364203223801484,objective_excluded,"[0.81564331601056120196649741772155673070597595558956, 0.81564331601056120196649741772155673070597595558956]",
crossing,A,14,-4.459947329471473,-4.428697329315223,0.6364203223801484,0.6676703225363984,objective_excluded,"[0.81264933940216854484138141505218164720015592837748, 0.81264933940216854484138141505218164720015592837748]",
crossing,A,14,-4.459947329471473,-4.428697329315223,0.6051703222238984,0.6364203223801484,objective_excluded,"[0.81428228234968573819463256594191578715603192978084, 0.81428228234968573819463256594191578715603192978084]",
crossing,A,14,-4.491197329627723,-4.459947329471473,0.6989203226926484,0.7301703228488984,objective_excluded,"[0.81536913374046617616202842026410903253354803482887, 0.81536913374046617616202842026410903253354803482887]",
crossing,A,14,-4.491197329627723,-4.459947329471473,0.6676703225363984,0.6989203226926484,objective_excluded,"[0.81260034650983970179030613462812261040946405438726, 0.81260034650983970179030613462812261040946405438726]",
crossing,A,14,-4.522447329783973,-4.491197329627723,0.6989203226926484,0.7301703228488984,objective_excluded,"[0.81593684644505973969858532718909958025966821470631, 0.81593684644505973969858532718909958025966821470631]",
crossing,A,14,-4.522447329783973,-4.491197329627723,0.6676703225363984,0.6989203226926484,objective_excluded,"[0.81226932998713623797655941945566990571249274109371, 0.81226932998713623797655941945566990571249274109371]",
crossing,A,14,-4.491197329627723,-4.459947329471473,0.6364203223801484,0.6676703225363984,objective_excluded,"[0.81231940589937916548265485520820859059607064499242, 0.81231940589937916548265485520820859059607064499242]",
crossing,A,14,-4.491197329627723,-4.459947329471473,0.6051703222238984,0.6364203223801484,objective_excluded,"[0.81312181012647438502066457420515314796479214299365, 0.81312181012647438502066457420515314796479214299365]",
crossing,A,14,-4.522447329783973,-4.491197329627723,0.6364203223801484,0.6676703225363984,objective_excluded,"[0.81221104788015329022314109840356961473225342039852, 0.81221104788015329022314109840356961473225342039852]",
crossing,A,14,-4.522447329783973,-4.491197329627723,0.6051703222238984,0.6364203223801484,objective_excluded,"[0.81216522477522141539382193952263481751434987167743, 0.81216522477522141539382193952263481751434987167743]",
crossing,A,9,-4.647447330408973,-4.522447329783973,0.8551703234738984,1.1051703247238984,gradient_excluded,"[0.74593212846684329766457445300853599707706599925948, 0.74593212846684329766457445300853599707706599925948]",g2
crossing,A,9,-4.772447331033973,-4.647447330408973,0.8551703234738984,1.1051703247238984,gradient_excluded,"[0.77421610757479250866115835198987779260308756815499, 0.77421610757479250866115835198987779260308756815499]",g2
crossing,A,10,-4.647447330408973,-4.522447329783973,0.7301703228488984,0.8551703234738984,gradient_excluded,"[0.77915245689488232297932368724955704947772955799083, 0.77915245689488232297932368724955704947772955799083]",g2
crossing,A,13,-4.553697329940223,-4.522447329783973,0.6676703225363984,0.7301703228488984,gradient_excluded,"[0.80741058284559766063857324835184791748828743954358, 0.80741058284559766063857324835184791748828743954358]",g2
crossing,A,13,-4.584947330096473,-4.553697329940223,0.6676703225363984,0.7301703228488984,gradient_excluded,"[0.80748530890969858585640427981317450582949177644871, 0.80748530890969858585640427981317450582949177644871]",g2
crossing,A,15,-4.538072329862098,-4.522447329783973,0.6364203223801484,0.6676703225363984,objective_excluded,"[0.81238731710232476914666929520234181651409086051539, 0.81238731710232476914666929520234181651409086051539]",
crossing,A,15,-4.553697329940223,-4.538072329862098,0.6364203223801484,0.6676703225363984,objective_excluded,"[0.81204043812583578373012203590150553065884348223832, 0.81204043812583578373012203590150553065884348223832]",
crossing,A,14,-4.553697329940223,-4.522447329783973,0.6051703222238984,0.6364203223801484,gradient_excluded,"[0.81141585286572987516123088112469602512247815066706, 0.81141585286572987516123088112469602512247815066706]",g2
crossing,A,16,-4.569322330018348,-4.553697329940223,0.6520453224582734,0.6676703225363984,objective_excluded,"[0.81279004080845413515125651269644416947800398861129, 0.81279004080845413515125651269644416947800398861129]",
crossing,A,16,-4.569322330018348,-4.553697329940223,0.6364203223801484,0.6520453224582734,objective_excluded,"[0.81270855991081089566077526763460429276579526934318, 0.81270855991081089566077526763460429276579526934318]",
crossing,A,16,-4.584947330096473,-4.569322330018348,0.6520453224582734,0.6676703225363984,objective_excluded,"[0.81271548324411607291222968536741386336841947312029, 0.81271548324411607291222968536741386336841947312029]",
crossing,A,16,-4.584947330096473,-4.569322330018348,0.6364203223801484,0.6520453224582734,objective_excluded,"[0.81247259847004853351339942296832085371658467714905, 0.81247259847004853351339942296832085371658467714905]",
crossing,A,15,-4.569322330018348,-4.553697329940223,0.6051703222238984,0.6364203223801484,gradient_excluded,"[0.81155440881617275737552975641937412076474583948845, 0.81155440881617275737552975641937412076474583948845]",g1
crossing,A,15,-4.584947330096473,-4.569322330018348,0.6051703222238984,0.6364203223801484,gradient_excluded,"[0.81131128662644591015358543578196069934443138137497, 0.81131128662644591015358543578196069934443138137497]",g1
crossing,A,12,-4.647447330408973,-4.584947330096473,0.6676703225363984,0.7301703228488984,gradient_excluded,"[0.80517516054954658381443007412516346099396551112729, 0.80517516054954658381443007412516346099396551112729]",g2
crossing,A,16,-4.600572330174598,-4.584947330096473,0.6520453224582734,0.6676703225363984,objective_excluded,"[0.81269628175535806608719818099950378627975840382758, 0.81269628175535806608719818099950378627975840382758]",
crossing,A,16,-4.600572330174598,-4.584947330096473,0.6364203223801484,0.6520453224582734,objective_excluded,"[0.81229019300029899841659643499708579152273470541788, 0.81229019300029899841659643499708579152273470541788]",
crossing,A,16,-4.616197330252723,-4.600572330174598,0.6520453224582734,0.6676703225363984,objective_excluded,"[0.81273284723514802004612383187717573304279973808929, 0.81273284723514802004612383187717573304279973808929]",
crossing,A,16,-4.616197330252723,-4.600572330174598,0.6364203223801484,0.6520453224582734,objective_excluded,"[0.81216175011509514172041139033388004269456353047848, 0.81216175011509514172041139033388004269456353047848]",
crossing,A,16,-4.600572330174598,-4.584947330096473,0.6207953223020234,0.6364203223801484,objective_excluded,"[0.81218599140934389142262550980558852889504498168798, 0.81218599140934389142262550980558852889504498168798]",
crossing,A,16,-4.600572330174598,-4.584947330096473,0.6051703222238984,0.6207953223020234,objective_excluded,"[0.81279309298724322197658422885715391573335191492978, 0.81279309298724322197658422885715391573335191492978]",
crossing,A,16,-4.616197330252723,-4.600572330174598,0.6207953223020234,0.6364203223801484,objective_excluded,"[0.81205647076458181906817459651134513406273335817076, 0.81205647076458181906817459651134513406273335817076]",
crossing,A,16,-4.616197330252723,-4.600572330174598,0.6051703222238984,0.6207953223020234,objective_excluded,"[0.81244991998191135732653858927378538529344816379174, 0.81244991998191135732653858927378538529344816379174]",
crossing,A,15,-4.631822330330848,-4.616197330252723,0.6364203223801484,0.6676703225363984,gradient_excluded,"[0.81095232956209460451457343977120841943748032479776, 0.81095232956209460451457343977120841943748032479776]",g2
crossing,A,15,-4.647447330408973,-4.631822330330848,0.6364203223801484,0.6676703225363984,gradient_excluded,"[0.81087071780249214062501162501112650737226492996211, 0.81087071780249214062501162501112650737226492996211]",g2
crossing,A,16,-4.631822330330848,-4.616197330252723,0.6207953223020234,0.6364203223801484,objective_excluded,"[0.81198132768480846921180224257514621861418364949436, 0.81198132768480846921180224257514621861418364949436]",
crossing,A,16,-4.631822330330848,-4.616197330252723,0.6051703222238984,0.6207953223020234,objective_excluded,"[0.81215892708886658368111673002682795158154194112368, 0.81215892708886658368111673002682795158154194112368]",
crossing,A,16,-4.647447330408973,-4.631822330330848,0.6207953223020234,0.6364203223801484,objective_excluded,"[0.81196097786812129520325333699481537615447888817335, 0.81196097786812129520325333699481537615447888817335]",
crossing,A,16,-4.647447330408973,-4.631822330330848,0.6051703222238984,0.6207953223020234,objective_excluded,"[0.81192052648161929402334789227509103823482578029548, 0.81192052648161929402334789227509103823482578029548]",
crossing,A,10,-4.772447331033973,-4.647447330408973,0.7301703228488984,0.8551703234738984,gradient_excluded,"[0.78905127835529990603475769288053702156701737755653, 0.78905127835529990603475769288053702156701737755653]",g2
crossing,A,12,-4.709947330721473,-4.647447330408973,0.6676703225363984,0.7301703228488984,gradient_excluded,"[0.80650322243081281439207361666890806101294913239856, 0.80650322243081281439207361666890806101294913239856]",g2
crossing,A,14,-4.678697330565223,-4.647447330408973,0.6364203223801484,0.6676703225363984,gradient_excluded,"[0.81039001934765424616082689496772096721251665083677, 0.81039001934765424616082689496772096721251665083677]",g2
crossing,A,16,-4.663072330487098,-4.647447330408973,0.6207953223020234,0.6364203223801484,objective_excluded,"[0.81183930657770484981544910293611188653127917642701, 0.81183930657770484981544910293611188653127917642701]",
crossing,A,16,-4.663072330487098,-4.647447330408973,0.6051703222238984,0.6207953223020234,gradient_excluded,"[0.81173512683793694426036166192351461955684442996532, 0.81173512683793694426036166192351461955684442996532]",g1
crossing,A,17,-4.6708848305261605,-4.663072330487098,0.6207953223020234,0.6364203223801484,krawczyk_excluded,"[0.81179923888845328714943907962668539808118961040958, 0.81179923888845328714943907962668539808118961040958]",K disjoint
crossing,A,17,-4.678697330565223,-4.6708848305261605,0.6207953223020234,0.6364203223801484,krawczyk_excluded,"[0.81174037046688268363782084740133089324575822014002, 0.81174037046688268363782084740133089324575822014002]",K disjoint
crossing,A,16,-4.678697330565223,-4.663072330487098,0.6051703222238984,0.6207953223020234,gradient_excluded,"[0.8116031353316458696723119546566585292463647380135, 0.8116031353316458696723119546566585292463647380135]",g1
crossing,A,14,-4.709947330721473,-4.678697330565223,0.6364203223801484,0.6676703225363984,gradient_excluded,"[0.81050159776680253242817232831394208645268654465718, 0.81050159776680253242817232831394208645268654465718]",g2
crossing,A,17,-4.6865098306042855,-4.678697330565223,0.6207953223020234,0.6364203223801484,krawczyk_excluded,"[0.81168388341831570357241738284970894857685019880167, 0.81168388341831570357241738284970894857685019880167]",K disjoint
crossing,A,17,-4.694322330643348,-4.6865098306042855,0.6207953223020234,0.6364203223801484,krawczyk_excluded,"[0.81163819266901928853931342115617648385985318732985, 0.81163819266901928853931342115617648385985318732985]",K disjoint
crossing,A,17,-4.6865098306042855,-4.678697330565223,0.6051703222238984,0.6207953223020234,gradient_excluded,"[0.81164280575555064802823795121706665858616795426495, 0.81164280575555064802823795121706665858616795426495]",g1
crossing,A,17,-4.694322330643348,-4.6865098306042855,0.6051703222238984,0.6207953223020234,gradient_excluded,"[0.81161063359427743358097669879647292343002562519465, 0.81161063359427743358097669879647292343002562519465]",g1
crossing,A,16,-4.709947330721473,-4.694322330643348,0.6207953223020234,0.6364203223801484,gradient_excluded,"[0.81151714411442934241178341696459975297963290515537, 0.81151714411442934241178341696459975297963290515537]",g2
crossing,A,17,-4.7021348306824105,-4.694322330643348,0.6051703222238984,0.6207953223020234,krawczyk_excluded,"[0.81159201871253220682553881057660008231827279698025, 0.81159201871253220682553881057660008231827279698025]",K disjoint
crossing,A,17,-4.709947330721473,-4.7021348306824105,0.6051703222238984,0.6207953223020234,krawczyk_excluded,"[0.8115870119282646888101132000051195606646536680908, 0.8115870119282646888101132000051195606646536680908]",K disjoint
crossing,A,12,-4.772447331033973,-4.709947330721473,0.6676703225363984,0.7301703228488984,gradient_excluded,"[0.80877760758484182835353658950171448161893327335302, 0.80877760758484182835353658950171448161893327335302]",g2
crossing,A,14,-4.741197330877723,-4.709947330721473,0.6364203223801484,0.6676703225363984,gradient_excluded,"[0.81083699909361779901203399393122499263172708634091, 0.81083699909361779901203399393122499263172708634091]",g2
crossing,A,16,-4.725572330799598,-4.709947330721473,0.6207953223020234,0.6364203223801484,gradient_excluded,"[0.81149314973182317514969868902571516294568890420614, 0.81149314973182317514969868902571516294568890420614]",g2
crossing,A,18,-4.7177598307605355,-4.709947330721473,0.6129828222629609,0.6207953223020234,objective_excluded,"[0.81181902743923886301894675486040048362409216553592, 0.81181902743923886301894675486040048362409216553592]",
crossing,A,18,-4.7177598307605355,-4.709947330721473,0.6051703222238984,0.6129828222629609,gradient_excluded,"[0.8117920674212204248227033691969159636849741352916, 0.8117920674212204248227033691969159636849741352916]",g1
crossing,A,18,-4.725572330799598,-4.7177598307605355,0.6129828222629609,0.6207953223020234,krawczyk_excluded,"[0.81178664423518355898464693966693192702225125526272, 0.81178664423518355898464693966693192702225125526272]",K disjoint
crossing,A,18,-4.725572330799598,-4.7177598307605355,0.6051703222238984,0.6129828222629609,gradient_excluded,"[0.81175954867882225811802396212862956819955663657763, 0.81175954867882225811802396212862956819955663657763]",g1
crossing,A,16,-4.741197330877723,-4.725572330799598,0.6207953223020234,0.6364203223801484,gradient_excluded,"[0.81152378663920967680332850147792524034523359204769, 0.81152378663920967680332850147792524034523359204769]",g2
crossing,A,18,-4.7333848308386605,-4.725572330799598,0.6129828222629609,0.6207953223020234,krawczyk_excluded,"[0.81175850620221635724714578054391160843028364655808, 0.81175850620221635724714578054391160843028364655808]",K disjoint
crossing,A,18,-4.7333848308386605,-4.725572330799598,0.6051703222238984,0.6129828222629609,gradient_excluded,"[0.81174051738536654895392698315200667425310508495792, 0.81174051738536654895392698315200667425310508495792]",g1
crossing,A,18,-4.741197330877723,-4.7333848308386605,0.6129828222629609,0.6207953223020234,gradient_excluded,"[0.81173947267864063655619203155347693905087507395176, 0.81173947267864063655619203155347693905087507395176]",g2
crossing,A,18,-4.741197330877723,-4.7333848308386605,0.6051703222238984,0.6129828222629609,krawczyk_excluded,"[0.8117350239970934629360485828247518340047796066857, 0.8117350239970934629360485828247518340047796066857]",K disjoint
crossing,A,14,-4.772447331033973,-4.741197330877723,0.6364203223801484,0.6676703225363984,gradient_excluded,"[0.8113995107264123051314257194461787314123865426787, 0.8113995107264123051314257194461787314123865426787]",g1
crossing,A,16,-4.756822330955848,-4.741197330877723,0.6207953223020234,0.6364203223801484,gradient_excluded,"[0.81160946058178707071484863686403491612836340895906, 0.81160946058178707071484863686403491612836340895906]",g1
crossing,A,18,-4.7490098309167855,-4.741197330877723,0.6129828222629609,0.6207953223020234,gradient_excluded,"[0.81173397707813651515037654460942491255936116286387, 0.81173397707813651515037654460942491255936116286387]",g2
crossing,A,19,-4.74510358089725425,-4.741197330877723,0.6051703222238984,0.6129828222629609,krawczyk_excluded,"[0.81175632917781019808278856483647919382207991396698, 0.81175632917781019808278856483647919382207991396698]",K disjoint
crossing,A,19,-4.7490098309167855,-4.74510358089725425,0.6051703222238984,0.6129828222629609,krawczyk_excluded,"[0.8117621084363757677492672119965270247640783211555, 0.8117621084363757677492672119965270247640783211555]",K disjoint
crossing,A,18,-4.756822330955848,-4.7490098309167855,0.6129828222629609,0.6207953223020234,gradient_excluded,"[0.81174206980957216833857940739590239579383361370796, 0.81174206980957216833857940739590239579383361370796]",g1
crossing,A,19,-4.75291608093631675,-4.7490098309167855,0.6051703222238984,0.6129828222629609,krawczyk_excluded,"[0.81177028153936928534213026772678903304992326844868, 0.81177028153936928534213026772678903304992326844868]",K disjoint
crossing,A,19,-4.756822330955848,-4.75291608093631675,0.6051703222238984,0.6129828222629609,krawczyk_excluded,"[0.81175500636015005578875530317897376578768714288179, 0.81175500636015005578875530317897376578768714288179]",K disjoint
crossing,A,16,-4.772447331033973,-4.756822330955848,0.6207953223020234,0.6364203223801484,gradient_excluded,"[0.81175057648077923585130080675866278760573585718385, 0.81175057648077923585130080675866278760573585718385]",g1
crossing,A,18,-4.7646348309949105,-4.756822330955848,0.6129828222629609,0.6207953223020234,gradient_excluded,"[0.81176380123179736387851891855556543589043220276606, 0.81176380123179736387851891855556543589043220276606]",g1
crossing,A,20,-4.76072858097537925,-4.756822330955848,0.60907657224342965,0.6129828222629609,gradient_excluded,"[0.8117899853321867494398187263615976411121930646012, 0.8117899853321867494398187263615976411121930646012]",g2
crossing,A,20,-4.76072858097537925,-4.756822330955848,0.6051703222238984,0.60907657224342965,krawczyk_excluded,"[0.81179220304836710996618446187128441088912277680543, 0.81179220304836710996618446187128441088912277680543]",K disjoint
crossing,A,20,-4.7646348309949105,-4.76072858097537925,0.60907657224342965,0.6129828222629609,gradient_excluded,"[0.81179206815840224546480990781097218172145943221433, 0.81179206815840224546480990781097218172145943221433]",g1
crossing,A,20,-4.7646348309949105,-4.76072858097537925,0.6051703222238984,0.60907657224342965,krawczyk_excluded,"[0.81179389515775296005539416828903892805018403069431, 0.81179389515775296005539416828903892805018403069431]",K disjoint
crossing,A,18,-4.772447331033973,-4.7646348309949105,0.6129828222629609,0.6207953223020234,gradient_excluded,"[0.81179922165112726458595298664475644653300446207019, 0.81179922165112726458595298664475644653300446207019]",g1
crossing,A,20,-4.76854108101444175,-4.7646348309949105,0.60907657224342965,0.6129828222629609,gradient_excluded,"[0.81179754538080568043982753324903818993219489087312, 0.81179754538080568043982753324903818993219489087312]",g1
crossing,A,21,-4.766587956004676125,-4.7646348309949105,0.6051703222238984,0.60907657224342965,krawczyk_excluded,"[0.81179134330186050957421682847562170092509677045236, 0.81179134330186050957421682847562170092509677045236]",K disjoint
crossing,A,21,-4.76854108101444175,-4.766587956004676125,0.6051703222238984,0.60907657224342965,krawczyk_excluded,"[0.81178837010428554892492649442776150297206753302442, 0.81178837010428554892492649442776150297206753302442]",K disjoint
crossing,A,20,-4.772447331033973,-4.76854108101444175,0.60907657224342965,0.6129828222629609,gradient_excluded,"[0.81180642326975103442078373171110939912417008346998, 0.81180642326975103442078373171110939912417008346998]",g1
crossing,A,22,-4.770494206024207375,-4.76854108101444175,0.607123447233664025,0.60907657224342965,gradient_excluded,"[0.81180537664864214262895893928075801281085329490266, 0.81180537664864214262895893928075801281085329490266]",g1
crossing,A,22,-4.770494206024207375,-4.76854108101444175,0.6051703222238984,0.607123447233664025,krawczyk_excluded,"[0.81180269146995158931243331075289907727066257250899, 0.81180269146995158931243331075289907727066257250899]",K disjoint
crossing,A,22,-4.772447331033973,-4.770494206024207375,0.607123447233664025,0.60907657224342965,gradient_excluded,"[0.81180759928832377247467823784373625638315724423448, 0.81180759928832377247467823784373625638315724423448]",g1
crossing,A,23,-4.7714707685290901875,-4.770494206024207375,0.6051703222238984,0.607123447233664025,krawczyk_excluded,"[0.81180249315559004882786965960896026380894338366426, 0.81180249315559004882786965960896026380894338366426]",K disjoint
crossing,A,24,-4.772447331033973,-4.7714707685290901875,0.6061468847287812125,0.607123447233664025,gradient_excluded,"[0.81180781496772787239835751133869029331629362307097, 0.81180781496772787239835751133869029331629362307097]",g1
crossing,A,25,-4.77195904978153159375,-4.7714707685290901875,0.6051703222238984,0.6061468847287812125,krawczyk_excluded,"[0.8118065308997618148809483501971178992825128337351, 0.8118065308997618148809483501971178992825128337351]",K disjoint
crossing,A,26,-4.772447331033973,-4.77195904978153159375,0.60565860347633980625,0.6061468847287812125,gradient_excluded,"[0.81180785908077055990457066440026723277956528441264, 0.81180785908077055990457066440026723277956528441264]",g1
crossing,A,27,-4.772203190407752296875,-4.77195904978153159375,0.6051703222238984,0.60565860347633980625,krawczyk_excluded,"[0.81180753712264878699391967689786327359113405848384, 0.81180753712264878699391967689786327359113405848384]",K disjoint
crossing,A,28,-4.772447331033973,-4.772203190407752296875,0.605414462850119103125,0.60565860347633980625,gradient_excluded,"[0.81180786888279089400477351001939155317808621391151, 0.81180786888279089400477351001939155317808621391151]",g1
crossing,A,28,-4.772447331033973,-4.772203190407752296875,0.6051703222238984,0.605414462850119103125,inside_Krawczyk_box,,
crossing,A,10,-2.897447321658973,-2.772447321033973,0.4801703215988984,0.6051703222238984,objective_excluded,"[0.94669879221541469246539625873448772045054788076967, 0.94669879221541469246539625873448772045054788076967]",
crossing,A,10,-2.897447321658973,-2.772447321033973,0.3551703209738984,0.4801703215988984,objective_excluded,"[1.0409646724789419111784824066212427950016597367903, 1.0409646724789419111784824066212427950016597367903]",
crossing,A,10,-3.022447322283973,-2.897447321658973,0.4801703215988984,0.6051703222238984,objective_excluded,"[0.93506516337947416900420687113429541912080810235045, 0.93506516337947416900420687113429541912080810235045]",
crossing,A,10,-3.022447322283973,-2.897447321658973,0.3551703209738984,0.4801703215988984,objective_excluded,"[1.0336080355987850602702465837203387224883545866513, 1.0336080355987850602702465837203387224883545866513]",
crossing,A,10,-2.897447321658973,-2.772447321033973,0.2301703203488984,0.3551703209738984,objective_excluded,"[1.1549365826282211970567683041867469826009712481803, 1.1549365826282211970567683041867469826009712481803]",
crossing,A,10,-2.897447321658973,-2.772447321033973,0.1051703197238984,0.2301703203488984,objective_excluded,"[1.2857896871102871558016022031429759545432581298373, 1.2857896871102871558016022031429759545432581298373]",
crossing,A,10,-3.022447322283973,-2.897447321658973,0.2301703203488984,0.3551703209738984,objective_excluded,"[1.15606654015091288641587887321419975586372270901, 1.15606654015091288641587887321419975586372270901]",
crossing,A,10,-3.022447322283973,-2.897447321658973,0.1051703197238984,0.2301703203488984,objective_excluded,"[1.2991986425422461472567997068900789448840554563594, 1.2991986425422461472567997068900789448840554563594]",
crossing,A,10,-3.147447322908973,-3.022447322283973,0.4801703215988984,0.6051703222238984,objective_excluded,"[0.92145099042709625076293668602439645750599911095702, 0.92145099042709625076293668602439645750599911095702]",
crossing,A,10,-3.147447322908973,-3.022447322283973,0.3551703209738984,0.4801703215988984,objective_excluded,"[1.0225254971434834212087449373226062729309111705262, 1.0225254971434834212087449373226062729309111705262]",
crossing,A,10,-3.272447323533973,-3.147447322908973,0.4801703215988984,0.6051703222238984,objective_excluded,"[0.90620804521583780520274353113145911504738993111838, 0.90620804521583780520274353113145911504738993111838]",
crossing,A,10,-3.272447323533973,-3.147447322908973,0.3551703209738984,0.4801703215988984,objective_excluded,"[1.008935479378732875875424512462072152004962830724, 1.008935479378732875875424512462072152004962830724]",
crossing,A,10,-3.147447322908973,-3.022447322283973,0.2301703203488984,0.3551703209738984,objective_excluded,"[1.1510798018899046660357656051333489992773488579387, 1.1510798018899046660357656051333489992773488579387]",
crossing,A,10,-3.147447322908973,-3.022447322283973,0.1051703197238984,0.2301703203488984,objective_excluded,"[1.3043093909830226734367326588447744713003742184131, 1.3043093909830226734367326588447744713003742184131]",
crossing,A,9,-3.272447323533973,-3.147447322908973,0.1051703197238984,0.3551703209738984,objective_excluded,"[0.81240843703481209342290853175430566803142057413149, 0.81240843703481209342290853175430566803142057413149]",
crossing,A,10,-2.897447321658973,-2.772447321033973,-0.0198296809011016,0.1051703197238984,objective_excluded,"[1.431080576314734327829109872930817213818270960743, 1.431080576314734327829109872930817213818270960743]",
crossing,A,10,-2.897447321658973,-2.772447321033973,-0.1448296815261016,-0.0198296809011016,objective_excluded,"[1.5862655076095402133176891264668126346060184948328, 1.5862655076095402133176891264668126346060184948328]",
crossing,A,10,-3.022447322283973,-2.897447321658973,-0.0198296809011016,0.1051703197238984,objective_excluded,"[1.4591900838787051734723868910694257659416254461639, 1.4591900838787051734723868910694257659416254461639]",
crossing,A,10,-3.022447322283973,-2.897447321658973,-0.1448296815261016,-0.0198296809011016,objective_excluded,"[1.6343771437321062513419462834360562187057540022896, 1.6343771437321062513419462834360562187057540022896]",
crossing,A,10,-2.897447321658973,-2.772447321033973,-0.2698296821511016,-0.1448296815261016,objective_excluded,"[1.7392223801531757884772105170669831273326351947484, 1.7392223801531757884772105170669831273326351947484]",
crossing,A,10,-2.897447321658973,-2.772447321033973,-0.3948296827761016,-0.2698296821511016,objective_excluded,"[1.8911532734974931772808122652938854622034699685868, 1.8911532734974931772808122652938854622034699685868]",
crossing,A,9,-3.022447322283973,-2.897447321658973,-0.3948296827761016,-0.1448296815261016,objective_excluded,"[0.82699417687918876555671831683760656136385452509883, 0.82699417687918876555671831683760656136385452509883]",
crossing,A,9,-3.147447322908973,-3.022447322283973,-0.1448296815261016,0.1051703197238984,objective_excluded,"[0.92663538660981118782420808508307357192808554779327, 0.92663538660981118782420808508307357192808554779327]",
crossing,A,9,-3.272447323533973,-3.147447322908973,-0.1448296815261016,0.1051703197238984,objective_excluded,"[1.0295474791756210975909940445366313487206954403041, 1.0295474791756210975909940445366313487206954403041]",
crossing,A,9,-3.147447322908973,-3.022447322283973,-0.3948296827761016,-0.1448296815261016,objective_excluded,"[1.0643038375695428272402533869453677995934100607787, 1.0643038375695428272402533869453677995934100607787]",
crossing,A,9,-3.272447323533973,-3.147447322908973,-0.3948296827761016,-0.1448296815261016,objective_excluded,"[1.2529628977525374192583012766276255124102387163065, 1.2529628977525374192583012766276255124102387163065]",
crossing,A,10,-3.397447324158973,-3.272447323533973,0.4801703215988984,0.6051703222238984,objective_excluded,"[0.89008861222471750192264932344936180954104474473577, 0.89008861222471750192264932344936180954104474473577]",
crossing,A,10,-3.397447324158973,-3.272447323533973,0.3551703209738984,0.4801703215988984,objective_excluded,"[0.99314671301330179014990767319955471459013879556301, 0.99314671301330179014990767319955471459013879556301]",
crossing,A,10,-3.522447324783973,-3.397447324158973,0.4801703215988984,0.6051703222238984,objective_excluded,"[0.87381703582589506329803376902124741620827063583369, 0.87381703582589506329803376902124741620827063583369]",
crossing,A,10,-3.522447324783973,-3.397447324158973,0.3551703209738984,0.4801703215988984,objective_excluded,"[0.97595747631510563914846465880467041602622254223386, 0.97595747631510563914846465880467041602622254223386]",
crossing,A,9,-3.397447324158973,-3.272447323533973,0.1051703197238984,0.3551703209738984,objective_excluded,"[0.84288509905869856351708309846164017106735605615915, 0.84288509905869856351708309846164017106735605615915]",
crossing,A,9,-3.522447324783973,-3.397447324158973,0.1051703197238984,0.3551703209738984,objective_excluded,"[0.86246178509488892907103938712470301570849188773997, 0.86246178509488892907103938712470301570849188773997]",
crossing,A,10,-3.647447325408973,-3.522447324783973,0.4801703215988984,0.6051703222238984,objective_excluded,"[0.85754249669598086270969803989963752345282808615545, 0.85754249669598086270969803989963752345282808615545]",
crossing,A,10,-3.647447325408973,-3.522447324783973,0.3551703209738984,0.4801703215988984,objective_excluded,"[0.95801060997857530304867722757811856231375173307121, 0.95801060997857530304867722757811856231375173307121]",
crossing,A,10,-3.772447326033973,-3.647447325408973,0.4801703215988984,0.6051703222238984,objective_excluded,"[0.84093736421090520495469548817844657197552508021396, 0.84093736421090520495469548817844657197552508021396]",
crossing,A,10,-3.772447326033973,-3.647447325408973,0.3551703209738984,0.4801703215988984,objective_excluded,"[0.9394596405298212536692985249700659851369002924768, 0.9394596405298212536692985249700659851369002924768]",
crossing,A,9,-3.647447325408973,-3.522447324783973,0.1051703197238984,0.3551703209738984,objective_excluded,"[0.8739591109491165082417878127032463523756826306366, 0.8739591109491165082417878127032463523756826306366]",
crossing,A,9,-3.772447326033973,-3.647447325408973,0.1051703197238984,0.3551703209738984,objective_excluded,"[0.87958269801043473007217450105620005862161104870921, 0.87958269801043473007217450105620005862161104870921]",
crossing,A,9,-3.397447324158973,-3.272447323533973,-0.1448296815261016,0.1051703197238984,objective_excluded,"[1.1086623275722677692710367748313713118561451215494, 1.1086623275722677692710367748313713118561451215494]",
crossing,A,9,-3.522447324783973,-3.397447324158973,-0.1448296815261016,0.1051703197238984,objective_excluded,"[1.1682711407029175035064981480901755073133852551528, 1.1682711407029175035064981480901755073133852551528]",
crossing,A,9,-3.397447324158973,-3.272447323533973,-0.3948296827761016,-0.1448296815261016,objective_excluded,"[1.4034243364795000071316403489936410311071192023884, 1.4034243364795000071316403489936410311071192023884]",
crossing,A,9,-3.522447324783973,-3.397447324158973,-0.3948296827761016,-0.1448296815261016,objective_excluded,"[1.5226530442773297672213039874740738795597697014127, 1.5226530442773297672213039874740738795597697014127]",
crossing,A,9,-3.647447325408973,-3.522447324783973,-0.1448296815261016,0.1051703197238984,objective_excluded,"[1.2057019212825881430835840958357871370639306479114, 1.2057019212825881430835840958357871370639306479114]",
crossing,A,9,-3.772447326033973,-3.647447325408973,-0.1448296815261016,0.1051703197238984,objective_excluded,"[1.2322248144510453787894665400284010608883238220609, 1.2322248144510453787894665400284010608883238220609]",
crossing,A,8,-3.772447326033973,-3.522447324783973,-0.3948296827761016,-0.1448296815261016,objective_excluded,"[0.94824283644892784177407179645821051807934950904876, 0.94824283644892784177407179645821051807934950904876]",
crossing,A,10,-2.897447321658973,-2.772447321033973,-0.5198296834011016,-0.3948296827761016,objective_excluded,"[2.032344636575990444089674495102254018744988701862, 2.032344636575990444089674495102254018744988701862]",
crossing,A,10,-2.897447321658973,-2.772447321033973,-0.6448296840261016,-0.5198296834011016,objective_excluded,"[2.1564504801447369418938745476678270629396060907863, 2.1564504801447369418938745476678270629396060907863]",
crossing,A,10,-3.022447322283973,-2.897447321658973,-0.5198296834011016,-0.3948296827761016,objective_excluded,"[2.1759999108754939775031417479655653875938205649977, 2.1759999108754939775031417479655653875938205649977]",
crossing,A,10,-3.022447322283973,-2.897447321658973,-0.6448296840261016,-0.5198296834011016,objective_excluded,"[2.3486466567841775404168398423920780761901446506789, 2.3486466567841775404168398423920780761901446506789]",
crossing,A,10,-2.897447321658973,-2.772447321033973,-0.7698296846511016,-0.6448296840261016,objective_excluded,"[2.2517138093127662024926590204488679999243687796701, 2.2517138093127662024926590204488679999243687796701]",
crossing,A,10,-2.897447321658973,-2.772447321033973,-0.8948296852761016,-0.7698296846511016,objective_excluded,"[2.3003017067639973304562962869366773426568093991389, 2.3003017067639973304562962869366773426568093991389]",
crossing,A,10,-3.022447322283973,-2.897447321658973,-0.7698296846511016,-0.6448296840261016,objective_excluded,"[2.5050556206514968526381406717840323414330712650483, 2.5050556206514968526381406717840323414330712650483]",
crossing,A,10,-3.022447322283973,-2.897447321658973,-0.8948296852761016,-0.7698296846511016,objective_excluded,"[2.6336554767526394981486035750036674170736901946433, 2.6336554767526394981486035750036674170736901946433]",
crossing,A,9,-3.147447322908973,-3.022447322283973,-0.6448296840261016,-0.3948296827761016,objective_excluded,"[1.0990107034873552736072965977348470541125201411193, 1.0990107034873552736072965977348470541125201411193]",
crossing,A,9,-3.272447323533973,-3.147447322908973,-0.6448296840261016,-0.3948296827761016,objective_excluded,"[1.4186575982530273187208793902484395077686022297549, 1.4186575982530273187208793902484395077686022297549]",
crossing,A,9,-3.147447322908973,-3.022447322283973,-0.8948296852761016,-0.6448296840261016,objective_excluded,"[0.88219212657043949863310842460863951806329733203988, 0.88219212657043949863310842460863951806329733203988]",
crossing,A,9,-3.272447323533973,-3.147447322908973,-0.8948296852761016,-0.6448296840261016,objective_excluded,"[1.4387639952708206370122855577163933924895465068404, 1.4387639952708206370122855577163933924895465068404]",
crossing,A,10,-2.897447321658973,-2.772447321033973,-1.0198296859011016,-0.8948296852761016,objective_excluded,"[2.2758208633785278098942625509298956681329460340693, 2.2758208633785278098942625509298956681329460340693]",
crossing,A,10,-2.897447321658973,-2.772447321033973,-1.1448296865261016,-1.0198296859011016,objective_excluded,"[2.1374076914770251991852490863339743623171823791679, 2.1374076914770251991852490863339743623171823791679]",
crossing,A,10,-3.022447322283973,-2.897447321658973,-1.0198296859011016,-0.8948296852761016,objective_excluded,"[2.7169314839438259327386370739604574090509854154945, 2.7169314839438259327386370739604574090509854154945]",
crossing,A,10,-3.022447322283973,-2.897447321658973,-1.1448296865261016,-1.0198296859011016,objective_excluded,"[2.7287640701032475991110533025083250831308766140416, 2.7287640701032475991110533025083250831308766140416]",
crossing,A,10,-2.897447321658973,-2.772447321033973,-1.2698296871511016,-1.1448296865261016,objective_excluded,"[1.8202250815954190249796556717072479704177926560582, 1.8202250815954190249796556717072479704177926560582]",
crossing,A,10,-2.897447321658973,-2.772447321033973,-1.3948296877761016,-1.2698296871511016,objective_excluded,"[1.2158152461050818628047106586279965502633446903748, 1.2158152461050818628047106586279965502633446903748]",
crossing,A,10,-3.022447322283973,-2.897447321658973,-1.2698296871511016,-1.1448296865261016,objective_excluded,"[2.6294590022612127401983718679634766509987426315808, 2.6294590022612127401983718679634766509987426315808]",
crossing,A,10,-3.022447322283973,-2.897447321658973,-1.3948296877761016,-1.2698296871511016,objective_excluded,"[2.3555668529285209609751872888468684275865115649137, 2.3555668529285209609751872888468684275865115649137]",
crossing,A,10,-3.147447322908973,-3.022447322283973,-1.0198296859011016,-0.8948296852761016,objective_excluded,"[3.0656048575714262285740427087259942651005661415336, 3.0656048575714262285740427087259942651005661415336]",
crossing,A,10,-3.147447322908973,-3.022447322283973,-1.1448296865261016,-1.0198296859011016,objective_excluded,"[3.18510818219915064098545907280825256604074720089, 3.18510818219915064098545907280825256604074720089]",
crossing,A,9,-3.272447323533973,-3.147447322908973,-1.1448296865261016,-0.8948296852761016,objective_excluded,"[1.0740172859022056610277585279498280829602732529996, 1.0740172859022056610277585279498280829602732529996]",
crossing,A,10,-3.147447322908973,-3.022447322283973,-1.2698296871511016,-1.1448296865261016,objective_excluded,"[3.2351090641177317206368225471525445185272665350854, 3.2351090641177317206368225471525445185272665350854]",
crossing,A,10,-3.147447322908973,-3.022447322283973,-1.3948296877761016,-1.2698296871511016,objective_excluded,"[3.1767549490855413571040413507333410630272871854722, 3.1767549490855413571040413507333410630272871854722]",
crossing,A,10,-3.272447323533973,-3.147447322908973,-1.2698296871511016,-1.1448296865261016,objective_excluded,"[3.707355995481185064502437074558334870494317696027, 3.707355995481185064502437074558334870494317696027]",
crossing,A,10,-3.272447323533973,-3.147447322908973,-1.3948296877761016,-1.2698296871511016,objective_excluded,"[3.7970348945297099576530780541916058788936977543691, 3.7970348945297099576530780541916058788936977543691]",
crossing,A,9,-3.397447324158973,-3.272447323533973,-0.6448296840261016,-0.3948296827761016,objective_excluded,"[1.6749969267340462345050628674517237190905059032064, 1.6749969267340462345050628674517237190905059032064]",
crossing,A,9,-3.522447324783973,-3.397447324158973,-0.6448296840261016,-0.3948296827761016,objective_excluded,"[1.8837443048864040606044724702604766700280128254108, 1.8837443048864040606044724702604766700280128254108]",
crossing,A,9,-3.397447324158973,-3.272447323533973,-0.8948296852761016,-0.6448296840261016,objective_excluded,"[1.8627205574757028918409710687233571811514941484238, 1.8627205574757028918409710687233571811514941484238]",
crossing,A,9,-3.522447324783973,-3.397447324158973,-0.8948296852761016,-0.6448296840261016,objective_excluded,"[2.2050172773950134513639788904960250078151482870672, 2.2050172773950134513639788904960250078151482870672]",
crossing,A,8,-3.772447326033973,-3.522447324783973,-0.6448296840261016,-0.3948296827761016,objective_excluded,"[1.1221868603107709439032278404501675049544171628537, 1.1221868603107709439032278404501675049544171628537]",
crossing,A,8,-3.772447326033973,-3.522447324783973,-0.8948296852761016,-0.6448296840261016,objective_excluded,"[1.141350421131334409170533728104874650632843388006, 1.141350421131334409170533728104874650632843388006]",
crossing,A,9,-3.397447324158973,-3.272447323533973,-1.1448296865261016,-0.8948296852761016,objective_excluded,"[1.8145906149008156678718596655528074312716819676093, 1.8145906149008156678718596655528074312716819676093]",
crossing,A,9,-3.522447324783973,-3.397447324158973,-1.1448296865261016,-0.8948296852761016,objective_excluded,"[2.3921151822199434578426060761110220993677896769732, 2.3921151822199434578426060761110220993677896769732]",
crossing,A,9,-3.397447324158973,-3.272447323533973,-1.3948296877761016,-1.1448296865261016,objective_excluded,"[1.2351609082167069501045389857175782260515389103684, 1.2351609082167069501045389857175782260515389103684]",
crossing,A,9,-3.522447324783973,-3.397447324158973,-1.3948296877761016,-1.1448296865261016,objective_excluded,"[2.2151513643033635815720619614435796200469198676235, 2.2151513643033635815720619614435796200469198676235]",
crossing,A,8,-3.772447326033973,-3.522447324783973,-1.1448296865261016,-0.8948296852761016,objective_excluded,"[0.85850431659780699031263520796420338435948082309003, 0.85850431659780699031263520796420338435948082309003]",
crossing,A,9,-3.647447325408973,-3.522447324783973,-1.3948296877761016,-1.1448296865261016,objective_excluded,"[2.9749835167424127620352079898336717468292622263238, 2.9749835167424127620352079898336717468292622263238]",
crossing,A,9,-3.772447326033973,-3.647447325408973,-1.3948296877761016,-1.1448296865261016,objective_excluded,"[3.5774236113380204348691586713587575128143241508714, 3.5774236113380204348691586713587575128143241508714]",
crossing,A,10,-3.897447326658973,-3.772447326033973,0.4801703215988984,0.6051703222238984,objective_excluded,"[0.82523039040729048381844297291270587702952715077903, 0.82523039040729048381844297291270587702952715077903]",
crossing,A,10,-3.897447326658973,-3.772447326033973,0.3551703209738984,0.4801703215988984,objective_excluded,"[0.92060082642092566297920993983438197197172771022401, 0.92060082642092566297920993983438197197172771022401]",
crossing,A,11,-3.959947326971473,-3.897447326658973,0.4801703215988984,0.6051703222238984,objective_excluded,"[0.84393024736660645221196320134252453895795995530573, 0.84393024736660645221196320134252453895795995530573]",
crossing,A,11,-4.022447327283973,-3.959947326971473,0.4801703215988984,0.6051703222238984,objective_excluded,"[0.83554529971991589957234701354761759961236826370469, 0.83554529971991589957234701354761759961236826370469]",
crossing,A,10,-4.022447327283973,-3.897447326658973,0.3551703209738984,0.4801703215988984,objective_excluded,"[0.90183635601147792339802336486425634860143757283051, 0.90183635601147792339802336486425634860143757283051]",
crossing,A,9,-3.897447326658973,-3.772447326033973,0.1051703197238984,0.3551703209738984,objective_excluded,"[0.88004842946694197226972990406108286146863157882095, 0.88004842946694197226972990406108286146863157882095]",
crossing,A,9,-4.022447327283973,-3.897447326658973,0.1051703197238984,0.3551703209738984,objective_excluded,"[0.87628908331796306956581813126703791539010755857616, 0.87628908331796306956581813126703791539010755857616]",
crossing,A,11,-4.084947327596473,-4.022447327283973,0.4801703215988984,0.6051703222238984,objective_excluded,"[0.82765167839324745406687678441190274309370073636704, 0.82765167839324745406687678441190274309370073636704]",
crossing,A,11,-4.147447327908973,-4.084947327596473,0.4801703215988984,0.6051703222238984,objective_excluded,"[0.82027650371827079368297959698327118232776781878987, 0.82027650371827079368297959698327118232776781878987]",
crossing,A,10,-4.147447327908973,-4.022447327283973,0.3551703209738984,0.4801703215988984,objective_excluded,"[0.8831234082288070515318598280044751112915185214724, 0.8831234082288070515318598280044751112915185214724]",
crossing,A,11,-4.209947328221473,-4.147447327908973,0.4801703215988984,0.6051703222238984,objective_excluded,"[0.81343958035591926082643519840428197896896440952347, 0.81343958035591926082643519840428197896896440952347]",
crossing,A,11,-4.272447328533973,-4.209947328221473,0.4801703215988984,0.6051703222238984,gradient_excluded,"[0.80716293293983950013188732210862810819361459143831, 0.80716293293983950013188732210862810819361459143831]",g2
crossing,A,10,-4.272447328533973,-4.147447327908973,0.3551703209738984,0.4801703215988984,objective_excluded,"[0.86518778205361913849339689495193187362617905199915, 0.86518778205361913849339689495193187362617905199915]",
crossing,A,9,-4.147447327908973,-4.022447327283973,0.1051703197238984,0.3551703209738984,objective_excluded,"[0.86946188370280731955806621144975286776112227957273, 0.86946188370280731955806621144975286776112227957273]",
crossing,A,9,-4.272447328533973,-4.147447327908973,0.1051703197238984,0.3551703209738984,objective_excluded,"[0.86019141150394659059332508876795329503453534825937, 0.86019141150394659059332508876795329503453534825937]",
crossing,A,8,-4.022447327283973,-3.772447326033973,-0.1448296815261016,0.1051703197238984,objective_excluded,"[0.88095047818348838399374858839946442756618059075186, 0.88095047818348838399374858839946442756618059075186]",
crossing,A,8,-4.022447327283973,-3.772447326033973,-0.3948296827761016,-0.1448296815261016,objective_excluded,"[1.2691978099533662947401017539366173127289920434264, 1.2691978099533662947401017539366173127289920434264]",
crossing,A,8,-4.272447328533973,-4.022447327283973,-0.1448296815261016,0.1051703197238984,objective_excluded,"[0.98035856671316670996720779813766855390380061038382, 0.98035856671316670996720779813766855390380061038382]",
crossing,A,8,-4.272447328533973,-4.022447327283973,-0.3948296827761016,-0.1448296815261016,objective_excluded,"[1.4695273693671085866058532636992097298089707362718, 1.4695273693671085866058532636992097298089707362718]",
crossing,A,11,-4.334947328846473,-4.272447328533973,0.4801703215988984,0.6051703222238984,gradient_excluded,"[0.80148906579987657161520873926731422805884121718047, 0.80148906579987657161520873926731422805884121718047]",g2
crossing,A,11,-4.397447329158973,-4.334947328846473,0.4801703215988984,0.6051703222238984,gradient_excluded,"[0.79644888357517940892689476395492216342058477201744, 0.79644888357517940892689476395492216342058477201744]",g2
crossing,A,10,-4.397447329158973,-4.272447328533973,0.3551703209738984,0.4801703215988984,objective_excluded,"[0.84826204619303816469905920378427405889751932698244, 0.84826204619303816469905920378427405889751932698244]",
crossing,A,11,-4.459947329471473,-4.397447329158973,0.4801703215988984,0.6051703222238984,gradient_excluded,"[0.79207073186172676480897205365421496524147537158296, 0.79207073186172676480897205365421496524147537158296]",g2
crossing,A,12,-4.522447329783973,-4.459947329471473,0.5426703219113984,0.6051703222238984,gradient_excluded,"[0.80961547315662837410732999995861882571679422299781, 0.80961547315662837410732999995861882571679422299781]",g2
crossing,A,12,-4.522447329783973,-4.459947329471473,0.4801703215988984,0.5426703219113984,objective_excluded,"[0.83181698468912270133226377529315194763620155422792, 0.83181698468912270133226377529315194763620155422792]",
crossing,A,10,-4.522447329783973,-4.397447329158973,0.3551703209738984,0.4801703215988984,objective_excluded,"[0.8326457908044590044074075472758590470880866998195, 0.8326457908044590044074075472758590470880866998195]",
crossing,A,9,-4.397447329158973,-4.272447328533973,0.1051703197238984,0.3551703209738984,objective_excluded,"[0.84915786514715012979567688644010459151824077270893, 0.84915786514715012979567688644010459151824077270893]",
crossing,A,9,-4.522447329783973,-4.397447329158973,0.1051703197238984,0.3551703209738984,objective_excluded,"[0.83695561467236114294184287609616238583086250466097, 0.83695561467236114294184287609616238583086250466097]",
crossing,A,12,-4.584947330096473,-4.522447329783973,0.5426703219113984,0.6051703222238984,gradient_excluded,"[0.80670221186892959848626998378939292082165966879107, 0.80670221186892959848626998378939292082165966879107]",g2
crossing,A,12,-4.584947330096473,-4.522447329783973,0.4801703215988984,0.5426703219113984,objective_excluded,"[0.82609675511471452871181408484756454827823815075925, 0.82609675511471452871181408484756454827823815075925]",
crossing,A,12,-4.647447330408973,-4.584947330096473,0.5426703219113984,0.6051703222238984,gradient_excluded,"[0.80456393499853864910423434329707593328487013713447, 0.80456393499853864910423434329707593328487013713447]",g2
crossing,A,12,-4.647447330408973,-4.584947330096473,0.4801703215988984,0.5426703219113984,objective_excluded,"[0.82101740092077027020529939570104277302123411492271, 0.82101740092077027020529939570104277302123411492271]",
crossing,A,10,-4.647447330408973,-4.522447329783973,0.3551703209738984,0.4801703215988984,objective_excluded,"[0.81863504342244337275609319904596622839639820663884, 0.81863504342244337275609319904596622839639820663884]",
crossing,A,13,-4.678697330565223,-4.647447330408973,0.5426703219113984,0.6051703222238984,gradient_excluded,"[0.80618271865481062720165046307050753202828298740372, 0.80618271865481062720165046307050753202828298740372]",g2
crossing,A,13,-4.709947330721473,-4.678697330565223,0.5426703219113984,0.6051703222238984,gradient_excluded,"[0.80559494164316802154341186159497719942312059726804, 0.80559494164316802154341186159497719942312059726804]",g2
crossing,A,12,-4.709947330721473,-4.647447330408973,0.4801703215988984,0.5426703219113984,objective_excluded,"[0.81660327407212893874194938060030610905857563231946, 0.81660327407212893874194938060030610905857563231946]",
crossing,A,14,-4.741197330877723,-4.709947330721473,0.5739203220676484,0.6051703222238984,gradient_excluded,"[0.8099345534394048782698036011341540730935410967437, 0.8099345534394048782698036011341540730935410967437]",g2
crossing,A,14,-4.741197330877723,-4.709947330721473,0.5426703219113984,0.5739203220676484,objective_excluded,"[0.81330343324850281413689189685549206939341077222271, 0.81330343324850281413689189685549206939341077222271]",
crossing,A,15,-4.756822330955848,-4.741197330877723,0.5739203220676484,0.6051703222238984,gradient_excluded,"[0.81026258945573425224689597524692735036587763254154, 0.81026258945573425224689597524692735036587763254154]",g2
crossing,A,17,-4.7646348309949105,-4.756822330955848,0.5895453221457734,0.6051703222238984,gradient_excluded,"[0.81143363776831917247031137152865091032571140732161, 0.81143363776831917247031137152865091032571140732161]",g2
crossing,A,19,-4.76854108101444175,-4.7646348309949105,0.5973578221848359,0.6051703222238984,gradient_excluded,"[0.81171577819363747216316022569046810884300492482733, 0.81171577819363747216316022569046810884300492482733]",g1
crossing,A,21,-4.770494206024207375,-4.76854108101444175,0.60126407220436715,0.6051703222238984,gradient_excluded,"[0.81178502876122410492463735545896717099926986690496, 0.81178502876122410492463735545896717099926986690496]",g1
crossing,A,23,-4.7714707685290901875,-4.770494206024207375,0.603217197214132775,0.6051703222238984,gradient_excluded,"[0.81180218348856227146847404961122829036521994736056, 0.81180218348856227146847404961122829036521994736056]",g1
crossing,A,25,-4.77195904978153159375,-4.7714707685290901875,0.6041937597190155875,0.6051703222238984,gradient_excluded,"[0.81180645259498542613375262222599102860467237598188, 0.81180645259498542613375262222599102860467237598188]",g1
crossing,A,27,-4.772203190407752296875,-4.77195904978153159375,0.60468204097145699375,0.6051703222238984,gradient_excluded,"[0.81180751743460352057336925071826010467600656891154, 0.81180751743460352057336925071826010467600656891154]",g1
crossing,A,28,-4.772447331033973,-4.772203190407752296875,0.604926181597677696875,0.6051703222238984,inside_Krawczyk_box,,
crossing,A,28,-4.772447331033973,-4.772203190407752296875,0.60468204097145699375,0.604926181597677696875,objective_excluded,"[0.81180791694596640696771093055898795517144826942784, 0.81180791694596640696771093055898795517144826942784]",
crossing,A,26,-4.772447331033973,-4.77195904978153159375,0.6041937597190155875,0.60468204097145699375,objective_excluded,"[0.81180805163344917223761508714434077747778213923877, 0.81180805163344917223761508714434077747778213923877]",
crossing,A,24,-4.772447331033973,-4.7714707685290901875,0.603217197214132775,0.6041937597190155875,objective_excluded,"[0.81180858762602025930109853218659448046162766634112, 0.81180858762602025930109853218659448046162766634112]",
crossing,A,22,-4.772447331033973,-4.770494206024207375,0.60126407220436715,0.603217197214132775,objective_excluded,"[0.8118107094935260427287885076772982848018668168476, 0.8118107094935260427287885076772982848018668168476]",
crossing,A,20,-4.772447331033973,-4.76854108101444175,0.5973578221848359,0.60126407220436715,objective_excluded,"[0.81181901898135869080523213925121307460304700232719, 0.81181901898135869080523213925121307460304700232719]",
crossing,A,18,-4.772447331033973,-4.7646348309949105,0.5895453221457734,0.5973578221848359,objective_excluded,"[0.81185081348510447583830453462503043315112278801591, 0.81185081348510447583830453462503043315112278801591]",
crossing,A,16,-4.772447331033973,-4.756822330955848,0.5739203220676484,0.5895453221457734,objective_excluded,"[0.81196612469229155180252173870494855774900900163371, 0.81196612469229155180252173870494855774900900163371]",
crossing,A,14,-4.772447331033973,-4.741197330877723,0.5426703219113984,0.5739203220676484,objective_excluded,"[0.81232718381154046707434848174328578234229799051738, 0.81232718381154046707434848174328578234229799051738]",
crossing,A,12,-4.772447331033973,-4.709947330721473,0.4801703215988984,0.5426703219113984,objective_excluded,"[0.81288164058349858242834773819679264730248636886887, 0.81288164058349858242834773819679264730248636886887]",
crossing,A,10,-4.772447331033973,-4.647447330408973,0.3551703209738984,0.4801703215988984,gradient_excluded,"[0.80642381800125127831068159305298950218625677528731, 0.80642381800125127831068159305298950218625677528731]",g2
crossing,A,9,-4.647447330408973,-4.522447329783973,0.1051703197238984,0.3551703209738984,objective_excluded,"[0.82387392833038950455915616716516459907314565686297, 0.82387392833038950455915616716516459907314565686297]",
crossing,A,9,-4.772447331033973,-4.647447330408973,0.1051703197238984,0.3551703209738984,gradient_excluded,"[0.81034665403648872098404275499861544026514945165508, 0.81034665403648872098404275499861544026514945165508]",g2
crossing,A,8,-4.522447329783973,-4.272447328533973,-0.1448296815261016,0.1051703197238984,objective_excluded,"[1.0366553519398772583919743979596369917603421590222, 1.0366553519398772583919743979596369917603421590222]",
crossing,A,8,-4.522447329783973,-4.272447328533973,-0.3948296827761016,-0.1448296815261016,objective_excluded,"[1.597575121578767716799959997429203386325715368827, 1.597575121578767716799959997429203386325715368827]",
crossing,A,8,-4.772447331033973,-4.522447329783973,-0.1448296815261016,0.1051703197238984,objective_excluded,"[1.0632088142101740324722097117415306202352056626448, 1.0632088142101740324722097117415306202352056626448]",
crossing,A,8,-4.772447331033973,-4.522447329783973,-0.3948296827761016,-0.1448296815261016,objective_excluded,"[1.677210436004606827416950614129020362353848768313, 1.677210436004606827416950614129020362353848768313]",
crossing,A,8,-4.022447327283973,-3.772447326033973,-0.6448296840261016,-0.3948296827761016,objective_excluded,"[1.6571006074899511735126220546736023733775637308546, 1.6571006074899511735126220546736023733775637308546]",
crossing,A,8,-4.022447327283973,-3.772447326033973,-0.8948296852761016,-0.6448296840261016,objective_excluded,"[2.0089823845206353266365093392444553396895035956828, 2.0089823845206353266365093392444553396895035956828]",
crossing,A,8,-4.272447328533973,-4.022447327283973,-0.6448296840261016,-0.3948296827761016,objective_excluded,"[2.0173122486830497439040456761336904156994261410374, 2.0173122486830497439040456761336904156994261410374]",
crossing,A,8,-4.272447328533973,-4.022447327283973,-0.8948296852761016,-0.6448296840261016,objective_excluded,"[2.5944719002953103181235072672718115782925962543961, 2.5944719002953103181235072672718115782925962543961]",
crossing,A,8,-4.022447327283973,-3.772447326033973,-1.1448296865261016,-0.8948296852761016,objective_excluded,"[2.2196437987194081671146305740478477026274268917175, 2.2196437987194081671146305740478477026274268917175]",
crossing,A,8,-4.022447327283973,-3.772447326033973,-1.3948296877761016,-1.1448296865261016,objective_excluded,"[2.14543632137338898791829187057141758184676433304, 2.14543632137338898791829187057141758184676433304]",
crossing,A,8,-4.272447328533973,-4.022447327283973,-1.1448296865261016,-0.8948296852761016,objective_excluded,"[3.1374125484623745576547080727309479490964369635935, 3.1374125484623745576547080727309479490964369635935]",
crossing,A,8,-4.272447328533973,-4.022447327283973,-1.3948296877761016,-1.1448296865261016,objective_excluded,"[3.550499861162463367815564432868426904947418119763, 3.550499861162463367815564432868426904947418119763]",
crossing,A,8,-4.522447329783973,-4.272447328533973,-0.6448296840261016,-0.3948296827761016,objective_excluded,"[2.2567742192627640542421957614460719308988943138197, 2.2567742192627640542421957614460719308988943138197]",
crossing,A,8,-4.522447329783973,-4.272447328533973,-0.8948296852761016,-0.6448296840261016,objective_excluded,"[3.0056580129308295861934152736748927097195667968377, 3.0056580129308295861934152736748927097195667968377]",
crossing,A,7,-4.772447331033973,-4.522447329783973,-0.8948296852761016,-0.3948296827761016,objective_excluded,"[0.98158227521552673988040654374643622459253592432868, 0.98158227521552673988040654374643622459253592432868]",
crossing,A,8,-4.522447329783973,-4.272447328533973,-1.1448296865261016,-0.8948296852761016,objective_excluded,"[3.7829783110918579639562058217324458111518919676069, 3.7829783110918579639562058217324458111518919676069]",
crossing,A,8,-4.522447329783973,-4.272447328533973,-1.3948296877761016,-1.1448296865261016,objective_excluded,"[4.5250976808938517604499145145128838055734111258562, 4.5250976808938517604499145145128838055734111258562]",
crossing,A,7,-4.772447331033973,-4.522447329783973,-1.3948296877761016,-0.8948296852761016,objective_excluded,"[1.6834355830093003876172385991953474207189992631581, 1.6834355830093003876172385991953474207189992631581]",
crossing,A,6,-5.272447333533973,-4.772447331033973,2.1051703297238984,2.6051703322238984,objective_excluded,"[5.9547418596130003365414005638788335578780083537026, 5.9547418596130003365414005638788335578780083537026]",
crossing,A,6,-5.272447333533973,-4.772447331033973,1.6051703272238984,2.1051703297238984,objective_excluded,"[2.0442158067157149179732970711682472007878161862852, 2.0442158067157149179732970711682472007878161862852]",
crossing,A,5,-5.772447336033973,-5.272447333533973,1.6051703272238984,2.6051703322238984,gradient_excluded,"[-0.30992095782426937009222505689606248651924662241228, -0.30992095782426937009222505689606248651924662241228]",g2
crossing,A,7,-5.022447332283973,-4.772447331033973,1.1051703247238984,1.6051703272238984,gradient_excluded,"[0.5890666340994222352916726885301112382615187916008, 0.5890666340994222352916726885301112382615187916008]",g2
crossing,A,7,-5.272447333533973,-5.022447332283973,1.1051703247238984,1.6051703272238984,gradient_excluded,"[0.76489451679255000456302708459574600989996423939887, 0.76489451679255000456302708459574600989996423939887]",g2
crossing,A,8,-5.022447332283973,-4.772447331033973,0.8551703234738984,1.1051703247238984,gradient_excluded,"[0.71350797957884626562940233160812358411112888752945, 0.71350797957884626562940233160812358411112888752945]",g2
crossing,A,10,-4.897447331658973,-4.772447331033973,0.7301703228488984,0.8551703234738984,gradient_excluded,"[0.80311046565182039262531863258742182913860649346028, 0.80311046565182039262531863258742182913860649346028]",g2
crossing,A,12,-4.834947331346473,-4.772447331033973,0.6676703225363984,0.7301703228488984,objective_excluded,"[0.81202530595421260147423221529850862289694557244615, 0.81202530595421260147423221529850862289694557244615]",
crossing,A,14,-4.803697331190223,-4.772447331033973,0.6364203223801484,0.6676703225363984,objective_excluded,"[0.81219240387948172235467508600222340730828349277918, 0.81219240387948172235467508600222340730828349277918]",
crossing,A,16,-4.788072331112098,-4.772447331033973,0.6207953223020234,0.6364203223801484,objective_excluded,"[0.81194753835200158468610086939561797816947843922701, 0.81194753835200158468610086939561797816947843922701]",
crossing,A,18,-4.7802598310730355,-4.772447331033973,0.6129828222629609,0.6207953223020234,objective_excluded,"[0.81184838131880497119280651576303891210606954052236, 0.81184838131880497119280651576303891210606954052236]",
crossing,A,20,-4.77635358105350425,-4.772447331033973,0.60907657224342965,0.6129828222629609,objective_excluded,"[0.8118187080921996133660708893793727178911994614851, 0.8118187080921996133660708893793727178911994614851]",
crossing,A,22,-4.774400456043738625,-4.772447331033973,0.607123447233664025,0.60907657224342965,objective_excluded,"[0.81181067017450045683616627155066119061853755758469, 0.81181067017450045683616627155066119061853755758469]",
crossing,A,24,-4.7734238935388558125,-4.772447331033973,0.6061468847287812125,0.607123447233664025,objective_excluded,"[0.81180858266833677883854955192854212496060538356946, 0.81180858266833677883854955192854212496060538356946]",
crossing,A,26,-4.77293561228641440625,-4.772447331033973,0.60565860347633980625,0.6061468847287812125,objective_excluded,"[0.81180805100397337377042829988927417672530583743796, 0.81180805100397337377042829988927417672530583743796]",
crossing,A,28,-4.772691471660193703125,-4.772447331033973,0.605414462850119103125,0.60565860347633980625,objective_excluded,"[0.81180791686312670349026596050508917605774371796196, 0.81180791686312670349026596050508917605774371796196]",
crossing,A,28,-4.772691471660193703125,-4.772447331033973,0.6051703222238984,0.605414462850119103125,inside_Krawczyk_box,,
crossing,A,27,-4.77293561228641440625,-4.772691471660193703125,0.6051703222238984,0.60565860347633980625,gradient_excluded,"[0.81180751719624219991943457258224029185645293827958, 0.81180751719624219991943457258224029185645293827958]",g1
crossing,A,25,-4.7734238935388558125,-4.77293561228641440625,0.6051703222238984,0.6061468847287812125,gradient_excluded,"[0.81180645070144751480079163224151740869843349787592, 0.81180645070144751480079163224151740869843349787592]",g1
crossing,A,23,-4.774400456043738625,-4.7734238935388558125,0.6051703222238984,0.607123447233664025,gradient_excluded,"[0.81180216841916141693286100805414060507900050384591, 0.81180216841916141693286100805414060507900050384591]",g1
crossing,A,21,-4.77635358105350425,-4.774400456043738625,0.6051703222238984,0.60907657224342965,gradient_excluded,"[0.81178490919867924927690230665691260960787539607593, 0.81178490919867924927690230665691260960787539607593]",g1
crossing,A,19,-4.7802598310730355,-4.77635358105350425,0.6051703222238984,0.6129828222629609,gradient_excluded,"[0.81171483702704489763723339706799650833660414623017, 0.81171483702704489763723339706799650833660414623017]",g1
crossing,A,17,-4.788072331112098,-4.7802598310730355,0.6051703222238984,0.6207953223020234,gradient_excluded,"[0.81142635239621213571219155963634053516575844988005, 0.81142635239621213571219155963634053516575844988005]",g2
crossing,A,15,-4.803697331190223,-4.788072331112098,0.6051703222238984,0.6364203223801484,gradient_excluded,"[0.81020819900661649464052318274178763356482754968648, 0.81020819900661649464052318274178763356482754968648]",g2
crossing,A,14,-4.834947331346473,-4.803697331190223,0.6364203223801484,0.6676703225363984,objective_excluded,"[0.81321893138069944383707908761333581842777630535975, 0.81321893138069944383707908761333581842777630535975]",
crossing,A,14,-4.834947331346473,-4.803697331190223,0.6051703222238984,0.6364203223801484,gradient_excluded,"[0.80983982147396812247210999849640018689607009385399, 0.80983982147396812247210999849640018689607009385399]",g2
crossing,A,12,-4.897447331658973,-4.834947331346473,0.6676703225363984,0.7301703228488984,objective_excluded,"[0.81627147731882595612062244067192613242666737831763, 0.81627147731882595612062244067192613242666737831763]",
crossing,A,13,-4.866197331502723,-4.834947331346473,0.6051703222238984,0.6676703225363984,gradient_excluded,"[0.80510380728478155254771125119428225811319745982354, 0.80510380728478155254771125119428225811319745982354]",g2
crossing,A,13,-4.897447331658973,-4.866197331502723,0.6051703222238984,0.6676703225363984,gradient_excluded,"[0.80558628518726274721619101702417129679474880997111, 0.80558628518726274721619101702417129679474880997111]",g2
crossing,A,10,-5.022447332283973,-4.897447331658973,0.7301703228488984,0.8551703234738984,objective_excluded,"[0.82161306998107634606537416859321979728104541900358, 0.82161306998107634606537416859321979728104541900358]",
crossing,A,12,-4.959947331971473,-4.897447331658973,0.6676703225363984,0.7301703228488984,objective_excluded,"[0.82154444959234572360983755616911377751369662117949, 0.82154444959234572360983755616911377751369662117949]",
crossing,A,12,-4.959947331971473,-4.897447331658973,0.6051703222238984,0.6676703225363984,gradient_excluded,"[0.80391112263712050407007277406058585146808574636665, 0.80391112263712050407007277406058585146808574636665]",g2
crossing,A,11,-5.022447332283973,-4.959947331971473,0.6051703222238984,0.7301703228488984,gradient_excluded,"[0.78248952405431174283303189350228124090010473043502, 0.78248952405431174283303189350228124090010473043502]",g2
crossing,A,8,-5.272447333533973,-5.022447332283973,0.8551703234738984,1.1051703247238984,gradient_excluded,"[0.80160725380545495395350885504765991985722718195885, 0.80160725380545495395350885504765991985722718195885]",g2
crossing,A,10,-5.147447332908973,-5.022447332283973,0.7301703228488984,0.8551703234738984,objective_excluded,"[0.84479172534432287922876726728812172193124005649961, 0.84479172534432287922876726728812172193124005649961]",
crossing,A,10,-5.147447332908973,-5.022447332283973,0.6051703222238984,0.7301703228488984,gradient_excluded,"[0.77164692441216345229827670246819105949798236006485, 0.77164692441216345229827670246819105949798236006485]",g2
crossing,A,10,-5.272447333533973,-5.147447332908973,0.7301703228488984,0.8551703234738984,objective_excluded,"[0.87285865235168783803985054994908968821153122276468, 0.87285865235168783803985054994908968821153122276468]",
crossing,A,10,-5.272447333533973,-5.147447332908973,0.6051703222238984,0.7301703228488984,gradient_excluded,"[0.78036981673475824878597890362182121364082168267874, 0.78036981673475824878597890362182121364082168267874]",g2
crossing,A,6,-5.772447336033973,-5.272447333533973,1.1051703247238984,1.6051703272238984,gradient_excluded,"[0.38364673421554382365243142965436768032765746725127, 0.38364673421554382365243142965436768032765746725127]",g2
crossing,A,8,-5.522447334783973,-5.272447333533973,0.8551703234738984,1.1051703247238984,objective_excluded,"[0.90606379843848802361983894366986656208662704517822, 0.90606379843848802361983894366986656208662704517822]",
crossing,A,9,-5.397447334158973,-5.272447333533973,0.6051703222238984,0.8551703234738984,gradient_excluded,"[0.67633736862897554500275602126134937310983872727515, 0.67633736862897554500275602126134937310983872727515]",g2
crossing,A,9,-5.522447334783973,-5.397447334158973,0.6051703222238984,0.8551703234738984,gradient_excluded,"[0.69035108570887961601301767010456664093341418712674, 0.69035108570887961601301767010456664093341418712674]",g2
crossing,A,8,-5.772447336033973,-5.522447334783973,0.8551703234738984,1.1051703247238984,objective_excluded,"[1.0348237763934647285038003889490316094293643318009, 1.0348237763934647285038003889490316094293643318009]",
crossing,A,8,-5.772447336033973,-5.522447334783973,0.6051703222238984,0.8551703234738984,gradient_excluded,"[0.62990438048639544593031343953417451171887839320782, 0.62990438048639544593031343953417451171887839320782]",g2
crossing,A,5,-6.272447338533973,-5.772447336033973,1.6051703272238984,2.6051703322238984,objective_excluded,"[1.5235149138711791029759501242798752410979068527651, 1.5235149138711791029759501242798752410979068527651]",
crossing,A,5,-6.772447341033973,-6.272447338533973,1.6051703272238984,2.6051703322238984,objective_excluded,"[3.5582073074920811948901864362014437702329913912087, 3.5582073074920811948901864362014437702329913912087]",
crossing,A,6,-6.272447338533973,-5.772447336033973,1.1051703247238984,1.6051703272238984,objective_excluded,"[0.95535802909159136005541154768571382537642032441691, 0.95535802909159136005541154768571382537642032441691]",
crossing,A,8,-6.022447337283973,-5.772447336033973,0.8551703234738984,1.1051703247238984,objective_excluded,"[1.1909034542258278087526439755341290657988306334366, 1.1909034542258278087526439755341290657988306334366]",
crossing,A,8,-6.022447337283973,-5.772447336033973,0.6051703222238984,0.8551703234738984,gradient_excluded,"[0.67738221803441473152165373105259529001406324412022, 0.67738221803441473152165373105259529001406324412022]",g2
crossing,A,7,-6.272447338533973,-6.022447337283973,0.6051703222238984,1.1051703247238984,gradient_excluded,"[0.089014283913899595200135929716389560549576308010867, 0.089014283913899595200135929716389560549576308010867]",g2
crossing,A,6,-6.772447341033973,-6.272447338533973,1.1051703247238984,1.6051703272238984,objective_excluded,"[1.7454611062709712569437968742871041388474614905575, 1.7454611062709712569437968742871041388474614905575]",
crossing,A,7,-6.522447339783973,-6.272447338533973,0.6051703222238984,1.1051703247238984,gradient_excluded,"[0.1574975357528217065466505166683810886049617430415, 0.1574975357528217065466505166683810886049617430415]",g2
crossing,A,7,-6.772447341033973,-6.522447339783973,0.6051703222238984,1.1051703247238984,gradient_excluded,"[0.25595047765296529184983147392280129984173468444405, 0.25595047765296529184983147392280129984173468444405]",g2
crossing,A,28,-4.772691471660193703125,-4.772447331033973,0.604926181597677696875,0.6051703222238984,inside_Krawczyk_box,,
crossing,A,28,-4.772691471660193703125,-4.772447331033973,0.60468204097145699375,0.604926181597677696875,gradient_excluded,"[0.81180786896405235702881114721640958444832967979371, 0.81180786896405235702881114721640958444832967979371]",g1
crossing,A,27,-4.77293561228641440625,-4.772691471660193703125,0.60468204097145699375,0.6051703222238984,krawczyk_excluded,"[0.8118075371063356116190820428898968816077881361016, 0.8118075371063356116190820428898968816077881361016]",K disjoint
crossing,A,26,-4.77293561228641440625,-4.772447331033973,0.6041937597190155875,0.60468204097145699375,gradient_excluded,"[0.81180785970770144267900935831774396931613691275411, 0.81180785970770144267900935831774396931613691275411]",g1
crossing,A,25,-4.7734238935388558125,-4.77293561228641440625,0.6041937597190155875,0.6051703222238984,krawczyk_excluded,"[0.81180653078949032734286454330078195461209770757336, 0.81180653078949032734286454330078195461209770757336]",K disjoint
crossing,A,24,-4.7734238935388558125,-4.772447331033973,0.603217197214132775,0.6041937597190155875,gradient_excluded,"[0.81180781993161769815447248835129011726237916302477, 0.81180781993161769815447248835129011726237916302477]",g1
crossing,A,23,-4.774400456043738625,-4.7734238935388558125,0.603217197214132775,0.6051703222238984,krawczyk_excluded,"[0.8118024923276988215965549175724788580695615826233, 0.8118024923276988215965549175724788580695615826233]",K disjoint
crossing,A,22,-4.774400456043738625,-4.772447331033973,0.60126407220436715,0.603217197214132775,gradient_excluded,"[0.81180763881257670814476063296267824006664068012737, 0.81180763881257670814476063296267824006664068012737]",g1
crossing,A,22,-4.77635358105350425,-4.774400456043738625,0.603217197214132775,0.6051703222238984,krawczyk_excluded,"[0.81180268448358716988331217801695734213316927306728, 0.81180268448358716988331217801695734213316927306728]",K disjoint
crossing,A,22,-4.77635358105350425,-4.774400456043738625,0.60126407220436715,0.603217197214132775,gradient_excluded,"[0.81180540940576763894288296912747223691481423530065, 0.81180540940576763894288296912747223691481423530065]",g1
crossing,A,20,-4.77635358105350425,-4.772447331033973,0.5973578221848359,0.60126407220436715,gradient_excluded,"[0.81180673775060347164672801612505150730926890861097, 0.81180673775060347164672801612505150730926890861097]",g1
crossing,A,21,-4.778306706063269875,-4.77635358105350425,0.60126407220436715,0.6051703222238984,krawczyk_excluded,"[0.81178832602734553552313987865580684157247067071521, 0.81178832602734553552313987865580684157247067071521]",K disjoint
crossing,A,21,-4.7802598310730355,-4.778306706063269875,0.60126407220436715,0.6051703222238984,krawczyk_excluded,"[0.81179126613149847747157535783982821813347310205946, 0.81179126613149847747157535783982821813347310205946]",K disjoint
crossing,A,20,-4.7802598310730355,-4.77635358105350425,0.5973578221848359,0.60126407220436715,gradient_excluded,"[0.81179780767387033322474495177271464150000744352983, 0.81179780767387033322474495177271464150000744352983]",g1
crossing,A,18,-4.7802598310730355,-4.772447331033973,0.5895453221457734,0.5973578221848359,gradient_excluded,"[0.8118017126587189124581198309893033761539246118546, 0.8118017126587189124581198309893033761539246118546]",g1
crossing,A,20,-4.78416608109256675,-4.7802598310730355,0.60126407220436715,0.6051703222238984,krawczyk_excluded,"[0.81179378996345095223395119441368945302212539187419, 0.81179378996345095223395119441368945302212539187419]",K disjoint
crossing,A,20,-4.78416608109256675,-4.7802598310730355,0.5973578221848359,0.60126407220436715,gradient_excluded,"[0.81179223499101723455326878987859504147564495944621, 0.81179223499101723455326878987859504147564495944621]",g1
crossing,A,20,-4.788072331112098,-4.78416608109256675,0.60126407220436715,0.6051703222238984,krawczyk_excluded,"[0.81179209974465423997213880903134939048231258935355, 0.81179209974465423997213880903134939048231258935355]",K disjoint
crossing,A,20,-4.788072331112098,-4.78416608109256675,0.5973578221848359,0.60126407220436715,gradient_excluded,"[0.81179002593861436379174890457128334049265683863645, 0.81179002593861436379174890457128334049265683863645]",g2
crossing,A,18,-4.788072331112098,-4.7802598310730355,0.5895453221457734,0.5973578221848359,gradient_excluded,"[0.81176590482298080176972944337397223959902411777332, 0.81176590482298080176972944337397223959902411777332]",g1
crossing,A,16,-4.788072331112098,-4.772447331033973,0.5739203220676484,0.5895453221457734,gradient_excluded,"[0.81177011281031211986963027501038358136952611084748, 0.81177011281031211986963027501038358136952611084748]",g1
crossing,A,19,-4.79197858113162925,-4.788072331112098,0.5973578221848359,0.6051703222238984,krawczyk_excluded,"[0.81175424028042539559669255729379646137007585120999, 0.81175424028042539559669255729379646137007585120999]",K disjoint
crossing,A,19,-4.7958848311511605,-4.79197858113162925,0.5973578221848359,0.6051703222238984,krawczyk_excluded,"[0.81176937553459001428335980484230798984288438504078, 0.81176937553459001428335980484230798984288438504078]",K disjoint
crossing,A,18,-4.7958848311511605,-4.788072331112098,0.5895453221457734,0.5973578221848359,gradient_excluded,"[0.81174343979529525769000902216341167460055719064923, 0.81174343979529525769000902216341167460055719064923]",g1
crossing,A,19,-4.79979108117069175,-4.7958848311511605,0.5973578221848359,0.6051703222238984,krawczyk_excluded,"[0.81176155578647407074061662887561589431442265372622, 0.81176155578647407074061662887561589431442265372622]",K disjoint
crossing,A,19,-4.803697331190223,-4.79979108117069175,0.5973578221848359,0.6051703222238984,krawczyk_excluded,"[0.81175537178284968120778825870917785845981962389636, 0.81175537178284968120778825870917785845981962389636]",K disjoint
crossing,A,18,-4.803697331190223,-4.7958848311511605,0.5895453221457734,0.5973578221848359,gradient_excluded,"[0.81173436734135144124890700373393023363307892198429, 0.81173436734135144124890700373393023363307892198429]",g2
crossing,A,16,-4.803697331190223,-4.788072331112098,0.5739203220676484,0.5895453221457734,gradient_excluded,"[0.81162637605825212640359058279728983745529994412085, 0.81162637605825212640359058279728983745529994412085]",g1
crossing,A,14,-4.803697331190223,-4.772447331033973,0.5426703219113984,0.5739203220676484,gradient_excluded,"[0.8115495502611830766106013243108896405284388845031, 0.8115495502611830766106013243108896405284388845031]",g1
crossing,A,18,-4.8115098312292855,-4.803697331190223,0.5973578221848359,0.6051703222238984,krawczyk_excluded,"[0.81173330950076847741253266297040958319682513976761, 0.81173330950076847741253266297040958319682513976761]",K disjoint
crossing,A,18,-4.8115098312292855,-4.803697331190223,0.5895453221457734,0.5973578221848359,gradient_excluded,"[0.811738737172603480461674403052663515038668351617, 0.811738737172603480461674403052663515038668351617]",g2
crossing,A,18,-4.819322331268348,-4.8115098312292855,0.5973578221848359,0.6051703222238984,gradient_excluded,"[0.81173767723192222415365164703487800361463935274055, 0.81173767723192222415365164703487800361463935274055]",g1
crossing,A,18,-4.819322331268348,-4.8115098312292855,0.5895453221457734,0.5973578221848359,krawczyk_excluded,"[0.81175659894373031745847128856479641253001854511645, 0.81175659894373031745847128856479641253001854511645]",K disjoint
crossing,A,16,-4.819322331268348,-4.803697331190223,0.5739203220676484,0.5895453221457734,gradient_excluded,"[0.81153531149949603601763464158590109283302144502862, 0.81153531149949603601763464158590109283302144502862]",g2
crossing,A,18,-4.8271348313074105,-4.819322331268348,0.5973578221848359,0.6051703222238984,gradient_excluded,"[0.81175553692181835508246140611166370467853472124766, 0.81175553692181835508246140611166370467853472124766]",g1
crossing,A,18,-4.8271348313074105,-4.819322331268348,0.5895453221457734,0.5973578221848359,krawczyk_excluded,"[0.81178434085064503701512845599784972795866604901094, 0.81178434085064503701512845599784972795866604901094]",K disjoint
crossing,A,17,-4.834947331346473,-4.8271348313074105,0.5895453221457734,0.6051703222238984,krawczyk_excluded,"[0.81158868711286932581295521881730925422973068542951, 0.81158868711286932581295521881730925422973068542951]",K disjoint
crossing,A,16,-4.834947331346473,-4.819322331268348,0.5739203220676484,0.5895453221457734,gradient_excluded,"[0.81149731539931142451614172492975905611231188717945, 0.81149731539931142451614172492975905611231188717945]",g2
crossing,A,14,-4.834947331346473,-4.803697331190223,0.5426703219113984,0.5739203220676484,gradient_excluded,"[0.81097370134837390311179226744481063610825890931186, 0.81097370134837390311179226744481063610825890931186]",g2
crossing,A,12,-4.834947331346473,-4.772447331033973,0.4801703215988984,0.5426703219113984,gradient_excluded,"[0.8098783096539029051398144091919620200520012166537, 0.8098783096539029051398144091919620200520012166537]",g2
crossing,A,17,-4.8427598313855355,-4.834947331346473,0.5895453221457734,0.6051703222238984,krawczyk_excluded,"[0.81157650867316107643261935266771701817634429486246, 0.81157650867316107643261935266771701817634429486246]",K disjoint
crossing,A,17,-4.850572331424598,-4.8427598313855355,0.5895453221457734,0.6051703222238984,krawczyk_excluded,"[0.8115776973532781309886194989736858592205433256627, 0.8115776973532781309886194989736858592205433256627]",K disjoint
crossing,A,16,-4.850572331424598,-4.834947331346473,0.5739203220676484,0.5895453221457734,gradient_excluded,"[0.81151278314459012468619511002964914989387126105895, 0.81151278314459012468619511002964914989387126105895]",g2
crossing,A,17,-4.8583848314636605,-4.850572331424598,0.5895453221457734,0.6051703222238984,gradient_excluded,"[0.81159230247445804484054956471405374083221598546065, 0.81159230247445804484054956471405374083221598546065]",g1
crossing,A,17,-4.866197331502723,-4.8583848314636605,0.5895453221457734,0.6051703222238984,gradient_excluded,"[0.81162037329534243984755902987451005882033771355834, 0.81162037329534243984755902987451005882033771355834]",g1
crossing,A,17,-4.8583848314636605,-4.850572331424598,0.5739203220676484,0.5895453221457734,krawczyk_excluded,"[0.8116251993324497097512788675717753468739056261027, 0.8116251993324497097512788675717753468739056261027]",K disjoint
crossing,A,17,-4.866197331502723,-4.8583848314636605,0.5739203220676484,0.5895453221457734,krawczyk_excluded,"[0.81166679587877681103294984671777763308763376095706, 0.81166679587877681103294984671777763308763376095706]",K disjoint
crossing,A,14,-4.866197331502723,-4.834947331346473,0.5426703219113984,0.5739203220676484,gradient_excluded,"[0.81060279644182034777688844792290982093991412088675, 0.81060279644182034777688844792290982093991412088675]",g2
crossing,A,16,-4.881822331580848,-4.866197331502723,0.5895453221457734,0.6051703222238984,gradient_excluded,"[0.81157395477027164746626466163988070956671773097988, 0.81157395477027164746626466163988070956671773097988]",g1
crossing,A,16,-4.881822331580848,-4.866197331502723,0.5739203220676484,0.5895453221457734,krawczyk_excluded,"[0.81169244451486149196494676461974758184344183113324, 0.81169244451486149196494676461974758184344183113324]",K disjoint
crossing,A,16,-4.897447331658973,-4.881822331580848,0.5895453221457734,0.6051703222238984,gradient_excluded,"[0.81169749458840324089979583973077044637673356124623, 0.81169749458840324089979583973077044637673356124623]",g1
crossing,A,16,-4.897447331658973,-4.881822331580848,0.5739203220676484,0.5895453221457734,objective_excluded,"[0.81181709232857350902579384136423134447005780249564, 0.81181709232857350902579384136423134447005780249564]",
crossing,A,14,-4.897447331658973,-4.866197331502723,0.5426703219113984,0.5739203220676484,gradient_excluded,"[0.81043998307537874186579562195566710770614661162704, 0.81043998307537874186579562195566710770614661162704]",g2
crossing,A,12,-4.897447331658973,-4.834947331346473,0.4801703215988984,0.5426703219113984,gradient_excluded,"[0.80761870219186062457726415630608151955809684679567, 0.80761870219186062457726415630608151955809684679567]",g2
crossing,A,10,-4.897447331658973,-4.772447331033973,0.3551703209738984,0.4801703215988984,gradient_excluded,"[0.79627747176310381237596557990783182857716869095378, 0.79627747176310381237596557990783182857716869095378]",g2
crossing,A,16,-4.913072331737098,-4.897447331658973,0.5895453221457734,0.6051703222238984,objective_excluded,"[0.81187567521212241720570338497297749116248578049047, 0.81187567521212241720570338497297749116248578049047]",
crossing,A,16,-4.913072331737098,-4.897447331658973,0.5739203220676484,0.5895453221457734,objective_excluded,"[0.81198135336440369624396301300315089916120210600194, 0.81198135336440369624396301300315089916120210600194]",
crossing,A,16,-4.928697331815223,-4.913072331737098,0.5895453221457734,0.6051703222238984,objective_excluded,"[0.81210888468757126218690928541041975368904437648193, 0.81210888468757126218690928541041975368904437648193]",
crossing,A,16,-4.928697331815223,-4.913072331737098,0.5739203220676484,0.5895453221457734,objective_excluded,"[0.81198594398007799531829823088234211557692834190131, 0.81198594398007799531829823088234211557692834190131]",
crossing,A,14,-4.928697331815223,-4.897447331658973,0.5426703219113984,0.5739203220676484,gradient_excluded,"[0.81048839398779803541838025589467219310769170097104, 0.81048839398779803541838025589467219310769170097104]",g2
crossing,A,16,-4.944322331893348,-4.928697331815223,0.5895453221457734,0.6051703222238984,objective_excluded,"[0.81239751927634521999773990561480390949739298468547, 0.81239751927634521999773990561480390949739298468547]",
crossing,A,16,-4.944322331893348,-4.928697331815223,0.5739203220676484,0.5895453221457734,objective_excluded,"[0.81204379041220126165322109371811414065881074818432, 0.81204379041220126165322109371811414065881074818432]",
crossing,A,16,-4.959947331971473,-4.944322331893348,0.5895453221457734,0.6051703222238984,objective_excluded,"[0.81274196785136340485536546164568147659534894513852, 0.81274196785136340485536546164568147659534894513852]",
crossing,A,16,-4.959947331971473,-4.944322331893348,0.5739203220676484,0.5895453221457734,objective_excluded,"[0.81215528683491795729131532419031973029406188562143, 0.81215528683491795729131532419031973029406188562143]",
crossing,A,16,-4.944322331893348,-4.928697331815223,0.5582953219895234,0.5739203220676484,objective_excluded,"[0.81216218976789615602314531450335745730342638024624, 0.81216218976789615602314531450335745730342638024624]",
crossing,A,16,-4.944322331893348,-4.928697331815223,0.5426703219113984,0.5582953219895234,objective_excluded,"[0.81289704804619225363253419624899452621146895772955, 0.81289704804619225363253419624899452621146895772955]",
crossing,A,16,-4.959947331971473,-4.944322331893348,0.5582953219895234,0.5739203220676484,objective_excluded,"[0.81227478389518598961961460098377555195061175025797, 0.81227478389518598961961460098377555195061175025797]",
crossing,A,16,-4.959947331971473,-4.944322331893348,0.5426703219113984,0.5582953219895234,objective_excluded,"[0.81283654434319725356218716311134355847537179685021, 0.81283654434319725356218716311134355847537179685021]",
crossing,A,12,-4.959947331971473,-4.897447331658973,0.4801703215988984,0.5426703219113984,gradient_excluded,"[0.80612813790807860756033997887316046852427737103945, 0.80612813790807860756033997887316046852427737103945]",g2
crossing,A,15,-4.975572332049598,-4.959947331971473,0.5739203220676484,0.6051703222238984,gradient_excluded,"[0.81111841995656553451085594031810947112666673351477, 0.81111841995656553451085594031810947112666673351477]",g1
crossing,A,15,-4.991197332127723,-4.975572332049598,0.5739203220676484,0.6051703222238984,gradient_excluded,"[0.81133140269553436859637744315810644061606003381881, 0.81133140269553436859637744315810644061606003381881]",g1
crossing,A,15,-4.975572332049598,-4.959947331971473,0.5426703219113984,0.5739203220676484,krawczyk_excluded,"[0.81136932357753446396931948201202030987547620420187, 0.81136932357753446396931948201202030987547620420187]",K disjoint
crossing,A,15,-4.991197332127723,-4.975572332049598,0.5426703219113984,0.5739203220676484,krawczyk_excluded,"[0.81158984950484276499579600282604908435477384054628, 0.81158984950484276499579600282604908435477384054628]",K disjoint
crossing,A,14,-5.022447332283973,-4.991197332127723,0.5739203220676484,0.6051703222238984,gradient_excluded,"[0.81116960862971740565698886549861872067606030934999, 0.81116960862971740565698886549861872067606030934999]",g1
crossing,A,15,-5.006822332205848,-4.991197332127723,0.5426703219113984,0.5739203220676484,objective_excluded,"[0.81185989392615149534292702397679579092992709118217, 0.81185989392615149534292702397679579092992709118217]",
crossing,A,15,-5.022447332283973,-5.006822332205848,0.5426703219113984,0.5739203220676484,objective_excluded,"[0.81218509580503597063876354673620628948540856686519, 0.81218509580503597063876354673620628948540856686519]",
crossing,A,12,-5.022447332283973,-4.959947331971473,0.4801703215988984,0.5426703219113984,gradient_excluded,"[0.80543131398774121810139139796231835122151306766875, 0.80543131398774121810139139796231835122151306766875]",g2
crossing,A,10,-5.022447332283973,-4.897447331658973,0.3551703209738984,0.4801703215988984,gradient_excluded,"[0.78843108192510289595622460381215778580657133481187, 0.78843108192510289595622460381215778580657133481187]",g2
crossing,A,9,-4.897447331658973,-4.772447331033973,0.1051703197238984,0.3551703209738984,gradient_excluded,"[0.79620346241934691529797759213071561316513005148115, 0.79620346241934691529797759213071561316513005148115]",g2
crossing,A,9,-5.022447332283973,-4.897447331658973,0.1051703197238984,0.3551703209738984,gradient_excluded,"[0.78206978488969528181570559411890236345338063065626, 0.78206978488969528181570559411890236345338063065626]",g2
crossing,A,14,-5.053697332440223,-5.022447332283973,0.5739203220676484,0.6051703222238984,objective_excluded,"[0.81186944574162956343147022197463295169357458598972, 0.81186944574162956343147022197463295169357458598972]",
crossing,A,14,-5.053697332440223,-5.022447332283973,0.5426703219113984,0.5739203220676484,objective_excluded,"[0.81238621068512326723013374263368025686316408420899, 0.81238621068512326723013374263368025686316408420899]",
crossing,A,14,-5.084947332596473,-5.053697332440223,0.5739203220676484,0.6051703222238984,objective_excluded,"[0.81279287756157620752170577235675492758367901454619, 0.81279287756157620752170577235675492758367901454619]",
crossing,A,14,-5.084947332596473,-5.053697332440223,0.5426703219113984,0.5739203220676484,objective_excluded,"[0.81242012085444433419712615346222934599040871924846, 0.81242012085444433419712615346222934599040871924846]",
crossing,A,13,-5.053697332440223,-5.022447332283973,0.4801703215988984,0.5426703219113984,gradient_excluded,"[0.8074803735606430828658199573313080574556819499028, 0.8074803735606430828658199573313080574556819499028]",g2
crossing,A,13,-5.084947332596473,-5.053697332440223,0.4801703215988984,0.5426703219113984,gradient_excluded,"[0.80763409055999825201182812652667312403597366155463, 0.80763409055999825201182812652667312403597366155463]",g2
crossing,A,14,-5.116197332752723,-5.084947332596473,0.5739203220676484,0.6051703222238984,objective_excluded,"[0.81394292459581525113074195663430347467473221758325, 0.81394292459581525113074195663430347467473221758325]",
crossing,A,14,-5.116197332752723,-5.084947332596473,0.5426703219113984,0.5739203220676484,objective_excluded,"[0.81262020951609483620501611120553852867240835459691, 0.81262020951609483620501611120553852867240835459691]",
crossing,A,14,-5.147447332908973,-5.116197332752723,0.5739203220676484,0.6051703222238984,objective_excluded,"[0.81532257598106520846095993352198741063700921626919, 0.81532257598106520846095993352198741063700921626919]",
crossing,A,14,-5.147447332908973,-5.116197332752723,0.5426703219113984,0.5739203220676484,objective_excluded,"[0.81303284356677038973970584486215181282201826228657, 0.81303284356677038973970584486215181282201826228657]",
crossing,A,14,-5.116197332752723,-5.084947332596473,0.5114203217551484,0.5426703219113984,objective_excluded,"[0.81309620409096141234981442339579328257070577850339, 0.81309620409096141234981442339579328257070577850339]",
crossing,A,14,-5.116197332752723,-5.084947332596473,0.4801703215988984,0.5114203217551484,objective_excluded,"[0.81640707654774005404083893287283148966334070455215, 0.81640707654774005404083893287283148966334070455215]",
crossing,A,14,-5.147447332908973,-5.116197332752723,0.5114203217551484,0.5426703219113984,objective_excluded,"[0.81353941728243480388428335221324277063390736765401, 0.81353941728243480388428335221324277063390736765401]",
crossing,A,14,-5.147447332908973,-5.116197332752723,0.4801703215988984,0.5114203217551484,objective_excluded,"[0.81612521682206949371586483773119656222984918081145, 0.81612521682206949371586483773119656222984918081145]",
crossing,A,10,-5.147447332908973,-5.022447332283973,0.3551703209738984,0.4801703215988984,gradient_excluded,"[0.78309970825707831916174279118548375178199095309975, 0.78309970825707831916174279118548375178199095309975]",g2
crossing,A,14,-5.178697333065223,-5.147447332908973,0.5739203220676484,0.6051703222238984,objective_excluded,"[0.81693478634822905268089250975023741467398535590168, 0.81693478634822905268089250975023741467398535590168]",
crossing,A,14,-5.178697333065223,-5.147447332908973,0.5426703219113984,0.5739203220676484,objective_excluded,"[0.81366100080195542923696349775187657444782399446599, 0.81366100080195542923696349775187657444782399446599]",
crossing,A,13,-5.209947333221473,-5.178697333065223,0.5426703219113984,0.6051703222238984,gradient_excluded,"[0.80908389283104961850308855764019767609003877777192, 0.80908389283104961850308855764019767609003877777192]",g1
crossing,A,14,-5.178697333065223,-5.147447332908973,0.5114203217551484,0.5426703219113984,objective_excluded,"[0.81417635649142189927820319013549396925272552890353, 0.81417635649142189927820319013549396925272552890353]",
crossing,A,14,-5.178697333065223,-5.147447332908973,0.4801703215988984,0.5114203217551484,objective_excluded,"[0.81604505706846549975315033440884575028840120353311, 0.81604505706846549975315033440884575028840120353311]",
crossing,A,14,-5.209947333221473,-5.178697333065223,0.5114203217551484,0.5426703219113984,objective_excluded,"[0.81503173704943656798490080642454098335931410066588, 0.81503173704943656798490080642454098335931410066588]",
crossing,A,14,-5.209947333221473,-5.178697333065223,0.4801703215988984,0.5114203217551484,objective_excluded,"[0.81616953604094993270344396996750806499173224800288, 0.81616953604094993270344396996750806499173224800288]",
crossing,A,12,-5.272447333533973,-5.209947333221473,0.5426703219113984,0.6051703222238984,gradient_excluded,"[0.8079023042987517972569805459744126452574022129107, 0.8079023042987517972569805459744126452574022129107]",g2
crossing,A,14,-5.241197333377723,-5.209947333221473,0.5114203217551484,0.5426703219113984,objective_excluded,"[0.81610509734601516194971805886195429749292123080894, 0.81610509734601516194971805886195429749292123080894]",
crossing,A,14,-5.241197333377723,-5.209947333221473,0.4801703215988984,0.5114203217551484,objective_excluded,"[0.81650156610754693910283017448764025743249780910692, 0.81650156610754693910283017448764025743249780910692]",
crossing,A,13,-5.272447333533973,-5.241197333377723,0.4801703215988984,0.5426703219113984,objective_excluded,"[0.8125443418814288093117633543486701792961130026915, 0.8125443418814288093117633543486701792961130026915]",
crossing,A,10,-5.272447333533973,-5.147447332908973,0.3551703209738984,0.4801703215988984,gradient_excluded,"[0.78047540691188197265475829598557693413910097774505, 0.78047540691188197265475829598557693413910097774505]",g2
crossing,A,9,-5.147447332908973,-5.022447332283973,0.1051703197238984,0.3551703209738984,gradient_excluded,"[0.76863372175686096976664360239298221744933048359618, 0.76863372175686096976664360239298221744933048359618]",g2
crossing,A,9,-5.272447333533973,-5.147447332908973,0.1051703197238984,0.3551703209738984,gradient_excluded,"[0.75619298771241180660543121605363232352403234260348, 0.75619298771241180660543121605363232352403234260348]",g2
crossing,A,8,-5.022447332283973,-4.772447331033973,-0.1448296815261016,0.1051703197238984,objective_excluded,"[1.0687550933524894994032697832367863882229127518723, 1.0687550933524894994032697832367863882229127518723]",
crossing,A,8,-5.022447332283973,-4.772447331033973,-0.3948296827761016,-0.1448296815261016,objective_excluded,"[1.7210756850129938600536322685546721566811175857931, 1.7210756850129938600536322685546721566811175857931]",
crossing,A,8,-5.272447333533973,-5.022447332283973,-0.1448296815261016,0.1051703197238984,objective_excluded,"[1.0606912797776499216016485133385029128522570706777, 1.0606912797776499216016485133385029128522570706777]",
crossing,A,8,-5.272447333533973,-5.022447332283973,-0.3948296827761016,-0.1448296815261016,objective_excluded,"[1.7413197428726145670271317841696303730847701155726, 1.7413197428726145670271317841696303730847701155726]",
crossing,A,12,-5.334947333846473,-5.272447333533973,0.5426703219113984,0.6051703222238984,gradient_excluded,"[0.81061274156155290229958062551673547771429505231462, 0.81061274156155290229958062551673547771429505231462]",g2
crossing,A,12,-5.334947333846473,-5.272447333533973,0.4801703215988984,0.5426703219113984,objective_excluded,"[0.8129373508894308831430219551583695565690626786548, 0.8129373508894308831430219551583695565690626786548]",
crossing,A,12,-5.397447334158973,-5.334947333846473,0.5426703219113984,0.6051703222238984,objective_excluded,"[0.8142372904638584294150562398282220837568100995969, 0.8142372904638584294150562398282220837568100995969]",
crossing,A,12,-5.397447334158973,-5.334947333846473,0.4801703215988984,0.5426703219113984,objective_excluded,"[0.81377143160562200640696538565841022980340125302305, 0.81377143160562200640696538565841022980340125302305]",
crossing,A,11,-5.334947333846473,-5.272447333533973,0.3551703209738984,0.4801703215988984,gradient_excluded,"[0.7916316685378001626274420578174790719911427244827, 0.7916316685378001626274420578174790719911427244827]",g2
crossing,A,11,-5.397447334158973,-5.334947333846473,0.3551703209738984,0.4801703215988984,gradient_excluded,"[0.79192157581360894334498114508646337675659287596233, 0.79192157581360894334498114508646337675659287596233]",g2
crossing,A,12,-5.459947334471473,-5.397447334158973,0.5426703219113984,0.6051703222238984,objective_excluded,"[0.81879975475494290741537251129820327004188011883298, 0.81879975475494290741537251129820327004188011883298]",
crossing,A,12,-5.459947334471473,-5.397447334158973,0.4801703215988984,0.5426703219113984,objective_excluded,"[0.81434649025920774623760276228351435235042530349444, 0.81434649025920774623760276228351435235042530349444]",
crossing,A,12,-5.522447334783973,-5.459947334471473,0.5426703219113984,0.6051703222238984,objective_excluded,"[0.82432220443738488787353656546354706043649381223219, 0.82432220443738488787353656546354706043649381223219]",
crossing,A,12,-5.522447334783973,-5.459947334471473,0.4801703215988984,0.5426703219113984,objective_excluded,"[0.81575088215808754701622340759977158013974310170609, 0.81575088215808754701622340759977158013974310170609]",
crossing,A,12,-5.459947334471473,-5.397447334158973,0.4176703212863984,0.4801703215988984,objective_excluded,"[0.8162330813841544505093002255847410494514115108513, 0.8162330813841544505093002255847410494514115108513]",
crossing,A,12,-5.459947334471473,-5.397447334158973,0.3551703209738984,0.4176703212863984,objective_excluded,"[0.8326212978373368949451932265349262694119083555242, 0.8326212978373368949451932265349262694119083555242]",
crossing,A,12,-5.522447334783973,-5.459947334471473,0.4176703212863984,0.4801703215988984,objective_excluded,"[0.81798802721443062996121182376253922135745412955601, 0.81798802721443062996121182376253922135745412955601]",
crossing,A,12,-5.522447334783973,-5.459947334471473,0.3551703209738984,0.4176703212863984,objective_excluded,"[0.83123652442374262100274286272639372330198155803109, 0.83123652442374262100274286272639372330198155803109]",
crossing,A,8,-5.522447334783973,-5.272447333533973,0.1051703197238984,0.3551703209738984,gradient_excluded,"[0.66121911001531999929422149901086381689530067922715, 0.66121911001531999929422149901086381689530067922715]",g2
crossing,A,12,-5.584947335096473,-5.522447334783973,0.5426703219113984,0.6051703222238984,objective_excluded,"[0.83082521317426068707180836326325942554844876517149, 0.83082521317426068707180836326325942554844876517149]",
crossing,A,12,-5.584947335096473,-5.522447334783973,0.4801703215988984,0.5426703219113984,objective_excluded,"[0.81800664393550195062611396371515642191286491068616, 0.81800664393550195062611396371515642191286491068616]",
crossing,A,12,-5.647447335408973,-5.584947335096473,0.5426703219113984,0.6051703222238984,objective_excluded,"[0.83832829761581743080857184499274744692855257143632, 0.83832829761581743080857184499274744692855257143632]",
crossing,A,12,-5.647447335408973,-5.584947335096473,0.4801703215988984,0.5426703219113984,objective_excluded,"[0.821135093998697253367887921166740187131043327387, 0.821135093998697253367887921166740187131043327387]",
crossing,A,12,-5.584947335096473,-5.522447334783973,0.4176703212863984,0.4801703215988984,objective_excluded,"[0.82031201261942424395471431725728388465008829049123, 0.82031201261942424395471431725728388465008829049123]",
crossing,A,12,-5.584947335096473,-5.522447334783973,0.3551703209738984,0.4176703212863984,objective_excluded,"[0.83059687222598037389103572117053644436106863027649, 0.83059687222598037389103572117053644436106863027649]",
crossing,A,12,-5.647447335408973,-5.584947335096473,0.4176703212863984,0.4801703215988984,objective_excluded,"[0.823507131711428471745095704098660919672417110564, 0.823507131711428471745095704098660919672417110564]",
crossing,A,12,-5.647447335408973,-5.584947335096473,0.3551703209738984,0.4176703212863984,objective_excluded,"[0.83072417986789275877553885876114003761538659316454, 0.83072417986789275877553885876114003761538659316454]",
crossing,A,11,-5.709947335721473,-5.647447335408973,0.4801703215988984,0.6051703222238984,gradient_excluded,"[0.79905251433024845058936861867894967451496297449711, 0.79905251433024845058936861867894967451496297449711]",g2
crossing,A,11,-5.772447336033973,-5.709947335721473,0.4801703215988984,0.6051703222238984,gradient_excluded,"[0.80351092803689097384915648741948520871686748725909, 0.80351092803689097384915648741948520871686748725909]",g1
crossing,A,12,-5.709947335721473,-5.647447335408973,0.4176703212863984,0.4801703215988984,objective_excluded,"[0.82759342130081351381708821568055056021980924070885, 0.82759342130081351381708821568055056021980924070885]",
crossing,A,12,-5.709947335721473,-5.647447335408973,0.3551703209738984,0.4176703212863984,objective_excluded,"[0.83163940851019170731265440768442308134268217472826, 0.83163940851019170731265440768442308134268217472826]",
crossing,A,12,-5.772447336033973,-5.709947335721473,0.4176703212863984,0.4801703215988984,objective_excluded,"[0.83113054960642931613170474814654668861930904877905, 0.83113054960642931613170474814654668861930904877905]",
crossing,A,12,-5.772447336033973,-5.709947335721473,0.3551703209738984,0.4176703212863984,objective_excluded,"[0.83333578940647195851269224642318792056630502901122, 0.83333578940647195851269224642318792056630502901122]",
crossing,A,9,-5.647447335408973,-5.522447334783973,0.1051703197238984,0.3551703209738984,gradient_excluded,"[0.72740209070058265049027244697825030403996558484752, 0.72740209070058265049027244697825030403996558484752]",g2
crossing,A,9,-5.772447336033973,-5.647447335408973,0.1051703197238984,0.3551703209738984,gradient_excluded,"[0.72164231994464977283412294198396142292496077852677, 0.72164231994464977283412294198396142292496077852677]",g2
crossing,A,8,-5.522447334783973,-5.272447333533973,-0.1448296815261016,0.1051703197238984,objective_excluded,"[1.0434623977997366544499881571072261233137202496067, 1.0434623977997366544499881571072261233137202496067]",
crossing,A,8,-5.522447334783973,-5.272447333533973,-0.3948296827761016,-0.1448296815261016,objective_excluded,"[1.743449985088490310499542966358902997050389030163, 1.743449985088490310499542966358902997050389030163]",
crossing,A,7,-5.772447336033973,-5.522447334783973,-0.3948296827761016,0.1051703197238984,gradient_excluded,"[0.47152945492935060646093140096319461539789183596038, 0.47152945492935060646093140096319461539789183596038]",g2
crossing,A,7,-5.022447332283973,-4.772447331033973,-0.8948296852761016,-0.3948296827761016,objective_excluded,"[1.4026042120134650860861342143161395317781544905894, 1.4026042120134650860861342143161395317781544905894]",
crossing,A,7,-5.272447333533973,-5.022447332283973,-0.8948296852761016,-0.3948296827761016,objective_excluded,"[1.7060818998771710123286167639093293243142526150085, 1.7060818998771710123286167639093293243142526150085]",
crossing,A,7,-5.022447332283973,-4.772447331033973,-1.3948296877761016,-0.8948296852761016,objective_excluded,"[2.792684799814363352883037964027794566769385558741, 2.792684799814363352883037964027794566769385558741]",
crossing,A,7,-5.272447333533973,-5.022447332283973,-1.3948296877761016,-0.8948296852761016,objective_excluded,"[3.5665417512651206001169837031693740335549941170077, 3.5665417512651206001169837031693740335549941170077]",
crossing,A,6,-5.772447336033973,-5.272447333533973,-0.8948296852761016,-0.3948296827761016,objective_excluded,"[0.90956825850719993727582317431788149304544128690634, 0.90956825850719993727582317431788149304544128690634]",
crossing,A,6,-5.772447336033973,-5.272447333533973,-1.3948296877761016,-0.8948296852761016,objective_excluded,"[2.5311335453737204558713373734997003948772416175914, 2.5311335453737204558713373734997003948772416175914]",
crossing,A,10,-5.897447336658973,-5.772447336033973,0.4801703215988984,0.6051703222238984,gradient_excluded,"[0.79725355487926789769856256476931191524373819998754, 0.79725355487926789769856256476931191524373819998754]",g2
crossing,A,11,-5.834947336346473,-5.772447336033973,0.3551703209738984,0.4801703215988984,objective_excluded,"[0.81522638838433904127230288331811762765468577882947, 0.81522638838433904127230288331811762765468577882947]",
crossing,A,11,-5.897447336658973,-5.834947336346473,0.3551703209738984,0.4801703215988984,objective_excluded,"[0.8217317031214983266568675340944897308330309402372, 0.8217317031214983266568675340944897308330309402372]",
crossing,A,10,-6.022447337283973,-5.897447336658973,0.4801703215988984,0.6051703222238984,gradient_excluded,"[0.81064413950632878979482308576583755912408892269347, 0.81064413950632878979482308576583755912408892269347]",g2
crossing,A,10,-6.022447337283973,-5.897447336658973,0.3551703209738984,0.4801703215988984,objective_excluded,"[0.81872557821274441949084588730569180351972115671329, 0.81872557821274441949084588730569180351972115671329]",
crossing,A,9,-5.897447336658973,-5.772447336033973,0.1051703197238984,0.3551703209738984,gradient_excluded,"[0.71822657810189657741151177443319344690682344936792, 0.71822657810189657741151177443319344690682344936792]",g2
crossing,A,9,-6.022447337283973,-5.897447336658973,0.1051703197238984,0.3551703209738984,gradient_excluded,"[0.71685152636195218002919935848584797820125500811419, 0.71685152636195218002919935848584797820125500811419]",g2
crossing,A,10,-6.147447337908973,-6.022447337283973,0.4801703215988984,0.6051703222238984,objective_excluded,"[0.82801984428109700553501557186109859507004371794305, 0.82801984428109700553501557186109859507004371794305]",
crossing,A,10,-6.147447337908973,-6.022447337283973,0.3551703209738984,0.4801703215988984,objective_excluded,"[0.8189989118478957201476950608654580262954166221527, 0.8189989118478957201476950608654580262954166221527]",
crossing,A,10,-6.272447338533973,-6.147447337908973,0.4801703215988984,0.6051703222238984,objective_excluded,"[0.84948389932526763564722511168473661717299447852096, 0.84948389932526763564722511168473661717299447852096]",
crossing,A,10,-6.272447338533973,-6.147447337908973,0.3551703209738984,0.4801703215988984,objective_excluded,"[0.82247679063619126555119033521117963838655915721634, 0.82247679063619126555119033521117963838655915721634]",
crossing,A,10,-6.147447337908973,-6.022447337283973,0.2301703203488984,0.3551703209738984,objective_excluded,"[0.82725736174604968896794801105359309436138355132017, 0.82725736174604968896794801105359309436138355132017]",
crossing,A,10,-6.147447337908973,-6.022447337283973,0.1051703197238984,0.2301703203488984,objective_excluded,"[0.91987275050068951055462403839786625262283691862961, 0.91987275050068951055462403839786625262283691862961]",
crossing,A,10,-6.272447338533973,-6.147447337908973,0.2301703203488984,0.3551703209738984,objective_excluded,"[0.83338255417975341718244893258079672840633905800697, 0.83338255417975341718244893258079672840633905800697]",
crossing,A,10,-6.272447338533973,-6.147447337908973,0.1051703197238984,0.2301703203488984,objective_excluded,"[0.91270442695173378919831802044723018277540390367239, 0.91270442695173378919831802044723018277540390367239]",
crossing,A,7,-6.022447337283973,-5.772447336033973,-0.3948296827761016,0.1051703197238984,gradient_excluded,"[0.47987770125703240487737164988807905438571130312232, 0.47987770125703240487737164988807905438571130312232]",g2
crossing,A,7,-6.272447338533973,-6.022447337283973,-0.3948296827761016,0.1051703197238984,gradient_excluded,"[0.47052223112920586982880029487282520429837880692171, 0.47052223112920586982880029487282520429837880692171]",g2
crossing,A,10,-6.397447339158973,-6.272447338533973,0.4801703215988984,0.6051703222238984,objective_excluded,"[0.87515385408459561189716760239541723038855129915834, 0.87515385408459561189716760239541723038855129915834]",
crossing,A,10,-6.397447339158973,-6.272447338533973,0.3551703209738984,0.4801703215988984,objective_excluded,"[0.82929981511704820789208785146643495614041031839913, 0.82929981511704820789208785146643495614041031839913]",
crossing,A,10,-6.522447339783973,-6.397447339158973,0.4801703215988984,0.6051703222238984,objective_excluded,"[0.90509156213772250390836134958510657898957113944511, 0.90509156213772250390836134958510657898957113944511]",
crossing,A,10,-6.522447339783973,-6.397447339158973,0.3551703209738984,0.4801703215988984,objective_excluded,"[0.83964266756265180097577826597274412312032144910693, 0.83964266756265180097577826597274412312032144910693]",
crossing,A,10,-6.397447339158973,-6.272447338533973,0.2301703203488984,0.3551703209738984,objective_excluded,"[0.8405349740959498606311097649825149132663839315283, 0.8405349740959498606311097649825149132663839315283]",
crossing,A,10,-6.397447339158973,-6.272447338533973,0.1051703197238984,0.2301703203488984,objective_excluded,"[0.90787726418269495451346118197580499629585530876627, 0.90787726418269495451346118197580499629585530876627]",
crossing,A,10,-6.522447339783973,-6.397447339158973,0.2301703203488984,0.3551703209738984,objective_excluded,"[0.85110824083202713812511802240686003800894331406908, 0.85110824083202713812511802240686003800894331406908]",
crossing,A,10,-6.522447339783973,-6.397447339158973,0.1051703197238984,0.2301703203488984,objective_excluded,"[0.90574336608742704437074622294939624752268817966635, 0.90574336608742704437074622294939624752268817966635]",
crossing,A,10,-6.647447340408973,-6.522447339783973,0.4801703215988984,0.6051703222238984,objective_excluded,"[0.9392879105753921815396039049341981345125226065334, 0.9392879105753921815396039049341981345125226065334]",
crossing,A,10,-6.647447340408973,-6.522447339783973,0.3551703209738984,0.4801703215988984,objective_excluded,"[0.85359986727225204075207488175421794924777458321365, 0.85359986727225204075207488175421794924777458321365]",
crossing,A,10,-6.772447341033973,-6.647447340408973,0.4801703215988984,0.6051703222238984,objective_excluded,"[0.97772546441758806530118183964174055469621282270455, 0.97772546441758806530118183964174055469621282270455]",
crossing,A,10,-6.772447341033973,-6.647447340408973,0.3551703209738984,0.4801703215988984,objective_excluded,"[0.87124903273585989050044625372712518512448286893509, 0.87124903273585989050044625372712518512448286893509]",
crossing,A,10,-6.647447340408973,-6.522447339783973,0.2301703203488984,0.3551703209738984,objective_excluded,"[0.86523382300668197213901110284054691575695263199605, 0.86523382300668197213901110284054691575695263199605]",
crossing,A,10,-6.647447340408973,-6.522447339783973,0.1051703197238984,0.2301703203488984,objective_excluded,"[0.9064989165445892062220183234220435107041011189865, 0.9064989165445892062220183234220435107041011189865]",
crossing,A,10,-6.772447341033973,-6.647447340408973,0.2301703203488984,0.3551703209738984,objective_excluded,"[0.88297072684533141398398156203605553518144178266629, 0.88297072684533141398398156203605553518144178266629]",
crossing,A,10,-6.772447341033973,-6.647447340408973,0.1051703197238984,0.2301703203488984,objective_excluded,"[0.91029993590421250933432058427355307483809454496438, 0.91029993590421250933432058427355307483809454496438]",
crossing,A,7,-6.522447339783973,-6.272447338533973,-0.3948296827761016,0.1051703197238984,gradient_excluded,"[0.44923840785196738160202564889928120648369979980254, 0.44923840785196738160202564889928120648369979980254]",g2
crossing,A,7,-6.772447341033973,-6.522447339783973,-0.3948296827761016,0.1051703197238984,gradient_excluded,"[0.41851220365287557022108261963850335619925532323701, 0.41851220365287557022108261963850335619925532323701]",g2
crossing,A,6,-6.272447338533973,-5.772447336033973,-0.8948296852761016,-0.3948296827761016,objective_excluded,"[1.5085301043019962582165834904356711311553169533537, 1.5085301043019962582165834904356711311553169533537]",
crossing,A,6,-6.272447338533973,-5.772447336033973,-1.3948296877761016,-0.8948296852761016,objective_excluded,"[3.8808650705380869623173095877880332142768960710102, 3.8808650705380869623173095877880332142768960710102]",
crossing,A,6,-6.772447341033973,-6.272447338533973,-0.8948296852761016,-0.3948296827761016,objective_excluded,"[1.8010978981699218767410412403558717024184972804869, 1.8010978981699218767410412403558717024184972804869]",
crossing,A,6,-6.772447341033973,-6.272447338533973,-1.3948296877761016,-0.8948296852761016,objective_excluded,"[4.6632400892275933301231139775601851163837589631853, 4.6632400892275933301231139775601851163837589631853]",
crossing,B,4,0.94234644361008749,1.94234644861008749,13.463419416063768,14.463419421063768,gradient_excluded,"[0.60830068399999711541110802528595413636256037670324, 0.60830068399999711541110802528595413636256037670324]",g1
crossing,B,4,0.94234644361008749,1.94234644861008749,12.463419411063768,13.463419416063768,gradient_excluded,"[-0.036650544809718178497971626336276734259735654026277, -0.036650544809718178497971626336276734259735654026277]",g1
crossing,B,5,0.44234644111008749,0.94234644361008749,13.463419416063768,14.463419421063768,gradient_excluded,"[0.2092292141994815529017981052224310148708813910821, 0.2092292141994815529017981052224310148708813910821]",g1
crossing,B,7,0.19234643986008749,0.44234644111008749,13.963419418563768,14.463419421063768,objective_excluded,"[0.94610056079751128222936603499299547428171040434257, 0.94610056079751128222936603499299547428171040434257]",
crossing,B,7,-0.05765356138991251,0.19234643986008749,13.963419418563768,14.463419421063768,objective_excluded,"[0.81308208928557425280452952939376438586785410159169, 0.81308208928557425280452952939376438586785410159169]",
crossing,B,7,0.19234643986008749,0.44234644111008749,13.463419416063768,13.963419418563768,objective_excluded,"[0.86169001805655478853777697970364893164331551709211, 0.86169001805655478853777697970364893164331551709211]",
crossing,B,8,-0.05765356138991251,0.19234643986008749,13.713419417313768,13.963419418563768,objective_excluded,"[0.82945994536450409349830482556594226841887500789708, 0.82945994536450409349830482556594226841887500789708]",
crossing,B,9,0.06734643923508749,0.19234643986008749,13.463419416063768,13.713419417313768,objective_excluded,"[0.91395541394781074964594192863681017285331184726144, 0.91395541394781074964594192863681017285331184726144]",
crossing,B,9,-0.05765356138991251,0.06734643923508749,13.463419416063768,13.713419417313768,objective_excluded,"[0.88939949942392105515632843178050734238757234643846, 0.88939949942392105515632843178050734238757234643846]",
crossing,B,5,0.44234644111008749,0.94234644361008749,12.463419411063768,13.463419416063768,gradient_excluded,"[0.14911453373289497157234776495686372245625146646224, 0.14911453373289497157234776495686372245625146646224]",g1
crossing,B,7,0.19234643986008749,0.44234644111008749,12.963419413563768,13.463419416063768,objective_excluded,"[0.81789759086690985820980474190772567735018931579504, 0.81789759086690985820980474190772567735018931579504]",
crossing,B,9,0.06734643923508749,0.19234643986008749,13.213419414813768,13.463419416063768,objective_excluded,"[0.87246114900704108495606684142670071582638817807788, 0.87246114900704108495606684142670071582638817807788]",
crossing,B,9,-0.05765356138991251,0.06734643923508749,13.213419414813768,13.463419416063768,objective_excluded,"[0.83271966593892548916589331718315120425959106696893, 0.83271966593892548916589331718315120425959106696893]",
crossing,B,9,0.06734643923508749,0.19234643986008749,12.963419413563768,13.213419414813768,objective_excluded,"[0.84400331391438661994341330713534934753924129506338, 0.84400331391438661994341330713534934753924129506338]",
crossing,B,10,-0.05765356138991251,0.06734643923508749,13.088419414188768,13.213419414813768,objective_excluded,"[0.82398559430620197365570838342732453009105466824036, 0.82398559430620197365570838342732453009105466824036]",
crossing,B,10,-0.05765356138991251,0.06734643923508749,12.963419413563768,13.088419414188768,gradient_excluded,"[0.8053375493939712908834247494962201437726072237907, 0.8053375493939712908834247494962201437726072237907]",g2
crossing,B,7,0.19234643986008749,0.44234644111008749,12.463419411063768,12.963419413563768,gradient_excluded,"[0.81118494502572123296529601605804028246787307857489, 0.81118494502572123296529601605804028246787307857489]",g1
crossing,B,9,0.06734643923508749,0.19234643986008749,12.713419412313768,12.963419413563768,objective_excluded,"[0.82895483851452323113859856455013787155784581503735, 0.82895483851452323113859856455013787155784581503735]",
crossing,B,10,-0.05765356138991251,0.06734643923508749,12.838419412938768,12.963419413563768,krawczyk_excluded,"[0.79079616208904444100063784152042280324468836370782, 0.79079616208904444100063784152042280324468836370782]",K disjoint
crossing,B,11,0.00484643892258749,0.06734643923508749,12.713419412313768,12.838419412938768,objective_excluded,"[0.82227835303835200290052147023748402713063884024204, 0.82227835303835200290052147023748402713063884024204]",
crossing,B,11,-0.05765356138991251,0.00484643892258749,12.713419412313768,12.838419412938768,gradient_excluded,"[0.80877820467319054793108650469660646121113791514952, 0.80877820467319054793108650469660646121113791514952]",g2
crossing,B,9,0.06734643923508749,0.19234643986008749,12.463419411063768,12.713419412313768,objective_excluded,"[0.82689211957698852099454785503103888915152459065296, 0.82689211957698852099454785503103888915152459065296]",
crossing,B,11,0.00484643892258749,0.06734643923508749,12.588419411688768,12.713419412313768,objective_excluded,"[0.81798168628153960597691292085234542088281246366598, 0.81798168628153960597691292085234542088281246366598]",
crossing,B,12,-0.05765356138991251,0.00484643892258749,12.650919412001268,12.713419412313768,gradient_excluded,"[0.80720788974969824213474658327671111335227610956301, 0.80720788974969824213474658327671111335227610956301]",g2
crossing,B,12,-0.05765356138991251,0.00484643892258749,12.588419411688768,12.650919412001268,gradient_excluded,"[0.80456596716516529662588329591968107321873797680442, 0.80456596716516529662588329591968107321873797680442]",g2
crossing,B,11,0.00484643892258749,0.06734643923508749,12.463419411063768,12.588419411688768,objective_excluded,"[0.81734334907959407606377700020543058916004117238522, 0.81734334907959407606377700020543058916004117238522]",
crossing,B,12,-0.05765356138991251,0.00484643892258749,12.525919411376268,12.588419411688768,krawczyk_excluded,"[0.80299515224289891559870038897335741007427877694959, 0.80299515224289891559870038897335741007427877694959]",K disjoint
crossing,B,13,-0.02640356123366251,0.00484643892258749,12.463419411063768,12.525919411376268,objective_excluded,"[0.81340657898366221372321876749465517802423092604139, 0.81340657898366221372321876749465517802423092604139]",
crossing,B,14,-0.05765356138991251,-0.02640356123366251,12.494669411220018,12.525919411376268,krawczyk_excluded,"[0.80967389106110675397164452565758609946301566964997, 0.80967389106110675397164452565758609946301566964997]",K disjoint
crossing,B,15,-0.04202856131178751,-0.02640356123366251,12.463419411063768,12.494669411220018,objective_excluded,"[0.81223408302344478535167555744312587618050126325887, 0.81223408302344478535167555744312587618050126325887]",
crossing,B,16,-0.05765356138991251,-0.04202856131178751,12.479044411141893,12.494669411220018,gradient_excluded,"[0.81128296979760246109521098255684501502357406995414, 0.81128296979760246109521098255684501502357406995414]",g2
crossing,B,17,-0.04984106135085001,-0.04202856131178751,12.463419411063768,12.479044411141893,objective_excluded,"[0.81191771922718380406547295909649090395305540484145, 0.81191771922718380406547295909649090395305540484145]",
crossing,B,18,-0.05765356138991251,-0.04984106135085001,12.4712319111028305,12.479044411141893,gradient_excluded,"[0.81167771488996432617776428194480972654393251436, 0.81167771488996432617776428194480972654393251436]",g2
crossing,B,18,-0.05765356138991251,-0.04984106135085001,12.463419411063768,12.4712319111028305,inside_Krawczyk_box,,
crossing,B,5,1.44234644611008749,1.94234644861008749,11.463419406063768,12.463419411063768,objective_excluded,"[8.1134964798529318353806622042711597941420725840733, 8.1134964798529318353806622042711597941420725840733]",
crossing,B,5,0.94234644361008749,1.44234644611008749,11.463419406063768,12.463419411063768,objective_excluded,"[3.0468133362372861515545261183656604135114010991719, 3.0468133362372861515545261183656604135114010991719]",
crossing,B,5,1.44234644611008749,1.94234644861008749,10.463419401063768,11.463419406063768,objective_excluded,"[7.8275673801789714072736655703674025825520904577809, 7.8275673801789714072736655703674025825520904577809]",
crossing,B,5,0.94234644361008749,1.44234644611008749,10.463419401063768,11.463419406063768,objective_excluded,"[2.8334001027167877249570880675989590017416519215499, 2.8334001027167877249570880675989590017416519215499]",
crossing,B,5,0.44234644111008749,0.94234644361008749,11.463419406063768,12.463419411063768,gradient_excluded,"[-0.086068936777930576148933187859728436390609718586296, -0.086068936777930576148933187859728436390609718586296]",g1
crossing,B,7,0.19234643986008749,0.44234644111008749,11.963419408563768,12.463419411063768,gradient_excluded,"[0.80247944268657338355676697855100598920579057416996, 0.80247944268657338355676697855100598920579057416996]",g1
crossing,B,9,0.06734643923508749,0.19234643986008749,12.213419409813768,12.463419411063768,objective_excluded,"[0.82710487463739928450566367484364333068712089707393, 0.82710487463739928450566367484364333068712089707393]",
crossing,B,11,0.00484643892258749,0.06734643923508749,12.338419410438768,12.463419411063768,objective_excluded,"[0.81711951335280748868954264694477997732496926340578, 0.81711951335280748868954264694477997732496926340578]",
crossing,B,13,-0.02640356123366251,0.00484643892258749,12.400919410751268,12.463419411063768,objective_excluded,"[0.81330774771220431788131641759636376051381496699874, 0.81330774771220431788131641759636376051381496699874]",
crossing,B,15,-0.04202856131178751,-0.02640356123366251,12.432169410907518,12.463419411063768,objective_excluded,"[0.81220388819047592544515516060868612877027406474046, 0.81220388819047592544515516060868612877027406474046]",
crossing,B,17,-0.04984106135085001,-0.04202856131178751,12.447794410985643,12.463419411063768,objective_excluded,"[0.81190948330848585592366769001932286257146940259288, 0.81190948330848585592366769001932286257146940259288]",
crossing,B,18,-0.05765356138991251,-0.04984106135085001,12.4556069110247055,12.463419411063768,inside_Krawczyk_box,,
crossing,B,18,-0.05765356138991251,-0.04984106135085001,12.447794410985643,12.4556069110247055,gradient_excluded,"[0.8116719862833889375173166793815942210873271831486, 0.8116719862833889375173166793815942210873271831486]",g1
crossing,B,16,-0.05765356138991251,-0.04202856131178751,12.432169410907518,12.447794410985643,gradient_excluded,"[0.8112617082829630413409942299859950526504100575171, 0.8112617082829630413409942299859950526504100575171]",g1
crossing,B,14,-0.05765356138991251,-0.02640356123366251,12.400919410751268,12.432169410907518,gradient_excluded,"[0.80960205359912702697659133955156990505443057490064, 0.80960205359912702697659133955156990505443057490064]",g1
crossing,B,12,-0.05765356138991251,0.00484643892258749,12.338419410438768,12.400919410751268,gradient_excluded,"[0.80281205772030206688164434237937100754945676514613, 0.80281205772030206688164434237937100754945676514613]",g2
crossing,B,11,0.00484643892258749,0.06734643923508749,12.213419409813768,12.338419410438768,objective_excluded,"[0.82071337096364327468659527227589104038821459380536, 0.82071337096364327468659527227589104038821459380536]",
crossing,B,12,-0.05765356138991251,0.00484643892258749,12.275919410126268,12.338419410438768,gradient_excluded,"[0.80450734629570614118089052144190390680421261913653, 0.80450734629570614118089052144190390680421261913653]",g1
crossing,B,12,-0.05765356138991251,0.00484643892258749,12.213419409813768,12.275919410126268,gradient_excluded,"[0.80726895340532159733777774540503509140554179218317, 0.80726895340532159733777774540503509140554179218317]",g1
crossing,B,9,0.06734643923508749,0.19234643986008749,11.963419408563768,12.213419409813768,objective_excluded,"[0.83917552946518095687950458693947927910194210644072, 0.83917552946518095687950458693947927910194210644072]",
crossing,B,10,-0.05765356138991251,0.06734643923508749,12.088419409188768,12.213419409813768,gradient_excluded,"[0.78140449786810098263804544143632886339564043785131, 0.78140449786810098263804544143632886339564043785131]",g2
crossing,B,10,-0.05765356138991251,0.06734643923508749,11.963419408563768,12.088419409188768,gradient_excluded,"[0.79234313616900559626207016248272160024619251540393, 0.79234313616900559626207016248272160024619251540393]",g2
crossing,B,7,0.19234643986008749,0.44234644111008749,11.463419406063768,11.963419408563768,objective_excluded,"[0.82671555481514138581704393411913132006424494631975, 0.82671555481514138581704393411913132006424494631975]",
crossing,B,9,0.06734643923508749,0.19234643986008749,11.713419407313768,11.963419408563768,objective_excluded,"[0.86375629957027794293085883139087214923699030969521, 0.86375629957027794293085883139087214923699030969521]",
crossing,B,10,-0.05765356138991251,0.06734643923508749,11.838419407938768,11.963419408563768,gradient_excluded,"[0.80718331972700926087040488387859364876407274856125, 0.80718331972700926087040488387859364876407274856125]",g2
crossing,B,10,-0.05765356138991251,0.06734643923508749,11.713419407313768,11.838419407938768,objective_excluded,"[0.82601725520461617453509818250254981163374296725393, 0.82601725520461617453509818250254981163374296725393]",
crossing,B,9,0.06734643923508749,0.19234643986008749,11.463419406063768,11.713419407313768,objective_excluded,"[0.90033730050735419341661702404763128173032676091294, 0.90033730050735419341661702404763128173032676091294]",
crossing,B,9,-0.05765356138991251,0.06734643923508749,11.463419406063768,11.713419407313768,objective_excluded,"[0.83282189325964746909080505158994588281219219866639, 0.83282189325964746909080505158994588281219219866639]",
crossing,B,6,0.44234644111008749,0.94234644361008749,10.963419403563768,11.463419406063768,objective_excluded,"[1.0122251209965022169870355264481919994284208488554, 1.0122251209965022169870355264481919994284208488554]",
crossing,B,6,0.44234644111008749,0.94234644361008749,10.463419401063768,10.963419403563768,objective_excluded,"[1.048108211844338234882414960247298590940447026669, 1.048108211844338234882414960247298590940447026669]",
crossing,B,7,0.19234643986008749,0.44234644111008749,10.963419403563768,11.463419406063768,objective_excluded,"[0.88190786823694060775452141700917697185600556591455, 0.88190786823694060775452141700917697185600556591455]",
crossing,B,9,0.06734643923508749,0.19234643986008749,11.213419404813768,11.463419406063768,objective_excluded,"[0.94854060693406338544321270014606225422091519149372, 0.94854060693406338544321270014606225422091519149372]",
crossing,B,9,-0.05765356138991251,0.06734643923508749,11.213419404813768,11.463419406063768,objective_excluded,"[0.88842903546410668251854529751038650655194256924407, 0.88842903546410668251854529751038650655194256924407]",
crossing,B,8,-0.05765356138991251,0.19234643986008749,10.963419403563768,11.213419404813768,objective_excluded,"[0.83447245189436503234382589329807880610666844357282, 0.83447245189436503234382589329807880610666844357282]",
crossing,B,7,0.19234643986008749,0.44234644111008749,10.463419401063768,10.963419403563768,objective_excluded,"[0.96968385128593985827739198120558878886777562783219, 0.96968385128593985827739198120558878886777562783219]",
crossing,B,8,-0.05765356138991251,0.19234643986008749,10.713419402313768,10.963419403563768,objective_excluded,"[0.91276778144797982561991680286723838922597574072758, 0.91276778144797982561991680286723838922597574072758]",
crossing,B,8,-0.05765356138991251,0.19234643986008749,10.463419401063768,10.713419402313768,objective_excluded,"[1.000238554403855436936020739535477591132835666015, 1.000238554403855436936020739535477591132835666015]",
crossing,B,7,-0.30765356263991251,-0.05765356138991251,13.963419418563768,14.463419421063768,gradient_excluded,"[0.77392402397031486729009563322030023906666674230768, 0.77392402397031486729009563322030023906666674230768]",g1
crossing,B,7,-0.55765356388991251,-0.30765356263991251,13.963419418563768,14.463419421063768,objective_excluded,"[1.2536226534147280755693981191136952256225143861255, 1.2536226534147280755693981191136952256225143861255]",
crossing,B,8,-0.30765356263991251,-0.05765356138991251,13.713419417313768,13.963419418563768,gradient_excluded,"[0.80663187551080237225711718733214260275007865528777, 0.80663187551080237225711718733214260275007865528777]",g1
crossing,B,8,-0.30765356263991251,-0.05765356138991251,13.463419416063768,13.713419417313768,gradient_excluded,"[0.73747449270743199697126828017114543918223878195856, 0.73747449270743199697126828017114543918223878195856]",g1
crossing,B,7,-0.55765356388991251,-0.30765356263991251,13.463419416063768,13.963419418563768,objective_excluded,"[0.99823185662810380819655842832073715126517861632645, 0.99823185662810380819655842832073715126517861632645]",
crossing,B,5,-1.05765356638991251,-0.55765356388991251,13.463419416063768,14.463419421063768,gradient_excluded,"[0.33458444582129875985625199188965698921462549980675, 0.33458444582129875985625199188965698921462549980675]",g1
crossing,B,9,-0.18265356201491251,-0.05765356138991251,13.213419414813768,13.463419416063768,objective_excluded,"[0.82324069650736645260556600647205781916308315300779, 0.82324069650736645260556600647205781916308315300779]",
crossing,B,9,-0.30765356263991251,-0.18265356201491251,13.213419414813768,13.463419416063768,objective_excluded,"[0.92687077537572172529384061400161914160581597932797, 0.92687077537572172529384061400161914160581597932797]",
crossing,B,9,-0.18265356201491251,-0.05765356138991251,12.963419413563768,13.213419414813768,gradient_excluded,"[0.78288895997259377209118637847159513184757540041033, 0.78288895997259377209118637847159513184757540041033]",g1
crossing,B,9,-0.30765356263991251,-0.18265356201491251,12.963419413563768,13.213419414813768,objective_excluded,"[0.87086747993415520649429752587519925155913363592158, 0.87086747993415520649429752587519925155913363592158]",
crossing,B,7,-0.55765356388991251,-0.30765356263991251,12.963419413563768,13.463419416063768,objective_excluded,"[0.82492744471618228201978314178595349811074648405948, 0.82492744471618228201978314178595349811074648405948]",
crossing,B,10,-0.18265356201491251,-0.05765356138991251,12.838419412938768,12.963419413563768,gradient_excluded,"[0.78706973118323513974508041276630502186053842667133, 0.78706973118323513974508041276630502186053842667133]",g1
crossing,B,11,-0.12015356170241251,-0.05765356138991251,12.713419412313768,12.838419412938768,gradient_excluded,"[0.80728395568345236551785044545356877398341639183595, 0.80728395568345236551785044545356877398341639183595]",g1
crossing,B,11,-0.18265356201491251,-0.12015356170241251,12.713419412313768,12.838419412938768,objective_excluded,"[0.82838512488350128636006724834801600317727585834567, 0.82838512488350128636006724834801600317727585834567]",
crossing,B,9,-0.30765356263991251,-0.18265356201491251,12.713419412313768,12.963419413563768,objective_excluded,"[0.83424538426793066284519142719697694179298012328621, 0.83424538426793066284519142719697694179298012328621]",
crossing,B,12,-0.12015356170241251,-0.05765356138991251,12.650919412001268,12.713419412313768,gradient_excluded,"[0.80654420317092377190047029521560079205212037589026, 0.80654420317092377190047029521560079205212037589026]",g1
crossing,B,12,-0.12015356170241251,-0.05765356138991251,12.588419411688768,12.650919412001268,gradient_excluded,"[0.80395613242336639808211222223350687484015745996221, 0.80395613242336639808211222223350687484015745996221]",g1
crossing,B,11,-0.18265356201491251,-0.12015356170241251,12.588419411688768,12.713419412313768,objective_excluded,"[0.8198373806906465259461029583513971110759771910238, 0.8198373806906465259461029583513971110759771910238]",
crossing,B,13,-0.08890356154616251,-0.05765356138991251,12.525919411376268,12.588419411688768,gradient_excluded,"[0.80944677492150538675449055012245835273824189445975, 0.80944677492150538675449055012245835273824189445975]",g1
crossing,B,13,-0.12015356170241251,-0.08890356154616251,12.525919411376268,12.588419411688768,objective_excluded,"[0.81411618628179913985253615948000072659188247103968, 0.81411618628179913985253615948000072659188247103968]",
crossing,B,14,-0.08890356154616251,-0.05765356138991251,12.494669411220018,12.525919411376268,gradient_excluded,"[0.8095563108809348796577588833398251122614747695362, 0.8095563108809348796577588833398251122614747695362]",g1
crossing,B,16,-0.07327856146803751,-0.05765356138991251,12.479044411141893,12.494669411220018,gradient_excluded,"[0.81125602682247520039858224839113991681127638348225, 0.81125602682247520039858224839113991681127638348225]",g1
crossing,B,18,-0.06546606142897501,-0.05765356138991251,12.4712319111028305,12.479044411141893,gradient_excluded,"[0.81167127469875723842631242646543612638522934891147, 0.81167127469875723842631242646543612638522934891147]",g1
crossing,B,18,-0.06546606142897501,-0.05765356138991251,12.463419411063768,12.4712319111028305,inside_Krawczyk_box,,
crossing,B,17,-0.07327856146803751,-0.06546606142897501,12.463419411063768,12.479044411141893,objective_excluded,"[0.81190749384632260054051071447915831896262390835723, 0.81190749384632260054051071447915831896262390835723]",
crossing,B,15,-0.08890356154616251,-0.07327856146803751,12.463419411063768,12.494669411220018,objective_excluded,"[0.8121878518551805704370304205216078195007538292866, 0.8121878518551805704370304205216078195007538292866]",
crossing,B,13,-0.12015356170241251,-0.08890356154616251,12.463419411063768,12.525919411376268,objective_excluded,"[0.81317678634836924997253322901225203248482519021491, 0.81317678634836924997253322901225203248482519021491]",
crossing,B,11,-0.18265356201491251,-0.12015356170241251,12.463419411063768,12.588419411688768,objective_excluded,"[0.81603543468077358682016082723088095115069293511467, 0.81603543468077358682016082723088095115069293511467]",
crossing,B,9,-0.30765356263991251,-0.18265356201491251,12.463419411063768,12.713419412313768,objective_excluded,"[0.81825855504740093934171513512882263012827130782086, 0.81825855504740093934171513512882263012827130782086]",
crossing,B,7,-0.55765356388991251,-0.30765356263991251,12.463419411063768,12.963419413563768,gradient_excluded,"[0.74981088767877913101991743427480410830011959636799, 0.74981088767877913101991743427480410830011959636799]",g1
crossing,B,5,-1.05765356638991251,-0.55765356388991251,12.463419411063768,13.463419416063768,gradient_excluded,"[-0.24377257721852905715207630469720116726983801985102, -0.24377257721852905715207630469720116726983801985102]",g1
crossing,B,4,-2.05765357138991251,-1.05765356638991251,13.463419416063768,14.463419421063768,objective_excluded,"[1.1258839122932128361342027880154831062090540094844, 1.1258839122932128361342027880154831062090540094844]",
crossing,B,4,-2.05765357138991251,-1.05765356638991251,12.463419411063768,13.463419416063768,gradient_excluded,"[-0.56952299227868498140810807181792620393283172298374, -0.56952299227868498140810807181792620393283172298374]",g1
crossing,B,18,-0.06546606142897501,-0.05765356138991251,12.4556069110247055,12.463419411063768,inside_Krawczyk_box,,
crossing,B,18,-0.06546606142897501,-0.05765356138991251,12.447794410985643,12.4556069110247055,gradient_excluded,"[0.81167784732566065902565923918343834958179928747484, 0.81167784732566065902565923918343834958179928747484]",g2
crossing,B,17,-0.07327856146803751,-0.06546606142897501,12.447794410985643,12.463419411063768,objective_excluded,"[0.8119171607670797591314777194833699680371871019628, 0.8119171607670797591314777194833699680371871019628]",
crossing,B,16,-0.07327856146803751,-0.05765356138991251,12.432169410907518,12.447794410985643,gradient_excluded,"[0.81128400248553400470700345945876513478505691903711, 0.81128400248553400470700345945876513478505691903711]",g2
crossing,B,15,-0.08890356154616251,-0.07327856146803751,12.432169410907518,12.463419411063768,objective_excluded,"[0.81222949902567696768723686263195052619426439498916, 0.81222949902567696768723686263195052619426439498916]",
crossing,B,14,-0.08890356154616251,-0.05765356138991251,12.400919410751268,12.432169410907518,krawczyk_excluded,"[0.80968210637558511726611623097485052599737172744823, 0.80968210637558511726611623097485052599737172744823]",K disjoint
crossing,B,13,-0.12015356170241251,-0.08890356154616251,12.400919410751268,12.463419411063768,objective_excluded,"[0.81336773647278092116151851088013831866124526440299, 0.81336773647278092116151851088013831866124526440299]",
crossing,B,13,-0.08890356154616251,-0.05765356138991251,12.338419410438768,12.400919410751268,gradient_excluded,"[0.80971902859778296140034734260396442424404840368079, 0.80971902859778296140034734260396442424404840368079]",g2
crossing,B,13,-0.12015356170241251,-0.08890356154616251,12.338419410438768,12.400919410751268,objective_excluded,"[0.81358496539261515851670109637612930031816292772945, 0.81358496539261515851670109637612930031816292772945]",
crossing,B,11,-0.18265356201491251,-0.12015356170241251,12.338419410438768,12.463419411063768,objective_excluded,"[0.81700250755369933295986602984022366300681847145932, 0.81700250755369933295986602984022366300681847145932]",
crossing,B,12,-0.12015356170241251,-0.05765356138991251,12.275919410126268,12.338419410438768,gradient_excluded,"[0.80470202227555188957867984971945761374456896329772, 0.80470202227555188957867984971945761374456896329772]",g2
crossing,B,12,-0.12015356170241251,-0.05765356138991251,12.213419409813768,12.275919410126268,gradient_excluded,"[0.80740896528509309165587675154050369042067847042679, 0.80740896528509309165587675154050369042067847042679]",g2
crossing,B,11,-0.18265356201491251,-0.12015356170241251,12.213419409813768,12.338419410438768,objective_excluded,"[0.81795809396759098469252664215088167018634361811795, 0.81795809396759098469252664215088167018634361811795]",
crossing,B,9,-0.30765356263991251,-0.18265356201491251,12.213419409813768,12.463419411063768,objective_excluded,"[0.82373171694831103193087861383690673769191961785656, 0.82373171694831103193087861383690673769191961785656]",
crossing,B,11,-0.12015356170241251,-0.05765356138991251,12.088419409188768,12.213419409813768,gradient_excluded,"[0.80897775811972221347936430606262812594491084164686, 0.80897775811972221347936430606262812594491084164686]",g2
crossing,B,11,-0.18265356201491251,-0.12015356170241251,12.088419409188768,12.213419409813768,objective_excluded,"[0.82340291555535373381876862866348876180431144955868, 0.82340291555535373381876862866348876180431144955868]",
crossing,B,10,-0.18265356201491251,-0.05765356138991251,11.963419408563768,12.088419409188768,gradient_excluded,"[0.79227758116221955221818653620683416700885037286102, 0.79227758116221955221818653620683416700885037286102]",g2
crossing,B,9,-0.30765356263991251,-0.18265356201491251,11.963419408563768,12.213419409813768,objective_excluded,"[0.82826718149105818424215286704266803379814783746037, 0.82826718149105818424215286704266803379814783746037]",
crossing,B,7,-0.55765356388991251,-0.30765356263991251,11.963419408563768,12.463419411063768,gradient_excluded,"[0.78141412893830284749381574915898404773615347212041, 0.78141412893830284749381574915898404773615347212041]",g1
crossing,B,10,-0.18265356201491251,-0.05765356138991251,11.838419407938768,11.963419408563768,gradient_excluded,"[0.80687038402406095196841094884445450571694110066385, 0.80687038402406095196841094884445450571694110066385]",g2
crossing,B,10,-0.18265356201491251,-0.05765356138991251,11.713419407313768,11.838419407938768,objective_excluded,"[0.8252485657655634417219977396078528287159263826431, 0.8252485657655634417219977396078528287159263826431]",
crossing,B,9,-0.30765356263991251,-0.18265356201491251,11.713419407313768,11.963419408563768,objective_excluded,"[0.85202682734673127938908971907788916787014859047743, 0.85202682734673127938908971907788916787014859047743]",
crossing,B,9,-0.18265356201491251,-0.05765356138991251,11.463419406063768,11.713419407313768,objective_excluded,"[0.82988450696556013888348513853020802251402068335231, 0.82988450696556013888348513853020802251402068335231]",
crossing,B,9,-0.30765356263991251,-0.18265356201491251,11.463419406063768,11.713419407313768,objective_excluded,"[0.89322924640544229636688809472030282661464823546444, 0.89322924640544229636688809472030282661464823546444]",
crossing,B,7,-0.55765356388991251,-0.30765356263991251,11.463419406063768,11.963419408563768,gradient_excluded,"[0.80398401726297735515010282703662431496081657150762, 0.80398401726297735515010282703662431496081657150762]",g1
crossing,B,5,-1.05765356638991251,-0.55765356388991251,11.463419406063768,12.463419411063768,gradient_excluded,"[-0.075640117425837934649899854329765842850588632097536, -0.075640117425837934649899854329765842850588632097536]",g1
crossing,B,9,-0.18265356201491251,-0.05765356138991251,11.213419404813768,11.463419406063768,objective_excluded,"[0.88366896519192344482684769935463741398003721090367, 0.88366896519192344482684769935463741398003721090367]",
crossing,B,9,-0.30765356263991251,-0.18265356201491251,11.213419404813768,11.463419406063768,objective_excluded,"[0.95334496983263409613727216683428488165699164463766, 0.95334496983263409613727216683428488165699164463766]",
crossing,B,8,-0.30765356263991251,-0.05765356138991251,10.963419403563768,11.213419404813768,objective_excluded,"[0.82442817164930614543806672424188674723055599850776, 0.82442817164930614543806672424188674723055599850776]",
crossing,B,7,-0.55765356388991251,-0.30765356263991251,10.963419403563768,11.463419406063768,objective_excluded,"[0.89153920811498987245709796161012721268738175974056, 0.89153920811498987245709796161012721268738175974056]",
crossing,B,8,-0.30765356263991251,-0.05765356138991251,10.713419402313768,10.963419403563768,objective_excluded,"[0.90107801488041042341959196170762045141090677944438, 0.90107801488041042341959196170762045141090677944438]",
crossing,B,8,-0.30765356263991251,-0.05765356138991251,10.463419401063768,10.713419402313768,objective_excluded,"[0.9861747640716951559908396668321066508090725018636, 0.9861747640716951559908396668321066508090725018636]",
crossing,B,7,-0.55765356388991251,-0.30765356263991251,10.463419401063768,10.963419403563768,objective_excluded,"[1.0664132019354788941410558687419459666297454616027, 1.0664132019354788941410558687419459666297454616027]",
crossing,B,5,-1.05765356638991251,-0.55765356388991251,10.463419401063768,11.463419406063768,gradient_excluded,"[-0.10786695094796840200716590625120279176516914898508, -0.10786695094796840200716590625120279176516914898508]",g1
crossing,B,4,-2.05765357138991251,-1.05765356638991251,11.463419406063768,12.463419411063768,gradient_excluded,"[-0.67179316531116337732718943179063108368135625920978, -0.67179316531116337732718943179063108368135625920978]",g1
crossing,B,4,-2.05765357138991251,-1.05765356638991251,10.463419401063768,11.463419406063768,gradient_excluded,"[0.04969739952836085011050838200981312382958013889884, 0.04969739952836085011050838200981312382958013889884]",g1
above,A,6,-3.563369178688758,-3.063369176188758,2.0515715271448099,2.5515715296448099,objective_excluded,"[0.90597967014258759762869266876763654279240666715611, 0.90597967014258759762869266876763654279240666715611]",
above,A,8,-3.313369177438758,-3.063369176188758,1.8015715258948099,2.0515715271448099,objective_excluded,"[1.7723776755332474619316264589037866233057812248138, 1.7723776755332474619316264589037866233057812248138]",
above,A,8,-3.313369177438758,-3.063369176188758,1.5515715246448099,1.8015715258948099,objective_excluded,"[1.2677641244789105762295284324940397422338290824475, 1.2677641244789105762295284324940397422338290824475]",
above,A,8,-3.563369178688758,-3.313369177438758,1.8015715258948099,2.0515715271448099,objective_excluded,"[2.0847530636871061869871182988686056853983717541489, 2.0847530636871061869871182988686056853983717541489]",
above,A,8,-3.563369178688758,-3.313369177438758,1.5515715246448099,1.8015715258948099,objective_excluded,"[1.460346174271536335066982734457052568011978489826, 1.460346174271536335066982734457052568011978489826]",
above,A,6,-4.063369181188758,-3.563369178688758,2.0515715271448099,2.5515715296448099,objective_excluded,"[2.0495030915422733412767706260722634077859053739887, 2.0495030915422733412767706260722634077859053739887]",
above,A,7,-3.813369179938758,-3.563369178688758,1.5515715246448099,2.0515715271448099,objective_excluded,"[1.0425203512413837235380583221750310409310703116959, 1.0425203512413837235380583221750310409310703116959]",
above,A,7,-4.063369181188758,-3.813369179938758,1.5515715246448099,2.0515715271448099,objective_excluded,"[1.3364035726775207017672692339548781557334917466774, 1.3364035726775207017672692339548781557334917466774]",
above,A,8,-3.313369177438758,-3.063369176188758,1.3015715233948099,1.5515715246448099,objective_excluded,"[0.93255531558749046890113394859133599208454100590184, 0.93255531558749046890113394859133599208454100590184]",
above,A,9,-3.188369176813758,-3.063369176188758,1.0515715221448099,1.3015715233948099,objective_excluded,"[0.97492452361786623342856445148342927163976394961883, 0.97492452361786623342856445148342927163976394961883]",
above,A,9,-3.313369177438758,-3.188369176813758,1.0515715221448099,1.3015715233948099,objective_excluded,"[0.98570049073312055774871722493503207572464084651329, 0.98570049073312055774871722493503207572464084651329]",
above,A,8,-3.563369178688758,-3.313369177438758,1.3015715233948099,1.5515715246448099,objective_excluded,"[1.0416812851771681702156874076655219313252000112888, 1.0416812851771681702156874076655219313252000112888]",
above,A,8,-3.563369178688758,-3.313369177438758,1.0515715221448099,1.3015715233948099,objective_excluded,"[0.80738411586153711999815209932108373401700676054354, 0.80738411586153711999815209932108373401700676054354]",
above,A,9,-3.188369176813758,-3.063369176188758,0.8015715208948099,1.0515715221448099,objective_excluded,"[0.93540849092420529684319133308868016992621773273236, 0.93540849092420529684319133308868016992621773273236]",
above,A,9,-3.313369177438758,-3.188369176813758,0.8015715208948099,1.0515715221448099,objective_excluded,"[0.94660359508135557381647192126262514647069085591992, 0.94660359508135557381647192126262514647069085591992]",
above,A,9,-3.188369176813758,-3.063369176188758,0.5515715196448099,0.8015715208948099,objective_excluded,"[0.87325462359851561026889972626718215831472109248002, 0.87325462359851561026889972626718215831472109248002]",
above,A,9,-3.313369177438758,-3.188369176813758,0.5515715196448099,0.8015715208948099,objective_excluded,"[0.88784486861633276559935133987788082107016853071634, 0.88784486861633276559935133987788082107016853071634]",
above,A,9,-3.438369178063758,-3.313369177438758,0.8015715208948099,1.0515715221448099,objective_excluded,"[0.94794374145838919498166989594783847616356824897745, 0.94794374145838919498166989594783847616356824897745]",
above,A,9,-3.563369178688758,-3.438369178063758,0.8015715208948099,1.0515715221448099,objective_excluded,"[0.94895132469207594643853562590299855389813838207782, 0.94895132469207594643853562590299855389813838207782]",
above,A,9,-3.438369178063758,-3.313369177438758,0.5515715196448099,0.8015715208948099,objective_excluded,"[0.89922733506067670337562575090849519060785774219525, 0.89922733506067670337562575090849519060785774219525]",
above,A,9,-3.563369178688758,-3.438369178063758,0.5515715196448099,0.8015715208948099,objective_excluded,"[0.90836075240813292365339803291411403699261546264332, 0.90836075240813292365339803291411403699261546264332]",
above,A,8,-3.813369179938758,-3.563369178688758,1.3015715233948099,1.5515715246448099,objective_excluded,"[1.1690174583213056519677537172475205710161149552442, 1.1690174583213056519677537172475205710161149552442]",
above,A,8,-3.813369179938758,-3.563369178688758,1.0515715221448099,1.3015715233948099,objective_excluded,"[0.86967627563247078599691127619497221051260921983977, 0.86967627563247078599691127619497221051260921983977]",
above,A,8,-4.063369181188758,-3.813369179938758,1.3015715233948099,1.5515715246448099,objective_excluded,"[1.3208034652659595906576716878299355165255476344016, 1.3208034652659595906576716878299355165255476344016]",
above,A,8,-4.063369181188758,-3.813369179938758,1.0515715221448099,1.3015715233948099,objective_excluded,"[0.94046727057654370153396795161503152748526675310175, 0.94046727057654370153396795161503152748526675310175]",
above,A,9,-3.688369179313758,-3.563369178688758,0.8015715208948099,1.0515715221448099,objective_excluded,"[0.94913361823184479885162516275356248620456394593927, 0.94913361823184479885162516275356248620456394593927]",
above,A,9,-3.813369179938758,-3.688369179313758,0.8015715208948099,1.0515715221448099,objective_excluded,"[0.94703154130486192392906490655791779226093321173253, 0.94703154130486192392906490655791779226093321173253]",
above,A,9,-3.688369179313758,-3.563369178688758,0.5515715196448099,0.8015715208948099,objective_excluded,"[0.91540306485401153701666603373099470927151332999434, 0.91540306485401153701666603373099470927151332999434]",
above,A,9,-3.813369179938758,-3.688369179313758,0.5515715196448099,0.8015715208948099,objective_excluded,"[0.92144726641299923711336339677313804143791062278494, 0.92144726641299923711336339677313804143791062278494]",
above,A,8,-4.063369181188758,-3.813369179938758,0.8015715208948099,1.0515715221448099,objective_excluded,"[0.7929441298465358017314445024860429004401086087549, 0.7929441298465358017314445024860429004401086087549]",
above,A,9,-3.938369180563758,-3.813369179938758,0.5515715196448099,0.8015715208948099,objective_excluded,"[0.92827110840597933873569257049155372187091192966062, 0.92827110840597933873569257049155372187091192966062]",
above,A,9,-4.063369181188758,-3.938369180563758,0.5515715196448099,0.8015715208948099,objective_excluded,"[0.93660656293629675619294572984326878076224554060258, 0.93660656293629675619294572984326878076224554060258]",
above,A,6,-4.563369183688758,-4.063369181188758,2.0515715271448099,2.5515715296448099,objective_excluded,"[3.3672440129817301999176787975089491202205269019487, 3.3672440129817301999176787975089491202205269019487]",
above,A,6,-4.563369183688758,-4.063369181188758,1.5515715246448099,2.0515715271448099,objective_excluded,"[0.92347835886797027908891444317779719601385973521294, 0.92347835886797027908891444317779719601385973521294]",
above,A,6,-5.063369186188758,-4.563369183688758,2.0515715271448099,2.5515715296448099,objective_excluded,"[5.0540667352250730085228833403291806746349971886927, 5.0540667352250730085228833403291806746349971886927]",
above,A,6,-5.063369186188758,-4.563369183688758,1.5515715246448099,2.0515715271448099,objective_excluded,"[1.6850796974677609546559029595999349962188404245365, 1.6850796974677609546559029595999349962188404245365]",
above,A,8,-4.313369182438758,-4.063369181188758,1.3015715233948099,1.5515715246448099,objective_excluded,"[1.501066163812223256779032261681258932751510989504, 1.501066163812223256779032261681258932751510989504]",
above,A,8,-4.313369182438758,-4.063369181188758,1.0515715221448099,1.3015715233948099,objective_excluded,"[1.0249028265669900291432969042496095008142686028129, 1.0249028265669900291432969042496095008142686028129]",
above,A,8,-4.563369183688758,-4.313369182438758,1.3015715233948099,1.5515715246448099,objective_excluded,"[1.714095611885678519455494576327769985042457995715, 1.714095611885678519455494576327769985042457995715]",
above,A,8,-4.563369183688758,-4.313369182438758,1.0515715221448099,1.3015715233948099,objective_excluded,"[1.1271287908991144135127654745369964627413020764242, 1.1271287908991144135127654745369964627413020764242]",
above,A,8,-4.313369182438758,-4.063369181188758,0.8015715208948099,1.0515715221448099,objective_excluded,"[0.81896135385063847367322347579619026263478026770793, 0.81896135385063847367322347579619026263478026770793]",
above,A,8,-4.313369182438758,-4.063369181188758,0.5515715196448099,0.8015715208948099,objective_excluded,"[0.80732836892404733975040386859964842766169172192067, 0.80732836892404733975040386859964842766169172192067]",
above,A,8,-4.563369183688758,-4.313369182438758,0.8015715208948099,1.0515715221448099,objective_excluded,"[0.85009108353500347154625715542860399299708929374231, 0.85009108353500347154625715542860399299708929374231]",
above,A,8,-4.563369183688758,-4.313369182438758,0.5515715196448099,0.8015715208948099,objective_excluded,"[0.84549989245606631899360614191542356889147037394117, 0.84549989245606631899360614191542356889147037394117]",
above,A,7,-4.813369184938758,-4.563369183688758,1.0515715221448099,1.5515715246448099,gradient_excluded,"[0.64015607507074946750166137457860583929663785480765, 0.64015607507074946750166137457860583929663785480765]",g2
above,A,7,-5.063369186188758,-4.813369184938758,1.0515715221448099,1.5515715246448099,gradient_excluded,"[0.76778879578914846436406551180034647572061363045098, 0.76778879578914846436406551180034647572061363045098]",g2
above,A,8,-4.813369184938758,-4.563369183688758,0.8015715208948099,1.0515715221448099,objective_excluded,"[0.89006260540463337090668357514352613071978057243546, 0.89006260540463337090668357514352613071978057243546]",
above,A,8,-4.813369184938758,-4.563369183688758,0.5515715196448099,0.8015715208948099,objective_excluded,"[0.84500745947147529264562126795106955877948504625844, 0.84500745947147529264562126795106955877948504625844]",
above,A,8,-5.063369186188758,-4.813369184938758,0.8015715208948099,1.0515715221448099,objective_excluded,"[0.94247385755779821033770395536839665043673270894895, 0.94247385755779821033770395536839665043673270894895]",
above,A,8,-5.063369186188758,-4.813369184938758,0.5515715196448099,0.8015715208948099,objective_excluded,"[0.84095280085098713581052767815604764716325645704123, 0.84095280085098713581052767815604764716325645704123]",
above,A,9,-3.188369176813758,-3.063369176188758,0.3015715183948099,0.5515715196448099,objective_excluded,"[0.93458701136431065322418126026230414763057520054879, 0.93458701136431065322418126026230414763057520054879]",
above,A,9,-3.313369177438758,-3.188369176813758,0.3015715183948099,0.5515715196448099,objective_excluded,"[0.9555006618001636618242330883086470739095960910968, 0.9555006618001636618242330883086470739095960910968]",
above,A,9,-3.188369176813758,-3.063369176188758,0.0515715171448099,0.3015715183948099,objective_excluded,"[1.0791704215450314829360053160131416558989969827317, 1.0791704215450314829360053160131416558989969827317]",
above,A,9,-3.313369177438758,-3.188369176813758,0.0515715171448099,0.3015715183948099,objective_excluded,"[1.135313154796142874779571868024796158587486656728, 1.135313154796142874779571868024796158587486656728]",
above,A,9,-3.438369178063758,-3.313369177438758,0.3015715183948099,0.5515715196448099,objective_excluded,"[0.96854968785660505905692460761141029264523874689858, 0.96854968785660505905692460761141029264523874689858]",
above,A,9,-3.563369178688758,-3.438369178063758,0.3015715183948099,0.5515715196448099,objective_excluded,"[0.9761820781867494981521762843994317567392840264229, 0.9761820781867494981521762843994317567392840264229]",
above,A,9,-3.438369178063758,-3.313369177438758,0.0515715171448099,0.3015715183948099,objective_excluded,"[1.1693455628543758132913807965718711300453827722128, 1.1693455628543758132913807965718711300453827722128]",
above,A,9,-3.563369178688758,-3.438369178063758,0.0515715171448099,0.3015715183948099,objective_excluded,"[1.1919336306746239315544910091140417200011844940263, 1.1919336306746239315544910091140417200011844940263]",
above,A,9,-3.188369176813758,-3.063369176188758,-0.1984284841051901,0.0515715171448099,objective_excluded,"[1.260402347202943715332106828701585751264645098306, 1.260402347202943715332106828701585751264645098306]",
above,A,9,-3.313369177438758,-3.188369176813758,-0.1984284841051901,0.0515715171448099,objective_excluded,"[1.3712593845795050334159011011159912517443173943144, 1.3712593845795050334159011011159912517443173943144]",
above,A,9,-3.188369176813758,-3.063369176188758,-0.4484284853551901,-0.1984284841051901,objective_excluded,"[1.4069838153685791556735374827950683937737754638743, 1.4069838153685791556735374827950683937737754638743]",
above,A,9,-3.313369177438758,-3.188369176813758,-0.4484284853551901,-0.1984284841051901,objective_excluded,"[1.6075834269980784459129591681678829481765667383844, 1.6075834269980784459129591681678829481765667383844]",
above,A,9,-3.438369178063758,-3.313369177438758,-0.1984284841051901,0.0515715171448099,objective_excluded,"[1.4575338589198684653666573831182941119006917316242, 1.4575338589198684653666573831182941119006917316242]",
above,A,9,-3.563369178688758,-3.438369178063758,-0.1984284841051901,0.0515715171448099,objective_excluded,"[1.5233789337225555793667546485294448125973702458493, 1.5233789337225555793667546485294448125973702458493]",
above,A,8,-3.563369178688758,-3.313369177438758,-0.4484284853551901,-0.1984284841051901,objective_excluded,"[0.7938090209653991047539457648809249442572523523771, 0.7938090209653991047539457648809249442572523523771]",
above,A,9,-3.688369179313758,-3.563369178688758,0.3015715183948099,0.5515715196448099,objective_excluded,"[0.97928886676543109025106701763834427562434591761451, 0.97928886676543109025106701763834427562434591761451]",
above,A,9,-3.813369179938758,-3.688369179313758,0.3015715183948099,0.5515715196448099,objective_excluded,"[0.97872949224276943049503349383184051350265005381006, 0.97872949224276943049503349383184051350265005381006]",
above,A,8,-3.813369179938758,-3.563369178688758,0.0515715171448099,0.3015715183948099,objective_excluded,"[0.81757898954101095225657332657377944440488708114622, 0.81757898954101095225657332657377944440488708114622]",
above,A,9,-3.938369180563758,-3.813369179938758,0.3015715183948099,0.5515715196448099,objective_excluded,"[0.97574783809151714526170269601811361541445374732099, 0.97574783809151714526170269601811361541445374732099]",
above,A,9,-4.063369181188758,-3.938369180563758,0.3015715183948099,0.5515715196448099,objective_excluded,"[0.97112075833241285561312947749895068181694296564056, 0.97112075833241285561312947749895068181694296564056]",
above,A,8,-4.063369181188758,-3.813369179938758,0.0515715171448099,0.3015715183948099,objective_excluded,"[0.91464377671517711032456755967367506805503946059762, 0.91464377671517711032456755967367506805503946059762]",
above,A,8,-3.813369179938758,-3.563369178688758,-0.1984284841051901,0.0515715171448099,objective_excluded,"[1.0632278632476456231801119595735491880539067617842, 1.0632278632476456231801119595735491880539067617842]",
above,A,8,-3.813369179938758,-3.563369178688758,-0.4484284853551901,-0.1984284841051901,objective_excluded,"[1.3170724479360047147996955089230515769636394066706, 1.3170724479360047147996955089230515769636394066706]",
above,A,8,-4.063369181188758,-3.813369179938758,-0.1984284841051901,0.0515715171448099,objective_excluded,"[1.247266218259288205489946777567808851072140608632, 1.247266218259288205489946777567808851072140608632]",
above,A,8,-4.063369181188758,-3.813369179938758,-0.4484284853551901,-0.1984284841051901,objective_excluded,"[1.6590455998407692447314042752444851311091708201664, 1.6590455998407692447314042752444851311091708201664]",
above,A,9,-3.188369176813758,-3.063369176188758,-0.6984284866051901,-0.4484284853551901,objective_excluded,"[1.4543716327551049895918435941652683623687143448661, 1.4543716327551049895918435941652683623687143448661]",
above,A,9,-3.313369177438758,-3.188369176813758,-0.6984284866051901,-0.4484284853551901,objective_excluded,"[1.7913491407346997582107496874734499105168872508176, 1.7913491407346997582107496874734499105168872508176]",
above,A,9,-3.188369176813758,-3.063369176188758,-0.9484284878551901,-0.6984284866051901,objective_excluded,"[1.2398849067742608635592927236192682574733205956131, 1.2398849067742608635592927236192682574733205956131]",
above,A,9,-3.313369177438758,-3.188369176813758,-0.9484284878551901,-0.6984284866051901,objective_excluded,"[1.8254156713866114121807752060223797894240916896854, 1.8254156713866114121807752060223797894240916896854]",
above,A,9,-3.438369178063758,-3.313369177438758,-0.6984284866051901,-0.4484284853551901,objective_excluded,"[2.0629717975151929492246400727967033519192828184888, 2.0629717975151929492246400727967033519192828184888]",
above,A,9,-3.563369178688758,-3.438369178063758,-0.6984284866051901,-0.4484284853551901,objective_excluded,"[2.2854394427452250801846899704540459880527972089219, 2.2854394427452250801846899704540459880527972089219]",
above,A,9,-3.438369178063758,-3.313369177438758,-0.9484284878551901,-0.6984284866051901,objective_excluded,"[2.2712464905565499478223668315227298264074801637766, 2.2712464905565499478223668315227298264074801637766]",
above,A,9,-3.563369178688758,-3.438369178063758,-0.9484284878551901,-0.6984284866051901,objective_excluded,"[2.6324862097003947189994052382513539074286278328961, 2.6324862097003947189994052382513539074286278328961]",
above,A,10,-3.188369176813758,-3.063369176188758,-1.0734284884801901,-0.9484284878551901,objective_excluded,"[3.499094700018384502997549104100990377969351387093, 3.499094700018384502997549104100990377969351387093]",
above,A,10,-3.188369176813758,-3.063369176188758,-1.1984284891051901,-1.0734284884801901,objective_excluded,"[3.6271044681404696629105400868476322950762421175112, 3.6271044681404696629105400868476322950762421175112]",
above,A,9,-3.313369177438758,-3.188369176813758,-1.1984284891051901,-0.9484284878551901,objective_excluded,"[1.4584965044916668346273954291292936711491861416589, 1.4584965044916668346273954291292936711491861416589]",
above,A,10,-3.188369176813758,-3.063369176188758,-1.3234284897301901,-1.1984284891051901,objective_excluded,"[3.6827475670144724859122925889612280322363697263187, 3.6827475670144724859122925889612280322363697263187]",
above,A,10,-3.188369176813758,-3.063369176188758,-1.4484284903551901,-1.3234284897301901,objective_excluded,"[3.6249529992616547990692205996831578824005288503842, 3.6249529992616547990692205996831578824005288503842]",
above,A,10,-3.313369177438758,-3.188369176813758,-1.3234284897301901,-1.1984284891051901,objective_excluded,"[4.1812842758379791103964066836907729689470021182652, 4.1812842758379791103964066836907729689470021182652]",
above,A,10,-3.313369177438758,-3.188369176813758,-1.4484284903551901,-1.3234284897301901,objective_excluded,"[4.2781166260974908572571593702961634535916403840309, 4.2781166260974908572571593702961634535916403840309]",
above,A,9,-3.438369178063758,-3.313369177438758,-1.1984284891051901,-0.9484284878551901,objective_excluded,"[2.2334335164144637352525794332460123488861774653051, 2.2334335164144637352525794332460123488861774653051]",
above,A,9,-3.563369178688758,-3.438369178063758,-1.1984284891051901,-0.9484284878551901,objective_excluded,"[2.8410747972585642731002563468997916500051932346904, 2.8410747972585642731002563468997916500051932346904]",
above,A,9,-3.438369178063758,-3.313369177438758,-1.4484284903551901,-1.1984284891051901,objective_excluded,"[1.6467310869653047127339589312415415064449940060133, 1.6467310869653047127339589312415415064449940060133]",
above,A,9,-3.563369178688758,-3.438369178063758,-1.4484284903551901,-1.1984284891051901,objective_excluded,"[2.6704556657845680686585730774206190847669788879597, 2.6704556657845680686585730774206190847669788879597]",
above,A,8,-3.813369179938758,-3.563369178688758,-0.6984284866051901,-0.4484284853551901,objective_excluded,"[1.5137126892088940314682309421040804103527388752867, 1.5137126892088940314682309421040804103527388752867]",
above,A,8,-3.813369179938758,-3.563369178688758,-0.9484284878551901,-0.6984284866051901,objective_excluded,"[1.5530450466400663230940700178099592116660772285949, 1.5530450466400663230940700178099592116660772285949]",
above,A,8,-4.063369181188758,-3.813369179938758,-0.6984284866051901,-0.4484284853551901,objective_excluded,"[2.08037729244768644713327984739367646339816783107, 2.08037729244768644713327984739367646339816783107]",
above,A,8,-4.063369181188758,-3.813369179938758,-0.9484284878551901,-0.6984284866051901,objective_excluded,"[2.4629914115226566762935982081697959402841930264965, 2.4629914115226566762935982081697959402841930264965]",
above,A,8,-3.813369179938758,-3.563369178688758,-1.1984284891051901,-0.9484284878551901,objective_excluded,"[1.2815715392743317597513751241326843083898919570056, 1.2815715392743317597513751241326843083898919570056]",
above,A,9,-3.688369179313758,-3.563369178688758,-1.4484284903551901,-1.1984284891051901,objective_excluded,"[3.4651062346383178705673005970847027148457263732893, 3.4651062346383178705673005970847027148457263732893]",
above,A,9,-3.813369179938758,-3.688369179313758,-1.4484284903551901,-1.1984284891051901,objective_excluded,"[4.0983971021413121078231275550847124155490369342708, 4.0983971021413121078231275550847124155490369342708]",
above,A,8,-4.063369181188758,-3.813369179938758,-1.1984284891051901,-0.9484284878551901,objective_excluded,"[2.7017320290248939098846995869255229251144677571876, 2.7017320290248939098846995869255229251144677571876]",
above,A,8,-4.063369181188758,-3.813369179938758,-1.4484284903551901,-1.1984284891051901,objective_excluded,"[2.6473446592004789234951219395534008170684641567191, 2.6473446592004789234951219395534008170684641567191]",
above,A,8,-4.313369182438758,-4.063369181188758,0.3015715183948099,0.5515715196448099,objective_excluded,"[0.77904466929410531901036390354832739517697579570266, 0.77904466929410531901036390354832739517697579570266]",
above,A,8,-4.313369182438758,-4.063369181188758,0.0515715171448099,0.3015715183948099,objective_excluded,"[0.96968085143078103250699505509219143592107430538283, 0.96968085143078103250699505509219143592107430538283]",
above,A,8,-4.563369183688758,-4.313369182438758,0.3015715183948099,0.5515715196448099,objective_excluded,"[0.80285339111662603433626478996547183857946799278966, 0.80285339111662603433626478996547183857946799278966]",
above,A,8,-4.563369183688758,-4.313369182438758,0.0515715171448099,0.3015715183948099,objective_excluded,"[0.99683289172487528264594607781951967506962322776515, 0.99683289172487528264594607781951967506962322776515]",
above,A,8,-4.313369182438758,-4.063369181188758,-0.1984284841051901,0.0515715171448099,objective_excluded,"[1.3562522709923423849517039630210352406758139735796, 1.3562522709923423849517039630210352406758139735796]",
above,A,8,-4.313369182438758,-4.063369181188758,-0.4484284853551901,-0.1984284841051901,objective_excluded,"[1.8765053079632913660637246931984539053055590635677, 1.8765053079632913660637246931984539053055590635677]",
above,A,8,-4.563369183688758,-4.313369182438758,-0.1984284841051901,0.0515715171448099,objective_excluded,"[1.4195929482516403642486027211632952197993637905739, 1.4195929482516403642486027211632952197993637905739]",
above,A,8,-4.563369183688758,-4.313369182438758,-0.4484284853551901,-0.1984284841051901,objective_excluded,"[2.01941000277998995386060848796375450207762929199, 2.01941000277998995386060848796375450207762929199]",
above,A,8,-4.813369184938758,-4.563369183688758,0.3015715183948099,0.5515715196448099,objective_excluded,"[0.81816988028260631904837677786402499308369139455925, 0.81816988028260631904837677786402499308369139455925]",
above,A,8,-4.813369184938758,-4.563369183688758,0.0515715171448099,0.3015715183948099,objective_excluded,"[1.005426709664673287283969458244171236191054788476, 1.005426709664673287283969458244171236191054788476]",
above,A,8,-5.063369186188758,-4.813369184938758,0.3015715183948099,0.5515715196448099,objective_excluded,"[0.83403889254847078928212215698267071755287418504725, 0.83403889254847078928212215698267071755287418504725]",
above,A,8,-5.063369186188758,-4.813369184938758,0.0515715171448099,0.3015715183948099,objective_excluded,"[1.0025434053991375837220159712641176068771898265242, 1.0025434053991375837220159712641176068771898265242]",
above,A,8,-4.813369184938758,-4.563369183688758,-0.1984284841051901,0.0515715171448099,objective_excluded,"[1.4512829157747814666419242095837288318276921046626, 1.4512829157747814666419242095837288318276921046626]",
above,A,8,-4.813369184938758,-4.563369183688758,-0.4484284853551901,-0.1984284841051901,objective_excluded,"[2.1148100558337397591593318544256491950500301160644, 2.1148100558337397591593318544256491950500301160644]",
above,A,8,-5.063369186188758,-4.813369184938758,-0.1984284841051901,0.0515715171448099,objective_excluded,"[1.4602247384876350450584470609284929486366567095527, 1.4602247384876350450584470609284929486366567095527]",
above,A,8,-5.063369186188758,-4.813369184938758,-0.4484284853551901,-0.1984284841051901,objective_excluded,"[2.1761546620989082771159359954218754970205674988735, 2.1761546620989082771159359954218754970205674988735]",
above,A,8,-4.313369182438758,-4.063369181188758,-0.6984284866051901,-0.4484284853551901,objective_excluded,"[2.4655054180830894576336005475677782465275827235241, 2.4655054180830894576336005475677782465275827235241]",
above,A,8,-4.313369182438758,-4.063369181188758,-0.9484284878551901,-0.6984284866051901,objective_excluded,"[3.083724378295042124267423808056821460668688591363, 3.083724378295042124267423808056821460668688591363]",
above,A,8,-4.563369183688758,-4.313369182438758,-0.6984284866051901,-0.4484284853551901,objective_excluded,"[2.7267065418268897893529024403139877994468848392615, 2.7267065418268897893529024403139877994468848392615]",
above,A,8,-4.563369183688758,-4.313369182438758,-0.9484284878551901,-0.6984284866051901,objective_excluded,"[3.5238829705203713674918016130312773087143833761769, 3.5238829705203713674918016130312773087143833761769]",
above,A,8,-4.313369182438758,-4.063369181188758,-1.1984284891051901,-0.9484284878551901,objective_excluded,"[3.6643536824533471285909489434266698251119751051721, 3.6643536824533471285909489434266698251119751051721]",
above,A,8,-4.313369182438758,-4.063369181188758,-1.4484284903551901,-1.1984284891051901,objective_excluded,"[4.1124297377970619057249986594357621021599708493574, 4.1124297377970619057249986594357621021599708493574]",
above,A,8,-4.563369183688758,-4.313369182438758,-1.1984284891051901,-0.9484284878551901,objective_excluded,"[4.3484182265534520280685744651549402789852204100504, 4.3484182265534520280685744651549402789852204100504]",
above,A,8,-4.563369183688758,-4.313369182438758,-1.4484284903551901,-1.1984284891051901,objective_excluded,"[5.1342674053233432159014324124374408561140657193784, 5.1342674053233432159014324124374408561140657193784]",
above,A,7,-4.813369184938758,-4.563369183688758,-0.9484284878551901,-0.4484284853551901,objective_excluded,"[1.4444837180457370560504321289388034248429523827017, 1.4444837180457370560504321289388034248429523827017]",
above,A,7,-5.063369186188758,-4.813369184938758,-0.9484284878551901,-0.4484284853551901,objective_excluded,"[1.8919856726689830023611419077392644163482993196318, 1.8919856726689830023611419077392644163482993196318]",
above,A,7,-4.813369184938758,-4.563369183688758,-1.4484284903551901,-0.9484284878551901,objective_excluded,"[2.2332771210201462634163163828653644158587895132723, 2.2332771210201462634163163828653644158587895132723]",
above,A,7,-5.063369186188758,-4.813369184938758,-1.4484284903551901,-0.9484284878551901,objective_excluded,"[3.3927334285585240051590638662170211461754607884314, 3.3927334285585240051590638662170211461754607884314]",
above,A,5,-5.563369188688758,-5.063369186188758,1.5515715246448099,2.5515715296448099,gradient_excluded,"[-1.0370513497565128477638790871985873260050130683581, -1.0370513497565128477638790871985873260050130683581]",g2
above,A,5,-6.063369191188758,-5.563369188688758,1.5515715246448099,2.5515715296448099,gradient_excluded,"[0.45765188873291933667212383058661419657417714117812, 0.45765188873291933667212383058661419657417714117812]",g2
above,A,6,-5.563369188688758,-5.063369186188758,1.0515715221448099,1.5515715246448099,gradient_excluded,"[0.30534705224147092668527912571655945915083273322531, 0.30534705224147092668527912571655945915083273322531]",g2
above,A,8,-5.313369187438758,-5.063369186188758,0.8015715208948099,1.0515715221448099,objective_excluded,"[1.0100442283411793341746938248719025633343839166849, 1.0100442283411793341746938248719025633343839166849]",
above,A,8,-5.313369187438758,-5.063369186188758,0.5515715196448099,0.8015715208948099,objective_excluded,"[0.8420857054105656530571562983399822250042069535456, 0.8420857054105656530571562983399822250042069535456]",
above,A,8,-5.563369188688758,-5.313369187438758,0.8015715208948099,1.0515715221448099,objective_excluded,"[1.0904741694435901605988799774296240572415139588787, 1.0904741694435901605988799774296240572415139588787]",
above,A,8,-5.563369188688758,-5.313369187438758,0.5515715196448099,0.8015715208948099,objective_excluded,"[0.85015797344115904901967807658346963557320682519898, 0.85015797344115904901967807658346963557320682519898]",
above,A,6,-6.063369191188758,-5.563369188688758,1.0515715221448099,1.5515715246448099,gradient_excluded,"[0.72523355940962711204321025194809080926095031192647, 0.72523355940962711204321025194809080926095031192647]",g2
above,A,8,-5.813369189938758,-5.563369188688758,0.8015715208948099,1.0515715221448099,objective_excluded,"[1.1922863004551520055227246333508182848686918877657, 1.1922863004551520055227246333508182848686918877657]",
above,A,8,-5.813369189938758,-5.563369188688758,0.5515715196448099,0.8015715208948099,objective_excluded,"[0.86453465336248541715061130390570123773564656220545, 0.86453465336248541715061130390570123773564656220545]",
above,A,8,-6.063369191188758,-5.813369189938758,0.8015715208948099,1.0515715221448099,objective_excluded,"[1.3188287019460054798528229475686103421917454174304, 1.3188287019460054798528229475686103421917454174304]",
above,A,8,-6.063369191188758,-5.813369189938758,0.5515715196448099,0.8015715208948099,objective_excluded,"[0.8914757582677161733080379616481160810520894351725, 0.8914757582677161733080379616481160810520894351725]",
above,A,4,-7.063369196188758,-6.063369191188758,1.5515715246448099,2.5515715296448099,gradient_excluded,"[-1.0979007182916860724324486911588234561015130824349, -1.0979007182916860724324486911588234561015130824349]",g2
above,A,6,-6.563369193688758,-6.063369191188758,1.0515715221448099,1.5515715246448099,objective_excluded,"[1.3271499233408160641303397289518913831162829512226, 1.3271499233408160641303397289518913831162829512226]",
above,A,8,-6.313369192438758,-6.063369191188758,0.8015715208948099,1.0515715221448099,objective_excluded,"[1.4725476737141577410521225624178820010021335037201, 1.4725476737141577410521225624178820010021335037201]",
above,A,8,-6.313369192438758,-6.063369191188758,0.5515715196448099,0.8015715208948099,objective_excluded,"[0.93613320756297422768167270484090450386046141914834, 0.93613320756297422768167270484090450386046141914834]",
above,A,7,-6.563369193688758,-6.313369192438758,0.5515715196448099,1.0515715221448099,gradient_excluded,"[0.32031476178773287430412596369842443504477413624008, 0.32031476178773287430412596369842443504477413624008]",g2
above,A,6,-7.063369196188758,-6.563369193688758,1.0515715221448099,1.5515715246448099,objective_excluded,"[2.1069928612596666610346093684595312300037641324965, 2.1069928612596666610346093684595312300037641324965]",
above,A,7,-6.813369194938758,-6.563369193688758,0.5515715196448099,1.0515715221448099,gradient_excluded,"[0.39088126453963581711487204402487007318059648318426, 0.39088126453963581711487204402487007318059648318426]",g2
above,A,7,-7.063369196188758,-6.813369194938758,0.5515715196448099,1.0515715221448099,gradient_excluded,"[0.48894052457807442305759194307163868014760218506105, 0.48894052457807442305759194307163868014760218506105]",g2
above,A,8,-5.313369187438758,-5.063369186188758,0.3015715183948099,0.5515715196448099,objective_excluded,"[0.85496695153026818840250746635143635756495446628202, 0.85496695153026818840250746635143635756495446628202]",
above,A,8,-5.313369187438758,-5.063369186188758,0.0515715171448099,0.3015715183948099,objective_excluded,"[0.9918795180819033655532464740100340943017816929484, 0.9918795180819033655532464740100340943017816929484]",
above,A,8,-5.563369188688758,-5.313369187438758,0.3015715183948099,0.5515715196448099,objective_excluded,"[0.88365563122350649175736017954203101844260183535584, 0.88365563122350649175736017954203101844260183535584]",
above,A,8,-5.563369188688758,-5.313369187438758,0.0515715171448099,0.3015715183948099,objective_excluded,"[0.97591275946452625910226647449327237575797499081396, 0.97591275946452625910226647449327237575797499081396]",
above,A,8,-5.313369187438758,-5.063369186188758,-0.1984284841051901,0.0515715171448099,objective_excluded,"[1.4536777891506772164351572880604721784411748875871, 1.4536777891506772164351572880604721784411748875871]",
above,A,8,-5.313369187438758,-5.063369186188758,-0.4484284853551901,-0.1984284841051901,objective_excluded,"[2.2096675628777180162769430079637341227946363582766, 2.2096675628777180162769430079637341227946363582766]",
above,A,7,-5.563369188688758,-5.313369187438758,-0.4484284853551901,0.0515715171448099,objective_excluded,"[0.82502707611733133543477971738778899272699913519358, 0.82502707611733133543477971738778899272699913519358]",
above,A,8,-5.813369189938758,-5.563369188688758,0.3015715183948099,0.5515715196448099,objective_excluded,"[0.91944398275884835697004864711910097802167137780291, 0.91944398275884835697004864711910097802167137780291]",
above,A,8,-5.813369189938758,-5.563369188688758,0.0515715171448099,0.3015715183948099,objective_excluded,"[0.9610680891290496946254013211130804273069250297098, 0.9610680891290496946254013211130804273069250297098]",
above,A,8,-6.063369191188758,-5.813369189938758,0.3015715183948099,0.5515715196448099,objective_excluded,"[0.9420783610716697601317743377973648326576775615724, 0.9420783610716697601317743377973648326576775615724]",
above,A,8,-6.063369191188758,-5.813369189938758,0.0515715171448099,0.3015715183948099,objective_excluded,"[0.94942013805360621035821102632166857501514139109723, 0.94942013805360621035821102632166857501514139109723]",
above,A,7,-5.813369189938758,-5.563369188688758,-0.4484284853551901,0.0515715171448099,objective_excluded,"[0.85714405532019150802748484160754147727759111448632, 0.85714405532019150802748484160754147727759111448632]",
above,A,7,-6.063369191188758,-5.813369189938758,-0.4484284853551901,0.0515715171448099,objective_excluded,"[0.86261268466649702469708170228090776803381512711654, 0.86261268466649702469708170228090776803381512711654]",
above,A,6,-5.563369188688758,-5.063369186188758,-0.9484284878551901,-0.4484284853551901,objective_excluded,"[0.90426021654394926055857659917405579560316013096658, 0.90426021654394926055857659917405579560316013096658]",
above,A,6,-5.563369188688758,-5.063369186188758,-1.4484284903551901,-0.9484284878551901,objective_excluded,"[2.0566073744245953141233509129595796486671428224013, 2.0566073744245953141233509129595796486671428224013]",
above,A,6,-6.063369191188758,-5.563369188688758,-0.9484284878551901,-0.4484284853551901,objective_excluded,"[1.7894632561851768725743868817205609711184915566465, 1.7894632561851768725743868817205609711184915566465]",
above,A,6,-6.063369191188758,-5.563369188688758,-1.4484284903551901,-0.9484284878551901,objective_excluded,"[3.9904058378180176912226062952894955022594932571572, 3.9904058378180176912226062952894955022594932571572]",
above,A,8,-6.313369192438758,-6.063369191188758,0.3015715183948099,0.5515715196448099,objective_excluded,"[0.91875904020838074281099720675202072970851040407902, 0.91875904020838074281099720675202072970851040407902]",
above,A,8,-6.313369192438758,-6.063369191188758,0.0515715171448099,0.3015715183948099,objective_excluded,"[0.94271832703715334577622231251554619945302532145963, 0.94271832703715334577622231251554619945302532145963]",
above,A,8,-6.563369193688758,-6.313369192438758,0.3015715183948099,0.5515715196448099,objective_excluded,"[0.90642084802306508314375980324850328086543174624587, 0.90642084802306508314375980324850328086543174624587]",
above,A,8,-6.563369193688758,-6.313369192438758,0.0515715171448099,0.3015715183948099,objective_excluded,"[0.94252955493374285959375062440380046813627876013465, 0.94252955493374285959375062440380046813627876013465]",
above,A,7,-6.313369192438758,-6.063369191188758,-0.4484284853551901,0.0515715171448099,objective_excluded,"[0.84854994171741236676324341909606113824161777986555, 0.84854994171741236676324341909606113824161777986555]",
above,A,7,-6.563369193688758,-6.313369192438758,-0.4484284853551901,0.0515715171448099,objective_excluded,"[0.81953344095726063455006416850838074833358739926694, 0.81953344095726063455006416850838074833358739926694]",
above,A,8,-6.813369194938758,-6.563369193688758,0.3015715183948099,0.5515715196448099,objective_excluded,"[0.90875155632768700724350643685161367007386547060293, 0.90875155632768700724350643685161367007386547060293]",
above,A,8,-6.813369194938758,-6.563369193688758,0.0515715171448099,0.3015715183948099,objective_excluded,"[0.95454741891432840012130643360782865012096929668034, 0.95454741891432840012130643360782865012096929668034]",
above,A,8,-7.063369196188758,-6.813369194938758,0.3015715183948099,0.5515715196448099,objective_excluded,"[0.92354705653903503712531279413650671484798492312364, 0.92354705653903503712531279413650671484798492312364]",
above,A,8,-7.063369196188758,-6.813369194938758,0.0515715171448099,0.3015715183948099,objective_excluded,"[0.9780424545518035626646275369073198410163262917302, 0.9780424545518035626646275369073198410163262917302]",
above,A,6,-7.063369196188758,-6.563369193688758,-0.4484284853551901,0.0515715171448099,gradient_excluded,"[0.37699284165446347822989235294547452219554956736675, 0.37699284165446347822989235294547452219554956736675]",g2
above,A,6,-6.563369193688758,-6.063369191188758,-0.9484284878551901,-0.4484284853551901,objective_excluded,"[2.2547136243616560567832975630914480607608253113835, 2.2547136243616560567832975630914480607608253113835]",
above,A,6,-6.563369193688758,-6.063369191188758,-1.4484284903551901,-0.9484284878551901,objective_excluded,"[5.0740916390509906026685013940288026097225129763562, 5.0740916390509906026685013940288026097225129763562]",
above,A,6,-7.063369196188758,-6.563369193688758,-0.9484284878551901,-0.4484284853551901,objective_excluded,"[2.4343149343457663520762505830699324062927855982338, 2.4343149343457663520762505830699324062927855982338]",
above,A,6,-7.063369196188758,-6.563369193688758,-1.4484284903551901,-0.9484284878551901,objective_excluded,"[5.7050095794833147708348116981621229611105006024596, 5.7050095794833147708348116981621229611105006024596]",
above,B,4,0.9340615541844062,1.9340615591844062,13.267352426766489,14.267352431766489,gradient_excluded,"[0.40860847646243034898274914101338052898266617384272, 0.40860847646243034898274914101338052898266617384272]",g1
above,B,4,0.9340615541844062,1.9340615591844062,12.267352421766489,13.267352426766489,gradient_excluded,"[-0.31891271368458242350567388598880968947392742728929, -0.31891271368458242350567388598880968947392742728929]",g1
above,B,5,0.4340615516844062,0.9340615541844062,13.267352426766489,14.267352431766489,gradient_excluded,"[0.15790199622401388984201643152600381009865032362495, 0.15790199622401388984201643152600381009865032362495]",g1
above,B,7,0.1840615504344062,0.4340615516844062,13.767352429266489,14.267352431766489,objective_excluded,"[0.95830825747093463449891232788848950185636794492233, 0.95830825747093463449891232788848950185636794492233]",
above,B,7,-0.0659384508155938,0.1840615504344062,13.767352429266489,14.267352431766489,objective_excluded,"[0.82552521233197166787381891972918827229617365589001, 0.82552521233197166787381891972918827229617365589001]",
above,B,7,0.1840615504344062,0.4340615516844062,13.267352426766489,13.767352429266489,objective_excluded,"[0.85054452522287711569257795182252347724630319499106, 0.85054452522287711569257795182252347724630319499106]",
above,B,8,-0.0659384508155938,0.1840615504344062,13.517352428016489,13.767352429266489,objective_excluded,"[0.83212739963131198353093953436536836147420016054169, 0.83212739963131198353093953436536836147420016054169]",
above,B,9,0.0590615498094062,0.1840615504344062,13.267352426766489,13.517352428016489,objective_excluded,"[0.90510481615208808958697838979373004515779739628884, 0.90510481615208808958697838979373004515779739628884]",
above,B,9,-0.0659384508155938,0.0590615498094062,13.267352426766489,13.517352428016489,objective_excluded,"[0.87962245133370499201277500764806458187021829086033, 0.87962245133370499201277500764806458187021829086033]",
above,B,5,0.4340615516844062,0.9340615541844062,12.267352421766489,13.267352426766489,gradient_excluded,"[0.001561630322304228966265502062555830698127415513902, 0.001561630322304228966265502062555830698127415513902]",g1
above,B,7,0.1840615504344062,0.4340615516844062,12.767352424266489,13.267352426766489,objective_excluded,"[0.78516808610707832175024067297685850634179051196437, 0.78516808610707832175024067297685850634179051196437]",
above,B,9,0.0590615498094062,0.1840615504344062,13.017352425516489,13.267352426766489,objective_excluded,"[0.85309388911821283594549118376688342936464894689965, 0.85309388911821283594549118376688342936464894689965]",
above,B,9,-0.0659384508155938,0.0590615498094062,13.017352425516489,13.267352426766489,objective_excluded,"[0.8117688049228685449587299802841677743604423054055, 0.8117688049228685449587299802841677743604423054055]",
above,B,9,0.0590615498094062,0.1840615504344062,12.767352424266489,13.017352425516489,objective_excluded,"[0.81636461419063902736170812099679317280073388171233, 0.81636461419063902736170812099679317280073388171233]",
above,B,10,-0.0659384508155938,0.0590615498094062,12.892352424891489,13.017352425516489,objective_excluded,"[0.79941351560497766685658909127287195002120162221407, 0.79941351560497766685658909127287195002120162221407]",
above,B,10,-0.0659384508155938,0.0590615498094062,12.767352424266489,12.892352424891489,gradient_excluded,"[0.77708880046334794671556340627544458430549427359039, 0.77708880046334794671556340627544458430549427359039]",g2
above,B,7,0.1840615504344062,0.4340615516844062,12.267352421766489,12.767352424266489,gradient_excluded,"[0.76961174392572337789864954658418461332204831696993, 0.76961174392572337789864954658418461332204831696993]",g1
above,B,9,0.0590615498094062,0.1840615504344062,12.517352423016489,12.767352424266489,objective_excluded,"[0.79585832432534891721946559766125780939755775424627, 0.79585832432534891721946559766125780939755775424627]",
above,B,10,-0.0659384508155938,0.0590615498094062,12.642352423641489,12.767352424266489,gradient_excluded,"[0.75965537171292550329079699290860240852643086043277, 0.75965537171292550329079699290860240852643086043277]",g2
above,B,10,-0.0659384508155938,0.0590615498094062,12.517352423016489,12.642352423641489,krawczyk_excluded,"[0.74721745043294828524069603177227730119831768135618, 0.74721745043294828524069603177227730119831768135618]",K disjoint
above,B,9,0.0590615498094062,0.1840615504344062,12.267352421766489,12.517352423016489,objective_excluded,"[0.79176171442427863130416378885705434031236025617339, 0.79176171442427863130416378885705434031236025617339]",
above,B,11,-0.0034384505030938,0.0590615498094062,12.392352422391489,12.517352423016489,objective_excluded,"[0.78400566026782570636559129953396774058460682828783, 0.78400566026782570636559129953396774058460682828783]",
above,B,12,-0.0659384508155938,-0.0034384505030938,12.454852422703989,12.517352423016489,gradient_excluded,"[0.77365069262326736231390447406399859810153129875326, 0.77365069262326736231390447406399859810153129875326]",g2
above,B,12,-0.0659384508155938,-0.0034384505030938,12.392352422391489,12.454852422703989,gradient_excluded,"[0.77048598307835171395510587703563595002185263832607, 0.77048598307835171395510587703563595002185263832607]",g2
above,B,11,-0.0034384505030938,0.0590615498094062,12.267352421766489,12.392352422391489,objective_excluded,"[0.78285739040385883543885775662796621451762372269646, 0.78285739040385883543885775662796621451762372269646]",
above,B,12,-0.0659384508155938,-0.0034384505030938,12.329852422078989,12.392352422391489,krawczyk_excluded,"[0.76859780219326816056623581632333330884726760607678, 0.76859780219326816056623581632333330884726760607678]",K disjoint
above,B,13,-0.0346884506593438,-0.0034384505030938,12.267352421766489,12.329852422078989,objective_excluded,"[0.77899998414790527520682515165537452189720718519147, 0.77899998414790527520682515165537452189720718519147]",
above,B,14,-0.0659384508155938,-0.0346884506593438,12.298602421922739,12.329852422078989,gradient_excluded,"[0.77527988170667995748906546025494643709459746589912, 0.77527988170667995748906546025494643709459746589912]",g2
above,B,15,-0.0503134507374688,-0.0346884506593438,12.267352421766489,12.298602421922739,objective_excluded,"[0.77783692356135938227847454250483355558759808689749, 0.77783692356135938227847454250483355558759808689749]",
above,B,16,-0.0659384508155938,-0.0503134507374688,12.282977421844614,12.298602421922739,gradient_excluded,"[0.77688745837551551079964665658586957285306043023347, 0.77688745837551551079964665658586957285306043023347]",g2
above,B,17,-0.0581259507765313,-0.0503134507374688,12.267352421766489,12.282977421844614,objective_excluded,"[0.7775211828886601726870554916864900888214562271153, 0.7775211828886601726870554916864900888214562271153]",
above,B,18,-0.0659384508155938,-0.0581259507765313,12.2751649218055515,12.282977421844614,gradient_excluded,"[0.77728138526630761942341995923301691293255492485534, 0.77728138526630761942341995923301691293255492485534]",g2
above,B,18,-0.0659384508155938,-0.0581259507765313,12.267352421766489,12.2751649218055515,inside_Krawczyk_box,,
above,B,5,1.4340615566844062,1.9340615591844062,11.267352416766489,12.267352421766489,objective_excluded,"[8.0100903493334701865223554891940417061907071567738, 8.0100903493334701865223554891940417061907071567738]",
above,B,5,0.9340615541844062,1.4340615566844062,11.267352416766489,12.267352421766489,objective_excluded,"[2.8776057963791949710797753407842241975826747761133, 2.8776057963791949710797753407842241975826747761133]",
above,B,5,1.4340615566844062,1.9340615591844062,10.267352411766489,11.267352416766489,objective_excluded,"[7.5850585943762275106181579185152915816590968620491, 7.5850585943762275106181579185152915816590968620491]",
above,B,5,0.9340615541844062,1.4340615566844062,10.267352411766489,11.267352416766489,objective_excluded,"[2.6532735036977323894161356510839336042840075569642, 2.6532735036977323894161356510839336042840075569642]",
above,B,5,0.4340615516844062,0.9340615541844062,11.267352416766489,12.267352421766489,gradient_excluded,"[-0.21518035021414276366451890349644059613188475467835, -0.21518035021414276366451890349644059613188475467835]",g1
above,B,7,0.1840615504344062,0.4340615516844062,11.767352419266489,12.267352421766489,gradient_excluded,"[0.75401629058719093903954203467021757407930895015389, 0.75401629058719093903954203467021757407930895015389]",g1
above,B,9,0.0590615498094062,0.1840615504344062,12.017352420516489,12.267352421766489,objective_excluded,"[0.79119972739305054296380617651747357692308947622697, 0.79119972739305054296380617651747357692308947622697]",
above,B,11,-0.0034384505030938,0.0590615498094062,12.142352421141489,12.267352421766489,objective_excluded,"[0.78255211535114459320073554083669227078433168042, 0.78255211535114459320073554083669227078433168042]",
above,B,13,-0.0346884506593438,-0.0034384505030938,12.204852421453989,12.267352421766489,objective_excluded,"[0.77888614059122687193785885080069822452929395789137, 0.77888614059122687193785885080069822452929395789137]",
above,B,15,-0.0503134507374688,-0.0346884506593438,12.236102421610239,12.267352421766489,objective_excluded,"[0.77780300490595235024487981980428363133101742001403, 0.77780300490595235024487981980428363133101742001403]",
above,B,17,-0.0581259507765313,-0.0503134507374688,12.251727421688364,12.267352421766489,objective_excluded,"[0.77751197200455131834523985501800216215067076302221, 0.77751197200455131834523985501800216215067076302221]",
above,B,18,-0.0659384508155938,-0.0581259507765313,12.2595399217274265,12.267352421766489,inside_Krawczyk_box,,
above,B,18,-0.0659384508155938,-0.0581259507765313,12.251727421688364,12.2595399217274265,gradient_excluded,"[0.77727684329253541347290924758033374488942224490273, 0.77727684329253541347290924758033374488942224490273]",g1
above,B,16,-0.0659384508155938,-0.0503134507374688,12.236102421610239,12.251727421688364,gradient_excluded,"[0.77687102494775061742247367842608677464283194873357, 0.77687102494775061742247367842608677464283194873357]",g1
above,B,14,-0.0659384508155938,-0.0346884506593438,12.204852421453989,12.236102421610239,gradient_excluded,"[0.7752274522017366484476005863376727871276773065472, 0.7752274522017366484476005863376727871276773065472]",g1
above,B,12,-0.0659384508155938,-0.0034384505030938,12.142352421141489,12.204852421453989,gradient_excluded,"[0.76848625923494463515480318449687108985053107831906, 0.76848625923494463515480318449687108985053107831906]",g2
above,B,11,-0.0034384505030938,0.0590615498094062,12.017352420516489,12.142352421141489,objective_excluded,"[0.78626753285044176586482181476256976242648793984571, 0.78626753285044176586482181476256976242648793984571]",
above,B,12,-0.0659384508155938,-0.0034384505030938,12.079852420828989,12.142352421141489,gradient_excluded,"[0.77050110075218327853026157955413277823572804271149, 0.77050110075218327853026157955413277823572804271149]",g2
above,B,12,-0.0659384508155938,-0.0034384505030938,12.017352420516489,12.079852420828989,gradient_excluded,"[0.77379085344931886547630239528592041120961793452057, 0.77379085344931886547630239528592041120961793452057]",g1
above,B,9,0.0590615498094062,0.1840615504344062,11.767352419266489,12.017352420516489,objective_excluded,"[0.80274753674886757794339702217244619956973182022509, 0.80274753674886757794339702217244619956973182022509]",
above,B,10,-0.0659384508155938,0.0590615498094062,11.892352419891489,12.017352420516489,gradient_excluded,"[0.74812481028809019425009091823358767287196286291895, 0.74812481028809019425009091823358767287196286291895]",g2
above,B,10,-0.0659384508155938,0.0590615498094062,11.767352419266489,11.892352419891489,gradient_excluded,"[0.76092351053202430154486558202289179403824950672987, 0.76092351053202430154486558202289179403824950672987]",g2
above,B,7,0.1840615504344062,0.4340615516844062,11.267352416766489,11.767352419266489,gradient_excluded,"[0.77575175098393763310535247993977843485776391178232, 0.77575175098393763310535247993977843485776391178232]",g1
above,B,9,0.0590615498094062,0.1840615504344062,11.517352418016489,11.767352419266489,objective_excluded,"[0.83006374765762165603442223616702089210188907291686, 0.83006374765762165603442223616702089210188907291686]",
above,B,10,-0.0659384508155938,0.0590615498094062,11.642352418641489,11.767352419266489,objective_excluded,"[0.77861253439462792793647448088331641964375942689215, 0.77861253439462792793647448088331641964375942689215]",
above,B,10,-0.0659384508155938,0.0590615498094062,11.517352418016489,11.642352418641489,objective_excluded,"[0.80106925578349441312680015259254691631643041715084, 0.80106925578349441312680015259254691631643041715084]",
above,B,9,0.0590615498094062,0.1840615504344062,11.267352416766489,11.517352418016489,objective_excluded,"[0.87278899111805516425378858208978058765890164751124, 0.87278899111805516425378858208978058765890164751124]",
above,B,9,-0.0659384508155938,0.0590615498094062,11.267352416766489,11.517352418016489,objective_excluded,"[0.8105538214114123411737696853198998513515731716473, 0.8105538214114123411737696853198998513515731716473]",
above,B,6,0.4340615516844062,0.9340615541844062,10.767352414266489,11.267352416766489,objective_excluded,"[0.94526396550886901793575509759062866777424348130426, 0.94526396550886901793575509759062866777424348130426]",
above,B,6,0.4340615516844062,0.9340615541844062,10.267352411766489,10.767352414266489,objective_excluded,"[1.0053345983877195551214065834794647208863372272357, 1.0053345983877195551214065834794647208863372272357]",
above,B,7,0.1840615504344062,0.4340615516844062,10.767352414266489,11.267352416766489,objective_excluded,"[0.84088091910944715256600091428763553118608910329612, 0.84088091910944715256600091428763553118608910329612]",
above,B,9,0.0590615498094062,0.1840615504344062,11.017352415516489,11.267352416766489,objective_excluded,"[0.92987447682344408012273646572144055481794004779154, 0.92987447682344408012273646572144055481794004779154]",
above,B,9,-0.0659384508155938,0.0590615498094062,11.017352415516489,11.267352416766489,objective_excluded,"[0.87771584248608393087999906275326164685684820119171, 0.87771584248608393087999906275326164685684820119171]",
above,B,8,-0.0659384508155938,0.1840615504344062,10.767352414266489,11.017352415516489,objective_excluded,"[0.83493842143723336552286426176752384665086783618962, 0.83493842143723336552286426176752384665086783618962]",
above,B,7,0.1840615504344062,0.4340615516844062,10.267352411766489,10.767352414266489,objective_excluded,"[0.95475001012116408830921975738793639607521529814613, 0.95475001012116408830921975738793639607521529814613]",
above,B,7,-0.0659384508155938,0.1840615504344062,10.267352411766489,10.767352414266489,objective_excluded,"[0.78284520336844975188583759839454837059360240388532, 0.78284520336844975188583759839454837059360240388532]",
above,B,7,-0.3159384520655938,-0.0659384508155938,13.767352429266489,14.267352431766489,objective_excluded,"[0.77903052640026624478314861012884870211739520253236, 0.77903052640026624478314861012884870211739520253236]",
above,B,7,-0.5659384533155938,-0.3159384520655938,13.767352429266489,14.267352431766489,objective_excluded,"[1.2638588397129466935367448360811029865405640666901, 1.2638588397129466935367448360811029865405640666901]",
above,B,8,-0.3159384520655938,-0.0659384508155938,13.517352428016489,13.767352429266489,objective_excluded,"[0.80652314442953447031353138074200126120760143992514, 0.80652314442953447031353138074200126120760143992514]",
above,B,8,-0.3159384520655938,-0.0659384508155938,13.267352426766489,13.517352428016489,gradient_excluded,"[0.7246058664786136384731121824784238711951635359028, 0.7246058664786136384731121824784238711951635359028]",g1
above,B,7,-0.5659384533155938,-0.3159384520655938,13.267352426766489,13.767352429266489,objective_excluded,"[0.97436174842003799362696237818792009462877360465622, 0.97436174842003799362696237818792009462877360465622]",
above,B,5,-1.0659384558155938,-0.5659384533155938,13.267352426766489,14.267352431766489,gradient_excluded,"[0.21986191159648365538591743185812802868578819310304, 0.21986191159648365538591743185812802868578819310304]",g1
above,B,9,-0.1909384514405938,-0.0659384508155938,13.017352425516489,13.267352426766489,objective_excluded,"[0.80178708647993932193149176207305152291877214815641, 0.80178708647993932193149176207305152291877214815641]",
above,B,9,-0.3159384520655938,-0.1909384514405938,13.017352425516489,13.267352426766489,objective_excluded,"[0.90436260827813936223368841609263502900576855112276, 0.90436260827813936223368841609263502900576855112276]",
above,B,10,-0.1909384514405938,-0.0659384508155938,12.892352424891489,13.017352425516489,objective_excluded,"[0.79494765147550250549174028210435626852031419016068, 0.79494765147550250549174028210435626852031419016068]",
above,B,10,-0.1909384514405938,-0.0659384508155938,12.767352424266489,12.892352424891489,gradient_excluded,"[0.7729838891691249461993380610951468405850469114052, 0.7729838891691249461993380610951468405850469114052]",g1
above,B,9,-0.3159384520655938,-0.1909384514405938,12.767352424266489,13.017352425516489,objective_excluded,"[0.8400179852294594377290507867155942290309375377226, 0.8400179852294594377290507867155942290309375377226]",
above,B,7,-0.5659384533155938,-0.3159384520655938,12.767352424266489,13.267352426766489,objective_excluded,"[0.78120465741278742917823686766898566651183899885375, 0.78120465741278742917823686766898566651183899885375]",
above,B,10,-0.1909384514405938,-0.0659384508155938,12.642352423641489,12.767352424266489,gradient_excluded,"[0.75597191560578612109795187444940794462562059106993, 0.75597191560578612109795187444940794462562059106993]",g1
above,B,10,-0.1909384514405938,-0.0659384508155938,12.517352423016489,12.642352423641489,gradient_excluded,"[0.74400473100071906394454992780215199673801943070649, 0.74400473100071906394454992780215199673801943070649]",g2
above,B,9,-0.3159384520655938,-0.1909384514405938,12.517352423016489,12.767352424266489,objective_excluded,"[0.79895409173956205934574026936283665785626448295203, 0.79895409173956205934574026936283665785626448295203]",
above,B,12,-0.1284384511280938,-0.0659384508155938,12.454852422703989,12.517352423016489,gradient_excluded,"[0.77303862092611628616596554844908482313656728442939, 0.77303862092611628616596554844908482313656728442939]",g1
above,B,12,-0.1284384511280938,-0.0659384508155938,12.392352422391489,12.454852422703989,gradient_excluded,"[0.76993933148625134418322318675351639061151668527214, 0.76993933148625134418322318675351639061151668527214]",g1
above,B,11,-0.1909384514405938,-0.1284384511280938,12.392352422391489,12.517352423016489,objective_excluded,"[0.78540952184592588348979837024980208110533398391759, 0.78540952184592588348979837024980208110533398391759]",
above,B,12,-0.1284384511280938,-0.0659384508155938,12.329852422078989,12.392352422391489,gradient_excluded,"[0.76811906806268692144050696830995148072909835060372, 0.76811906806268692144050696830995148072909835060372]",g2
above,B,14,-0.0971884509718438,-0.0659384508155938,12.298602421922739,12.329852422078989,gradient_excluded,"[0.77518044306159090678886761037172409621874957424298, 0.77518044306159090678886761037172409621874957424298]",g1
above,B,16,-0.0815634508937188,-0.0659384508155938,12.282977421844614,12.298602421922739,gradient_excluded,"[0.7768650679435260532189143169058708080108967098903, 0.7768650679435260532189143169058708080108967098903]",g1
above,B,18,-0.0737509508546563,-0.0659384508155938,12.2751649218055515,12.282977421844614,gradient_excluded,"[0.77727609278581697084957802505380786329115247655971, 0.77727609278581697084957802505380786329115247655971]",g1
above,B,18,-0.0737509508546563,-0.0659384508155938,12.267352421766489,12.2751649218055515,inside_Krawczyk_box,,
above,B,17,-0.0815634508937188,-0.0737509508546563,12.267352421766489,12.282977421844614,objective_excluded,"[0.7775098655879114293574184172989138121303438489064, 0.7775098655879114293574184172989138121303438489064]",
above,B,15,-0.0971884509718438,-0.0815634508937188,12.267352421766489,12.298602421922739,objective_excluded,"[0.77778631237364970490346043764256102062631633203291, 0.77778631237364970490346043764256102062631633203291]",
above,B,13,-0.1284384511280938,-0.0971884509718438,12.267352421766489,12.329852422078989,objective_excluded,"[0.77875461380161862229460593456336991557435696597191, 0.77875461380161862229460593456336991557435696597191]",
above,B,11,-0.1909384514405938,-0.1284384511280938,12.267352421766489,12.392352422391489,objective_excluded,"[0.78149285807095705005360895589525984793716376561427, 0.78149285807095705005360895589525984793716376561427]",
above,B,9,-0.3159384520655938,-0.1909384514405938,12.267352421766489,12.517352423016489,objective_excluded,"[0.78270384784661932822760399543232450404653023435114, 0.78270384784661932822760399543232450404653023435114]",
above,B,7,-0.5659384533155938,-0.3159384520655938,12.267352421766489,12.767352424266489,gradient_excluded,"[0.70438386632571356133654858906818870615967023847764, 0.70438386632571356133654858906818870615967023847764]",g1
above,B,5,-1.0659384558155938,-0.5659384533155938,12.267352421766489,13.267352426766489,gradient_excluded,"[-0.3856142918667718804042342301132539162123809977346, -0.3856142918667718804042342301132539162123809977346]",g1
above,B,4,-2.0659384608155938,-1.0659384558155938,13.267352426766489,14.267352431766489,objective_excluded,"[0.80196976490316836934423359476375411249367810489092, 0.80196976490316836934423359476375411249367810489092]",
above,B,4,-2.0659384608155938,-1.0659384558155938,12.267352421766489,13.267352426766489,gradient_excluded,"[-0.86039702894293169625795235226706452639548305623961, -0.86039702894293169625795235226706452639548305623961]",g1
above,B,18,-0.0737509508546563,-0.0659384508155938,12.2595399217274265,12.267352421766489,inside_Krawczyk_box,,
above,B,18,-0.0737509508546563,-0.0659384508155938,12.251727421688364,12.2595399217274265,gradient_excluded,"[0.7772815273732658624915333106823829982580461547665, 0.7772815273732658624915333106823829982580461547665]",g2
above,B,17,-0.0815634508937188,-0.0737509508546563,12.251727421688364,12.267352421766489,objective_excluded,"[0.7775206118652590782173799086898549368361096014611, 0.7775206118652590782173799086898549368361096014611]",
above,B,16,-0.0815634508937188,-0.0659384508155938,12.236102421610239,12.251727421688364,gradient_excluded,"[0.77688855928451572818232911239165711575722456393416, 0.77688855928451572818232911239165711575722456393416]",g2
above,B,15,-0.0971884509718438,-0.0815634508937188,12.236102421610239,12.267352421766489,objective_excluded,"[0.77783231542791122089391164033335188864668619981057, 0.77783231542791122089391164033335188864668619981057]",
above,B,14,-0.0971884509718438,-0.0659384508155938,12.204852421453989,12.236102421610239,gradient_excluded,"[0.77528811455775900122445780974014133090634137128802, 0.77528811455775900122445780974014133090634137128802]",g2
above,B,13,-0.1284384511280938,-0.0971884509718438,12.204852421453989,12.267352421766489,objective_excluded,"[0.77896242640107533224605806486066917890273149567563, 0.77896242640107533224605806486066917890273149567563]",
above,B,12,-0.1284384511280938,-0.0659384508155938,12.142352421141489,12.204852421453989,krawczyk_excluded,"[0.76865535591414921811951703105915137079313256605569, 0.76865535591414921811951703105915137079313256605569]",K disjoint
above,B,11,-0.1909384514405938,-0.1284384511280938,12.142352421141489,12.267352421766489,objective_excluded,"[0.78254488728557736556805002267057212522628809442836, 0.78254488728557736556805002267057212522628809442836]",
above,B,12,-0.1284384511280938,-0.0659384508155938,12.079852420828989,12.142352421141489,gradient_excluded,"[0.77060753666694117689481321909222171867722962110955, 0.77060753666694117689481321909222171867722962110955]",g2
above,B,12,-0.1284384511280938,-0.0659384508155938,12.017352420516489,12.079852420828989,gradient_excluded,"[0.77383427473500924143045797418554025623073645003526, 0.77383427473500924143045797418554025623073645003526]",g2
above,B,11,-0.1909384514405938,-0.1284384511280938,12.017352420516489,12.142352421141489,objective_excluded,"[0.78397234847577819685077072134267342543265243408198, 0.78397234847577819685077072134267342543265243408198]",
above,B,9,-0.3159384520655938,-0.1909384514405938,12.017352420516489,12.267352421766489,objective_excluded,"[0.788695690832574954216422858957742942613435673873, 0.788695690832574954216422858957742942613435673873]",
above,B,10,-0.1909384514405938,-0.0659384508155938,11.892352419891489,12.017352420516489,gradient_excluded,"[0.74811042667810318964965434098792766501070829722459, 0.74811042667810318964965434098792766501070829722459]",g2
above,B,10,-0.1909384514405938,-0.0659384508155938,11.767352419266489,11.892352419891489,gradient_excluded,"[0.76061251950419103196207755274206751993040743284811, 0.76061251950419103196207755274206751993040743284811]",g2
above,B,9,-0.3159384520655938,-0.1909384514405938,11.767352419266489,12.017352420516489,objective_excluded,"[0.79531900102433547532846715510017580192309848130978, 0.79531900102433547532846715510017580192309848130978]",
above,B,7,-0.5659384533155938,-0.3159384520655938,11.767352419266489,12.267352421766489,gradient_excluded,"[0.74057238003903663281674888847041017464483295312825, 0.74057238003903663281674888847041017464483295312825]",g1
above,B,10,-0.1909384514405938,-0.0659384508155938,11.642352418641489,11.767352419266489,objective_excluded,"[0.77782305942100274607541798278818969931588471525965, 0.77782305942100274607541798278818969931588471525965]",
above,B,10,-0.1909384514405938,-0.0659384508155938,11.517352418016489,11.642352418641489,objective_excluded,"[0.79982239477097856411960822124449839585956414655633, 0.79982239477097856411960822124449839585956414655633]",
above,B,9,-0.3159384520655938,-0.1909384514405938,11.517352418016489,11.767352419266489,objective_excluded,"[0.82400221574385546286325175031126335526847123528831, 0.82400221574385546286325175031126335526847123528831]",
above,B,9,-0.1909384514405938,-0.0659384508155938,11.267352416766489,11.517352418016489,objective_excluded,"[0.80624881793732435244281328148749060712900729697458, 0.80624881793732435244281328148749060712900729697458]",
above,B,9,-0.3159384520655938,-0.1909384514405938,11.267352416766489,11.517352418016489,objective_excluded,"[0.8757060461803701499712533028634757145286671172382, 0.8757060461803701499712533028634757145286671172382]",
above,B,7,-0.5659384533155938,-0.3159384520655938,11.267352416766489,11.767352419266489,gradient_excluded,"[0.76233923162978595949150048386604180927125413537412, 0.76233923162978595949150048386604180927125413537412]",g1
above,B,5,-1.0659384558155938,-0.5659384533155938,11.267352416766489,12.267352421766489,gradient_excluded,"[-0.15816276675631588307530868132776584768794585942808, -0.15816276675631588307530868132776584768794585942808]",g1
above,B,9,-0.1909384514405938,-0.0659384508155938,11.017352415516489,11.267352416766489,objective_excluded,"[0.8713654458111170904281790777154019560638923725451, 0.8713654458111170904281790777154019560638923725451]",
above,B,9,-0.3159384520655938,-0.1909384514405938,11.017352415516489,11.267352416766489,objective_excluded,"[0.94955796044908103963740090466129063027386756930887, 0.94955796044908103963740090466129063027386756930887]",
above,B,8,-0.3159384520655938,-0.0659384508155938,10.767352414266489,11.017352415516489,objective_excluded,"[0.8225770901217022258314637676903498476756083354016, 0.8225770901217022258314637676903498476756083354016]",
above,B,7,-0.5659384533155938,-0.3159384520655938,10.767352414266489,11.267352416766489,objective_excluded,"[0.88076598112413520296177839267638814382830415396513, 0.88076598112413520296177839267638814382830415396513]",
above,B,8,-0.3159384520655938,-0.0659384508155938,10.517352413016489,10.767352414266489,objective_excluded,"[0.91533486905511613176492874672302107329435797070752, 0.91533486905511613176492874672302107329435797070752]",
above,B,8,-0.3159384520655938,-0.0659384508155938,10.267352411766489,10.517352413016489,objective_excluded,"[1.0196958053758734502472294099576267122012254174205, 1.0196958053758734502472294099576267122012254174205]",
above,B,7,-0.5659384533155938,-0.3159384520655938,10.267352411766489,10.767352414266489,objective_excluded,"[1.0981025683936773634082897671795853933629156714696, 1.0981025683936773634082897671795853933629156714696]",
above,B,5,-1.0659384558155938,-0.5659384533155938,10.267352411766489,11.267352416766489,gradient_excluded,"[-0.20773647124234483717909586063234663286110385854972, -0.20773647124234483717909586063234663286110385854972]",g1
above,B,4,-2.0659384608155938,-1.0659384558155938,11.267352416766489,12.267352421766489,gradient_excluded,"[-0.73409513079481315112064736722527005540753239606324, -0.73409513079481315112064736722527005540753239606324]",g1
above,B,4,-2.0659384608155938,-1.0659384558155938,10.267352411766489,11.267352416766489,gradient_excluded,"[-0.0037372108116230559502967975711235866000054628899676, -0.0037372108116230559502967975711235866000054628899676]",g1
