workspace_path,source_path
ARCHIVE_NOTE_N31_CERTIFICATE_REVISED.md,docs/technical_notes/ARCHIVE_NOTE_N31_CERTIFICATE_REVISED.md
CODE_README.md,docs/CODE_README.md
N31_global_certificate.json,certificates/N31_global_certificate.json
N31_global_certificate.md,docs/technical_notes/N31_global_certificate.md
N31_inner_interval_cells.csv,certificates/N31_inner_interval_cells.csv
N31_interval_cells.csv,certificates/N31_interval_cells.csv
N31_leakage_audit.csv,certificates/N31_leakage_audit.csv
N31_leakage_audit.md,docs/technical_notes/N31_leakage_audit.md
REPRODUCIBILITY_README.md,docs/REPRODUCIBILITY_README.md
arb_full_replay_N21.md,docs/technical_notes/arb_full_replay_N21.md
arb_full_replay_N31.md,docs/technical_notes/arb_full_replay_N31.md
arb_full_replay_comparison.csv,certificates/arb_full_replay_comparison.csv
artifact_manifest.csv,manifests/historical/artifact_manifest.csv
b_dependence_analysis.md,docs/technical_notes/b_dependence_analysis.md
branch_continuation.csv,numerical_validation/analysis/branch_continuation.csv
branch_continuation_figure.pdf,numerical_validation/analysis/figures/branch_continuation_figure.pdf
branch_continuation_interpretation.md,docs/technical_notes/branch_continuation_interpretation.md
branch_probability.csv,numerical_validation/analysis/branch_probability.csv
continuum_global_certificate.json,certificates/continuum_global_certificate.json
continuum_global_certificate.md,docs/technical_notes/continuum_global_certificate.md
continuum_vs_finiteN_figure.pdf,numerical_validation/analysis/figures/continuum_vs_finiteN_figure.pdf
epsilon_interval_obligations.csv,certificates/epsilon_interval_obligations.csv
epsilon_interval_obligations_0p035.csv,certificates/epsilon_interval_obligations_0p035.csv
explicit_N0_certificate.json,certificates/explicit_N0_certificate.json
explicit_N0_derivation.md,docs/technical_notes/explicit_N0_derivation.md
finite_epsilon_certificate.json,certificates/finite_epsilon_certificate.json
finite_epsilon_certificate.md,docs/technical_notes/finite_epsilon_certificate.md
finite_width_epsilon_certificate.json,certificates/finite_width_epsilon_certificate.json
finite_width_epsilon_certificate.md,docs/technical_notes/finite_width_epsilon_certificate.md
finite_width_epsilon_certificate_0p035.json,certificates/finite_width_epsilon_certificate_0p035.json
finite_width_epsilon_certificate_0p035.md,certificates/finite_width_epsilon_certificate_0p035.md
fixed_delta_scaling.md,docs/technical_notes/fixed_delta_scaling.md
full_second_backend_replay_summary.md,docs/technical_notes/full_second_backend_replay_summary.md
generalN_certified_instances.csv,certificates/generalN_certified_instances.csv
generalN_conditions.md,docs/technical_notes/generalN_conditions.md
generalN_theorem.md,docs/technical_notes/generalN_theorem.md
independent_N0_replay.csv,certificates/independent_N0_replay.csv
independent_N0_replay.json,certificates/independent_N0_replay.json
independent_N0_replay.md,docs/technical_notes/independent_N0_replay.md
inner_cell_accounting.csv,certificates/inner_cell_accounting.csv
inner_cell_accounting.md,docs/technical_notes/inner_cell_accounting.md
interval_boxes.csv,certificates/interval_boxes.csv
kappa_crossing_map.csv,numerical_validation/analysis/kappa_crossing_map.csv
kappa_scaled_phase_theorem.md,docs/technical_notes/kappa_scaled_phase_theorem.md
lambdaN_asymptotic_fit.md,docs/technical_notes/lambdaN_asymptotic_fit.md
lambdaN_asymptotic_theorem.md,docs/technical_notes/lambdaN_asymptotic_theorem.md
lambdaN_asymptotics.csv,numerical_validation/analysis/lambdaN_asymptotics.csv
lambdaN_largeN_data.csv,numerical_validation/analysis/lambdaN_largeN_data.csv
lambdaN_residual_scaling.csv,numerical_validation/analysis/lambdaN_residual_scaling.csv
lambda_asymptotic_independent_check.md,docs/technical_notes/lambda_asymptotic_independent_check.md
lambda_inf_vs_b.csv,numerical_validation/analysis/lambda_inf_vs_b.csv
lambda_inf_vs_b.pdf,numerical_validation/analysis/figures/lambda_inf_vs_b.pdf
largeN_condition_thresholds.csv,certificates/largeN_condition_thresholds.csv
largeN_expansion_derivation.md,docs/technical_notes/largeN_expansion_derivation.md
largeN_persistence_theorem.md,docs/technical_notes/largeN_persistence_theorem.md
largeN_theory_vs_data.pdf,numerical_validation/analysis/figures/largeN_theory_vs_data.pdf
lemma_both_central_limit.md,docs/technical_notes/lemma_both_central_limit.md
lemma_compactified_subspaces.md,docs/technical_notes/lemma_compactified_subspaces.md
lemma_one_central_scaling.md,docs/technical_notes/lemma_one_central_scaling.md
lower_transition_certificate.json,certificates/lower_transition_certificate.json
lower_transition_certificate.md,docs/technical_notes/lower_transition_certificate.md
mixture_statistics.csv,numerical_validation/analysis/mixture_statistics.csv
noise_branch_trials.csv,numerical_validation/analysis/noise_branch_trials.csv
noise_model_fit.csv,numerical_validation/analysis/noise_model_fit.csv
order_selection_sanity.csv,numerical_validation/analysis/order_selection_sanity.csv
order_selection_sanity.md,docs/technical_notes/order_selection_sanity.md
order_selection_sanity.pdf,numerical_validation/analysis/figures/order_selection_sanity.pdf
order_selection_sanity_summary.csv,numerical_validation/analysis/order_selection_sanity_summary.csv
p_bridge_certificate.json,numerical_validation/analysis/p_bridge_certificate.json
p_bridge_certificate.md,docs/technical_notes/p_bridge_certificate.md
p_bridge_competitor_margins.csv,numerical_validation/analysis/p_bridge_competitor_margins.csv
p_bridge_numerical.csv,numerical_validation/analysis/p_bridge_numerical.csv
p_bridge_slabs.csv,numerical_validation/analysis/p_bridge_slabs.csv
paper/figure_scripts/make_revision_figures.py,numerical_validation/figures/make_revision_figures.py
paper/figures/fig7_phase_resolution.pdf,numerical_validation/figures/inputs/fig7_phase_resolution.pdf
paper/transition_theory/00_THEORY_PLAN.md,transition_theory/00_THEORY_PLAN.md
paper/transition_theory/DERIVATION.md,transition_theory/DERIVATION.md
paper/transition_theory/RESULT_RECORD.json,transition_theory/RESULT_RECORD.json
paper/transition_theory/RESULT_RECORD.sha256,transition_theory/RESULT_RECORD.sha256
paper/transition_theory/SEAL_1.json,transition_theory/SEAL_1.json
paper/transition_theory/SEAL_1.sha256,transition_theory/SEAL_1.sha256
paper/transition_theory/SEAL_2.json,transition_theory/SEAL_2.json
paper/transition_theory/SEAL_2.sha256,transition_theory/SEAL_2.sha256
paper/transition_theory/VALIDATION_REPORT.md,transition_theory/VALIDATION_REPORT.md
paper/transition_theory/code/second_order_diagnostic.py,transition_theory/code/second_order_diagnostic.py
paper/transition_theory/code/transition_theory.py,transition_theory/code/transition_theory.py
paper/transition_theory/code/validate.py,transition_theory/code/validate.py
paper/transition_theory/transition_spec.json,transition_theory/transition_spec.json
phase_crossing_map.csv,numerical_validation/analysis/phase_crossing_map.csv
quartic_conjugation_audit.md,docs/technical_notes/quartic_conjugation_audit.md
quartic_term_source_audit.md,docs/technical_notes/quartic_term_source_audit.md
resolution_sweep.csv,numerical_validation/analysis/resolution_sweep.csv
results/transition_theory/deterministic/checks.json,transition_theory/results/deterministic/checks.json
results/transition_theory/deterministic/deterministic.json,transition_theory/results/deterministic/deterministic.json
results/transition_theory/deterministic/predictions.csv,transition_theory/results/deterministic/predictions.csv
results/transition_theory/deterministic/second_order_diagnostic.json,transition_theory/results/deterministic/second_order_diagnostic.json
results/transition_theory/validation/comparison.csv,transition_theory/results/validation/comparison.csv
results/transition_theory/validation/transition_theory_validation.pdf,transition_theory/results/validation/transition_theory_validation.pdf
results/transition_theory/validation/transition_theory_validation.png,transition_theory/results/validation/transition_theory_validation.png
results/transition_theory/validation/validation.json,transition_theory/results/validation/validation.json
smallz_global_cost_figure.pdf,numerical_validation/analysis/figures/smallz_global_cost_figure.pdf
smallz_global_regimes.csv,certificates/smallz_global_regimes.csv
stage10_replay_compare.py,src/provenance/stage10_replay_compare.py
stage10_replay_n21_large.py,src/provenance/stage10_replay_n21_large.py
stage10_replay_runner.py,src/provenance/stage10_replay_runner.py
stage11_N31_poison_test.json,certificates/stage11_N31_poison_test.json
stage11_finite_epsilon.py,src/provenance/stage11_finite_epsilon.py
stage11_leakage_audit.py,src/provenance/stage11_leakage_audit.py
stage11_phase_resolution.py,src/provenance/stage11_phase_resolution.py
stage11_phase_validation.json,numerical_validation/analysis/stage11_phase_validation.json
stage11_phase_validation.py,src/provenance/stage11_phase_validation.py
stage11_resolution_boundary.py,src/provenance/stage11_resolution_boundary.py
stage11_resolution_closure.py,src/provenance/stage11_resolution_closure.py
stage11_revise_manuscript.py,src/provenance/stage11_revise_manuscript.py
stage11_revision_figures.py,src/analysis/stage11_revision_figures.py
stage11_supplement_content.py,src/provenance/stage11_supplement_content.py
stage11_tangent_crosscheck.py,src/provenance/stage11_tangent_crosscheck.py
stage11_tangent_global.py,src/provenance/stage11_tangent_global.py
stage11_write_reports.py,src/provenance/stage11_write_reports.py
stage12_arb_backend.py,src/independent_arb/stage12_arb_backend.py
stage12_artifact_manifest.json,manifests/historical/stage12_artifact_manifest.json
stage12_branch_continuation.py,src/analysis/stage12_branch_continuation.py
stage12_constrained_check.py,src/analysis/stage12_constrained_check.py
stage12_contact.py,src/provenance/stage12_contact.py
stage12_continuation_checks.json,numerical_validation/analysis/stage12_continuation_checks.json
stage12_cover_audit.py,src/independent_arb/stage12_cover_audit.py
stage12_final_check.py,src/provenance/stage12_final_check.py
stage12_final_contact.py,src/provenance/stage12_final_contact.py
stage12_full_arb_replay.py,src/independent_arb/stage12_full_arb_replay.py
stage12_generalN.py,src/primary_interval/stage12_generalN.py
stage12_generalN/N11_certificate.json,certificates/stage12_generalN/N11_certificate.json
stage12_generalN/N11_partition.csv,certificates/stage12_generalN/N11_partition.csv
stage12_generalN/N11_reference.json,certificates/stage12_generalN/N11_reference.json
stage12_generalN/N11_roots.csv,certificates/stage12_generalN/N11_roots.csv
stage12_generalN/N15_certificate.json,certificates/stage12_generalN/N15_certificate.json
stage12_generalN/N15_partition.csv,certificates/stage12_generalN/N15_partition.csv
stage12_generalN/N15_reference.json,certificates/stage12_generalN/N15_reference.json
stage12_generalN/N15_roots.csv,certificates/stage12_generalN/N15_roots.csv
stage12_generalN/N21_certificate.json,certificates/stage12_generalN/N21_certificate.json
stage12_generalN/N21_partition.csv,certificates/stage12_generalN/N21_partition.csv
stage12_generalN/N21_reference.json,certificates/stage12_generalN/N21_reference.json
stage12_generalN/N21_roots.csv,certificates/stage12_generalN/N21_roots.csv
stage12_generalN/N31_certificate.json,certificates/stage12_generalN/N31_certificate.json
stage12_generalN/N31_partition.csv,certificates/stage12_generalN/N31_partition.csv
stage12_generalN/N31_reference.json,certificates/stage12_generalN/N31_reference.json
stage12_generalN/N31_roots.csv,certificates/stage12_generalN/N31_roots.csv
stage12_generalN/N41_certificate.json,certificates/stage12_generalN/N41_certificate.json
stage12_generalN/N41_partition.csv,certificates/stage12_generalN/N41_partition.csv
stage12_generalN/N41_reference.json,certificates/stage12_generalN/N41_reference.json
stage12_generalN/N41_roots.csv,certificates/stage12_generalN/N41_roots.csv
stage12_manifest.py,src/provenance/stage12_manifest.py
stage12_replay/N21_predicates.csv,certificates/stage12_replay/N21_predicates.csv
stage12_replay/N21_refinement_leaves.csv,certificates/stage12_replay/N21_refinement_leaves.csv
stage12_replay/N21_summary.json,certificates/stage12_replay/N21_summary.json
stage12_replay/N31_predicates.csv,certificates/stage12_replay/N31_predicates.csv
stage12_replay/N31_refinement_leaves.csv,certificates/stage12_replay/N31_refinement_leaves.csv
stage12_replay/N31_summary.json,certificates/stage12_replay/N31_summary.json
stage12_replay/coverage_audit.json,certificates/stage12_replay/coverage_audit.json
stage12_replay/refinement_coverage_audit.json,certificates/stage12_replay/refinement_coverage_audit.json
stage12_reports.py,src/independent_arb/stage12_reports.py
stage13_build.py,src/primary_interval/stage13_build.py
stage13_explore.py,src/provenance/stage13_explore.py
stage13_interval_points.py,src/provenance/stage13_interval_points.py
stage14_asymptotic_coefficients.json,numerical_validation/analysis/stage14_asymptotic_coefficients.json
stage14_asymptotics.py,src/analysis/stage14_asymptotics.py
stage14_continuum.py,src/primary_interval/stage14_continuum.py
stage14_continuum_candidate.json,certificates/stage14_continuum_candidate.json
stage14_continuum_candidate_roots.csv,certificates/stage14_continuum_candidate_roots.csv
stage14_continuum_endpoint_interval.json,certificates/stage14_continuum_endpoint_interval.json
stage14_continuum_endpoint_interval.py,src/primary_interval/stage14_continuum_endpoint_interval.py
stage14_continuum_global_hybrid.py,src/primary_interval/stage14_continuum_global_hybrid.py
stage14_continuum_global_interval.py,src/primary_interval/stage14_continuum_global_interval.py
stage14_continuum_global_partition.csv,certificates/stage14_continuum_global_partition.csv
stage14_continuum_global_replay.json,certificates/stage14_continuum_global_replay.json
stage14_continuum_global_roots.csv,certificates/stage14_continuum_global_roots.csv
stage14_continuum_interval.py,src/primary_interval/stage14_continuum_interval.py
stage14_continuum_local_interval.json,certificates/stage14_continuum_local_interval.json
stage14_replay_global.py,src/primary_interval/stage14_replay_global.py
stage14_trim_manuscript.py,src/provenance/stage14_trim_manuscript.py
stage15_asymptotic_data.py,src/analysis/stage15_asymptotic_data.py
stage15_finalize_certificate.py,src/primary_interval/stage15_finalize_certificate.py
stage15_margin_audit.py,src/provenance/stage15_margin_audit.py
stage15_uniform_interval.py,src/primary_interval/stage15_uniform_interval.py
stage15_update_manuscript.py,src/provenance/stage15_update_manuscript.py
stage16_artifact_manifest.py,src/provenance/stage16_artifact_manifest.py
stage16_independent_arb.py,src/independent_arb/stage16_independent_arb.py
stage16_residual_scaling.csv,numerical_validation/analysis/stage16_residual_scaling.csv
stage16_symbolic_asymptotics.py,src/analysis/stage16_symbolic_asymptotics.py
stage17_annotate_condition_thresholds.py,src/primary_interval/stage17_annotate_condition_thresholds.py
stage17_artifact_manifest.csv,manifests/historical/stage17_artifact_manifest.csv
stage17_build_manifest.py,src/provenance/stage17_build_manifest.py
stage17_epsilon_coeff_crosscheck.json,certificates/stage17_epsilon_coeff_crosscheck.json
stage17_epsilon_coeff_crosscheck.py,src/primary_interval/stage17_epsilon_coeff_crosscheck.py
stage17_epsilon_coverage_audit.py,src/primary_interval/stage17_epsilon_coverage_audit.py
stage17_epsilon_coverage_audit_0p035.json,certificates/stage17_epsilon_coverage_audit_0p035.json
stage17_epsilon_inner.py,src/provenance/stage17_epsilon_inner.py
stage17_epsilon_inner_tiled.py,src/primary_interval/stage17_epsilon_inner_tiled.py
stage17_epsilon_joints.py,src/primary_interval/stage17_epsilon_joints.py
stage17_epsilon_joints_0p035.json,certificates/stage17_epsilon_joints_0p035.json
stage17_epsilon_local.py,src/provenance/stage17_epsilon_local.py
stage17_epsilon_outer_refinement_0p035_14287.json,certificates/stage17_epsilon_outer_refinement_0p035_14287.json
stage17_epsilon_quadratic_trial.json,certificates/stage17_epsilon_quadratic_trial.json
stage17_epsilon_quadratic_trial.py,src/primary_interval/stage17_epsilon_quadratic_trial.py
stage17_epsilon_refine.py,src/primary_interval/stage17_epsilon_refine.py
stage17_epsilon_root_tiling.py,src/primary_interval/stage17_epsilon_root_tiling.py
stage17_epsilon_root_tiling_0p035.json,certificates/stage17_epsilon_root_tiling_0p035.json
stage17_inner_accounting.py,src/provenance/stage17_inner_accounting.py
stage17_interval_trial_N10001.json,certificates/stage17_interval_trial_N10001.json
stage17_kernel_bound.py,src/primary_interval/stage17_kernel_bound.py
stage17_largeN_margin_summary.py,src/primary_interval/stage17_largeN_margin_summary.py
stage17_largeN_margins.json,certificates/stage17_largeN_margins.json
stage17_parametric_jet.py,src/primary_interval/stage17_parametric_jet.py
stage17_refine_uniform.py,src/primary_interval/stage17_refine_uniform.py
stage17_refinement_N10001.json,certificates/stage17_refinement_N10001.json
stage17_tangent_landscape.py,src/provenance/stage17_tangent_landscape.py
stage17_uniform_trial.py,src/primary_interval/stage17_uniform_trial.py
stage17_write_epsilon_certificate.py,src/primary_interval/stage17_write_epsilon_certificate.py
stage17_write_largeN.py,src/primary_interval/stage17_write_largeN.py
stage18_p_bridge_numerical.py,src/analysis/stage18_p_bridge_numerical.py
stage18_slab_pilot.py,src/analysis/stage18_slab_pilot.py
stage18_write_certificate.py,src/analysis/stage18_write_certificate.py
stage20_fixed_delta_map.py,src/provenance/stage20_fixed_delta_map.py
stage20_noise_width_uncertainty.py,src/analysis/stage20_noise_width_uncertainty.py
stage20_phase_regimes.py,src/provenance/stage20_phase_regimes.py
stage21_order_selection.py,src/analysis/stage21_order_selection.py
stage21_z_figure.py,src/analysis/stage21_z_figure.py
stage22_b_map.py,src/analysis/stage22_b_map.py
stage23_b_arb_replay.py,src/independent_arb/stage23_b_arb_replay.py
stage23_b_interval.py,src/provenance/stage23_b_interval.py
stage23_estimator_analysis.py,src/provenance/stage23_estimator_analysis.py
stage23_window_study.py,src/provenance/stage23_window_study.py
stage2_cell_audit.json,certificates/stage2_cell_audit.json
stage2_crossing_global.json,certificates/stage2_crossing_global.json
stage2_crossing_interval.json,certificates/stage2_crossing_interval.json
stage2_inner_cells.csv,certificates/stage2_inner_cells.csv
stage2_local_interval_checks.json,certificates/stage2_local_interval_checks.json
stage2_reference.json,certificates/stage2_reference.json
stage3_tangent_reference.json,certificates/stage3_tangent_reference.json
stage7_manuscript_update.py,src/provenance/stage7_manuscript_update.py
stage7_n31_certificate.py,src/primary_interval/stage7_n31_certificate.py
stage7_n31_inner_log.py,src/provenance/stage7_n31_inner_log.py
stage9_mpfr_spotcheck.py,src/provenance/stage9_mpfr_spotcheck.py
strong_pair_phase_analysis.md,docs/technical_notes/strong_pair_phase_analysis.md
structural_stability_corollary.md,docs/technical_notes/structural_stability_corollary.md
tangent_cost_vs_lambda.csv,certificates/tangent_cost_vs_lambda.csv
theta_factor_audit.md,docs/technical_notes/theta_factor_audit.md
three_to_two_tone_branch_study.py,src/primary_interval/three_to_two_tone_branch_study.py
three_to_two_tone_explore.py,src/primary_interval/three_to_two_tone_explore.py
three_to_two_tone_global_checks.py,src/provenance/three_to_two_tone_global_checks.py
three_to_two_tone_stage1_analysis.py,src/provenance/three_to_two_tone_stage1_analysis.py
three_to_two_tone_stage1_asymptotic.py,src/provenance/three_to_two_tone_stage1_asymptotic.py
three_to_two_tone_stage1_global.py,src/primary_interval/three_to_two_tone_stage1_global.py
three_to_two_tone_stage1_high_precision.py,src/provenance/three_to_two_tone_stage1_high_precision.py
three_to_two_tone_stage1_stationary.py,src/provenance/three_to_two_tone_stage1_stationary.py
three_to_two_tone_stage1_tight_check.py,src/provenance/three_to_two_tone_stage1_tight_check.py
three_to_two_tone_stage2_cell_audit.py,src/provenance/three_to_two_tone_stage2_cell_audit.py
three_to_two_tone_stage2_certificate_build.py,src/provenance/three_to_two_tone_stage2_certificate_build.py
three_to_two_tone_stage2_crossing.py,src/provenance/three_to_two_tone_stage2_crossing.py
three_to_two_tone_stage2_crossing_global.py,src/provenance/three_to_two_tone_stage2_crossing_global.py
three_to_two_tone_stage2_figures.py,src/provenance/three_to_two_tone_stage2_figures.py
three_to_two_tone_stage2_inner_global.py,src/primary_interval/three_to_two_tone_stage2_inner_global.py
three_to_two_tone_stage2_interval.py,src/primary_interval/three_to_two_tone_stage2_interval.py
three_to_two_tone_stage2_krawczyk.py,src/primary_interval/three_to_two_tone_stage2_krawczyk.py
three_to_two_tone_stage2_outer_global.py,src/primary_interval/three_to_two_tone_stage2_outer_global.py
three_to_two_tone_stage2_reference.py,src/provenance/three_to_two_tone_stage2_reference.py
three_to_two_tone_stage2_tables.py,src/provenance/three_to_two_tone_stage2_tables.py
three_to_two_tone_stage3_certificate_build.py,src/provenance/three_to_two_tone_stage3_certificate_build.py
three_to_two_tone_stage3_figures.py,src/provenance/three_to_two_tone_stage3_figures.py
three_to_two_tone_stage3_full_crossings.py,src/primary_interval/three_to_two_tone_stage3_full_crossings.py
three_to_two_tone_stage3_tangent.py,src/primary_interval/three_to_two_tone_stage3_tangent.py
three_to_two_tone_stage3_tangent_interval.py,src/primary_interval/three_to_two_tone_stage3_tangent_interval.py
three_to_two_tone_stage4_bottleneck_certificate.py,src/provenance/three_to_two_tone_stage4_bottleneck_certificate.py
three_to_two_tone_stage4_bottleneck_probe.py,src/provenance/three_to_two_tone_stage4_bottleneck_probe.py
three_to_two_tone_stage4_bridge_repair.py,src/provenance/three_to_two_tone_stage4_bridge_repair.py
three_to_two_tone_stage4_cell_optimization.py,src/provenance/three_to_two_tone_stage4_cell_optimization.py
three_to_two_tone_stage4_centered_bound.py,src/provenance/three_to_two_tone_stage4_centered_bound.py
three_to_two_tone_stage4_continuation.py,src/analysis/three_to_two_tone_stage4_continuation.py
three_to_two_tone_stage4_diagnostic_export.py,src/provenance/three_to_two_tone_stage4_diagnostic_export.py
three_to_two_tone_stage4_global_interval.py,src/provenance/three_to_two_tone_stage4_global_interval.py
three_to_two_tone_stage4_globality_probe.py,src/provenance/three_to_two_tone_stage4_globality_probe.py
three_to_two_tone_stage4_grid_global.py,src/provenance/three_to_two_tone_stage4_grid_global.py
three_to_two_tone_stage4_inner_failure_export.py,src/provenance/three_to_two_tone_stage4_inner_failure_export.py
three_to_two_tone_stage4_interval_curve.py,src/analysis/three_to_two_tone_stage4_interval_curve.py
three_to_two_tone_stage4_interval_taylor_cells.py,src/provenance/three_to_two_tone_stage4_interval_taylor_cells.py
three_to_two_tone_stage4_jet3.py,src/provenance/three_to_two_tone_stage4_jet3.py
three_to_two_tone_stage4_outputs.py,src/provenance/three_to_two_tone_stage4_outputs.py
three_to_two_tone_stage4_pointwise_repair.py,src/provenance/three_to_two_tone_stage4_pointwise_repair.py
three_to_two_tone_stage4_refine_inner_failures.py,src/provenance/three_to_two_tone_stage4_refine_inner_failures.py
three_to_two_tone_stage4_targeted_inner_boxes.py,src/provenance/three_to_two_tone_stage4_targeted_inner_boxes.py
three_to_two_tone_stage4_targeted_transfer.py,src/provenance/three_to_two_tone_stage4_targeted_transfer.py
three_to_two_tone_stage4_taylor_diagnostic.py,src/provenance/three_to_two_tone_stage4_taylor_diagnostic.py
three_to_two_tone_stage5_asymmetry.py,src/provenance/three_to_two_tone_stage5_asymmetry.py
three_to_two_tone_stage5_core.py,src/analysis/three_to_two_tone_stage5_core.py
three_to_two_tone_stage5_crossn.py,src/provenance/three_to_two_tone_stage5_crossn.py
three_to_two_tone_stage5_crossn_globality.py,src/provenance/three_to_two_tone_stage5_crossn_globality.py
three_to_two_tone_stage5_figures.py,src/provenance/three_to_two_tone_stage5_figures.py
three_to_two_tone_stage5_local_covariance.py,src/provenance/three_to_two_tone_stage5_local_covariance.py
three_to_two_tone_stage5_mse_decomposition.py,src/provenance/three_to_two_tone_stage5_mse_decomposition.py
three_to_two_tone_stage5_noise.py,src/provenance/three_to_two_tone_stage5_noise.py
three_to_two_tone_stage5_pilot.py,src/provenance/three_to_two_tone_stage5_pilot.py
three_to_two_tone_stage5_transition_scaling.py,src/provenance/three_to_two_tone_stage5_transition_scaling.py
tightened_N0_certificate.json,certificates/tightened_N0_certificate.json
tightened_N0_derivation.md,docs/technical_notes/tightened_N0_derivation.md
transition_width.csv,numerical_validation/analysis/transition_width.csv
validated_globality_certificate.json,certificates/validated_globality_certificate.json
validated_globality_certificate.md,docs/technical_notes/validated_globality_certificate.md
validation/adversarial_overnight/AMENDMENTS.md,numerical_validation/adversarial_overnight/AMENDMENTS.md
validation/adversarial_overnight/FREEZE.md,numerical_validation/adversarial_overnight/FREEZE.md
validation/adversarial_overnight/PREREGISTRATION.md,numerical_validation/adversarial_overnight/PREREGISTRATION.md
validation/adversarial_overnight/RESULT_MATRIX.csv,numerical_validation/adversarial_overnight/RESULT_MATRIX.csv
validation/adversarial_overnight/STATUS.json,numerical_validation/adversarial_overnight/STATUS.json
validation/adversarial_overnight/_smoke/out/analysis/smoke_N15_rect.json,numerical_validation/adversarial_overnight/_smoke/out/analysis/smoke_N15_rect.json
validation/adversarial_overnight/_smoke/out/scan/smoke_N15_rect.json,numerical_validation/adversarial_overnight/_smoke/out/scan/smoke_N15_rect.json
validation/adversarial_overnight/_smoke/smoke1.py,numerical_validation/adversarial_overnight/_smoke/smoke1.py
validation/adversarial_overnight/advcore.py,numerical_validation/adversarial_overnight/advcore.py
validation/adversarial_overnight/advcross.py,numerical_validation/adversarial_overnight/advcross.py
validation/adversarial_overnight/advrun.py,numerical_validation/adversarial_overnight/advrun.py
validation/adversarial_overnight/advtangent.py,numerical_validation/adversarial_overnight/advtangent.py
validation/adversarial_overnight/bcert_arb.py,numerical_validation/adversarial_overnight/bcert_arb.py
validation/adversarial_overnight/bcert_block.py,numerical_validation/adversarial_overnight/bcert_block.py
validation/adversarial_overnight/bcert_primary.py,numerical_validation/adversarial_overnight/bcert_primary.py
validation/adversarial_overnight/freeze_manifest.json,numerical_validation/adversarial_overnight/freeze_manifest.json
validation/adversarial_overnight/integrity_check.json,numerical_validation/adversarial_overnight/integrity_check.json
validation/adversarial_overnight/logs/stage0.log,numerical_validation/adversarial_overnight/logs/stage0.log
validation/adversarial_overnight/logs/stage1.log,numerical_validation/adversarial_overnight/logs/stage1.log
validation/adversarial_overnight/logs/stage2.log,numerical_validation/adversarial_overnight/logs/stage2.log
validation/adversarial_overnight/logs/stage3.log,numerical_validation/adversarial_overnight/logs/stage3.log
validation/adversarial_overnight/logs/stage4.log,numerical_validation/adversarial_overnight/logs/stage4.log
validation/adversarial_overnight/logs/stage5.log,numerical_validation/adversarial_overnight/logs/stage5.log
validation/adversarial_overnight/logs/stage6.log,numerical_validation/adversarial_overnight/logs/stage6.log
validation/adversarial_overnight/logs/stage7.log,numerical_validation/adversarial_overnight/logs/stage7.log
validation/adversarial_overnight/logs/stage8.log,numerical_validation/adversarial_overnight/logs/stage8.log
validation/adversarial_overnight/logs/stage99.log,numerical_validation/adversarial_overnight/logs/stage99.log
validation/adversarial_overnight/matching_language_audit.md,numerical_validation/adversarial_overnight/matching_language_audit.md
validation/adversarial_overnight/numerical_invariance_report.md,numerical_validation/adversarial_overnight/numerical_invariance_report.md
validation/adversarial_overnight/overnight.log,numerical_validation/adversarial_overnight/overnight.log
validation/adversarial_overnight/prereg_hash.json,numerical_validation/adversarial_overnight/prereg_hash.json
validation/adversarial_overnight/run_all.py,numerical_validation/adversarial_overnight/run_all.py
validation/adversarial_overnight/run_all.sh,numerical_validation/adversarial_overnight/run_all.sh
validation/adversarial_overnight/s0_baseline.py,numerical_validation/adversarial_overnight/s0_baseline.py
validation/adversarial_overnight/s1_window.py,numerical_validation/adversarial_overnight/s1_window.py
validation/adversarial_overnight/s2_phase.py,numerical_validation/adversarial_overnight/s2_phase.py
validation/adversarial_overnight/s3_bwidth.py,numerical_validation/adversarial_overnight/s3_bwidth.py
validation/adversarial_overnight/s3b_bcert.py,numerical_validation/adversarial_overnight/s3b_bcert.py
validation/adversarial_overnight/s4_imbalance.py,numerical_validation/adversarial_overnight/s4_imbalance.py
validation/adversarial_overnight/s5_matching.py,numerical_validation/adversarial_overnight/s5_matching.py
validation/adversarial_overnight/s6_noise.py,numerical_validation/adversarial_overnight/s6_noise.py
validation/adversarial_overnight/s7_numinv.py,numerical_validation/adversarial_overnight/s7_numinv.py
validation/adversarial_overnight/s8_real.py,numerical_validation/adversarial_overnight/s8_real.py
validation/adversarial_overnight/stage0_baseline/BASELINE_REPORT.md,numerical_validation/adversarial_overnight/stage0_baseline/BASELINE_REPORT.md
validation/adversarial_overnight/stage0_baseline/analysis/S0_baseline_rect_N21_z2_b10.json,numerical_validation/adversarial_overnight/stage0_baseline/analysis/S0_baseline_rect_N21_z2_b10.json
validation/adversarial_overnight/stage0_baseline/baseline_numeric.json,numerical_validation/adversarial_overnight/stage0_baseline/baseline_numeric.json
validation/adversarial_overnight/stage0_baseline/replay_comparison.json,numerical_validation/adversarial_overnight/stage0_baseline/replay_comparison.json
validation/adversarial_overnight/stage0_baseline/replay_logs/R1_arb_finite_z__stage12_cover_audit.log,numerical_validation/adversarial_overnight/stage0_baseline/replay_logs/R1_arb_finite_z__stage12_cover_audit.log
validation/adversarial_overnight/stage0_baseline/replay_logs/R1_arb_finite_z__stage12_full_arb_replay_21.log,numerical_validation/adversarial_overnight/stage0_baseline/replay_logs/R1_arb_finite_z__stage12_full_arb_replay_21.log
validation/adversarial_overnight/stage0_baseline/replay_logs/R1_arb_finite_z__stage12_full_arb_replay_31.log,numerical_validation/adversarial_overnight/stage0_baseline/replay_logs/R1_arb_finite_z__stage12_full_arb_replay_31.log
validation/adversarial_overnight/stage0_baseline/replay_logs/R2_generalN__stage12_generalN_11.log,numerical_validation/adversarial_overnight/stage0_baseline/replay_logs/R2_generalN__stage12_generalN_11.log
validation/adversarial_overnight/stage0_baseline/replay_logs/R2_generalN__stage12_generalN_15.log,numerical_validation/adversarial_overnight/stage0_baseline/replay_logs/R2_generalN__stage12_generalN_15.log
validation/adversarial_overnight/stage0_baseline/replay_logs/R2_generalN__stage12_generalN_21.log,numerical_validation/adversarial_overnight/stage0_baseline/replay_logs/R2_generalN__stage12_generalN_21.log
validation/adversarial_overnight/stage0_baseline/replay_logs/R2_generalN__stage12_generalN_31.log,numerical_validation/adversarial_overnight/stage0_baseline/replay_logs/R2_generalN__stage12_generalN_31.log
validation/adversarial_overnight/stage0_baseline/replay_logs/R2_generalN__stage12_generalN_41.log,numerical_validation/adversarial_overnight/stage0_baseline/replay_logs/R2_generalN__stage12_generalN_41.log
validation/adversarial_overnight/stage0_baseline/replay_logs/R3_continuum__stage14_continuum.log,numerical_validation/adversarial_overnight/stage0_baseline/replay_logs/R3_continuum__stage14_continuum.log
validation/adversarial_overnight/stage0_baseline/replay_logs/R3_continuum__stage14_continuum_endpoint_interval.log,numerical_validation/adversarial_overnight/stage0_baseline/replay_logs/R3_continuum__stage14_continuum_endpoint_interval.log
validation/adversarial_overnight/stage0_baseline/replay_logs/R3_continuum__stage14_continuum_global_hybrid.log,numerical_validation/adversarial_overnight/stage0_baseline/replay_logs/R3_continuum__stage14_continuum_global_hybrid.log
validation/adversarial_overnight/stage0_baseline/replay_logs/R3_continuum__stage14_continuum_interval.log,numerical_validation/adversarial_overnight/stage0_baseline/replay_logs/R3_continuum__stage14_continuum_interval.log
validation/adversarial_overnight/stage0_baseline/replay_logs/R3_continuum__stage14_replay_global.log,numerical_validation/adversarial_overnight/stage0_baseline/replay_logs/R3_continuum__stage14_replay_global.log
validation/adversarial_overnight/stage0_baseline/replay_logs/R4_independent_arb_N0__stage16_independent_arb.log,numerical_validation/adversarial_overnight/stage0_baseline/replay_logs/R4_independent_arb_N0__stage16_independent_arb.log
validation/adversarial_overnight/stage0_baseline/replay_logs/R5_largeN_floor_10001__stage17_annotate_condition_thresholds.log,numerical_validation/adversarial_overnight/stage0_baseline/replay_logs/R5_largeN_floor_10001__stage17_annotate_condition_thresholds.log
validation/adversarial_overnight/stage0_baseline/replay_logs/R5_largeN_floor_10001__stage17_largeN_margin_summary.log,numerical_validation/adversarial_overnight/stage0_baseline/replay_logs/R5_largeN_floor_10001__stage17_largeN_margin_summary.log
validation/adversarial_overnight/stage0_baseline/replay_logs/R5_largeN_floor_10001__stage17_refine_uniform_10001.log,numerical_validation/adversarial_overnight/stage0_baseline/replay_logs/R5_largeN_floor_10001__stage17_refine_uniform_10001.log
validation/adversarial_overnight/stage0_baseline/replay_logs/R5_largeN_floor_10001__stage17_uniform_trial_10001.log,numerical_validation/adversarial_overnight/stage0_baseline/replay_logs/R5_largeN_floor_10001__stage17_uniform_trial_10001.log
validation/adversarial_overnight/stage0_baseline/replay_logs/R5_largeN_floor_10001__stage17_write_largeN.log,numerical_validation/adversarial_overnight/stage0_baseline/replay_logs/R5_largeN_floor_10001__stage17_write_largeN.log
validation/adversarial_overnight/stage0_baseline/replay_logs/R6_finite_width_eps_0p035__stage17_epsilon_coeff_crosscheck.log,numerical_validation/adversarial_overnight/stage0_baseline/replay_logs/R6_finite_width_eps_0p035__stage17_epsilon_coeff_crosscheck.log
validation/adversarial_overnight/stage0_baseline/replay_logs/R6_finite_width_eps_0p035__stage17_epsilon_coverage_audit_0p035.log,numerical_validation/adversarial_overnight/stage0_baseline/replay_logs/R6_finite_width_eps_0p035__stage17_epsilon_coverage_audit_0p035.log
validation/adversarial_overnight/stage0_baseline/replay_logs/R6_finite_width_eps_0p035__stage17_epsilon_inner_tiled__0p035_3000000.log,numerical_validation/adversarial_overnight/stage0_baseline/replay_logs/R6_finite_width_eps_0p035__stage17_epsilon_inner_tiled__0p035_3000000.log
validation/adversarial_overnight/stage0_baseline/replay_logs/R6_finite_width_eps_0p035__stage17_epsilon_joints__0p035.log,numerical_validation/adversarial_overnight/stage0_baseline/replay_logs/R6_finite_width_eps_0p035__stage17_epsilon_joints__0p035.log
validation/adversarial_overnight/stage0_baseline/replay_logs/R6_finite_width_eps_0p035__stage17_epsilon_refine_0p035_14287.log,numerical_validation/adversarial_overnight/stage0_baseline/replay_logs/R6_finite_width_eps_0p035__stage17_epsilon_refine_0p035_14287.log
validation/adversarial_overnight/stage0_baseline/replay_logs/R6_finite_width_eps_0p035__stage17_epsilon_root_tiling_0p035_4096.log,numerical_validation/adversarial_overnight/stage0_baseline/replay_logs/R6_finite_width_eps_0p035__stage17_epsilon_root_tiling_0p035_4096.log
validation/adversarial_overnight/stage0_baseline/replay_logs/R6_finite_width_eps_0p035__stage17_write_epsilon_certificate_0p035.log,numerical_validation/adversarial_overnight/stage0_baseline/replay_logs/R6_finite_width_eps_0p035__stage17_write_epsilon_certificate_0p035.log
validation/adversarial_overnight/stage0_baseline/replay_logs/R7_lower_transition__stage13_build.log,numerical_validation/adversarial_overnight/stage0_baseline/replay_logs/R7_lower_transition__stage13_build.log
validation/adversarial_overnight/stage0_baseline/replay_logs_master.log,numerical_validation/adversarial_overnight/stage0_baseline/replay_logs_master.log
validation/adversarial_overnight/stage0_baseline/replay_state.json,numerical_validation/adversarial_overnight/stage0_baseline/replay_state.json
validation/adversarial_overnight/stage0_baseline/scan/S0_baseline_rect_N21_z2_b10.json,numerical_validation/adversarial_overnight/stage0_baseline/scan/S0_baseline_rect_N21_z2_b10.json
validation/adversarial_overnight/stage1_window/DONE.json,numerical_validation/adversarial_overnight/stage1_window/DONE.json
validation/adversarial_overnight/stage1_window/amendment_A1_check.json,numerical_validation/adversarial_overnight/stage1_window/amendment_A1_check.json
validation/adversarial_overnight/stage1_window/analysis/S1_dpss.json,numerical_validation/adversarial_overnight/stage1_window/analysis/S1_dpss.json
validation/adversarial_overnight/stage1_window/analysis/S1_hamming.json,numerical_validation/adversarial_overnight/stage1_window/analysis/S1_hamming.json
validation/adversarial_overnight/stage1_window/analysis/S1_hann.json,numerical_validation/adversarial_overnight/stage1_window/analysis/S1_hann.json
validation/adversarial_overnight/stage1_window/analysis/S1_hann2.json,numerical_validation/adversarial_overnight/stage1_window/analysis/S1_hann2.json
validation/adversarial_overnight/stage1_window/analysis/S1_homotopy_0p0.json,numerical_validation/adversarial_overnight/stage1_window/analysis/S1_homotopy_0p0.json
validation/adversarial_overnight/stage1_window/analysis/S1_homotopy_0p1.json,numerical_validation/adversarial_overnight/stage1_window/analysis/S1_homotopy_0p1.json
validation/adversarial_overnight/stage1_window/analysis/S1_homotopy_0p2.json,numerical_validation/adversarial_overnight/stage1_window/analysis/S1_homotopy_0p2.json
validation/adversarial_overnight/stage1_window/analysis/S1_homotopy_0p3.json,numerical_validation/adversarial_overnight/stage1_window/analysis/S1_homotopy_0p3.json
validation/adversarial_overnight/stage1_window/analysis/S1_homotopy_0p4.json,numerical_validation/adversarial_overnight/stage1_window/analysis/S1_homotopy_0p4.json
validation/adversarial_overnight/stage1_window/analysis/S1_homotopy_0p5.json,numerical_validation/adversarial_overnight/stage1_window/analysis/S1_homotopy_0p5.json
validation/adversarial_overnight/stage1_window/analysis/S1_homotopy_0p6.json,numerical_validation/adversarial_overnight/stage1_window/analysis/S1_homotopy_0p6.json
validation/adversarial_overnight/stage1_window/analysis/S1_homotopy_0p7.json,numerical_validation/adversarial_overnight/stage1_window/analysis/S1_homotopy_0p7.json
validation/adversarial_overnight/stage1_window/analysis/S1_homotopy_0p8.json,numerical_validation/adversarial_overnight/stage1_window/analysis/S1_homotopy_0p8.json
validation/adversarial_overnight/stage1_window/analysis/S1_homotopy_0p9.json,numerical_validation/adversarial_overnight/stage1_window/analysis/S1_homotopy_0p9.json
validation/adversarial_overnight/stage1_window/analysis/S1_homotopy_1p0.json,numerical_validation/adversarial_overnight/stage1_window/analysis/S1_homotopy_1p0.json
validation/adversarial_overnight/stage1_window/analysis/S1_rect.json,numerical_validation/adversarial_overnight/stage1_window/analysis/S1_rect.json
validation/adversarial_overnight/stage1_window/homotopy_continuation.json,numerical_validation/adversarial_overnight/stage1_window/homotopy_continuation.json
validation/adversarial_overnight/stage1_window/homotopy_match.json,numerical_validation/adversarial_overnight/stage1_window/homotopy_match.json
validation/adversarial_overnight/stage1_window/scan/S1_dpss.json,numerical_validation/adversarial_overnight/stage1_window/scan/S1_dpss.json
validation/adversarial_overnight/stage1_window/scan/S1_hamming.json,numerical_validation/adversarial_overnight/stage1_window/scan/S1_hamming.json
validation/adversarial_overnight/stage1_window/scan/S1_hann.json,numerical_validation/adversarial_overnight/stage1_window/scan/S1_hann.json
validation/adversarial_overnight/stage1_window/scan/S1_hann2.json,numerical_validation/adversarial_overnight/stage1_window/scan/S1_hann2.json
validation/adversarial_overnight/stage1_window/scan/S1_homotopy_0p0.json,numerical_validation/adversarial_overnight/stage1_window/scan/S1_homotopy_0p0.json
validation/adversarial_overnight/stage1_window/scan/S1_homotopy_0p1.json,numerical_validation/adversarial_overnight/stage1_window/scan/S1_homotopy_0p1.json
validation/adversarial_overnight/stage1_window/scan/S1_homotopy_0p2.json,numerical_validation/adversarial_overnight/stage1_window/scan/S1_homotopy_0p2.json
validation/adversarial_overnight/stage1_window/scan/S1_homotopy_0p3.json,numerical_validation/adversarial_overnight/stage1_window/scan/S1_homotopy_0p3.json
validation/adversarial_overnight/stage1_window/scan/S1_homotopy_0p4.json,numerical_validation/adversarial_overnight/stage1_window/scan/S1_homotopy_0p4.json
validation/adversarial_overnight/stage1_window/scan/S1_homotopy_0p5.json,numerical_validation/adversarial_overnight/stage1_window/scan/S1_homotopy_0p5.json
validation/adversarial_overnight/stage1_window/scan/S1_homotopy_0p6.json,numerical_validation/adversarial_overnight/stage1_window/scan/S1_homotopy_0p6.json
validation/adversarial_overnight/stage1_window/scan/S1_homotopy_0p7.json,numerical_validation/adversarial_overnight/stage1_window/scan/S1_homotopy_0p7.json
validation/adversarial_overnight/stage1_window/scan/S1_homotopy_0p8.json,numerical_validation/adversarial_overnight/stage1_window/scan/S1_homotopy_0p8.json
validation/adversarial_overnight/stage1_window/scan/S1_homotopy_0p9.json,numerical_validation/adversarial_overnight/stage1_window/scan/S1_homotopy_0p9.json
validation/adversarial_overnight/stage1_window/scan/S1_homotopy_1p0.json,numerical_validation/adversarial_overnight/stage1_window/scan/S1_homotopy_1p0.json
validation/adversarial_overnight/stage1_window/scan/S1_rect.json,numerical_validation/adversarial_overnight/stage1_window/scan/S1_rect.json
validation/adversarial_overnight/stage1_window/window_branches.pdf,numerical_validation/adversarial_overnight/stage1_window/window_branches.pdf
validation/adversarial_overnight/stage1_window/window_branches.png,numerical_validation/adversarial_overnight/stage1_window/window_branches.png
validation/adversarial_overnight/stage1_window/window_homotopy.png,numerical_validation/adversarial_overnight/stage1_window/window_homotopy.png
validation/adversarial_overnight/stage1_window/window_minima.npz,numerical_validation/adversarial_overnight/stage1_window/window_minima.npz
validation/adversarial_overnight/stage1_window/window_summary.csv,numerical_validation/adversarial_overnight/stage1_window/window_summary.csv
validation/adversarial_overnight/stage2_phase/DONE.json,numerical_validation/adversarial_overnight/stage2_phase/DONE.json
validation/adversarial_overnight/stage2_phase/POSTHOC_fixed_delta_all_switches.json,numerical_validation/adversarial_overnight/stage2_phase/POSTHOC_fixed_delta_all_switches.json
validation/adversarial_overnight/stage2_phase/POSTHOC_fixed_delta_scaling.png,numerical_validation/adversarial_overnight/stage2_phase/POSTHOC_fixed_delta_scaling.png
validation/adversarial_overnight/stage2_phase/STAGE2_REPORT.md,numerical_validation/adversarial_overnight/stage2_phase/STAGE2_REPORT.md
validation/adversarial_overnight/stage2_phase/analysis/S2A_kM0p0500000000_z0p25.json,numerical_validation/adversarial_overnight/stage2_phase/analysis/S2A_kM0p0500000000_z0p25.json
validation/adversarial_overnight/stage2_phase/analysis/S2A_kM0p0500000000_z0p5.json,numerical_validation/adversarial_overnight/stage2_phase/analysis/S2A_kM0p0500000000_z0p5.json
validation/adversarial_overnight/stage2_phase/analysis/S2A_kM0p0500000000_z1p0.json,numerical_validation/adversarial_overnight/stage2_phase/analysis/S2A_kM0p0500000000_z1p0.json
validation/adversarial_overnight/stage2_phase/analysis/S2A_kM0p0500000000_z2p0.json,numerical_validation/adversarial_overnight/stage2_phase/analysis/S2A_kM0p0500000000_z2p0.json
validation/adversarial_overnight/stage2_phase/analysis/S2A_kM0p1000000000_z0p25.json,numerical_validation/adversarial_overnight/stage2_phase/analysis/S2A_kM0p1000000000_z0p25.json
validation/adversarial_overnight/stage2_phase/analysis/S2A_kM0p1000000000_z0p5.json,numerical_validation/adversarial_overnight/stage2_phase/analysis/S2A_kM0p1000000000_z0p5.json
validation/adversarial_overnight/stage2_phase/analysis/S2A_kM0p1000000000_z1p0.json,numerical_validation/adversarial_overnight/stage2_phase/analysis/S2A_kM0p1000000000_z1p0.json
validation/adversarial_overnight/stage2_phase/analysis/S2A_kM0p1000000000_z2p0.json,numerical_validation/adversarial_overnight/stage2_phase/analysis/S2A_kM0p1000000000_z2p0.json
validation/adversarial_overnight/stage2_phase/analysis/S2A_kM0p2000000000_z0p25.json,numerical_validation/adversarial_overnight/stage2_phase/analysis/S2A_kM0p2000000000_z0p25.json
validation/adversarial_overnight/stage2_phase/analysis/S2A_kM0p2000000000_z0p5.json,numerical_validation/adversarial_overnight/stage2_phase/analysis/S2A_kM0p2000000000_z0p5.json
validation/adversarial_overnight/stage2_phase/analysis/S2A_kM0p2000000000_z1p0.json,numerical_validation/adversarial_overnight/stage2_phase/analysis/S2A_kM0p2000000000_z1p0.json
validation/adversarial_overnight/stage2_phase/analysis/S2A_kM0p2000000000_z2p0.json,numerical_validation/adversarial_overnight/stage2_phase/analysis/S2A_kM0p2000000000_z2p0.json
validation/adversarial_overnight/stage2_phase/analysis/S2A_kM0p3000000000_z0p25.json,numerical_validation/adversarial_overnight/stage2_phase/analysis/S2A_kM0p3000000000_z0p25.json
validation/adversarial_overnight/stage2_phase/analysis/S2A_kM0p3000000000_z0p5.json,numerical_validation/adversarial_overnight/stage2_phase/analysis/S2A_kM0p3000000000_z0p5.json
validation/adversarial_overnight/stage2_phase/analysis/S2A_kM0p3000000000_z1p0.json,numerical_validation/adversarial_overnight/stage2_phase/analysis/S2A_kM0p3000000000_z1p0.json
validation/adversarial_overnight/stage2_phase/analysis/S2A_kM0p3000000000_z2p0.json,numerical_validation/adversarial_overnight/stage2_phase/analysis/S2A_kM0p3000000000_z2p0.json
validation/adversarial_overnight/stage2_phase/analysis/S2A_kM0p3882278594_z0p25.json,numerical_validation/adversarial_overnight/stage2_phase/analysis/S2A_kM0p3882278594_z0p25.json
validation/adversarial_overnight/stage2_phase/analysis/S2A_kM0p3882278594_z0p5.json,numerical_validation/adversarial_overnight/stage2_phase/analysis/S2A_kM0p3882278594_z0p5.json
validation/adversarial_overnight/stage2_phase/analysis/S2A_kM0p3882278594_z1p0.json,numerical_validation/adversarial_overnight/stage2_phase/analysis/S2A_kM0p3882278594_z1p0.json
validation/adversarial_overnight/stage2_phase/analysis/S2A_kM0p3882278594_z2p0.json,numerical_validation/adversarial_overnight/stage2_phase/analysis/S2A_kM0p3882278594_z2p0.json
validation/adversarial_overnight/stage2_phase/analysis/S2A_kM0p4000000000_z0p25.json,numerical_validation/adversarial_overnight/stage2_phase/analysis/S2A_kM0p4000000000_z0p25.json
validation/adversarial_overnight/stage2_phase/analysis/S2A_kM0p4000000000_z0p5.json,numerical_validation/adversarial_overnight/stage2_phase/analysis/S2A_kM0p4000000000_z0p5.json
validation/adversarial_overnight/stage2_phase/analysis/S2A_kM0p4000000000_z1p0.json,numerical_validation/adversarial_overnight/stage2_phase/analysis/S2A_kM0p4000000000_z1p0.json
validation/adversarial_overnight/stage2_phase/analysis/S2A_kM0p4000000000_z2p0.json,numerical_validation/adversarial_overnight/stage2_phase/analysis/S2A_kM0p4000000000_z2p0.json
validation/adversarial_overnight/stage2_phase/analysis/S2A_kM0p5000000000_z0p25.json,numerical_validation/adversarial_overnight/stage2_phase/analysis/S2A_kM0p5000000000_z0p25.json
validation/adversarial_overnight/stage2_phase/analysis/S2A_kM0p5000000000_z0p5.json,numerical_validation/adversarial_overnight/stage2_phase/analysis/S2A_kM0p5000000000_z0p5.json
validation/adversarial_overnight/stage2_phase/analysis/S2A_kM0p5000000000_z1p0.json,numerical_validation/adversarial_overnight/stage2_phase/analysis/S2A_kM0p5000000000_z1p0.json
validation/adversarial_overnight/stage2_phase/analysis/S2A_kM0p5000000000_z2p0.json,numerical_validation/adversarial_overnight/stage2_phase/analysis/S2A_kM0p5000000000_z2p0.json
validation/adversarial_overnight/stage2_phase/analysis/S2A_kP0p0000000000_z0p25.json,numerical_validation/adversarial_overnight/stage2_phase/analysis/S2A_kP0p0000000000_z0p25.json
validation/adversarial_overnight/stage2_phase/analysis/S2A_kP0p0000000000_z0p5.json,numerical_validation/adversarial_overnight/stage2_phase/analysis/S2A_kP0p0000000000_z0p5.json
validation/adversarial_overnight/stage2_phase/analysis/S2A_kP0p0000000000_z1p0.json,numerical_validation/adversarial_overnight/stage2_phase/analysis/S2A_kP0p0000000000_z1p0.json
validation/adversarial_overnight/stage2_phase/analysis/S2A_kP0p0000000000_z2p0.json,numerical_validation/adversarial_overnight/stage2_phase/analysis/S2A_kP0p0000000000_z2p0.json
validation/adversarial_overnight/stage2_phase/analysis/S2A_kP0p0500000000_z0p25.json,numerical_validation/adversarial_overnight/stage2_phase/analysis/S2A_kP0p0500000000_z0p25.json
validation/adversarial_overnight/stage2_phase/analysis/S2A_kP0p0500000000_z0p5.json,numerical_validation/adversarial_overnight/stage2_phase/analysis/S2A_kP0p0500000000_z0p5.json
validation/adversarial_overnight/stage2_phase/analysis/S2A_kP0p0500000000_z1p0.json,numerical_validation/adversarial_overnight/stage2_phase/analysis/S2A_kP0p0500000000_z1p0.json
validation/adversarial_overnight/stage2_phase/analysis/S2A_kP0p0500000000_z2p0.json,numerical_validation/adversarial_overnight/stage2_phase/analysis/S2A_kP0p0500000000_z2p0.json
validation/adversarial_overnight/stage2_phase/analysis/S2A_kP0p1000000000_z0p25.json,numerical_validation/adversarial_overnight/stage2_phase/analysis/S2A_kP0p1000000000_z0p25.json
validation/adversarial_overnight/stage2_phase/analysis/S2A_kP0p1000000000_z0p5.json,numerical_validation/adversarial_overnight/stage2_phase/analysis/S2A_kP0p1000000000_z0p5.json
validation/adversarial_overnight/stage2_phase/analysis/S2A_kP0p1000000000_z1p0.json,numerical_validation/adversarial_overnight/stage2_phase/analysis/S2A_kP0p1000000000_z1p0.json
validation/adversarial_overnight/stage2_phase/analysis/S2A_kP0p1000000000_z2p0.json,numerical_validation/adversarial_overnight/stage2_phase/analysis/S2A_kP0p1000000000_z2p0.json
validation/adversarial_overnight/stage2_phase/analysis/S2A_kP0p2000000000_z0p25.json,numerical_validation/adversarial_overnight/stage2_phase/analysis/S2A_kP0p2000000000_z0p25.json
validation/adversarial_overnight/stage2_phase/analysis/S2A_kP0p2000000000_z0p5.json,numerical_validation/adversarial_overnight/stage2_phase/analysis/S2A_kP0p2000000000_z0p5.json
validation/adversarial_overnight/stage2_phase/analysis/S2A_kP0p2000000000_z1p0.json,numerical_validation/adversarial_overnight/stage2_phase/analysis/S2A_kP0p2000000000_z1p0.json
validation/adversarial_overnight/stage2_phase/analysis/S2A_kP0p2000000000_z2p0.json,numerical_validation/adversarial_overnight/stage2_phase/analysis/S2A_kP0p2000000000_z2p0.json
validation/adversarial_overnight/stage2_phase/analysis/S2A_kP0p3000000000_z0p25.json,numerical_validation/adversarial_overnight/stage2_phase/analysis/S2A_kP0p3000000000_z0p25.json
validation/adversarial_overnight/stage2_phase/analysis/S2A_kP0p3000000000_z0p5.json,numerical_validation/adversarial_overnight/stage2_phase/analysis/S2A_kP0p3000000000_z0p5.json
validation/adversarial_overnight/stage2_phase/analysis/S2A_kP0p3000000000_z1p0.json,numerical_validation/adversarial_overnight/stage2_phase/analysis/S2A_kP0p3000000000_z1p0.json
validation/adversarial_overnight/stage2_phase/analysis/S2A_kP0p3000000000_z2p0.json,numerical_validation/adversarial_overnight/stage2_phase/analysis/S2A_kP0p3000000000_z2p0.json
validation/adversarial_overnight/stage2_phase/analysis/S2A_kP0p3882278594_z0p25.json,numerical_validation/adversarial_overnight/stage2_phase/analysis/S2A_kP0p3882278594_z0p25.json
validation/adversarial_overnight/stage2_phase/analysis/S2A_kP0p3882278594_z0p5.json,numerical_validation/adversarial_overnight/stage2_phase/analysis/S2A_kP0p3882278594_z0p5.json
validation/adversarial_overnight/stage2_phase/analysis/S2A_kP0p3882278594_z1p0.json,numerical_validation/adversarial_overnight/stage2_phase/analysis/S2A_kP0p3882278594_z1p0.json
validation/adversarial_overnight/stage2_phase/analysis/S2A_kP0p3882278594_z2p0.json,numerical_validation/adversarial_overnight/stage2_phase/analysis/S2A_kP0p3882278594_z2p0.json
validation/adversarial_overnight/stage2_phase/analysis/S2A_kP0p4000000000_z0p25.json,numerical_validation/adversarial_overnight/stage2_phase/analysis/S2A_kP0p4000000000_z0p25.json
validation/adversarial_overnight/stage2_phase/analysis/S2A_kP0p4000000000_z0p5.json,numerical_validation/adversarial_overnight/stage2_phase/analysis/S2A_kP0p4000000000_z0p5.json
validation/adversarial_overnight/stage2_phase/analysis/S2A_kP0p4000000000_z1p0.json,numerical_validation/adversarial_overnight/stage2_phase/analysis/S2A_kP0p4000000000_z1p0.json
validation/adversarial_overnight/stage2_phase/analysis/S2A_kP0p4000000000_z2p0.json,numerical_validation/adversarial_overnight/stage2_phase/analysis/S2A_kP0p4000000000_z2p0.json
validation/adversarial_overnight/stage2_phase/analysis/S2A_kP0p5000000000_z0p25.json,numerical_validation/adversarial_overnight/stage2_phase/analysis/S2A_kP0p5000000000_z0p25.json
validation/adversarial_overnight/stage2_phase/analysis/S2A_kP0p5000000000_z0p5.json,numerical_validation/adversarial_overnight/stage2_phase/analysis/S2A_kP0p5000000000_z0p5.json
validation/adversarial_overnight/stage2_phase/analysis/S2A_kP0p5000000000_z1p0.json,numerical_validation/adversarial_overnight/stage2_phase/analysis/S2A_kP0p5000000000_z1p0.json
validation/adversarial_overnight/stage2_phase/analysis/S2A_kP0p5000000000_z2p0.json,numerical_validation/adversarial_overnight/stage2_phase/analysis/S2A_kP0p5000000000_z2p0.json
validation/adversarial_overnight/stage2_phase/analysis/S2B_d0p05_z0p05.json,numerical_validation/adversarial_overnight/stage2_phase/analysis/S2B_d0p05_z0p05.json
validation/adversarial_overnight/stage2_phase/analysis/S2B_d0p05_z0p1.json,numerical_validation/adversarial_overnight/stage2_phase/analysis/S2B_d0p05_z0p1.json
validation/adversarial_overnight/stage2_phase/analysis/S2B_d0p05_z0p2.json,numerical_validation/adversarial_overnight/stage2_phase/analysis/S2B_d0p05_z0p2.json
validation/adversarial_overnight/stage2_phase/analysis/S2B_d0p05_z0p4.json,numerical_validation/adversarial_overnight/stage2_phase/analysis/S2B_d0p05_z0p4.json
validation/adversarial_overnight/stage2_phase/analysis/S2B_d0p05_z0p8.json,numerical_validation/adversarial_overnight/stage2_phase/analysis/S2B_d0p05_z0p8.json
validation/adversarial_overnight/stage2_phase/analysis/S2B_d0p1_z0p05.json,numerical_validation/adversarial_overnight/stage2_phase/analysis/S2B_d0p1_z0p05.json
validation/adversarial_overnight/stage2_phase/analysis/S2B_d0p1_z0p1.json,numerical_validation/adversarial_overnight/stage2_phase/analysis/S2B_d0p1_z0p1.json
validation/adversarial_overnight/stage2_phase/analysis/S2B_d0p1_z0p2.json,numerical_validation/adversarial_overnight/stage2_phase/analysis/S2B_d0p1_z0p2.json
validation/adversarial_overnight/stage2_phase/analysis/S2B_d0p1_z0p4.json,numerical_validation/adversarial_overnight/stage2_phase/analysis/S2B_d0p1_z0p4.json
validation/adversarial_overnight/stage2_phase/analysis/S2B_d0p1_z0p8.json,numerical_validation/adversarial_overnight/stage2_phase/analysis/S2B_d0p1_z0p8.json
validation/adversarial_overnight/stage2_phase/analysis/S2B_d0p2_z0p05.json,numerical_validation/adversarial_overnight/stage2_phase/analysis/S2B_d0p2_z0p05.json
validation/adversarial_overnight/stage2_phase/analysis/S2B_d0p2_z0p1.json,numerical_validation/adversarial_overnight/stage2_phase/analysis/S2B_d0p2_z0p1.json
validation/adversarial_overnight/stage2_phase/analysis/S2B_d0p2_z0p2.json,numerical_validation/adversarial_overnight/stage2_phase/analysis/S2B_d0p2_z0p2.json
validation/adversarial_overnight/stage2_phase/analysis/S2B_d0p2_z0p4.json,numerical_validation/adversarial_overnight/stage2_phase/analysis/S2B_d0p2_z0p4.json
validation/adversarial_overnight/stage2_phase/analysis/S2B_d0p2_z0p8.json,numerical_validation/adversarial_overnight/stage2_phase/analysis/S2B_d0p2_z0p8.json
validation/adversarial_overnight/stage2_phase/analysis/S2B_d0p3_z0p05.json,numerical_validation/adversarial_overnight/stage2_phase/analysis/S2B_d0p3_z0p05.json
validation/adversarial_overnight/stage2_phase/analysis/S2B_d0p3_z0p1.json,numerical_validation/adversarial_overnight/stage2_phase/analysis/S2B_d0p3_z0p1.json
validation/adversarial_overnight/stage2_phase/analysis/S2B_d0p3_z0p2.json,numerical_validation/adversarial_overnight/stage2_phase/analysis/S2B_d0p3_z0p2.json
validation/adversarial_overnight/stage2_phase/analysis/S2B_d0p3_z0p4.json,numerical_validation/adversarial_overnight/stage2_phase/analysis/S2B_d0p3_z0p4.json
validation/adversarial_overnight/stage2_phase/analysis/S2B_d0p3_z0p8.json,numerical_validation/adversarial_overnight/stage2_phase/analysis/S2B_d0p3_z0p8.json
validation/adversarial_overnight/stage2_phase/analysis/S2B_d0p4_z0p05.json,numerical_validation/adversarial_overnight/stage2_phase/analysis/S2B_d0p4_z0p05.json
validation/adversarial_overnight/stage2_phase/analysis/S2B_d0p4_z0p1.json,numerical_validation/adversarial_overnight/stage2_phase/analysis/S2B_d0p4_z0p1.json
validation/adversarial_overnight/stage2_phase/analysis/S2B_d0p4_z0p2.json,numerical_validation/adversarial_overnight/stage2_phase/analysis/S2B_d0p4_z0p2.json
validation/adversarial_overnight/stage2_phase/analysis/S2B_d0p4_z0p4.json,numerical_validation/adversarial_overnight/stage2_phase/analysis/S2B_d0p4_z0p4.json
validation/adversarial_overnight/stage2_phase/analysis/S2B_d0p4_z0p8.json,numerical_validation/adversarial_overnight/stage2_phase/analysis/S2B_d0p4_z0p8.json
validation/adversarial_overnight/stage2_phase/kappa_to_record_shift.csv,numerical_validation/adversarial_overnight/stage2_phase/kappa_to_record_shift.csv
validation/adversarial_overnight/stage2_phase/phase_scaling.pdf,numerical_validation/adversarial_overnight/stage2_phase/phase_scaling.pdf
validation/adversarial_overnight/stage2_phase/phase_scaling.png,numerical_validation/adversarial_overnight/stage2_phase/phase_scaling.png
validation/adversarial_overnight/stage2_phase/scan/S2A_kM0p0500000000_z0p25.json,numerical_validation/adversarial_overnight/stage2_phase/scan/S2A_kM0p0500000000_z0p25.json
validation/adversarial_overnight/stage2_phase/scan/S2A_kM0p0500000000_z0p5.json,numerical_validation/adversarial_overnight/stage2_phase/scan/S2A_kM0p0500000000_z0p5.json
validation/adversarial_overnight/stage2_phase/scan/S2A_kM0p0500000000_z1p0.json,numerical_validation/adversarial_overnight/stage2_phase/scan/S2A_kM0p0500000000_z1p0.json
validation/adversarial_overnight/stage2_phase/scan/S2A_kM0p0500000000_z2p0.json,numerical_validation/adversarial_overnight/stage2_phase/scan/S2A_kM0p0500000000_z2p0.json
validation/adversarial_overnight/stage2_phase/scan/S2A_kM0p1000000000_z0p25.json,numerical_validation/adversarial_overnight/stage2_phase/scan/S2A_kM0p1000000000_z0p25.json
validation/adversarial_overnight/stage2_phase/scan/S2A_kM0p1000000000_z0p5.json,numerical_validation/adversarial_overnight/stage2_phase/scan/S2A_kM0p1000000000_z0p5.json
validation/adversarial_overnight/stage2_phase/scan/S2A_kM0p1000000000_z1p0.json,numerical_validation/adversarial_overnight/stage2_phase/scan/S2A_kM0p1000000000_z1p0.json
validation/adversarial_overnight/stage2_phase/scan/S2A_kM0p1000000000_z2p0.json,numerical_validation/adversarial_overnight/stage2_phase/scan/S2A_kM0p1000000000_z2p0.json
validation/adversarial_overnight/stage2_phase/scan/S2A_kM0p2000000000_z0p25.json,numerical_validation/adversarial_overnight/stage2_phase/scan/S2A_kM0p2000000000_z0p25.json
validation/adversarial_overnight/stage2_phase/scan/S2A_kM0p2000000000_z0p5.json,numerical_validation/adversarial_overnight/stage2_phase/scan/S2A_kM0p2000000000_z0p5.json
validation/adversarial_overnight/stage2_phase/scan/S2A_kM0p2000000000_z1p0.json,numerical_validation/adversarial_overnight/stage2_phase/scan/S2A_kM0p2000000000_z1p0.json
validation/adversarial_overnight/stage2_phase/scan/S2A_kM0p2000000000_z2p0.json,numerical_validation/adversarial_overnight/stage2_phase/scan/S2A_kM0p2000000000_z2p0.json
validation/adversarial_overnight/stage2_phase/scan/S2A_kM0p3000000000_z0p25.json,numerical_validation/adversarial_overnight/stage2_phase/scan/S2A_kM0p3000000000_z0p25.json
validation/adversarial_overnight/stage2_phase/scan/S2A_kM0p3000000000_z0p25__ext.json,numerical_validation/adversarial_overnight/stage2_phase/scan/S2A_kM0p3000000000_z0p25__ext.json
validation/adversarial_overnight/stage2_phase/scan/S2A_kM0p3000000000_z0p5.json,numerical_validation/adversarial_overnight/stage2_phase/scan/S2A_kM0p3000000000_z0p5.json
validation/adversarial_overnight/stage2_phase/scan/S2A_kM0p3000000000_z0p5__ext.json,numerical_validation/adversarial_overnight/stage2_phase/scan/S2A_kM0p3000000000_z0p5__ext.json
validation/adversarial_overnight/stage2_phase/scan/S2A_kM0p3000000000_z1p0.json,numerical_validation/adversarial_overnight/stage2_phase/scan/S2A_kM0p3000000000_z1p0.json
validation/adversarial_overnight/stage2_phase/scan/S2A_kM0p3000000000_z2p0.json,numerical_validation/adversarial_overnight/stage2_phase/scan/S2A_kM0p3000000000_z2p0.json
validation/adversarial_overnight/stage2_phase/scan/S2A_kM0p3882278594_z0p25.json,numerical_validation/adversarial_overnight/stage2_phase/scan/S2A_kM0p3882278594_z0p25.json
validation/adversarial_overnight/stage2_phase/scan/S2A_kM0p3882278594_z0p25__ext.json,numerical_validation/adversarial_overnight/stage2_phase/scan/S2A_kM0p3882278594_z0p25__ext.json
validation/adversarial_overnight/stage2_phase/scan/S2A_kM0p3882278594_z0p5.json,numerical_validation/adversarial_overnight/stage2_phase/scan/S2A_kM0p3882278594_z0p5.json
validation/adversarial_overnight/stage2_phase/scan/S2A_kM0p3882278594_z0p5__ext.json,numerical_validation/adversarial_overnight/stage2_phase/scan/S2A_kM0p3882278594_z0p5__ext.json
validation/adversarial_overnight/stage2_phase/scan/S2A_kM0p3882278594_z1p0.json,numerical_validation/adversarial_overnight/stage2_phase/scan/S2A_kM0p3882278594_z1p0.json
validation/adversarial_overnight/stage2_phase/scan/S2A_kM0p3882278594_z1p0__ext.json,numerical_validation/adversarial_overnight/stage2_phase/scan/S2A_kM0p3882278594_z1p0__ext.json
validation/adversarial_overnight/stage2_phase/scan/S2A_kM0p3882278594_z2p0.json,numerical_validation/adversarial_overnight/stage2_phase/scan/S2A_kM0p3882278594_z2p0.json
validation/adversarial_overnight/stage2_phase/scan/S2A_kM0p3882278594_z2p0__ext.json,numerical_validation/adversarial_overnight/stage2_phase/scan/S2A_kM0p3882278594_z2p0__ext.json
validation/adversarial_overnight/stage2_phase/scan/S2A_kM0p4000000000_z0p25.json,numerical_validation/adversarial_overnight/stage2_phase/scan/S2A_kM0p4000000000_z0p25.json
validation/adversarial_overnight/stage2_phase/scan/S2A_kM0p4000000000_z0p25__ext.json,numerical_validation/adversarial_overnight/stage2_phase/scan/S2A_kM0p4000000000_z0p25__ext.json
validation/adversarial_overnight/stage2_phase/scan/S2A_kM0p4000000000_z0p5.json,numerical_validation/adversarial_overnight/stage2_phase/scan/S2A_kM0p4000000000_z0p5.json
validation/adversarial_overnight/stage2_phase/scan/S2A_kM0p4000000000_z0p5__ext.json,numerical_validation/adversarial_overnight/stage2_phase/scan/S2A_kM0p4000000000_z0p5__ext.json
validation/adversarial_overnight/stage2_phase/scan/S2A_kM0p4000000000_z1p0.json,numerical_validation/adversarial_overnight/stage2_phase/scan/S2A_kM0p4000000000_z1p0.json
validation/adversarial_overnight/stage2_phase/scan/S2A_kM0p4000000000_z1p0__ext.json,numerical_validation/adversarial_overnight/stage2_phase/scan/S2A_kM0p4000000000_z1p0__ext.json
validation/adversarial_overnight/stage2_phase/scan/S2A_kM0p4000000000_z2p0.json,numerical_validation/adversarial_overnight/stage2_phase/scan/S2A_kM0p4000000000_z2p0.json
validation/adversarial_overnight/stage2_phase/scan/S2A_kM0p4000000000_z2p0__ext.json,numerical_validation/adversarial_overnight/stage2_phase/scan/S2A_kM0p4000000000_z2p0__ext.json
validation/adversarial_overnight/stage2_phase/scan/S2A_kM0p5000000000_z0p25.json,numerical_validation/adversarial_overnight/stage2_phase/scan/S2A_kM0p5000000000_z0p25.json
validation/adversarial_overnight/stage2_phase/scan/S2A_kM0p5000000000_z0p25__ext.json,numerical_validation/adversarial_overnight/stage2_phase/scan/S2A_kM0p5000000000_z0p25__ext.json
validation/adversarial_overnight/stage2_phase/scan/S2A_kM0p5000000000_z0p5.json,numerical_validation/adversarial_overnight/stage2_phase/scan/S2A_kM0p5000000000_z0p5.json
validation/adversarial_overnight/stage2_phase/scan/S2A_kM0p5000000000_z0p5__ext.json,numerical_validation/adversarial_overnight/stage2_phase/scan/S2A_kM0p5000000000_z0p5__ext.json
validation/adversarial_overnight/stage2_phase/scan/S2A_kM0p5000000000_z1p0.json,numerical_validation/adversarial_overnight/stage2_phase/scan/S2A_kM0p5000000000_z1p0.json
validation/adversarial_overnight/stage2_phase/scan/S2A_kM0p5000000000_z1p0__ext.json,numerical_validation/adversarial_overnight/stage2_phase/scan/S2A_kM0p5000000000_z1p0__ext.json
validation/adversarial_overnight/stage2_phase/scan/S2A_kM0p5000000000_z2p0.json,numerical_validation/adversarial_overnight/stage2_phase/scan/S2A_kM0p5000000000_z2p0.json
validation/adversarial_overnight/stage2_phase/scan/S2A_kM0p5000000000_z2p0__ext.json,numerical_validation/adversarial_overnight/stage2_phase/scan/S2A_kM0p5000000000_z2p0__ext.json
validation/adversarial_overnight/stage2_phase/scan/S2A_kP0p0000000000_z0p25.json,numerical_validation/adversarial_overnight/stage2_phase/scan/S2A_kP0p0000000000_z0p25.json
validation/adversarial_overnight/stage2_phase/scan/S2A_kP0p0000000000_z0p5.json,numerical_validation/adversarial_overnight/stage2_phase/scan/S2A_kP0p0000000000_z0p5.json
validation/adversarial_overnight/stage2_phase/scan/S2A_kP0p0000000000_z1p0.json,numerical_validation/adversarial_overnight/stage2_phase/scan/S2A_kP0p0000000000_z1p0.json
validation/adversarial_overnight/stage2_phase/scan/S2A_kP0p0000000000_z2p0.json,numerical_validation/adversarial_overnight/stage2_phase/scan/S2A_kP0p0000000000_z2p0.json
validation/adversarial_overnight/stage2_phase/scan/S2A_kP0p0500000000_z0p25.json,numerical_validation/adversarial_overnight/stage2_phase/scan/S2A_kP0p0500000000_z0p25.json
validation/adversarial_overnight/stage2_phase/scan/S2A_kP0p0500000000_z0p5.json,numerical_validation/adversarial_overnight/stage2_phase/scan/S2A_kP0p0500000000_z0p5.json
validation/adversarial_overnight/stage2_phase/scan/S2A_kP0p0500000000_z1p0.json,numerical_validation/adversarial_overnight/stage2_phase/scan/S2A_kP0p0500000000_z1p0.json
validation/adversarial_overnight/stage2_phase/scan/S2A_kP0p0500000000_z2p0.json,numerical_validation/adversarial_overnight/stage2_phase/scan/S2A_kP0p0500000000_z2p0.json
validation/adversarial_overnight/stage2_phase/scan/S2A_kP0p1000000000_z0p25.json,numerical_validation/adversarial_overnight/stage2_phase/scan/S2A_kP0p1000000000_z0p25.json
validation/adversarial_overnight/stage2_phase/scan/S2A_kP0p1000000000_z0p5.json,numerical_validation/adversarial_overnight/stage2_phase/scan/S2A_kP0p1000000000_z0p5.json
validation/adversarial_overnight/stage2_phase/scan/S2A_kP0p1000000000_z1p0.json,numerical_validation/adversarial_overnight/stage2_phase/scan/S2A_kP0p1000000000_z1p0.json
validation/adversarial_overnight/stage2_phase/scan/S2A_kP0p1000000000_z2p0.json,numerical_validation/adversarial_overnight/stage2_phase/scan/S2A_kP0p1000000000_z2p0.json
validation/adversarial_overnight/stage2_phase/scan/S2A_kP0p2000000000_z0p25.json,numerical_validation/adversarial_overnight/stage2_phase/scan/S2A_kP0p2000000000_z0p25.json
validation/adversarial_overnight/stage2_phase/scan/S2A_kP0p2000000000_z0p5.json,numerical_validation/adversarial_overnight/stage2_phase/scan/S2A_kP0p2000000000_z0p5.json
validation/adversarial_overnight/stage2_phase/scan/S2A_kP0p2000000000_z1p0.json,numerical_validation/adversarial_overnight/stage2_phase/scan/S2A_kP0p2000000000_z1p0.json
validation/adversarial_overnight/stage2_phase/scan/S2A_kP0p2000000000_z2p0.json,numerical_validation/adversarial_overnight/stage2_phase/scan/S2A_kP0p2000000000_z2p0.json
validation/adversarial_overnight/stage2_phase/scan/S2A_kP0p3000000000_z0p25.json,numerical_validation/adversarial_overnight/stage2_phase/scan/S2A_kP0p3000000000_z0p25.json
validation/adversarial_overnight/stage2_phase/scan/S2A_kP0p3000000000_z0p25__ext.json,numerical_validation/adversarial_overnight/stage2_phase/scan/S2A_kP0p3000000000_z0p25__ext.json
validation/adversarial_overnight/stage2_phase/scan/S2A_kP0p3000000000_z0p5.json,numerical_validation/adversarial_overnight/stage2_phase/scan/S2A_kP0p3000000000_z0p5.json
validation/adversarial_overnight/stage2_phase/scan/S2A_kP0p3000000000_z0p5__ext.json,numerical_validation/adversarial_overnight/stage2_phase/scan/S2A_kP0p3000000000_z0p5__ext.json
validation/adversarial_overnight/stage2_phase/scan/S2A_kP0p3000000000_z1p0.json,numerical_validation/adversarial_overnight/stage2_phase/scan/S2A_kP0p3000000000_z1p0.json
validation/adversarial_overnight/stage2_phase/scan/S2A_kP0p3000000000_z2p0.json,numerical_validation/adversarial_overnight/stage2_phase/scan/S2A_kP0p3000000000_z2p0.json
validation/adversarial_overnight/stage2_phase/scan/S2A_kP0p3882278594_z0p25.json,numerical_validation/adversarial_overnight/stage2_phase/scan/S2A_kP0p3882278594_z0p25.json
validation/adversarial_overnight/stage2_phase/scan/S2A_kP0p3882278594_z0p25__ext.json,numerical_validation/adversarial_overnight/stage2_phase/scan/S2A_kP0p3882278594_z0p25__ext.json
validation/adversarial_overnight/stage2_phase/scan/S2A_kP0p3882278594_z0p5.json,numerical_validation/adversarial_overnight/stage2_phase/scan/S2A_kP0p3882278594_z0p5.json
validation/adversarial_overnight/stage2_phase/scan/S2A_kP0p3882278594_z0p5__ext.json,numerical_validation/adversarial_overnight/stage2_phase/scan/S2A_kP0p3882278594_z0p5__ext.json
validation/adversarial_overnight/stage2_phase/scan/S2A_kP0p3882278594_z1p0.json,numerical_validation/adversarial_overnight/stage2_phase/scan/S2A_kP0p3882278594_z1p0.json
validation/adversarial_overnight/stage2_phase/scan/S2A_kP0p3882278594_z1p0__ext.json,numerical_validation/adversarial_overnight/stage2_phase/scan/S2A_kP0p3882278594_z1p0__ext.json
validation/adversarial_overnight/stage2_phase/scan/S2A_kP0p3882278594_z2p0.json,numerical_validation/adversarial_overnight/stage2_phase/scan/S2A_kP0p3882278594_z2p0.json
validation/adversarial_overnight/stage2_phase/scan/S2A_kP0p3882278594_z2p0__ext.json,numerical_validation/adversarial_overnight/stage2_phase/scan/S2A_kP0p3882278594_z2p0__ext.json
validation/adversarial_overnight/stage2_phase/scan/S2A_kP0p4000000000_z0p25.json,numerical_validation/adversarial_overnight/stage2_phase/scan/S2A_kP0p4000000000_z0p25.json
validation/adversarial_overnight/stage2_phase/scan/S2A_kP0p4000000000_z0p25__ext.json,numerical_validation/adversarial_overnight/stage2_phase/scan/S2A_kP0p4000000000_z0p25__ext.json
validation/adversarial_overnight/stage2_phase/scan/S2A_kP0p4000000000_z0p5.json,numerical_validation/adversarial_overnight/stage2_phase/scan/S2A_kP0p4000000000_z0p5.json
validation/adversarial_overnight/stage2_phase/scan/S2A_kP0p4000000000_z0p5__ext.json,numerical_validation/adversarial_overnight/stage2_phase/scan/S2A_kP0p4000000000_z0p5__ext.json
validation/adversarial_overnight/stage2_phase/scan/S2A_kP0p4000000000_z1p0.json,numerical_validation/adversarial_overnight/stage2_phase/scan/S2A_kP0p4000000000_z1p0.json
validation/adversarial_overnight/stage2_phase/scan/S2A_kP0p4000000000_z1p0__ext.json,numerical_validation/adversarial_overnight/stage2_phase/scan/S2A_kP0p4000000000_z1p0__ext.json
validation/adversarial_overnight/stage2_phase/scan/S2A_kP0p4000000000_z2p0.json,numerical_validation/adversarial_overnight/stage2_phase/scan/S2A_kP0p4000000000_z2p0.json
validation/adversarial_overnight/stage2_phase/scan/S2A_kP0p4000000000_z2p0__ext.json,numerical_validation/adversarial_overnight/stage2_phase/scan/S2A_kP0p4000000000_z2p0__ext.json
validation/adversarial_overnight/stage2_phase/scan/S2A_kP0p5000000000_z0p25.json,numerical_validation/adversarial_overnight/stage2_phase/scan/S2A_kP0p5000000000_z0p25.json
validation/adversarial_overnight/stage2_phase/scan/S2A_kP0p5000000000_z0p25__ext.json,numerical_validation/adversarial_overnight/stage2_phase/scan/S2A_kP0p5000000000_z0p25__ext.json
validation/adversarial_overnight/stage2_phase/scan/S2A_kP0p5000000000_z0p5.json,numerical_validation/adversarial_overnight/stage2_phase/scan/S2A_kP0p5000000000_z0p5.json
validation/adversarial_overnight/stage2_phase/scan/S2A_kP0p5000000000_z0p5__ext.json,numerical_validation/adversarial_overnight/stage2_phase/scan/S2A_kP0p5000000000_z0p5__ext.json
validation/adversarial_overnight/stage2_phase/scan/S2A_kP0p5000000000_z1p0.json,numerical_validation/adversarial_overnight/stage2_phase/scan/S2A_kP0p5000000000_z1p0.json
validation/adversarial_overnight/stage2_phase/scan/S2A_kP0p5000000000_z1p0__ext.json,numerical_validation/adversarial_overnight/stage2_phase/scan/S2A_kP0p5000000000_z1p0__ext.json
validation/adversarial_overnight/stage2_phase/scan/S2A_kP0p5000000000_z2p0.json,numerical_validation/adversarial_overnight/stage2_phase/scan/S2A_kP0p5000000000_z2p0.json
validation/adversarial_overnight/stage2_phase/scan/S2A_kP0p5000000000_z2p0__ext.json,numerical_validation/adversarial_overnight/stage2_phase/scan/S2A_kP0p5000000000_z2p0__ext.json
validation/adversarial_overnight/stage2_phase/scan/S2B_d0p05_z0p05.json,numerical_validation/adversarial_overnight/stage2_phase/scan/S2B_d0p05_z0p05.json
validation/adversarial_overnight/stage2_phase/scan/S2B_d0p05_z0p1.json,numerical_validation/adversarial_overnight/stage2_phase/scan/S2B_d0p05_z0p1.json
validation/adversarial_overnight/stage2_phase/scan/S2B_d0p05_z0p2.json,numerical_validation/adversarial_overnight/stage2_phase/scan/S2B_d0p05_z0p2.json
validation/adversarial_overnight/stage2_phase/scan/S2B_d0p05_z0p2__ext.json,numerical_validation/adversarial_overnight/stage2_phase/scan/S2B_d0p05_z0p2__ext.json
validation/adversarial_overnight/stage2_phase/scan/S2B_d0p05_z0p4.json,numerical_validation/adversarial_overnight/stage2_phase/scan/S2B_d0p05_z0p4.json
validation/adversarial_overnight/stage2_phase/scan/S2B_d0p05_z0p4__ext.json,numerical_validation/adversarial_overnight/stage2_phase/scan/S2B_d0p05_z0p4__ext.json
validation/adversarial_overnight/stage2_phase/scan/S2B_d0p05_z0p8.json,numerical_validation/adversarial_overnight/stage2_phase/scan/S2B_d0p05_z0p8.json
validation/adversarial_overnight/stage2_phase/scan/S2B_d0p1_z0p05.json,numerical_validation/adversarial_overnight/stage2_phase/scan/S2B_d0p1_z0p05.json
validation/adversarial_overnight/stage2_phase/scan/S2B_d0p1_z0p1.json,numerical_validation/adversarial_overnight/stage2_phase/scan/S2B_d0p1_z0p1.json
validation/adversarial_overnight/stage2_phase/scan/S2B_d0p1_z0p2.json,numerical_validation/adversarial_overnight/stage2_phase/scan/S2B_d0p1_z0p2.json
validation/adversarial_overnight/stage2_phase/scan/S2B_d0p1_z0p2__ext.json,numerical_validation/adversarial_overnight/stage2_phase/scan/S2B_d0p1_z0p2__ext.json
validation/adversarial_overnight/stage2_phase/scan/S2B_d0p1_z0p4.json,numerical_validation/adversarial_overnight/stage2_phase/scan/S2B_d0p1_z0p4.json
validation/adversarial_overnight/stage2_phase/scan/S2B_d0p1_z0p4__ext.json,numerical_validation/adversarial_overnight/stage2_phase/scan/S2B_d0p1_z0p4__ext.json
validation/adversarial_overnight/stage2_phase/scan/S2B_d0p1_z0p8.json,numerical_validation/adversarial_overnight/stage2_phase/scan/S2B_d0p1_z0p8.json
validation/adversarial_overnight/stage2_phase/scan/S2B_d0p1_z0p8__ext.json,numerical_validation/adversarial_overnight/stage2_phase/scan/S2B_d0p1_z0p8__ext.json
validation/adversarial_overnight/stage2_phase/scan/S2B_d0p2_z0p05.json,numerical_validation/adversarial_overnight/stage2_phase/scan/S2B_d0p2_z0p05.json
validation/adversarial_overnight/stage2_phase/scan/S2B_d0p2_z0p1.json,numerical_validation/adversarial_overnight/stage2_phase/scan/S2B_d0p2_z0p1.json
validation/adversarial_overnight/stage2_phase/scan/S2B_d0p2_z0p2.json,numerical_validation/adversarial_overnight/stage2_phase/scan/S2B_d0p2_z0p2.json
validation/adversarial_overnight/stage2_phase/scan/S2B_d0p2_z0p2__ext.json,numerical_validation/adversarial_overnight/stage2_phase/scan/S2B_d0p2_z0p2__ext.json
validation/adversarial_overnight/stage2_phase/scan/S2B_d0p2_z0p4.json,numerical_validation/adversarial_overnight/stage2_phase/scan/S2B_d0p2_z0p4.json
validation/adversarial_overnight/stage2_phase/scan/S2B_d0p2_z0p4__ext.json,numerical_validation/adversarial_overnight/stage2_phase/scan/S2B_d0p2_z0p4__ext.json
validation/adversarial_overnight/stage2_phase/scan/S2B_d0p2_z0p8.json,numerical_validation/adversarial_overnight/stage2_phase/scan/S2B_d0p2_z0p8.json
validation/adversarial_overnight/stage2_phase/scan/S2B_d0p2_z0p8__ext.json,numerical_validation/adversarial_overnight/stage2_phase/scan/S2B_d0p2_z0p8__ext.json
validation/adversarial_overnight/stage2_phase/scan/S2B_d0p3_z0p05.json,numerical_validation/adversarial_overnight/stage2_phase/scan/S2B_d0p3_z0p05.json
validation/adversarial_overnight/stage2_phase/scan/S2B_d0p3_z0p1.json,numerical_validation/adversarial_overnight/stage2_phase/scan/S2B_d0p3_z0p1.json
validation/adversarial_overnight/stage2_phase/scan/S2B_d0p3_z0p1__ext.json,numerical_validation/adversarial_overnight/stage2_phase/scan/S2B_d0p3_z0p1__ext.json
validation/adversarial_overnight/stage2_phase/scan/S2B_d0p3_z0p2.json,numerical_validation/adversarial_overnight/stage2_phase/scan/S2B_d0p3_z0p2.json
validation/adversarial_overnight/stage2_phase/scan/S2B_d0p3_z0p2__ext.json,numerical_validation/adversarial_overnight/stage2_phase/scan/S2B_d0p3_z0p2__ext.json
validation/adversarial_overnight/stage2_phase/scan/S2B_d0p3_z0p4.json,numerical_validation/adversarial_overnight/stage2_phase/scan/S2B_d0p3_z0p4.json
validation/adversarial_overnight/stage2_phase/scan/S2B_d0p3_z0p4__ext.json,numerical_validation/adversarial_overnight/stage2_phase/scan/S2B_d0p3_z0p4__ext.json
validation/adversarial_overnight/stage2_phase/scan/S2B_d0p3_z0p8.json,numerical_validation/adversarial_overnight/stage2_phase/scan/S2B_d0p3_z0p8.json
validation/adversarial_overnight/stage2_phase/scan/S2B_d0p3_z0p8__ext.json,numerical_validation/adversarial_overnight/stage2_phase/scan/S2B_d0p3_z0p8__ext.json
validation/adversarial_overnight/stage2_phase/scan/S2B_d0p4_z0p05.json,numerical_validation/adversarial_overnight/stage2_phase/scan/S2B_d0p4_z0p05.json
validation/adversarial_overnight/stage2_phase/scan/S2B_d0p4_z0p05__ext.json,numerical_validation/adversarial_overnight/stage2_phase/scan/S2B_d0p4_z0p05__ext.json
validation/adversarial_overnight/stage2_phase/scan/S2B_d0p4_z0p1.json,numerical_validation/adversarial_overnight/stage2_phase/scan/S2B_d0p4_z0p1.json
validation/adversarial_overnight/stage2_phase/scan/S2B_d0p4_z0p1__ext.json,numerical_validation/adversarial_overnight/stage2_phase/scan/S2B_d0p4_z0p1__ext.json
validation/adversarial_overnight/stage2_phase/scan/S2B_d0p4_z0p2.json,numerical_validation/adversarial_overnight/stage2_phase/scan/S2B_d0p4_z0p2.json
validation/adversarial_overnight/stage2_phase/scan/S2B_d0p4_z0p2__ext.json,numerical_validation/adversarial_overnight/stage2_phase/scan/S2B_d0p4_z0p2__ext.json
validation/adversarial_overnight/stage2_phase/scan/S2B_d0p4_z0p4.json,numerical_validation/adversarial_overnight/stage2_phase/scan/S2B_d0p4_z0p4.json
validation/adversarial_overnight/stage2_phase/scan/S2B_d0p4_z0p4__ext.json,numerical_validation/adversarial_overnight/stage2_phase/scan/S2B_d0p4_z0p4__ext.json
validation/adversarial_overnight/stage2_phase/scan/S2B_d0p4_z0p8.json,numerical_validation/adversarial_overnight/stage2_phase/scan/S2B_d0p4_z0p8.json
validation/adversarial_overnight/stage2_phase/stage2A_finite.csv,numerical_validation/adversarial_overnight/stage2_phase/stage2A_finite.csv
validation/adversarial_overnight/stage2_phase/stage2A_tangent.csv,numerical_validation/adversarial_overnight/stage2_phase/stage2A_tangent.csv
validation/adversarial_overnight/stage2_phase/stage2B_fixed_delta.csv,numerical_validation/adversarial_overnight/stage2_phase/stage2B_fixed_delta.csv
validation/adversarial_overnight/stage2_phase/tangent_results.json,numerical_validation/adversarial_overnight/stage2_phase/tangent_results.json
validation/adversarial_overnight/stage3_bwidth/DONE_3A.json,numerical_validation/adversarial_overnight/stage3_bwidth/DONE_3A.json
validation/adversarial_overnight/stage3_bwidth/DONE_3B.json,numerical_validation/adversarial_overnight/stage3_bwidth/DONE_3B.json
validation/adversarial_overnight/stage3_bwidth/STAGE3_REPORT.md,numerical_validation/adversarial_overnight/stage3_bwidth/STAGE3_REPORT.md
validation/adversarial_overnight/stage3_bwidth/_block_test.log,numerical_validation/adversarial_overnight/stage3_bwidth/_block_test.log
validation/adversarial_overnight/stage3_bwidth/analysis/S3F_b10p0.json,numerical_validation/adversarial_overnight/stage3_bwidth/analysis/S3F_b10p0.json
validation/adversarial_overnight/stage3_bwidth/analysis/S3F_b10p1.json,numerical_validation/adversarial_overnight/stage3_bwidth/analysis/S3F_b10p1.json
validation/adversarial_overnight/stage3_bwidth/analysis/S3F_b10p2.json,numerical_validation/adversarial_overnight/stage3_bwidth/analysis/S3F_b10p2.json
validation/adversarial_overnight/stage3_bwidth/analysis/S3F_b10p3.json,numerical_validation/adversarial_overnight/stage3_bwidth/analysis/S3F_b10p3.json
validation/adversarial_overnight/stage3_bwidth/analysis/S3F_b10p4.json,numerical_validation/adversarial_overnight/stage3_bwidth/analysis/S3F_b10p4.json
validation/adversarial_overnight/stage3_bwidth/analysis/S3F_b10p5.json,numerical_validation/adversarial_overnight/stage3_bwidth/analysis/S3F_b10p5.json
validation/adversarial_overnight/stage3_bwidth/analysis/S3F_b9p5.json,numerical_validation/adversarial_overnight/stage3_bwidth/analysis/S3F_b9p5.json
validation/adversarial_overnight/stage3_bwidth/analysis/S3F_b9p6.json,numerical_validation/adversarial_overnight/stage3_bwidth/analysis/S3F_b9p6.json
validation/adversarial_overnight/stage3_bwidth/analysis/S3F_b9p7.json,numerical_validation/adversarial_overnight/stage3_bwidth/analysis/S3F_b9p7.json
validation/adversarial_overnight/stage3_bwidth/analysis/S3F_b9p8.json,numerical_validation/adversarial_overnight/stage3_bwidth/analysis/S3F_b9p8.json
validation/adversarial_overnight/stage3_bwidth/analysis/S3F_b9p9.json,numerical_validation/adversarial_overnight/stage3_bwidth/analysis/S3F_b9p9.json
validation/adversarial_overnight/stage3_bwidth/b_continuum_scan.csv,numerical_validation/adversarial_overnight/stage3_bwidth/b_continuum_scan.csv
validation/adversarial_overnight/stage3_bwidth/b_width_scan.png,numerical_validation/adversarial_overnight/stage3_bwidth/b_width_scan.png
validation/adversarial_overnight/stage3_bwidth/bcert/blocks/10.00.json,numerical_validation/adversarial_overnight/stage3_bwidth/bcert/blocks/10.00.json
validation/adversarial_overnight/stage3_bwidth/bcert/blocks/10.01.json,numerical_validation/adversarial_overnight/stage3_bwidth/bcert/blocks/10.01.json
validation/adversarial_overnight/stage3_bwidth/bcert/blocks/10.02.json,numerical_validation/adversarial_overnight/stage3_bwidth/bcert/blocks/10.02.json
validation/adversarial_overnight/stage3_bwidth/bcert/blocks/10.03.json,numerical_validation/adversarial_overnight/stage3_bwidth/bcert/blocks/10.03.json
validation/adversarial_overnight/stage3_bwidth/bcert/blocks/10.04.json,numerical_validation/adversarial_overnight/stage3_bwidth/bcert/blocks/10.04.json
validation/adversarial_overnight/stage3_bwidth/bcert/blocks/10.05.json,numerical_validation/adversarial_overnight/stage3_bwidth/bcert/blocks/10.05.json
validation/adversarial_overnight/stage3_bwidth/bcert/blocks/10.06.json,numerical_validation/adversarial_overnight/stage3_bwidth/bcert/blocks/10.06.json
validation/adversarial_overnight/stage3_bwidth/bcert/blocks/10.07.json,numerical_validation/adversarial_overnight/stage3_bwidth/bcert/blocks/10.07.json
validation/adversarial_overnight/stage3_bwidth/bcert/blocks/10.08.json,numerical_validation/adversarial_overnight/stage3_bwidth/bcert/blocks/10.08.json
validation/adversarial_overnight/stage3_bwidth/bcert/blocks/10.09.json,numerical_validation/adversarial_overnight/stage3_bwidth/bcert/blocks/10.09.json
validation/adversarial_overnight/stage3_bwidth/bcert/blocks/10.10.json,numerical_validation/adversarial_overnight/stage3_bwidth/bcert/blocks/10.10.json
validation/adversarial_overnight/stage3_bwidth/bcert/blocks/10.11.json,numerical_validation/adversarial_overnight/stage3_bwidth/bcert/blocks/10.11.json
validation/adversarial_overnight/stage3_bwidth/bcert/blocks/9.88.json,numerical_validation/adversarial_overnight/stage3_bwidth/bcert/blocks/9.88.json
validation/adversarial_overnight/stage3_bwidth/bcert/blocks/9.89.json,numerical_validation/adversarial_overnight/stage3_bwidth/bcert/blocks/9.89.json
validation/adversarial_overnight/stage3_bwidth/bcert/blocks/9.90.json,numerical_validation/adversarial_overnight/stage3_bwidth/bcert/blocks/9.90.json
validation/adversarial_overnight/stage3_bwidth/bcert/blocks/9.91.json,numerical_validation/adversarial_overnight/stage3_bwidth/bcert/blocks/9.91.json
validation/adversarial_overnight/stage3_bwidth/bcert/blocks/9.92.json,numerical_validation/adversarial_overnight/stage3_bwidth/bcert/blocks/9.92.json
validation/adversarial_overnight/stage3_bwidth/bcert/blocks/9.93.json,numerical_validation/adversarial_overnight/stage3_bwidth/bcert/blocks/9.93.json
validation/adversarial_overnight/stage3_bwidth/bcert/blocks/9.94.json,numerical_validation/adversarial_overnight/stage3_bwidth/bcert/blocks/9.94.json
validation/adversarial_overnight/stage3_bwidth/bcert/blocks/9.95.json,numerical_validation/adversarial_overnight/stage3_bwidth/bcert/blocks/9.95.json
validation/adversarial_overnight/stage3_bwidth/bcert/blocks/9.96.json,numerical_validation/adversarial_overnight/stage3_bwidth/bcert/blocks/9.96.json
validation/adversarial_overnight/stage3_bwidth/bcert/blocks/9.97.json,numerical_validation/adversarial_overnight/stage3_bwidth/bcert/blocks/9.97.json
validation/adversarial_overnight/stage3_bwidth/bcert/blocks/9.98.json,numerical_validation/adversarial_overnight/stage3_bwidth/bcert/blocks/9.98.json
validation/adversarial_overnight/stage3_bwidth/bcert/blocks/9.99.json,numerical_validation/adversarial_overnight/stage3_bwidth/bcert/blocks/9.99.json
validation/adversarial_overnight/stage3_bwidth/bcert/state.json,numerical_validation/adversarial_overnight/stage3_bwidth/bcert/state.json
validation/adversarial_overnight/stage3_bwidth/scan/S3F_b10p0.json,numerical_validation/adversarial_overnight/stage3_bwidth/scan/S3F_b10p0.json
validation/adversarial_overnight/stage3_bwidth/scan/S3F_b10p1.json,numerical_validation/adversarial_overnight/stage3_bwidth/scan/S3F_b10p1.json
validation/adversarial_overnight/stage3_bwidth/scan/S3F_b10p2.json,numerical_validation/adversarial_overnight/stage3_bwidth/scan/S3F_b10p2.json
validation/adversarial_overnight/stage3_bwidth/scan/S3F_b10p3.json,numerical_validation/adversarial_overnight/stage3_bwidth/scan/S3F_b10p3.json
validation/adversarial_overnight/stage3_bwidth/scan/S3F_b10p4.json,numerical_validation/adversarial_overnight/stage3_bwidth/scan/S3F_b10p4.json
validation/adversarial_overnight/stage3_bwidth/scan/S3F_b10p5.json,numerical_validation/adversarial_overnight/stage3_bwidth/scan/S3F_b10p5.json
validation/adversarial_overnight/stage3_bwidth/scan/S3F_b9p5.json,numerical_validation/adversarial_overnight/stage3_bwidth/scan/S3F_b9p5.json
validation/adversarial_overnight/stage3_bwidth/scan/S3F_b9p6.json,numerical_validation/adversarial_overnight/stage3_bwidth/scan/S3F_b9p6.json
validation/adversarial_overnight/stage3_bwidth/scan/S3F_b9p7.json,numerical_validation/adversarial_overnight/stage3_bwidth/scan/S3F_b9p7.json
validation/adversarial_overnight/stage3_bwidth/scan/S3F_b9p8.json,numerical_validation/adversarial_overnight/stage3_bwidth/scan/S3F_b9p8.json
validation/adversarial_overnight/stage3_bwidth/scan/S3F_b9p9.json,numerical_validation/adversarial_overnight/stage3_bwidth/scan/S3F_b9p9.json
validation/adversarial_overnight/stage4_imbalance/DONE.json,numerical_validation/adversarial_overnight/stage4_imbalance/DONE.json
validation/adversarial_overnight/stage4_imbalance/STAGE4_REPORT.md,numerical_validation/adversarial_overnight/stage4_imbalance/STAGE4_REPORT.md
validation/adversarial_overnight/stage4_imbalance/analysis/S4_etaM0p02.json,numerical_validation/adversarial_overnight/stage4_imbalance/analysis/S4_etaM0p02.json
validation/adversarial_overnight/stage4_imbalance/analysis/S4_etaM0p05.json,numerical_validation/adversarial_overnight/stage4_imbalance/analysis/S4_etaM0p05.json
validation/adversarial_overnight/stage4_imbalance/analysis/S4_etaM0p10.json,numerical_validation/adversarial_overnight/stage4_imbalance/analysis/S4_etaM0p10.json
validation/adversarial_overnight/stage4_imbalance/analysis/S4_etaM0p20.json,numerical_validation/adversarial_overnight/stage4_imbalance/analysis/S4_etaM0p20.json
validation/adversarial_overnight/stage4_imbalance/analysis/S4_etaP0p00.json,numerical_validation/adversarial_overnight/stage4_imbalance/analysis/S4_etaP0p00.json
validation/adversarial_overnight/stage4_imbalance/analysis/S4_etaP0p02.json,numerical_validation/adversarial_overnight/stage4_imbalance/analysis/S4_etaP0p02.json
validation/adversarial_overnight/stage4_imbalance/analysis/S4_etaP0p05.json,numerical_validation/adversarial_overnight/stage4_imbalance/analysis/S4_etaP0p05.json
validation/adversarial_overnight/stage4_imbalance/analysis/S4_etaP0p10.json,numerical_validation/adversarial_overnight/stage4_imbalance/analysis/S4_etaP0p10.json
validation/adversarial_overnight/stage4_imbalance/analysis/S4_etaP0p20.json,numerical_validation/adversarial_overnight/stage4_imbalance/analysis/S4_etaP0p20.json
validation/adversarial_overnight/stage4_imbalance/imbalance.png,numerical_validation/adversarial_overnight/stage4_imbalance/imbalance.png
validation/adversarial_overnight/stage4_imbalance/imbalance_summary.csv,numerical_validation/adversarial_overnight/stage4_imbalance/imbalance_summary.csv
validation/adversarial_overnight/stage4_imbalance/scan/S4_etaM0p02.json,numerical_validation/adversarial_overnight/stage4_imbalance/scan/S4_etaM0p02.json
validation/adversarial_overnight/stage4_imbalance/scan/S4_etaM0p05.json,numerical_validation/adversarial_overnight/stage4_imbalance/scan/S4_etaM0p05.json
validation/adversarial_overnight/stage4_imbalance/scan/S4_etaM0p10.json,numerical_validation/adversarial_overnight/stage4_imbalance/scan/S4_etaM0p10.json
validation/adversarial_overnight/stage4_imbalance/scan/S4_etaM0p20.json,numerical_validation/adversarial_overnight/stage4_imbalance/scan/S4_etaM0p20.json
validation/adversarial_overnight/stage4_imbalance/scan/S4_etaP0p00.json,numerical_validation/adversarial_overnight/stage4_imbalance/scan/S4_etaP0p00.json
validation/adversarial_overnight/stage4_imbalance/scan/S4_etaP0p02.json,numerical_validation/adversarial_overnight/stage4_imbalance/scan/S4_etaP0p02.json
validation/adversarial_overnight/stage4_imbalance/scan/S4_etaP0p05.json,numerical_validation/adversarial_overnight/stage4_imbalance/scan/S4_etaP0p05.json
validation/adversarial_overnight/stage4_imbalance/scan/S4_etaP0p10.json,numerical_validation/adversarial_overnight/stage4_imbalance/scan/S4_etaP0p10.json
validation/adversarial_overnight/stage4_imbalance/scan/S4_etaP0p20.json,numerical_validation/adversarial_overnight/stage4_imbalance/scan/S4_etaP0p20.json
validation/adversarial_overnight/stage5_matching/DONE.json,numerical_validation/adversarial_overnight/stage5_matching/DONE.json
validation/adversarial_overnight/stage5_matching/analysis/S5_A_N11.json,numerical_validation/adversarial_overnight/stage5_matching/analysis/S5_A_N11.json
validation/adversarial_overnight/stage5_matching/analysis/S5_A_N21.json,numerical_validation/adversarial_overnight/stage5_matching/analysis/S5_A_N21.json
validation/adversarial_overnight/stage5_matching/analysis/S5_A_N31.json,numerical_validation/adversarial_overnight/stage5_matching/analysis/S5_A_N31.json
validation/adversarial_overnight/stage5_matching/analysis/S5_A_N41.json,numerical_validation/adversarial_overnight/stage5_matching/analysis/S5_A_N41.json
validation/adversarial_overnight/stage5_matching/analysis/S5_A_N61.json,numerical_validation/adversarial_overnight/stage5_matching/analysis/S5_A_N61.json
validation/adversarial_overnight/stage5_matching/analysis/S5_B_N11.json,numerical_validation/adversarial_overnight/stage5_matching/analysis/S5_B_N11.json
validation/adversarial_overnight/stage5_matching/analysis/S5_B_N21.json,numerical_validation/adversarial_overnight/stage5_matching/analysis/S5_B_N21.json
validation/adversarial_overnight/stage5_matching/analysis/S5_B_N31.json,numerical_validation/adversarial_overnight/stage5_matching/analysis/S5_B_N31.json
validation/adversarial_overnight/stage5_matching/analysis/S5_B_N41.json,numerical_validation/adversarial_overnight/stage5_matching/analysis/S5_B_N41.json
validation/adversarial_overnight/stage5_matching/analysis/S5_B_N61.json,numerical_validation/adversarial_overnight/stage5_matching/analysis/S5_B_N61.json
validation/adversarial_overnight/stage5_matching/matching.pdf,numerical_validation/adversarial_overnight/stage5_matching/matching.pdf
validation/adversarial_overnight/stage5_matching/matching.png,numerical_validation/adversarial_overnight/stage5_matching/matching.png
validation/adversarial_overnight/stage5_matching/matching_table.csv,numerical_validation/adversarial_overnight/stage5_matching/matching_table.csv
validation/adversarial_overnight/stage5_matching/scan/S5_A_N11.json,numerical_validation/adversarial_overnight/stage5_matching/scan/S5_A_N11.json
validation/adversarial_overnight/stage5_matching/scan/S5_A_N21.json,numerical_validation/adversarial_overnight/stage5_matching/scan/S5_A_N21.json
validation/adversarial_overnight/stage5_matching/scan/S5_A_N31.json,numerical_validation/adversarial_overnight/stage5_matching/scan/S5_A_N31.json
validation/adversarial_overnight/stage5_matching/scan/S5_A_N41.json,numerical_validation/adversarial_overnight/stage5_matching/scan/S5_A_N41.json
validation/adversarial_overnight/stage5_matching/scan/S5_A_N61.json,numerical_validation/adversarial_overnight/stage5_matching/scan/S5_A_N61.json
validation/adversarial_overnight/stage5_matching/scan/S5_B_N11.json,numerical_validation/adversarial_overnight/stage5_matching/scan/S5_B_N11.json
validation/adversarial_overnight/stage5_matching/scan/S5_B_N21.json,numerical_validation/adversarial_overnight/stage5_matching/scan/S5_B_N21.json
validation/adversarial_overnight/stage5_matching/scan/S5_B_N31.json,numerical_validation/adversarial_overnight/stage5_matching/scan/S5_B_N31.json
validation/adversarial_overnight/stage5_matching/scan/S5_B_N41.json,numerical_validation/adversarial_overnight/stage5_matching/scan/S5_B_N41.json
validation/adversarial_overnight/stage5_matching/scan/S5_B_N61.json,numerical_validation/adversarial_overnight/stage5_matching/scan/S5_B_N61.json
validation/adversarial_overnight/stage6_noise/DONE.json,numerical_validation/adversarial_overnight/stage6_noise/DONE.json
validation/adversarial_overnight/stage6_noise/POSTHOC_labels_and_widths.json,numerical_validation/adversarial_overnight/stage6_noise/POSTHOC_labels_and_widths.json
validation/adversarial_overnight/stage6_noise/STAGE6_REPORT.md,numerical_validation/adversarial_overnight/stage6_noise/STAGE6_REPORT.md
validation/adversarial_overnight/stage6_noise/bimodality.png,numerical_validation/adversarial_overnight/stage6_noise/bimodality.png
validation/adversarial_overnight/stage6_noise/blocks/s20_e0_b0.json,numerical_validation/adversarial_overnight/stage6_noise/blocks/s20_e0_b0.json
validation/adversarial_overnight/stage6_noise/blocks/s20_e0_b1.json,numerical_validation/adversarial_overnight/stage6_noise/blocks/s20_e0_b1.json
validation/adversarial_overnight/stage6_noise/blocks/s20_e0_b10.json,numerical_validation/adversarial_overnight/stage6_noise/blocks/s20_e0_b10.json
validation/adversarial_overnight/stage6_noise/blocks/s20_e0_b11.json,numerical_validation/adversarial_overnight/stage6_noise/blocks/s20_e0_b11.json
validation/adversarial_overnight/stage6_noise/blocks/s20_e0_b12.json,numerical_validation/adversarial_overnight/stage6_noise/blocks/s20_e0_b12.json
validation/adversarial_overnight/stage6_noise/blocks/s20_e0_b13.json,numerical_validation/adversarial_overnight/stage6_noise/blocks/s20_e0_b13.json
validation/adversarial_overnight/stage6_noise/blocks/s20_e0_b14.json,numerical_validation/adversarial_overnight/stage6_noise/blocks/s20_e0_b14.json
validation/adversarial_overnight/stage6_noise/blocks/s20_e0_b15.json,numerical_validation/adversarial_overnight/stage6_noise/blocks/s20_e0_b15.json
validation/adversarial_overnight/stage6_noise/blocks/s20_e0_b16.json,numerical_validation/adversarial_overnight/stage6_noise/blocks/s20_e0_b16.json
validation/adversarial_overnight/stage6_noise/blocks/s20_e0_b17.json,numerical_validation/adversarial_overnight/stage6_noise/blocks/s20_e0_b17.json
validation/adversarial_overnight/stage6_noise/blocks/s20_e0_b18.json,numerical_validation/adversarial_overnight/stage6_noise/blocks/s20_e0_b18.json
validation/adversarial_overnight/stage6_noise/blocks/s20_e0_b19.json,numerical_validation/adversarial_overnight/stage6_noise/blocks/s20_e0_b19.json
validation/adversarial_overnight/stage6_noise/blocks/s20_e0_b2.json,numerical_validation/adversarial_overnight/stage6_noise/blocks/s20_e0_b2.json
validation/adversarial_overnight/stage6_noise/blocks/s20_e0_b3.json,numerical_validation/adversarial_overnight/stage6_noise/blocks/s20_e0_b3.json
validation/adversarial_overnight/stage6_noise/blocks/s20_e0_b4.json,numerical_validation/adversarial_overnight/stage6_noise/blocks/s20_e0_b4.json
validation/adversarial_overnight/stage6_noise/blocks/s20_e0_b5.json,numerical_validation/adversarial_overnight/stage6_noise/blocks/s20_e0_b5.json
validation/adversarial_overnight/stage6_noise/blocks/s20_e0_b6.json,numerical_validation/adversarial_overnight/stage6_noise/blocks/s20_e0_b6.json
validation/adversarial_overnight/stage6_noise/blocks/s20_e0_b7.json,numerical_validation/adversarial_overnight/stage6_noise/blocks/s20_e0_b7.json
validation/adversarial_overnight/stage6_noise/blocks/s20_e0_b8.json,numerical_validation/adversarial_overnight/stage6_noise/blocks/s20_e0_b8.json
validation/adversarial_overnight/stage6_noise/blocks/s20_e0_b9.json,numerical_validation/adversarial_overnight/stage6_noise/blocks/s20_e0_b9.json
validation/adversarial_overnight/stage6_noise/blocks/s20_e10_b0.json,numerical_validation/adversarial_overnight/stage6_noise/blocks/s20_e10_b0.json
validation/adversarial_overnight/stage6_noise/blocks/s20_e10_b1.json,numerical_validation/adversarial_overnight/stage6_noise/blocks/s20_e10_b1.json
validation/adversarial_overnight/stage6_noise/blocks/s20_e10_b10.json,numerical_validation/adversarial_overnight/stage6_noise/blocks/s20_e10_b10.json
validation/adversarial_overnight/stage6_noise/blocks/s20_e10_b11.json,numerical_validation/adversarial_overnight/stage6_noise/blocks/s20_e10_b11.json
validation/adversarial_overnight/stage6_noise/blocks/s20_e10_b12.json,numerical_validation/adversarial_overnight/stage6_noise/blocks/s20_e10_b12.json
validation/adversarial_overnight/stage6_noise/blocks/s20_e10_b13.json,numerical_validation/adversarial_overnight/stage6_noise/blocks/s20_e10_b13.json
validation/adversarial_overnight/stage6_noise/blocks/s20_e10_b14.json,numerical_validation/adversarial_overnight/stage6_noise/blocks/s20_e10_b14.json
validation/adversarial_overnight/stage6_noise/blocks/s20_e10_b15.json,numerical_validation/adversarial_overnight/stage6_noise/blocks/s20_e10_b15.json
validation/adversarial_overnight/stage6_noise/blocks/s20_e10_b16.json,numerical_validation/adversarial_overnight/stage6_noise/blocks/s20_e10_b16.json
validation/adversarial_overnight/stage6_noise/blocks/s20_e10_b17.json,numerical_validation/adversarial_overnight/stage6_noise/blocks/s20_e10_b17.json
validation/adversarial_overnight/stage6_noise/blocks/s20_e10_b18.json,numerical_validation/adversarial_overnight/stage6_noise/blocks/s20_e10_b18.json
validation/adversarial_overnight/stage6_noise/blocks/s20_e10_b19.json,numerical_validation/adversarial_overnight/stage6_noise/blocks/s20_e10_b19.json
validation/adversarial_overnight/stage6_noise/blocks/s20_e10_b2.json,numerical_validation/adversarial_overnight/stage6_noise/blocks/s20_e10_b2.json
validation/adversarial_overnight/stage6_noise/blocks/s20_e10_b3.json,numerical_validation/adversarial_overnight/stage6_noise/blocks/s20_e10_b3.json
validation/adversarial_overnight/stage6_noise/blocks/s20_e10_b4.json,numerical_validation/adversarial_overnight/stage6_noise/blocks/s20_e10_b4.json
validation/adversarial_overnight/stage6_noise/blocks/s20_e10_b5.json,numerical_validation/adversarial_overnight/stage6_noise/blocks/s20_e10_b5.json
validation/adversarial_overnight/stage6_noise/blocks/s20_e10_b6.json,numerical_validation/adversarial_overnight/stage6_noise/blocks/s20_e10_b6.json
validation/adversarial_overnight/stage6_noise/blocks/s20_e10_b7.json,numerical_validation/adversarial_overnight/stage6_noise/blocks/s20_e10_b7.json
validation/adversarial_overnight/stage6_noise/blocks/s20_e10_b8.json,numerical_validation/adversarial_overnight/stage6_noise/blocks/s20_e10_b8.json
validation/adversarial_overnight/stage6_noise/blocks/s20_e10_b9.json,numerical_validation/adversarial_overnight/stage6_noise/blocks/s20_e10_b9.json
validation/adversarial_overnight/stage6_noise/blocks/s20_e11_b0.json,numerical_validation/adversarial_overnight/stage6_noise/blocks/s20_e11_b0.json
validation/adversarial_overnight/stage6_noise/blocks/s20_e11_b1.json,numerical_validation/adversarial_overnight/stage6_noise/blocks/s20_e11_b1.json
validation/adversarial_overnight/stage6_noise/blocks/s20_e11_b10.json,numerical_validation/adversarial_overnight/stage6_noise/blocks/s20_e11_b10.json
validation/adversarial_overnight/stage6_noise/blocks/s20_e11_b11.json,numerical_validation/adversarial_overnight/stage6_noise/blocks/s20_e11_b11.json
validation/adversarial_overnight/stage6_noise/blocks/s20_e11_b12.json,numerical_validation/adversarial_overnight/stage6_noise/blocks/s20_e11_b12.json
validation/adversarial_overnight/stage6_noise/blocks/s20_e11_b13.json,numerical_validation/adversarial_overnight/stage6_noise/blocks/s20_e11_b13.json
validation/adversarial_overnight/stage6_noise/blocks/s20_e11_b14.json,numerical_validation/adversarial_overnight/stage6_noise/blocks/s20_e11_b14.json
validation/adversarial_overnight/stage6_noise/blocks/s20_e11_b15.json,numerical_validation/adversarial_overnight/stage6_noise/blocks/s20_e11_b15.json
validation/adversarial_overnight/stage6_noise/blocks/s20_e11_b16.json,numerical_validation/adversarial_overnight/stage6_noise/blocks/s20_e11_b16.json
validation/adversarial_overnight/stage6_noise/blocks/s20_e11_b17.json,numerical_validation/adversarial_overnight/stage6_noise/blocks/s20_e11_b17.json
validation/adversarial_overnight/stage6_noise/blocks/s20_e11_b18.json,numerical_validation/adversarial_overnight/stage6_noise/blocks/s20_e11_b18.json
validation/adversarial_overnight/stage6_noise/blocks/s20_e11_b19.json,numerical_validation/adversarial_overnight/stage6_noise/blocks/s20_e11_b19.json
validation/adversarial_overnight/stage6_noise/blocks/s20_e11_b2.json,numerical_validation/adversarial_overnight/stage6_noise/blocks/s20_e11_b2.json
validation/adversarial_overnight/stage6_noise/blocks/s20_e11_b3.json,numerical_validation/adversarial_overnight/stage6_noise/blocks/s20_e11_b3.json
validation/adversarial_overnight/stage6_noise/blocks/s20_e11_b4.json,numerical_validation/adversarial_overnight/stage6_noise/blocks/s20_e11_b4.json
validation/adversarial_overnight/stage6_noise/blocks/s20_e11_b5.json,numerical_validation/adversarial_overnight/stage6_noise/blocks/s20_e11_b5.json
validation/adversarial_overnight/stage6_noise/blocks/s20_e11_b6.json,numerical_validation/adversarial_overnight/stage6_noise/blocks/s20_e11_b6.json
validation/adversarial_overnight/stage6_noise/blocks/s20_e11_b7.json,numerical_validation/adversarial_overnight/stage6_noise/blocks/s20_e11_b7.json
validation/adversarial_overnight/stage6_noise/blocks/s20_e11_b8.json,numerical_validation/adversarial_overnight/stage6_noise/blocks/s20_e11_b8.json
validation/adversarial_overnight/stage6_noise/blocks/s20_e11_b9.json,numerical_validation/adversarial_overnight/stage6_noise/blocks/s20_e11_b9.json
validation/adversarial_overnight/stage6_noise/blocks/s20_e12_b0.json,numerical_validation/adversarial_overnight/stage6_noise/blocks/s20_e12_b0.json
validation/adversarial_overnight/stage6_noise/blocks/s20_e12_b1.json,numerical_validation/adversarial_overnight/stage6_noise/blocks/s20_e12_b1.json
validation/adversarial_overnight/stage6_noise/blocks/s20_e12_b10.json,numerical_validation/adversarial_overnight/stage6_noise/blocks/s20_e12_b10.json
validation/adversarial_overnight/stage6_noise/blocks/s20_e12_b11.json,numerical_validation/adversarial_overnight/stage6_noise/blocks/s20_e12_b11.json
validation/adversarial_overnight/stage6_noise/blocks/s20_e12_b12.json,numerical_validation/adversarial_overnight/stage6_noise/blocks/s20_e12_b12.json
validation/adversarial_overnight/stage6_noise/blocks/s20_e12_b13.json,numerical_validation/adversarial_overnight/stage6_noise/blocks/s20_e12_b13.json
validation/adversarial_overnight/stage6_noise/blocks/s20_e12_b14.json,numerical_validation/adversarial_overnight/stage6_noise/blocks/s20_e12_b14.json
validation/adversarial_overnight/stage6_noise/blocks/s20_e12_b15.json,numerical_validation/adversarial_overnight/stage6_noise/blocks/s20_e12_b15.json
validation/adversarial_overnight/stage6_noise/blocks/s20_e12_b16.json,numerical_validation/adversarial_overnight/stage6_noise/blocks/s20_e12_b16.json
validation/adversarial_overnight/stage6_noise/blocks/s20_e12_b17.json,numerical_validation/adversarial_overnight/stage6_noise/blocks/s20_e12_b17.json
validation/adversarial_overnight/stage6_noise/blocks/s20_e12_b18.json,numerical_validation/adversarial_overnight/stage6_noise/blocks/s20_e12_b18.json
validation/adversarial_overnight/stage6_noise/blocks/s20_e12_b19.json,numerical_validation/adversarial_overnight/stage6_noise/blocks/s20_e12_b19.json
validation/adversarial_overnight/stage6_noise/blocks/s20_e12_b2.json,numerical_validation/adversarial_overnight/stage6_noise/blocks/s20_e12_b2.json
validation/adversarial_overnight/stage6_noise/blocks/s20_e12_b3.json,numerical_validation/adversarial_overnight/stage6_noise/blocks/s20_e12_b3.json
validation/adversarial_overnight/stage6_noise/blocks/s20_e12_b4.json,numerical_validation/adversarial_overnight/stage6_noise/blocks/s20_e12_b4.json
validation/adversarial_overnight/stage6_noise/blocks/s20_e12_b5.json,numerical_validation/adversarial_overnight/stage6_noise/blocks/s20_e12_b5.json
validation/adversarial_overnight/stage6_noise/blocks/s20_e12_b6.json,numerical_validation/adversarial_overnight/stage6_noise/blocks/s20_e12_b6.json
validation/adversarial_overnight/stage6_noise/blocks/s20_e12_b7.json,numerical_validation/adversarial_overnight/stage6_noise/blocks/s20_e12_b7.json
validation/adversarial_overnight/stage6_noise/blocks/s20_e12_b8.json,numerical_validation/adversarial_overnight/stage6_noise/blocks/s20_e12_b8.json
validation/adversarial_overnight/stage6_noise/blocks/s20_e12_b9.json,numerical_validation/adversarial_overnight/stage6_noise/blocks/s20_e12_b9.json
validation/adversarial_overnight/stage6_noise/blocks/s20_e1_b0.json,numerical_validation/adversarial_overnight/stage6_noise/blocks/s20_e1_b0.json
validation/adversarial_overnight/stage6_noise/blocks/s20_e1_b1.json,numerical_validation/adversarial_overnight/stage6_noise/blocks/s20_e1_b1.json
validation/adversarial_overnight/stage6_noise/blocks/s20_e1_b10.json,numerical_validation/adversarial_overnight/stage6_noise/blocks/s20_e1_b10.json
validation/adversarial_overnight/stage6_noise/blocks/s20_e1_b11.json,numerical_validation/adversarial_overnight/stage6_noise/blocks/s20_e1_b11.json
validation/adversarial_overnight/stage6_noise/blocks/s20_e1_b12.json,numerical_validation/adversarial_overnight/stage6_noise/blocks/s20_e1_b12.json
validation/adversarial_overnight/stage6_noise/blocks/s20_e1_b13.json,numerical_validation/adversarial_overnight/stage6_noise/blocks/s20_e1_b13.json
validation/adversarial_overnight/stage6_noise/blocks/s20_e1_b14.json,numerical_validation/adversarial_overnight/stage6_noise/blocks/s20_e1_b14.json
validation/adversarial_overnight/stage6_noise/blocks/s20_e1_b15.json,numerical_validation/adversarial_overnight/stage6_noise/blocks/s20_e1_b15.json
validation/adversarial_overnight/stage6_noise/blocks/s20_e1_b16.json,numerical_validation/adversarial_overnight/stage6_noise/blocks/s20_e1_b16.json
validation/adversarial_overnight/stage6_noise/blocks/s20_e1_b17.json,numerical_validation/adversarial_overnight/stage6_noise/blocks/s20_e1_b17.json
validation/adversarial_overnight/stage6_noise/blocks/s20_e1_b18.json,numerical_validation/adversarial_overnight/stage6_noise/blocks/s20_e1_b18.json
validation/adversarial_overnight/stage6_noise/blocks/s20_e1_b19.json,numerical_validation/adversarial_overnight/stage6_noise/blocks/s20_e1_b19.json
validation/adversarial_overnight/stage6_noise/blocks/s20_e1_b2.json,numerical_validation/adversarial_overnight/stage6_noise/blocks/s20_e1_b2.json
validation/adversarial_overnight/stage6_noise/blocks/s20_e1_b3.json,numerical_validation/adversarial_overnight/stage6_noise/blocks/s20_e1_b3.json
validation/adversarial_overnight/stage6_noise/blocks/s20_e1_b4.json,numerical_validation/adversarial_overnight/stage6_noise/blocks/s20_e1_b4.json
validation/adversarial_overnight/stage6_noise/blocks/s20_e1_b5.json,numerical_validation/adversarial_overnight/stage6_noise/blocks/s20_e1_b5.json
validation/adversarial_overnight/stage6_noise/blocks/s20_e1_b6.json,numerical_validation/adversarial_overnight/stage6_noise/blocks/s20_e1_b6.json
validation/adversarial_overnight/stage6_noise/blocks/s20_e1_b7.json,numerical_validation/adversarial_overnight/stage6_noise/blocks/s20_e1_b7.json
validation/adversarial_overnight/stage6_noise/blocks/s20_e1_b8.json,numerical_validation/adversarial_overnight/stage6_noise/blocks/s20_e1_b8.json
validation/adversarial_overnight/stage6_noise/blocks/s20_e1_b9.json,numerical_validation/adversarial_overnight/stage6_noise/blocks/s20_e1_b9.json
validation/adversarial_overnight/stage6_noise/blocks/s20_e2_b0.json,numerical_validation/adversarial_overnight/stage6_noise/blocks/s20_e2_b0.json
validation/adversarial_overnight/stage6_noise/blocks/s20_e2_b1.json,numerical_validation/adversarial_overnight/stage6_noise/blocks/s20_e2_b1.json
validation/adversarial_overnight/stage6_noise/blocks/s20_e2_b10.json,numerical_validation/adversarial_overnight/stage6_noise/blocks/s20_e2_b10.json
validation/adversarial_overnight/stage6_noise/blocks/s20_e2_b11.json,numerical_validation/adversarial_overnight/stage6_noise/blocks/s20_e2_b11.json
validation/adversarial_overnight/stage6_noise/blocks/s20_e2_b12.json,numerical_validation/adversarial_overnight/stage6_noise/blocks/s20_e2_b12.json
validation/adversarial_overnight/stage6_noise/blocks/s20_e2_b13.json,numerical_validation/adversarial_overnight/stage6_noise/blocks/s20_e2_b13.json
validation/adversarial_overnight/stage6_noise/blocks/s20_e2_b14.json,numerical_validation/adversarial_overnight/stage6_noise/blocks/s20_e2_b14.json
validation/adversarial_overnight/stage6_noise/blocks/s20_e2_b15.json,numerical_validation/adversarial_overnight/stage6_noise/blocks/s20_e2_b15.json
validation/adversarial_overnight/stage6_noise/blocks/s20_e2_b16.json,numerical_validation/adversarial_overnight/stage6_noise/blocks/s20_e2_b16.json
validation/adversarial_overnight/stage6_noise/blocks/s20_e2_b17.json,numerical_validation/adversarial_overnight/stage6_noise/blocks/s20_e2_b17.json
validation/adversarial_overnight/stage6_noise/blocks/s20_e2_b18.json,numerical_validation/adversarial_overnight/stage6_noise/blocks/s20_e2_b18.json
validation/adversarial_overnight/stage6_noise/blocks/s20_e2_b19.json,numerical_validation/adversarial_overnight/stage6_noise/blocks/s20_e2_b19.json
validation/adversarial_overnight/stage6_noise/blocks/s20_e2_b2.json,numerical_validation/adversarial_overnight/stage6_noise/blocks/s20_e2_b2.json
validation/adversarial_overnight/stage6_noise/blocks/s20_e2_b3.json,numerical_validation/adversarial_overnight/stage6_noise/blocks/s20_e2_b3.json
validation/adversarial_overnight/stage6_noise/blocks/s20_e2_b4.json,numerical_validation/adversarial_overnight/stage6_noise/blocks/s20_e2_b4.json
validation/adversarial_overnight/stage6_noise/blocks/s20_e2_b5.json,numerical_validation/adversarial_overnight/stage6_noise/blocks/s20_e2_b5.json
validation/adversarial_overnight/stage6_noise/blocks/s20_e2_b6.json,numerical_validation/adversarial_overnight/stage6_noise/blocks/s20_e2_b6.json
validation/adversarial_overnight/stage6_noise/blocks/s20_e2_b7.json,numerical_validation/adversarial_overnight/stage6_noise/blocks/s20_e2_b7.json
validation/adversarial_overnight/stage6_noise/blocks/s20_e2_b8.json,numerical_validation/adversarial_overnight/stage6_noise/blocks/s20_e2_b8.json
validation/adversarial_overnight/stage6_noise/blocks/s20_e2_b9.json,numerical_validation/adversarial_overnight/stage6_noise/blocks/s20_e2_b9.json
validation/adversarial_overnight/stage6_noise/blocks/s20_e3_b0.json,numerical_validation/adversarial_overnight/stage6_noise/blocks/s20_e3_b0.json
validation/adversarial_overnight/stage6_noise/blocks/s20_e3_b1.json,numerical_validation/adversarial_overnight/stage6_noise/blocks/s20_e3_b1.json
validation/adversarial_overnight/stage6_noise/blocks/s20_e3_b10.json,numerical_validation/adversarial_overnight/stage6_noise/blocks/s20_e3_b10.json
validation/adversarial_overnight/stage6_noise/blocks/s20_e3_b11.json,numerical_validation/adversarial_overnight/stage6_noise/blocks/s20_e3_b11.json
validation/adversarial_overnight/stage6_noise/blocks/s20_e3_b12.json,numerical_validation/adversarial_overnight/stage6_noise/blocks/s20_e3_b12.json
validation/adversarial_overnight/stage6_noise/blocks/s20_e3_b13.json,numerical_validation/adversarial_overnight/stage6_noise/blocks/s20_e3_b13.json
validation/adversarial_overnight/stage6_noise/blocks/s20_e3_b14.json,numerical_validation/adversarial_overnight/stage6_noise/blocks/s20_e3_b14.json
validation/adversarial_overnight/stage6_noise/blocks/s20_e3_b15.json,numerical_validation/adversarial_overnight/stage6_noise/blocks/s20_e3_b15.json
validation/adversarial_overnight/stage6_noise/blocks/s20_e3_b16.json,numerical_validation/adversarial_overnight/stage6_noise/blocks/s20_e3_b16.json
validation/adversarial_overnight/stage6_noise/blocks/s20_e3_b17.json,numerical_validation/adversarial_overnight/stage6_noise/blocks/s20_e3_b17.json
validation/adversarial_overnight/stage6_noise/blocks/s20_e3_b18.json,numerical_validation/adversarial_overnight/stage6_noise/blocks/s20_e3_b18.json
validation/adversarial_overnight/stage6_noise/blocks/s20_e3_b19.json,numerical_validation/adversarial_overnight/stage6_noise/blocks/s20_e3_b19.json
validation/adversarial_overnight/stage6_noise/blocks/s20_e3_b2.json,numerical_validation/adversarial_overnight/stage6_noise/blocks/s20_e3_b2.json
validation/adversarial_overnight/stage6_noise/blocks/s20_e3_b3.json,numerical_validation/adversarial_overnight/stage6_noise/blocks/s20_e3_b3.json
validation/adversarial_overnight/stage6_noise/blocks/s20_e3_b4.json,numerical_validation/adversarial_overnight/stage6_noise/blocks/s20_e3_b4.json
validation/adversarial_overnight/stage6_noise/blocks/s20_e3_b5.json,numerical_validation/adversarial_overnight/stage6_noise/blocks/s20_e3_b5.json
validation/adversarial_overnight/stage6_noise/blocks/s20_e3_b6.json,numerical_validation/adversarial_overnight/stage6_noise/blocks/s20_e3_b6.json
validation/adversarial_overnight/stage6_noise/blocks/s20_e3_b7.json,numerical_validation/adversarial_overnight/stage6_noise/blocks/s20_e3_b7.json
validation/adversarial_overnight/stage6_noise/blocks/s20_e3_b8.json,numerical_validation/adversarial_overnight/stage6_noise/blocks/s20_e3_b8.json
validation/adversarial_overnight/stage6_noise/blocks/s20_e3_b9.json,numerical_validation/adversarial_overnight/stage6_noise/blocks/s20_e3_b9.json
validation/adversarial_overnight/stage6_noise/blocks/s20_e4_b0.json,numerical_validation/adversarial_overnight/stage6_noise/blocks/s20_e4_b0.json
validation/adversarial_overnight/stage6_noise/blocks/s20_e4_b1.json,numerical_validation/adversarial_overnight/stage6_noise/blocks/s20_e4_b1.json
validation/adversarial_overnight/stage6_noise/blocks/s20_e4_b10.json,numerical_validation/adversarial_overnight/stage6_noise/blocks/s20_e4_b10.json
validation/adversarial_overnight/stage6_noise/blocks/s20_e4_b11.json,numerical_validation/adversarial_overnight/stage6_noise/blocks/s20_e4_b11.json
validation/adversarial_overnight/stage6_noise/blocks/s20_e4_b12.json,numerical_validation/adversarial_overnight/stage6_noise/blocks/s20_e4_b12.json
validation/adversarial_overnight/stage6_noise/blocks/s20_e4_b13.json,numerical_validation/adversarial_overnight/stage6_noise/blocks/s20_e4_b13.json
validation/adversarial_overnight/stage6_noise/blocks/s20_e4_b14.json,numerical_validation/adversarial_overnight/stage6_noise/blocks/s20_e4_b14.json
validation/adversarial_overnight/stage6_noise/blocks/s20_e4_b15.json,numerical_validation/adversarial_overnight/stage6_noise/blocks/s20_e4_b15.json
validation/adversarial_overnight/stage6_noise/blocks/s20_e4_b16.json,numerical_validation/adversarial_overnight/stage6_noise/blocks/s20_e4_b16.json
validation/adversarial_overnight/stage6_noise/blocks/s20_e4_b17.json,numerical_validation/adversarial_overnight/stage6_noise/blocks/s20_e4_b17.json
validation/adversarial_overnight/stage6_noise/blocks/s20_e4_b18.json,numerical_validation/adversarial_overnight/stage6_noise/blocks/s20_e4_b18.json
validation/adversarial_overnight/stage6_noise/blocks/s20_e4_b19.json,numerical_validation/adversarial_overnight/stage6_noise/blocks/s20_e4_b19.json
validation/adversarial_overnight/stage6_noise/blocks/s20_e4_b2.json,numerical_validation/adversarial_overnight/stage6_noise/blocks/s20_e4_b2.json
validation/adversarial_overnight/stage6_noise/blocks/s20_e4_b3.json,numerical_validation/adversarial_overnight/stage6_noise/blocks/s20_e4_b3.json
validation/adversarial_overnight/stage6_noise/blocks/s20_e4_b4.json,numerical_validation/adversarial_overnight/stage6_noise/blocks/s20_e4_b4.json
validation/adversarial_overnight/stage6_noise/blocks/s20_e4_b5.json,numerical_validation/adversarial_overnight/stage6_noise/blocks/s20_e4_b5.json
validation/adversarial_overnight/stage6_noise/blocks/s20_e4_b6.json,numerical_validation/adversarial_overnight/stage6_noise/blocks/s20_e4_b6.json
validation/adversarial_overnight/stage6_noise/blocks/s20_e4_b7.json,numerical_validation/adversarial_overnight/stage6_noise/blocks/s20_e4_b7.json
validation/adversarial_overnight/stage6_noise/blocks/s20_e4_b8.json,numerical_validation/adversarial_overnight/stage6_noise/blocks/s20_e4_b8.json
validation/adversarial_overnight/stage6_noise/blocks/s20_e4_b9.json,numerical_validation/adversarial_overnight/stage6_noise/blocks/s20_e4_b9.json
validation/adversarial_overnight/stage6_noise/blocks/s20_e5_b0.json,numerical_validation/adversarial_overnight/stage6_noise/blocks/s20_e5_b0.json
validation/adversarial_overnight/stage6_noise/blocks/s20_e5_b1.json,numerical_validation/adversarial_overnight/stage6_noise/blocks/s20_e5_b1.json
validation/adversarial_overnight/stage6_noise/blocks/s20_e5_b10.json,numerical_validation/adversarial_overnight/stage6_noise/blocks/s20_e5_b10.json
validation/adversarial_overnight/stage6_noise/blocks/s20_e5_b11.json,numerical_validation/adversarial_overnight/stage6_noise/blocks/s20_e5_b11.json
validation/adversarial_overnight/stage6_noise/blocks/s20_e5_b12.json,numerical_validation/adversarial_overnight/stage6_noise/blocks/s20_e5_b12.json
validation/adversarial_overnight/stage6_noise/blocks/s20_e5_b13.json,numerical_validation/adversarial_overnight/stage6_noise/blocks/s20_e5_b13.json
validation/adversarial_overnight/stage6_noise/blocks/s20_e5_b14.json,numerical_validation/adversarial_overnight/stage6_noise/blocks/s20_e5_b14.json
validation/adversarial_overnight/stage6_noise/blocks/s20_e5_b15.json,numerical_validation/adversarial_overnight/stage6_noise/blocks/s20_e5_b15.json
validation/adversarial_overnight/stage6_noise/blocks/s20_e5_b16.json,numerical_validation/adversarial_overnight/stage6_noise/blocks/s20_e5_b16.json
validation/adversarial_overnight/stage6_noise/blocks/s20_e5_b17.json,numerical_validation/adversarial_overnight/stage6_noise/blocks/s20_e5_b17.json
validation/adversarial_overnight/stage6_noise/blocks/s20_e5_b18.json,numerical_validation/adversarial_overnight/stage6_noise/blocks/s20_e5_b18.json
validation/adversarial_overnight/stage6_noise/blocks/s20_e5_b19.json,numerical_validation/adversarial_overnight/stage6_noise/blocks/s20_e5_b19.json
validation/adversarial_overnight/stage6_noise/blocks/s20_e5_b2.json,numerical_validation/adversarial_overnight/stage6_noise/blocks/s20_e5_b2.json
validation/adversarial_overnight/stage6_noise/blocks/s20_e5_b3.json,numerical_validation/adversarial_overnight/stage6_noise/blocks/s20_e5_b3.json
validation/adversarial_overnight/stage6_noise/blocks/s20_e5_b4.json,numerical_validation/adversarial_overnight/stage6_noise/blocks/s20_e5_b4.json
validation/adversarial_overnight/stage6_noise/blocks/s20_e5_b5.json,numerical_validation/adversarial_overnight/stage6_noise/blocks/s20_e5_b5.json
validation/adversarial_overnight/stage6_noise/blocks/s20_e5_b6.json,numerical_validation/adversarial_overnight/stage6_noise/blocks/s20_e5_b6.json
validation/adversarial_overnight/stage6_noise/blocks/s20_e5_b7.json,numerical_validation/adversarial_overnight/stage6_noise/blocks/s20_e5_b7.json
validation/adversarial_overnight/stage6_noise/blocks/s20_e5_b8.json,numerical_validation/adversarial_overnight/stage6_noise/blocks/s20_e5_b8.json
validation/adversarial_overnight/stage6_noise/blocks/s20_e5_b9.json,numerical_validation/adversarial_overnight/stage6_noise/blocks/s20_e5_b9.json
validation/adversarial_overnight/stage6_noise/blocks/s20_e6_b0.json,numerical_validation/adversarial_overnight/stage6_noise/blocks/s20_e6_b0.json
validation/adversarial_overnight/stage6_noise/blocks/s20_e6_b1.json,numerical_validation/adversarial_overnight/stage6_noise/blocks/s20_e6_b1.json
validation/adversarial_overnight/stage6_noise/blocks/s20_e6_b10.json,numerical_validation/adversarial_overnight/stage6_noise/blocks/s20_e6_b10.json
validation/adversarial_overnight/stage6_noise/blocks/s20_e6_b11.json,numerical_validation/adversarial_overnight/stage6_noise/blocks/s20_e6_b11.json
validation/adversarial_overnight/stage6_noise/blocks/s20_e6_b12.json,numerical_validation/adversarial_overnight/stage6_noise/blocks/s20_e6_b12.json
validation/adversarial_overnight/stage6_noise/blocks/s20_e6_b13.json,numerical_validation/adversarial_overnight/stage6_noise/blocks/s20_e6_b13.json
validation/adversarial_overnight/stage6_noise/blocks/s20_e6_b14.json,numerical_validation/adversarial_overnight/stage6_noise/blocks/s20_e6_b14.json
validation/adversarial_overnight/stage6_noise/blocks/s20_e6_b15.json,numerical_validation/adversarial_overnight/stage6_noise/blocks/s20_e6_b15.json
validation/adversarial_overnight/stage6_noise/blocks/s20_e6_b16.json,numerical_validation/adversarial_overnight/stage6_noise/blocks/s20_e6_b16.json
validation/adversarial_overnight/stage6_noise/blocks/s20_e6_b17.json,numerical_validation/adversarial_overnight/stage6_noise/blocks/s20_e6_b17.json
validation/adversarial_overnight/stage6_noise/blocks/s20_e6_b18.json,numerical_validation/adversarial_overnight/stage6_noise/blocks/s20_e6_b18.json
validation/adversarial_overnight/stage6_noise/blocks/s20_e6_b19.json,numerical_validation/adversarial_overnight/stage6_noise/blocks/s20_e6_b19.json
validation/adversarial_overnight/stage6_noise/blocks/s20_e6_b2.json,numerical_validation/adversarial_overnight/stage6_noise/blocks/s20_e6_b2.json
validation/adversarial_overnight/stage6_noise/blocks/s20_e6_b3.json,numerical_validation/adversarial_overnight/stage6_noise/blocks/s20_e6_b3.json
validation/adversarial_overnight/stage6_noise/blocks/s20_e6_b4.json,numerical_validation/adversarial_overnight/stage6_noise/blocks/s20_e6_b4.json
validation/adversarial_overnight/stage6_noise/blocks/s20_e6_b5.json,numerical_validation/adversarial_overnight/stage6_noise/blocks/s20_e6_b5.json
validation/adversarial_overnight/stage6_noise/blocks/s20_e6_b6.json,numerical_validation/adversarial_overnight/stage6_noise/blocks/s20_e6_b6.json
validation/adversarial_overnight/stage6_noise/blocks/s20_e6_b7.json,numerical_validation/adversarial_overnight/stage6_noise/blocks/s20_e6_b7.json
validation/adversarial_overnight/stage6_noise/blocks/s20_e6_b8.json,numerical_validation/adversarial_overnight/stage6_noise/blocks/s20_e6_b8.json
validation/adversarial_overnight/stage6_noise/blocks/s20_e6_b9.json,numerical_validation/adversarial_overnight/stage6_noise/blocks/s20_e6_b9.json
validation/adversarial_overnight/stage6_noise/blocks/s20_e7_b0.json,numerical_validation/adversarial_overnight/stage6_noise/blocks/s20_e7_b0.json
validation/adversarial_overnight/stage6_noise/blocks/s20_e7_b1.json,numerical_validation/adversarial_overnight/stage6_noise/blocks/s20_e7_b1.json
validation/adversarial_overnight/stage6_noise/blocks/s20_e7_b10.json,numerical_validation/adversarial_overnight/stage6_noise/blocks/s20_e7_b10.json
validation/adversarial_overnight/stage6_noise/blocks/s20_e7_b11.json,numerical_validation/adversarial_overnight/stage6_noise/blocks/s20_e7_b11.json
validation/adversarial_overnight/stage6_noise/blocks/s20_e7_b12.json,numerical_validation/adversarial_overnight/stage6_noise/blocks/s20_e7_b12.json
validation/adversarial_overnight/stage6_noise/blocks/s20_e7_b13.json,numerical_validation/adversarial_overnight/stage6_noise/blocks/s20_e7_b13.json
validation/adversarial_overnight/stage6_noise/blocks/s20_e7_b14.json,numerical_validation/adversarial_overnight/stage6_noise/blocks/s20_e7_b14.json
validation/adversarial_overnight/stage6_noise/blocks/s20_e7_b15.json,numerical_validation/adversarial_overnight/stage6_noise/blocks/s20_e7_b15.json
validation/adversarial_overnight/stage6_noise/blocks/s20_e7_b16.json,numerical_validation/adversarial_overnight/stage6_noise/blocks/s20_e7_b16.json
validation/adversarial_overnight/stage6_noise/blocks/s20_e7_b17.json,numerical_validation/adversarial_overnight/stage6_noise/blocks/s20_e7_b17.json
validation/adversarial_overnight/stage6_noise/blocks/s20_e7_b18.json,numerical_validation/adversarial_overnight/stage6_noise/blocks/s20_e7_b18.json
validation/adversarial_overnight/stage6_noise/blocks/s20_e7_b19.json,numerical_validation/adversarial_overnight/stage6_noise/blocks/s20_e7_b19.json
validation/adversarial_overnight/stage6_noise/blocks/s20_e7_b2.json,numerical_validation/adversarial_overnight/stage6_noise/blocks/s20_e7_b2.json
validation/adversarial_overnight/stage6_noise/blocks/s20_e7_b3.json,numerical_validation/adversarial_overnight/stage6_noise/blocks/s20_e7_b3.json
validation/adversarial_overnight/stage6_noise/blocks/s20_e7_b4.json,numerical_validation/adversarial_overnight/stage6_noise/blocks/s20_e7_b4.json
validation/adversarial_overnight/stage6_noise/blocks/s20_e7_b5.json,numerical_validation/adversarial_overnight/stage6_noise/blocks/s20_e7_b5.json
validation/adversarial_overnight/stage6_noise/blocks/s20_e7_b6.json,numerical_validation/adversarial_overnight/stage6_noise/blocks/s20_e7_b6.json
validation/adversarial_overnight/stage6_noise/blocks/s20_e7_b7.json,numerical_validation/adversarial_overnight/stage6_noise/blocks/s20_e7_b7.json
validation/adversarial_overnight/stage6_noise/blocks/s20_e7_b8.json,numerical_validation/adversarial_overnight/stage6_noise/blocks/s20_e7_b8.json
validation/adversarial_overnight/stage6_noise/blocks/s20_e7_b9.json,numerical_validation/adversarial_overnight/stage6_noise/blocks/s20_e7_b9.json
validation/adversarial_overnight/stage6_noise/blocks/s20_e8_b0.json,numerical_validation/adversarial_overnight/stage6_noise/blocks/s20_e8_b0.json
validation/adversarial_overnight/stage6_noise/blocks/s20_e8_b1.json,numerical_validation/adversarial_overnight/stage6_noise/blocks/s20_e8_b1.json
validation/adversarial_overnight/stage6_noise/blocks/s20_e8_b10.json,numerical_validation/adversarial_overnight/stage6_noise/blocks/s20_e8_b10.json
validation/adversarial_overnight/stage6_noise/blocks/s20_e8_b11.json,numerical_validation/adversarial_overnight/stage6_noise/blocks/s20_e8_b11.json
validation/adversarial_overnight/stage6_noise/blocks/s20_e8_b12.json,numerical_validation/adversarial_overnight/stage6_noise/blocks/s20_e8_b12.json
validation/adversarial_overnight/stage6_noise/blocks/s20_e8_b13.json,numerical_validation/adversarial_overnight/stage6_noise/blocks/s20_e8_b13.json
validation/adversarial_overnight/stage6_noise/blocks/s20_e8_b14.json,numerical_validation/adversarial_overnight/stage6_noise/blocks/s20_e8_b14.json
validation/adversarial_overnight/stage6_noise/blocks/s20_e8_b15.json,numerical_validation/adversarial_overnight/stage6_noise/blocks/s20_e8_b15.json
validation/adversarial_overnight/stage6_noise/blocks/s20_e8_b16.json,numerical_validation/adversarial_overnight/stage6_noise/blocks/s20_e8_b16.json
validation/adversarial_overnight/stage6_noise/blocks/s20_e8_b17.json,numerical_validation/adversarial_overnight/stage6_noise/blocks/s20_e8_b17.json
validation/adversarial_overnight/stage6_noise/blocks/s20_e8_b18.json,numerical_validation/adversarial_overnight/stage6_noise/blocks/s20_e8_b18.json
validation/adversarial_overnight/stage6_noise/blocks/s20_e8_b19.json,numerical_validation/adversarial_overnight/stage6_noise/blocks/s20_e8_b19.json
validation/adversarial_overnight/stage6_noise/blocks/s20_e8_b2.json,numerical_validation/adversarial_overnight/stage6_noise/blocks/s20_e8_b2.json
validation/adversarial_overnight/stage6_noise/blocks/s20_e8_b3.json,numerical_validation/adversarial_overnight/stage6_noise/blocks/s20_e8_b3.json
validation/adversarial_overnight/stage6_noise/blocks/s20_e8_b4.json,numerical_validation/adversarial_overnight/stage6_noise/blocks/s20_e8_b4.json
validation/adversarial_overnight/stage6_noise/blocks/s20_e8_b5.json,numerical_validation/adversarial_overnight/stage6_noise/blocks/s20_e8_b5.json
validation/adversarial_overnight/stage6_noise/blocks/s20_e8_b6.json,numerical_validation/adversarial_overnight/stage6_noise/blocks/s20_e8_b6.json
validation/adversarial_overnight/stage6_noise/blocks/s20_e8_b7.json,numerical_validation/adversarial_overnight/stage6_noise/blocks/s20_e8_b7.json
validation/adversarial_overnight/stage6_noise/blocks/s20_e8_b8.json,numerical_validation/adversarial_overnight/stage6_noise/blocks/s20_e8_b8.json
validation/adversarial_overnight/stage6_noise/blocks/s20_e8_b9.json,numerical_validation/adversarial_overnight/stage6_noise/blocks/s20_e8_b9.json
validation/adversarial_overnight/stage6_noise/blocks/s20_e9_b0.json,numerical_validation/adversarial_overnight/stage6_noise/blocks/s20_e9_b0.json
validation/adversarial_overnight/stage6_noise/blocks/s20_e9_b1.json,numerical_validation/adversarial_overnight/stage6_noise/blocks/s20_e9_b1.json
validation/adversarial_overnight/stage6_noise/blocks/s20_e9_b10.json,numerical_validation/adversarial_overnight/stage6_noise/blocks/s20_e9_b10.json
validation/adversarial_overnight/stage6_noise/blocks/s20_e9_b11.json,numerical_validation/adversarial_overnight/stage6_noise/blocks/s20_e9_b11.json
validation/adversarial_overnight/stage6_noise/blocks/s20_e9_b12.json,numerical_validation/adversarial_overnight/stage6_noise/blocks/s20_e9_b12.json
validation/adversarial_overnight/stage6_noise/blocks/s20_e9_b13.json,numerical_validation/adversarial_overnight/stage6_noise/blocks/s20_e9_b13.json
validation/adversarial_overnight/stage6_noise/blocks/s20_e9_b14.json,numerical_validation/adversarial_overnight/stage6_noise/blocks/s20_e9_b14.json
validation/adversarial_overnight/stage6_noise/blocks/s20_e9_b15.json,numerical_validation/adversarial_overnight/stage6_noise/blocks/s20_e9_b15.json
validation/adversarial_overnight/stage6_noise/blocks/s20_e9_b16.json,numerical_validation/adversarial_overnight/stage6_noise/blocks/s20_e9_b16.json
validation/adversarial_overnight/stage6_noise/blocks/s20_e9_b17.json,numerical_validation/adversarial_overnight/stage6_noise/blocks/s20_e9_b17.json
validation/adversarial_overnight/stage6_noise/blocks/s20_e9_b18.json,numerical_validation/adversarial_overnight/stage6_noise/blocks/s20_e9_b18.json
validation/adversarial_overnight/stage6_noise/blocks/s20_e9_b19.json,numerical_validation/adversarial_overnight/stage6_noise/blocks/s20_e9_b19.json
validation/adversarial_overnight/stage6_noise/blocks/s20_e9_b2.json,numerical_validation/adversarial_overnight/stage6_noise/blocks/s20_e9_b2.json
validation/adversarial_overnight/stage6_noise/blocks/s20_e9_b3.json,numerical_validation/adversarial_overnight/stage6_noise/blocks/s20_e9_b3.json
validation/adversarial_overnight/stage6_noise/blocks/s20_e9_b4.json,numerical_validation/adversarial_overnight/stage6_noise/blocks/s20_e9_b4.json
validation/adversarial_overnight/stage6_noise/blocks/s20_e9_b5.json,numerical_validation/adversarial_overnight/stage6_noise/blocks/s20_e9_b5.json
validation/adversarial_overnight/stage6_noise/blocks/s20_e9_b6.json,numerical_validation/adversarial_overnight/stage6_noise/blocks/s20_e9_b6.json
validation/adversarial_overnight/stage6_noise/blocks/s20_e9_b7.json,numerical_validation/adversarial_overnight/stage6_noise/blocks/s20_e9_b7.json
validation/adversarial_overnight/stage6_noise/blocks/s20_e9_b8.json,numerical_validation/adversarial_overnight/stage6_noise/blocks/s20_e9_b8.json
validation/adversarial_overnight/stage6_noise/blocks/s20_e9_b9.json,numerical_validation/adversarial_overnight/stage6_noise/blocks/s20_e9_b9.json
validation/adversarial_overnight/stage6_noise/blocks/s30_e0_b0.json,numerical_validation/adversarial_overnight/stage6_noise/blocks/s30_e0_b0.json
validation/adversarial_overnight/stage6_noise/blocks/s30_e0_b1.json,numerical_validation/adversarial_overnight/stage6_noise/blocks/s30_e0_b1.json
validation/adversarial_overnight/stage6_noise/blocks/s30_e0_b10.json,numerical_validation/adversarial_overnight/stage6_noise/blocks/s30_e0_b10.json
validation/adversarial_overnight/stage6_noise/blocks/s30_e0_b11.json,numerical_validation/adversarial_overnight/stage6_noise/blocks/s30_e0_b11.json
validation/adversarial_overnight/stage6_noise/blocks/s30_e0_b12.json,numerical_validation/adversarial_overnight/stage6_noise/blocks/s30_e0_b12.json
validation/adversarial_overnight/stage6_noise/blocks/s30_e0_b13.json,numerical_validation/adversarial_overnight/stage6_noise/blocks/s30_e0_b13.json
validation/adversarial_overnight/stage6_noise/blocks/s30_e0_b14.json,numerical_validation/adversarial_overnight/stage6_noise/blocks/s30_e0_b14.json
validation/adversarial_overnight/stage6_noise/blocks/s30_e0_b15.json,numerical_validation/adversarial_overnight/stage6_noise/blocks/s30_e0_b15.json
validation/adversarial_overnight/stage6_noise/blocks/s30_e0_b16.json,numerical_validation/adversarial_overnight/stage6_noise/blocks/s30_e0_b16.json
validation/adversarial_overnight/stage6_noise/blocks/s30_e0_b17.json,numerical_validation/adversarial_overnight/stage6_noise/blocks/s30_e0_b17.json
validation/adversarial_overnight/stage6_noise/blocks/s30_e0_b18.json,numerical_validation/adversarial_overnight/stage6_noise/blocks/s30_e0_b18.json
validation/adversarial_overnight/stage6_noise/blocks/s30_e0_b19.json,numerical_validation/adversarial_overnight/stage6_noise/blocks/s30_e0_b19.json
validation/adversarial_overnight/stage6_noise/blocks/s30_e0_b2.json,numerical_validation/adversarial_overnight/stage6_noise/blocks/s30_e0_b2.json
validation/adversarial_overnight/stage6_noise/blocks/s30_e0_b3.json,numerical_validation/adversarial_overnight/stage6_noise/blocks/s30_e0_b3.json
validation/adversarial_overnight/stage6_noise/blocks/s30_e0_b4.json,numerical_validation/adversarial_overnight/stage6_noise/blocks/s30_e0_b4.json
validation/adversarial_overnight/stage6_noise/blocks/s30_e0_b5.json,numerical_validation/adversarial_overnight/stage6_noise/blocks/s30_e0_b5.json
validation/adversarial_overnight/stage6_noise/blocks/s30_e0_b6.json,numerical_validation/adversarial_overnight/stage6_noise/blocks/s30_e0_b6.json
validation/adversarial_overnight/stage6_noise/blocks/s30_e0_b7.json,numerical_validation/adversarial_overnight/stage6_noise/blocks/s30_e0_b7.json
validation/adversarial_overnight/stage6_noise/blocks/s30_e0_b8.json,numerical_validation/adversarial_overnight/stage6_noise/blocks/s30_e0_b8.json
validation/adversarial_overnight/stage6_noise/blocks/s30_e0_b9.json,numerical_validation/adversarial_overnight/stage6_noise/blocks/s30_e0_b9.json
validation/adversarial_overnight/stage6_noise/blocks/s30_e10_b0.json,numerical_validation/adversarial_overnight/stage6_noise/blocks/s30_e10_b0.json
validation/adversarial_overnight/stage6_noise/blocks/s30_e10_b1.json,numerical_validation/adversarial_overnight/stage6_noise/blocks/s30_e10_b1.json
validation/adversarial_overnight/stage6_noise/blocks/s30_e10_b10.json,numerical_validation/adversarial_overnight/stage6_noise/blocks/s30_e10_b10.json
validation/adversarial_overnight/stage6_noise/blocks/s30_e10_b11.json,numerical_validation/adversarial_overnight/stage6_noise/blocks/s30_e10_b11.json
validation/adversarial_overnight/stage6_noise/blocks/s30_e10_b12.json,numerical_validation/adversarial_overnight/stage6_noise/blocks/s30_e10_b12.json
validation/adversarial_overnight/stage6_noise/blocks/s30_e10_b13.json,numerical_validation/adversarial_overnight/stage6_noise/blocks/s30_e10_b13.json
validation/adversarial_overnight/stage6_noise/blocks/s30_e10_b14.json,numerical_validation/adversarial_overnight/stage6_noise/blocks/s30_e10_b14.json
validation/adversarial_overnight/stage6_noise/blocks/s30_e10_b15.json,numerical_validation/adversarial_overnight/stage6_noise/blocks/s30_e10_b15.json
validation/adversarial_overnight/stage6_noise/blocks/s30_e10_b16.json,numerical_validation/adversarial_overnight/stage6_noise/blocks/s30_e10_b16.json
validation/adversarial_overnight/stage6_noise/blocks/s30_e10_b17.json,numerical_validation/adversarial_overnight/stage6_noise/blocks/s30_e10_b17.json
validation/adversarial_overnight/stage6_noise/blocks/s30_e10_b18.json,numerical_validation/adversarial_overnight/stage6_noise/blocks/s30_e10_b18.json
validation/adversarial_overnight/stage6_noise/blocks/s30_e10_b19.json,numerical_validation/adversarial_overnight/stage6_noise/blocks/s30_e10_b19.json
validation/adversarial_overnight/stage6_noise/blocks/s30_e10_b2.json,numerical_validation/adversarial_overnight/stage6_noise/blocks/s30_e10_b2.json
validation/adversarial_overnight/stage6_noise/blocks/s30_e10_b3.json,numerical_validation/adversarial_overnight/stage6_noise/blocks/s30_e10_b3.json
validation/adversarial_overnight/stage6_noise/blocks/s30_e10_b4.json,numerical_validation/adversarial_overnight/stage6_noise/blocks/s30_e10_b4.json
validation/adversarial_overnight/stage6_noise/blocks/s30_e10_b5.json,numerical_validation/adversarial_overnight/stage6_noise/blocks/s30_e10_b5.json
validation/adversarial_overnight/stage6_noise/blocks/s30_e10_b6.json,numerical_validation/adversarial_overnight/stage6_noise/blocks/s30_e10_b6.json
validation/adversarial_overnight/stage6_noise/blocks/s30_e10_b7.json,numerical_validation/adversarial_overnight/stage6_noise/blocks/s30_e10_b7.json
validation/adversarial_overnight/stage6_noise/blocks/s30_e10_b8.json,numerical_validation/adversarial_overnight/stage6_noise/blocks/s30_e10_b8.json
validation/adversarial_overnight/stage6_noise/blocks/s30_e10_b9.json,numerical_validation/adversarial_overnight/stage6_noise/blocks/s30_e10_b9.json
validation/adversarial_overnight/stage6_noise/blocks/s30_e11_b0.json,numerical_validation/adversarial_overnight/stage6_noise/blocks/s30_e11_b0.json
validation/adversarial_overnight/stage6_noise/blocks/s30_e11_b1.json,numerical_validation/adversarial_overnight/stage6_noise/blocks/s30_e11_b1.json
validation/adversarial_overnight/stage6_noise/blocks/s30_e11_b10.json,numerical_validation/adversarial_overnight/stage6_noise/blocks/s30_e11_b10.json
validation/adversarial_overnight/stage6_noise/blocks/s30_e11_b11.json,numerical_validation/adversarial_overnight/stage6_noise/blocks/s30_e11_b11.json
validation/adversarial_overnight/stage6_noise/blocks/s30_e11_b12.json,numerical_validation/adversarial_overnight/stage6_noise/blocks/s30_e11_b12.json
validation/adversarial_overnight/stage6_noise/blocks/s30_e11_b13.json,numerical_validation/adversarial_overnight/stage6_noise/blocks/s30_e11_b13.json
validation/adversarial_overnight/stage6_noise/blocks/s30_e11_b14.json,numerical_validation/adversarial_overnight/stage6_noise/blocks/s30_e11_b14.json
validation/adversarial_overnight/stage6_noise/blocks/s30_e11_b15.json,numerical_validation/adversarial_overnight/stage6_noise/blocks/s30_e11_b15.json
validation/adversarial_overnight/stage6_noise/blocks/s30_e11_b16.json,numerical_validation/adversarial_overnight/stage6_noise/blocks/s30_e11_b16.json
validation/adversarial_overnight/stage6_noise/blocks/s30_e11_b17.json,numerical_validation/adversarial_overnight/stage6_noise/blocks/s30_e11_b17.json
validation/adversarial_overnight/stage6_noise/blocks/s30_e11_b18.json,numerical_validation/adversarial_overnight/stage6_noise/blocks/s30_e11_b18.json
validation/adversarial_overnight/stage6_noise/blocks/s30_e11_b19.json,numerical_validation/adversarial_overnight/stage6_noise/blocks/s30_e11_b19.json
validation/adversarial_overnight/stage6_noise/blocks/s30_e11_b2.json,numerical_validation/adversarial_overnight/stage6_noise/blocks/s30_e11_b2.json
validation/adversarial_overnight/stage6_noise/blocks/s30_e11_b3.json,numerical_validation/adversarial_overnight/stage6_noise/blocks/s30_e11_b3.json
validation/adversarial_overnight/stage6_noise/blocks/s30_e11_b4.json,numerical_validation/adversarial_overnight/stage6_noise/blocks/s30_e11_b4.json
validation/adversarial_overnight/stage6_noise/blocks/s30_e11_b5.json,numerical_validation/adversarial_overnight/stage6_noise/blocks/s30_e11_b5.json
validation/adversarial_overnight/stage6_noise/blocks/s30_e11_b6.json,numerical_validation/adversarial_overnight/stage6_noise/blocks/s30_e11_b6.json
validation/adversarial_overnight/stage6_noise/blocks/s30_e11_b7.json,numerical_validation/adversarial_overnight/stage6_noise/blocks/s30_e11_b7.json
validation/adversarial_overnight/stage6_noise/blocks/s30_e11_b8.json,numerical_validation/adversarial_overnight/stage6_noise/blocks/s30_e11_b8.json
validation/adversarial_overnight/stage6_noise/blocks/s30_e11_b9.json,numerical_validation/adversarial_overnight/stage6_noise/blocks/s30_e11_b9.json
validation/adversarial_overnight/stage6_noise/blocks/s30_e12_b0.json,numerical_validation/adversarial_overnight/stage6_noise/blocks/s30_e12_b0.json
validation/adversarial_overnight/stage6_noise/blocks/s30_e12_b1.json,numerical_validation/adversarial_overnight/stage6_noise/blocks/s30_e12_b1.json
validation/adversarial_overnight/stage6_noise/blocks/s30_e12_b10.json,numerical_validation/adversarial_overnight/stage6_noise/blocks/s30_e12_b10.json
validation/adversarial_overnight/stage6_noise/blocks/s30_e12_b11.json,numerical_validation/adversarial_overnight/stage6_noise/blocks/s30_e12_b11.json
validation/adversarial_overnight/stage6_noise/blocks/s30_e12_b12.json,numerical_validation/adversarial_overnight/stage6_noise/blocks/s30_e12_b12.json
validation/adversarial_overnight/stage6_noise/blocks/s30_e12_b13.json,numerical_validation/adversarial_overnight/stage6_noise/blocks/s30_e12_b13.json
validation/adversarial_overnight/stage6_noise/blocks/s30_e12_b14.json,numerical_validation/adversarial_overnight/stage6_noise/blocks/s30_e12_b14.json
validation/adversarial_overnight/stage6_noise/blocks/s30_e12_b15.json,numerical_validation/adversarial_overnight/stage6_noise/blocks/s30_e12_b15.json
validation/adversarial_overnight/stage6_noise/blocks/s30_e12_b16.json,numerical_validation/adversarial_overnight/stage6_noise/blocks/s30_e12_b16.json
validation/adversarial_overnight/stage6_noise/blocks/s30_e12_b17.json,numerical_validation/adversarial_overnight/stage6_noise/blocks/s30_e12_b17.json
validation/adversarial_overnight/stage6_noise/blocks/s30_e12_b18.json,numerical_validation/adversarial_overnight/stage6_noise/blocks/s30_e12_b18.json
validation/adversarial_overnight/stage6_noise/blocks/s30_e12_b19.json,numerical_validation/adversarial_overnight/stage6_noise/blocks/s30_e12_b19.json
validation/adversarial_overnight/stage6_noise/blocks/s30_e12_b2.json,numerical_validation/adversarial_overnight/stage6_noise/blocks/s30_e12_b2.json
validation/adversarial_overnight/stage6_noise/blocks/s30_e12_b3.json,numerical_validation/adversarial_overnight/stage6_noise/blocks/s30_e12_b3.json
validation/adversarial_overnight/stage6_noise/blocks/s30_e12_b4.json,numerical_validation/adversarial_overnight/stage6_noise/blocks/s30_e12_b4.json
validation/adversarial_overnight/stage6_noise/blocks/s30_e12_b5.json,numerical_validation/adversarial_overnight/stage6_noise/blocks/s30_e12_b5.json
validation/adversarial_overnight/stage6_noise/blocks/s30_e12_b6.json,numerical_validation/adversarial_overnight/stage6_noise/blocks/s30_e12_b6.json
validation/adversarial_overnight/stage6_noise/blocks/s30_e12_b7.json,numerical_validation/adversarial_overnight/stage6_noise/blocks/s30_e12_b7.json
validation/adversarial_overnight/stage6_noise/blocks/s30_e12_b8.json,numerical_validation/adversarial_overnight/stage6_noise/blocks/s30_e12_b8.json
validation/adversarial_overnight/stage6_noise/blocks/s30_e12_b9.json,numerical_validation/adversarial_overnight/stage6_noise/blocks/s30_e12_b9.json
validation/adversarial_overnight/stage6_noise/blocks/s30_e1_b0.json,numerical_validation/adversarial_overnight/stage6_noise/blocks/s30_e1_b0.json
validation/adversarial_overnight/stage6_noise/blocks/s30_e1_b1.json,numerical_validation/adversarial_overnight/stage6_noise/blocks/s30_e1_b1.json
validation/adversarial_overnight/stage6_noise/blocks/s30_e1_b10.json,numerical_validation/adversarial_overnight/stage6_noise/blocks/s30_e1_b10.json
validation/adversarial_overnight/stage6_noise/blocks/s30_e1_b11.json,numerical_validation/adversarial_overnight/stage6_noise/blocks/s30_e1_b11.json
validation/adversarial_overnight/stage6_noise/blocks/s30_e1_b12.json,numerical_validation/adversarial_overnight/stage6_noise/blocks/s30_e1_b12.json
validation/adversarial_overnight/stage6_noise/blocks/s30_e1_b13.json,numerical_validation/adversarial_overnight/stage6_noise/blocks/s30_e1_b13.json
validation/adversarial_overnight/stage6_noise/blocks/s30_e1_b14.json,numerical_validation/adversarial_overnight/stage6_noise/blocks/s30_e1_b14.json
validation/adversarial_overnight/stage6_noise/blocks/s30_e1_b15.json,numerical_validation/adversarial_overnight/stage6_noise/blocks/s30_e1_b15.json
validation/adversarial_overnight/stage6_noise/blocks/s30_e1_b16.json,numerical_validation/adversarial_overnight/stage6_noise/blocks/s30_e1_b16.json
validation/adversarial_overnight/stage6_noise/blocks/s30_e1_b17.json,numerical_validation/adversarial_overnight/stage6_noise/blocks/s30_e1_b17.json
validation/adversarial_overnight/stage6_noise/blocks/s30_e1_b18.json,numerical_validation/adversarial_overnight/stage6_noise/blocks/s30_e1_b18.json
validation/adversarial_overnight/stage6_noise/blocks/s30_e1_b19.json,numerical_validation/adversarial_overnight/stage6_noise/blocks/s30_e1_b19.json
validation/adversarial_overnight/stage6_noise/blocks/s30_e1_b2.json,numerical_validation/adversarial_overnight/stage6_noise/blocks/s30_e1_b2.json
validation/adversarial_overnight/stage6_noise/blocks/s30_e1_b3.json,numerical_validation/adversarial_overnight/stage6_noise/blocks/s30_e1_b3.json
validation/adversarial_overnight/stage6_noise/blocks/s30_e1_b4.json,numerical_validation/adversarial_overnight/stage6_noise/blocks/s30_e1_b4.json
validation/adversarial_overnight/stage6_noise/blocks/s30_e1_b5.json,numerical_validation/adversarial_overnight/stage6_noise/blocks/s30_e1_b5.json
validation/adversarial_overnight/stage6_noise/blocks/s30_e1_b6.json,numerical_validation/adversarial_overnight/stage6_noise/blocks/s30_e1_b6.json
validation/adversarial_overnight/stage6_noise/blocks/s30_e1_b7.json,numerical_validation/adversarial_overnight/stage6_noise/blocks/s30_e1_b7.json
validation/adversarial_overnight/stage6_noise/blocks/s30_e1_b8.json,numerical_validation/adversarial_overnight/stage6_noise/blocks/s30_e1_b8.json
validation/adversarial_overnight/stage6_noise/blocks/s30_e1_b9.json,numerical_validation/adversarial_overnight/stage6_noise/blocks/s30_e1_b9.json
validation/adversarial_overnight/stage6_noise/blocks/s30_e2_b0.json,numerical_validation/adversarial_overnight/stage6_noise/blocks/s30_e2_b0.json
validation/adversarial_overnight/stage6_noise/blocks/s30_e2_b1.json,numerical_validation/adversarial_overnight/stage6_noise/blocks/s30_e2_b1.json
validation/adversarial_overnight/stage6_noise/blocks/s30_e2_b10.json,numerical_validation/adversarial_overnight/stage6_noise/blocks/s30_e2_b10.json
validation/adversarial_overnight/stage6_noise/blocks/s30_e2_b11.json,numerical_validation/adversarial_overnight/stage6_noise/blocks/s30_e2_b11.json
validation/adversarial_overnight/stage6_noise/blocks/s30_e2_b12.json,numerical_validation/adversarial_overnight/stage6_noise/blocks/s30_e2_b12.json
validation/adversarial_overnight/stage6_noise/blocks/s30_e2_b13.json,numerical_validation/adversarial_overnight/stage6_noise/blocks/s30_e2_b13.json
validation/adversarial_overnight/stage6_noise/blocks/s30_e2_b14.json,numerical_validation/adversarial_overnight/stage6_noise/blocks/s30_e2_b14.json
validation/adversarial_overnight/stage6_noise/blocks/s30_e2_b15.json,numerical_validation/adversarial_overnight/stage6_noise/blocks/s30_e2_b15.json
validation/adversarial_overnight/stage6_noise/blocks/s30_e2_b16.json,numerical_validation/adversarial_overnight/stage6_noise/blocks/s30_e2_b16.json
validation/adversarial_overnight/stage6_noise/blocks/s30_e2_b17.json,numerical_validation/adversarial_overnight/stage6_noise/blocks/s30_e2_b17.json
validation/adversarial_overnight/stage6_noise/blocks/s30_e2_b18.json,numerical_validation/adversarial_overnight/stage6_noise/blocks/s30_e2_b18.json
validation/adversarial_overnight/stage6_noise/blocks/s30_e2_b19.json,numerical_validation/adversarial_overnight/stage6_noise/blocks/s30_e2_b19.json
validation/adversarial_overnight/stage6_noise/blocks/s30_e2_b2.json,numerical_validation/adversarial_overnight/stage6_noise/blocks/s30_e2_b2.json
validation/adversarial_overnight/stage6_noise/blocks/s30_e2_b3.json,numerical_validation/adversarial_overnight/stage6_noise/blocks/s30_e2_b3.json
validation/adversarial_overnight/stage6_noise/blocks/s30_e2_b4.json,numerical_validation/adversarial_overnight/stage6_noise/blocks/s30_e2_b4.json
validation/adversarial_overnight/stage6_noise/blocks/s30_e2_b5.json,numerical_validation/adversarial_overnight/stage6_noise/blocks/s30_e2_b5.json
validation/adversarial_overnight/stage6_noise/blocks/s30_e2_b6.json,numerical_validation/adversarial_overnight/stage6_noise/blocks/s30_e2_b6.json
validation/adversarial_overnight/stage6_noise/blocks/s30_e2_b7.json,numerical_validation/adversarial_overnight/stage6_noise/blocks/s30_e2_b7.json
validation/adversarial_overnight/stage6_noise/blocks/s30_e2_b8.json,numerical_validation/adversarial_overnight/stage6_noise/blocks/s30_e2_b8.json
validation/adversarial_overnight/stage6_noise/blocks/s30_e2_b9.json,numerical_validation/adversarial_overnight/stage6_noise/blocks/s30_e2_b9.json
validation/adversarial_overnight/stage6_noise/blocks/s30_e3_b0.json,numerical_validation/adversarial_overnight/stage6_noise/blocks/s30_e3_b0.json
validation/adversarial_overnight/stage6_noise/blocks/s30_e3_b1.json,numerical_validation/adversarial_overnight/stage6_noise/blocks/s30_e3_b1.json
validation/adversarial_overnight/stage6_noise/blocks/s30_e3_b10.json,numerical_validation/adversarial_overnight/stage6_noise/blocks/s30_e3_b10.json
validation/adversarial_overnight/stage6_noise/blocks/s30_e3_b11.json,numerical_validation/adversarial_overnight/stage6_noise/blocks/s30_e3_b11.json
validation/adversarial_overnight/stage6_noise/blocks/s30_e3_b12.json,numerical_validation/adversarial_overnight/stage6_noise/blocks/s30_e3_b12.json
validation/adversarial_overnight/stage6_noise/blocks/s30_e3_b13.json,numerical_validation/adversarial_overnight/stage6_noise/blocks/s30_e3_b13.json
validation/adversarial_overnight/stage6_noise/blocks/s30_e3_b14.json,numerical_validation/adversarial_overnight/stage6_noise/blocks/s30_e3_b14.json
validation/adversarial_overnight/stage6_noise/blocks/s30_e3_b15.json,numerical_validation/adversarial_overnight/stage6_noise/blocks/s30_e3_b15.json
validation/adversarial_overnight/stage6_noise/blocks/s30_e3_b16.json,numerical_validation/adversarial_overnight/stage6_noise/blocks/s30_e3_b16.json
validation/adversarial_overnight/stage6_noise/blocks/s30_e3_b17.json,numerical_validation/adversarial_overnight/stage6_noise/blocks/s30_e3_b17.json
validation/adversarial_overnight/stage6_noise/blocks/s30_e3_b18.json,numerical_validation/adversarial_overnight/stage6_noise/blocks/s30_e3_b18.json
validation/adversarial_overnight/stage6_noise/blocks/s30_e3_b19.json,numerical_validation/adversarial_overnight/stage6_noise/blocks/s30_e3_b19.json
validation/adversarial_overnight/stage6_noise/blocks/s30_e3_b2.json,numerical_validation/adversarial_overnight/stage6_noise/blocks/s30_e3_b2.json
validation/adversarial_overnight/stage6_noise/blocks/s30_e3_b3.json,numerical_validation/adversarial_overnight/stage6_noise/blocks/s30_e3_b3.json
validation/adversarial_overnight/stage6_noise/blocks/s30_e3_b4.json,numerical_validation/adversarial_overnight/stage6_noise/blocks/s30_e3_b4.json
validation/adversarial_overnight/stage6_noise/blocks/s30_e3_b5.json,numerical_validation/adversarial_overnight/stage6_noise/blocks/s30_e3_b5.json
validation/adversarial_overnight/stage6_noise/blocks/s30_e3_b6.json,numerical_validation/adversarial_overnight/stage6_noise/blocks/s30_e3_b6.json
validation/adversarial_overnight/stage6_noise/blocks/s30_e3_b7.json,numerical_validation/adversarial_overnight/stage6_noise/blocks/s30_e3_b7.json
validation/adversarial_overnight/stage6_noise/blocks/s30_e3_b8.json,numerical_validation/adversarial_overnight/stage6_noise/blocks/s30_e3_b8.json
validation/adversarial_overnight/stage6_noise/blocks/s30_e3_b9.json,numerical_validation/adversarial_overnight/stage6_noise/blocks/s30_e3_b9.json
validation/adversarial_overnight/stage6_noise/blocks/s30_e4_b0.json,numerical_validation/adversarial_overnight/stage6_noise/blocks/s30_e4_b0.json
validation/adversarial_overnight/stage6_noise/blocks/s30_e4_b1.json,numerical_validation/adversarial_overnight/stage6_noise/blocks/s30_e4_b1.json
validation/adversarial_overnight/stage6_noise/blocks/s30_e4_b10.json,numerical_validation/adversarial_overnight/stage6_noise/blocks/s30_e4_b10.json
validation/adversarial_overnight/stage6_noise/blocks/s30_e4_b11.json,numerical_validation/adversarial_overnight/stage6_noise/blocks/s30_e4_b11.json
validation/adversarial_overnight/stage6_noise/blocks/s30_e4_b12.json,numerical_validation/adversarial_overnight/stage6_noise/blocks/s30_e4_b12.json
validation/adversarial_overnight/stage6_noise/blocks/s30_e4_b13.json,numerical_validation/adversarial_overnight/stage6_noise/blocks/s30_e4_b13.json
validation/adversarial_overnight/stage6_noise/blocks/s30_e4_b14.json,numerical_validation/adversarial_overnight/stage6_noise/blocks/s30_e4_b14.json
validation/adversarial_overnight/stage6_noise/blocks/s30_e4_b15.json,numerical_validation/adversarial_overnight/stage6_noise/blocks/s30_e4_b15.json
validation/adversarial_overnight/stage6_noise/blocks/s30_e4_b16.json,numerical_validation/adversarial_overnight/stage6_noise/blocks/s30_e4_b16.json
validation/adversarial_overnight/stage6_noise/blocks/s30_e4_b17.json,numerical_validation/adversarial_overnight/stage6_noise/blocks/s30_e4_b17.json
validation/adversarial_overnight/stage6_noise/blocks/s30_e4_b18.json,numerical_validation/adversarial_overnight/stage6_noise/blocks/s30_e4_b18.json
validation/adversarial_overnight/stage6_noise/blocks/s30_e4_b19.json,numerical_validation/adversarial_overnight/stage6_noise/blocks/s30_e4_b19.json
validation/adversarial_overnight/stage6_noise/blocks/s30_e4_b2.json,numerical_validation/adversarial_overnight/stage6_noise/blocks/s30_e4_b2.json
validation/adversarial_overnight/stage6_noise/blocks/s30_e4_b3.json,numerical_validation/adversarial_overnight/stage6_noise/blocks/s30_e4_b3.json
validation/adversarial_overnight/stage6_noise/blocks/s30_e4_b4.json,numerical_validation/adversarial_overnight/stage6_noise/blocks/s30_e4_b4.json
validation/adversarial_overnight/stage6_noise/blocks/s30_e4_b5.json,numerical_validation/adversarial_overnight/stage6_noise/blocks/s30_e4_b5.json
validation/adversarial_overnight/stage6_noise/blocks/s30_e4_b6.json,numerical_validation/adversarial_overnight/stage6_noise/blocks/s30_e4_b6.json
validation/adversarial_overnight/stage6_noise/blocks/s30_e4_b7.json,numerical_validation/adversarial_overnight/stage6_noise/blocks/s30_e4_b7.json
validation/adversarial_overnight/stage6_noise/blocks/s30_e4_b8.json,numerical_validation/adversarial_overnight/stage6_noise/blocks/s30_e4_b8.json
validation/adversarial_overnight/stage6_noise/blocks/s30_e4_b9.json,numerical_validation/adversarial_overnight/stage6_noise/blocks/s30_e4_b9.json
validation/adversarial_overnight/stage6_noise/blocks/s30_e5_b0.json,numerical_validation/adversarial_overnight/stage6_noise/blocks/s30_e5_b0.json
validation/adversarial_overnight/stage6_noise/blocks/s30_e5_b1.json,numerical_validation/adversarial_overnight/stage6_noise/blocks/s30_e5_b1.json
validation/adversarial_overnight/stage6_noise/blocks/s30_e5_b10.json,numerical_validation/adversarial_overnight/stage6_noise/blocks/s30_e5_b10.json
validation/adversarial_overnight/stage6_noise/blocks/s30_e5_b11.json,numerical_validation/adversarial_overnight/stage6_noise/blocks/s30_e5_b11.json
validation/adversarial_overnight/stage6_noise/blocks/s30_e5_b12.json,numerical_validation/adversarial_overnight/stage6_noise/blocks/s30_e5_b12.json
validation/adversarial_overnight/stage6_noise/blocks/s30_e5_b13.json,numerical_validation/adversarial_overnight/stage6_noise/blocks/s30_e5_b13.json
validation/adversarial_overnight/stage6_noise/blocks/s30_e5_b14.json,numerical_validation/adversarial_overnight/stage6_noise/blocks/s30_e5_b14.json
validation/adversarial_overnight/stage6_noise/blocks/s30_e5_b15.json,numerical_validation/adversarial_overnight/stage6_noise/blocks/s30_e5_b15.json
validation/adversarial_overnight/stage6_noise/blocks/s30_e5_b16.json,numerical_validation/adversarial_overnight/stage6_noise/blocks/s30_e5_b16.json
validation/adversarial_overnight/stage6_noise/blocks/s30_e5_b17.json,numerical_validation/adversarial_overnight/stage6_noise/blocks/s30_e5_b17.json
validation/adversarial_overnight/stage6_noise/blocks/s30_e5_b18.json,numerical_validation/adversarial_overnight/stage6_noise/blocks/s30_e5_b18.json
validation/adversarial_overnight/stage6_noise/blocks/s30_e5_b19.json,numerical_validation/adversarial_overnight/stage6_noise/blocks/s30_e5_b19.json
validation/adversarial_overnight/stage6_noise/blocks/s30_e5_b2.json,numerical_validation/adversarial_overnight/stage6_noise/blocks/s30_e5_b2.json
validation/adversarial_overnight/stage6_noise/blocks/s30_e5_b3.json,numerical_validation/adversarial_overnight/stage6_noise/blocks/s30_e5_b3.json
validation/adversarial_overnight/stage6_noise/blocks/s30_e5_b4.json,numerical_validation/adversarial_overnight/stage6_noise/blocks/s30_e5_b4.json
validation/adversarial_overnight/stage6_noise/blocks/s30_e5_b5.json,numerical_validation/adversarial_overnight/stage6_noise/blocks/s30_e5_b5.json
validation/adversarial_overnight/stage6_noise/blocks/s30_e5_b6.json,numerical_validation/adversarial_overnight/stage6_noise/blocks/s30_e5_b6.json
validation/adversarial_overnight/stage6_noise/blocks/s30_e5_b7.json,numerical_validation/adversarial_overnight/stage6_noise/blocks/s30_e5_b7.json
validation/adversarial_overnight/stage6_noise/blocks/s30_e5_b8.json,numerical_validation/adversarial_overnight/stage6_noise/blocks/s30_e5_b8.json
validation/adversarial_overnight/stage6_noise/blocks/s30_e5_b9.json,numerical_validation/adversarial_overnight/stage6_noise/blocks/s30_e5_b9.json
validation/adversarial_overnight/stage6_noise/blocks/s30_e6_b0.json,numerical_validation/adversarial_overnight/stage6_noise/blocks/s30_e6_b0.json
validation/adversarial_overnight/stage6_noise/blocks/s30_e6_b1.json,numerical_validation/adversarial_overnight/stage6_noise/blocks/s30_e6_b1.json
validation/adversarial_overnight/stage6_noise/blocks/s30_e6_b10.json,numerical_validation/adversarial_overnight/stage6_noise/blocks/s30_e6_b10.json
validation/adversarial_overnight/stage6_noise/blocks/s30_e6_b11.json,numerical_validation/adversarial_overnight/stage6_noise/blocks/s30_e6_b11.json
validation/adversarial_overnight/stage6_noise/blocks/s30_e6_b12.json,numerical_validation/adversarial_overnight/stage6_noise/blocks/s30_e6_b12.json
validation/adversarial_overnight/stage6_noise/blocks/s30_e6_b13.json,numerical_validation/adversarial_overnight/stage6_noise/blocks/s30_e6_b13.json
validation/adversarial_overnight/stage6_noise/blocks/s30_e6_b14.json,numerical_validation/adversarial_overnight/stage6_noise/blocks/s30_e6_b14.json
validation/adversarial_overnight/stage6_noise/blocks/s30_e6_b15.json,numerical_validation/adversarial_overnight/stage6_noise/blocks/s30_e6_b15.json
validation/adversarial_overnight/stage6_noise/blocks/s30_e6_b16.json,numerical_validation/adversarial_overnight/stage6_noise/blocks/s30_e6_b16.json
validation/adversarial_overnight/stage6_noise/blocks/s30_e6_b17.json,numerical_validation/adversarial_overnight/stage6_noise/blocks/s30_e6_b17.json
validation/adversarial_overnight/stage6_noise/blocks/s30_e6_b18.json,numerical_validation/adversarial_overnight/stage6_noise/blocks/s30_e6_b18.json
validation/adversarial_overnight/stage6_noise/blocks/s30_e6_b19.json,numerical_validation/adversarial_overnight/stage6_noise/blocks/s30_e6_b19.json
validation/adversarial_overnight/stage6_noise/blocks/s30_e6_b2.json,numerical_validation/adversarial_overnight/stage6_noise/blocks/s30_e6_b2.json
validation/adversarial_overnight/stage6_noise/blocks/s30_e6_b3.json,numerical_validation/adversarial_overnight/stage6_noise/blocks/s30_e6_b3.json
validation/adversarial_overnight/stage6_noise/blocks/s30_e6_b4.json,numerical_validation/adversarial_overnight/stage6_noise/blocks/s30_e6_b4.json
validation/adversarial_overnight/stage6_noise/blocks/s30_e6_b5.json,numerical_validation/adversarial_overnight/stage6_noise/blocks/s30_e6_b5.json
validation/adversarial_overnight/stage6_noise/blocks/s30_e6_b6.json,numerical_validation/adversarial_overnight/stage6_noise/blocks/s30_e6_b6.json
validation/adversarial_overnight/stage6_noise/blocks/s30_e6_b7.json,numerical_validation/adversarial_overnight/stage6_noise/blocks/s30_e6_b7.json
validation/adversarial_overnight/stage6_noise/blocks/s30_e6_b8.json,numerical_validation/adversarial_overnight/stage6_noise/blocks/s30_e6_b8.json
validation/adversarial_overnight/stage6_noise/blocks/s30_e6_b9.json,numerical_validation/adversarial_overnight/stage6_noise/blocks/s30_e6_b9.json
validation/adversarial_overnight/stage6_noise/blocks/s30_e7_b0.json,numerical_validation/adversarial_overnight/stage6_noise/blocks/s30_e7_b0.json
validation/adversarial_overnight/stage6_noise/blocks/s30_e7_b1.json,numerical_validation/adversarial_overnight/stage6_noise/blocks/s30_e7_b1.json
validation/adversarial_overnight/stage6_noise/blocks/s30_e7_b10.json,numerical_validation/adversarial_overnight/stage6_noise/blocks/s30_e7_b10.json
validation/adversarial_overnight/stage6_noise/blocks/s30_e7_b11.json,numerical_validation/adversarial_overnight/stage6_noise/blocks/s30_e7_b11.json
validation/adversarial_overnight/stage6_noise/blocks/s30_e7_b12.json,numerical_validation/adversarial_overnight/stage6_noise/blocks/s30_e7_b12.json
validation/adversarial_overnight/stage6_noise/blocks/s30_e7_b13.json,numerical_validation/adversarial_overnight/stage6_noise/blocks/s30_e7_b13.json
validation/adversarial_overnight/stage6_noise/blocks/s30_e7_b14.json,numerical_validation/adversarial_overnight/stage6_noise/blocks/s30_e7_b14.json
validation/adversarial_overnight/stage6_noise/blocks/s30_e7_b15.json,numerical_validation/adversarial_overnight/stage6_noise/blocks/s30_e7_b15.json
validation/adversarial_overnight/stage6_noise/blocks/s30_e7_b16.json,numerical_validation/adversarial_overnight/stage6_noise/blocks/s30_e7_b16.json
validation/adversarial_overnight/stage6_noise/blocks/s30_e7_b17.json,numerical_validation/adversarial_overnight/stage6_noise/blocks/s30_e7_b17.json
validation/adversarial_overnight/stage6_noise/blocks/s30_e7_b18.json,numerical_validation/adversarial_overnight/stage6_noise/blocks/s30_e7_b18.json
validation/adversarial_overnight/stage6_noise/blocks/s30_e7_b19.json,numerical_validation/adversarial_overnight/stage6_noise/blocks/s30_e7_b19.json
validation/adversarial_overnight/stage6_noise/blocks/s30_e7_b2.json,numerical_validation/adversarial_overnight/stage6_noise/blocks/s30_e7_b2.json
validation/adversarial_overnight/stage6_noise/blocks/s30_e7_b3.json,numerical_validation/adversarial_overnight/stage6_noise/blocks/s30_e7_b3.json
validation/adversarial_overnight/stage6_noise/blocks/s30_e7_b4.json,numerical_validation/adversarial_overnight/stage6_noise/blocks/s30_e7_b4.json
validation/adversarial_overnight/stage6_noise/blocks/s30_e7_b5.json,numerical_validation/adversarial_overnight/stage6_noise/blocks/s30_e7_b5.json
validation/adversarial_overnight/stage6_noise/blocks/s30_e7_b6.json,numerical_validation/adversarial_overnight/stage6_noise/blocks/s30_e7_b6.json
validation/adversarial_overnight/stage6_noise/blocks/s30_e7_b7.json,numerical_validation/adversarial_overnight/stage6_noise/blocks/s30_e7_b7.json
validation/adversarial_overnight/stage6_noise/blocks/s30_e7_b8.json,numerical_validation/adversarial_overnight/stage6_noise/blocks/s30_e7_b8.json
validation/adversarial_overnight/stage6_noise/blocks/s30_e7_b9.json,numerical_validation/adversarial_overnight/stage6_noise/blocks/s30_e7_b9.json
validation/adversarial_overnight/stage6_noise/blocks/s30_e8_b0.json,numerical_validation/adversarial_overnight/stage6_noise/blocks/s30_e8_b0.json
validation/adversarial_overnight/stage6_noise/blocks/s30_e8_b1.json,numerical_validation/adversarial_overnight/stage6_noise/blocks/s30_e8_b1.json
validation/adversarial_overnight/stage6_noise/blocks/s30_e8_b10.json,numerical_validation/adversarial_overnight/stage6_noise/blocks/s30_e8_b10.json
validation/adversarial_overnight/stage6_noise/blocks/s30_e8_b11.json,numerical_validation/adversarial_overnight/stage6_noise/blocks/s30_e8_b11.json
validation/adversarial_overnight/stage6_noise/blocks/s30_e8_b12.json,numerical_validation/adversarial_overnight/stage6_noise/blocks/s30_e8_b12.json
validation/adversarial_overnight/stage6_noise/blocks/s30_e8_b13.json,numerical_validation/adversarial_overnight/stage6_noise/blocks/s30_e8_b13.json
validation/adversarial_overnight/stage6_noise/blocks/s30_e8_b14.json,numerical_validation/adversarial_overnight/stage6_noise/blocks/s30_e8_b14.json
validation/adversarial_overnight/stage6_noise/blocks/s30_e8_b15.json,numerical_validation/adversarial_overnight/stage6_noise/blocks/s30_e8_b15.json
validation/adversarial_overnight/stage6_noise/blocks/s30_e8_b16.json,numerical_validation/adversarial_overnight/stage6_noise/blocks/s30_e8_b16.json
validation/adversarial_overnight/stage6_noise/blocks/s30_e8_b17.json,numerical_validation/adversarial_overnight/stage6_noise/blocks/s30_e8_b17.json
validation/adversarial_overnight/stage6_noise/blocks/s30_e8_b18.json,numerical_validation/adversarial_overnight/stage6_noise/blocks/s30_e8_b18.json
validation/adversarial_overnight/stage6_noise/blocks/s30_e8_b19.json,numerical_validation/adversarial_overnight/stage6_noise/blocks/s30_e8_b19.json
validation/adversarial_overnight/stage6_noise/blocks/s30_e8_b2.json,numerical_validation/adversarial_overnight/stage6_noise/blocks/s30_e8_b2.json
validation/adversarial_overnight/stage6_noise/blocks/s30_e8_b3.json,numerical_validation/adversarial_overnight/stage6_noise/blocks/s30_e8_b3.json
validation/adversarial_overnight/stage6_noise/blocks/s30_e8_b4.json,numerical_validation/adversarial_overnight/stage6_noise/blocks/s30_e8_b4.json
validation/adversarial_overnight/stage6_noise/blocks/s30_e8_b5.json,numerical_validation/adversarial_overnight/stage6_noise/blocks/s30_e8_b5.json
validation/adversarial_overnight/stage6_noise/blocks/s30_e8_b6.json,numerical_validation/adversarial_overnight/stage6_noise/blocks/s30_e8_b6.json
validation/adversarial_overnight/stage6_noise/blocks/s30_e8_b7.json,numerical_validation/adversarial_overnight/stage6_noise/blocks/s30_e8_b7.json
validation/adversarial_overnight/stage6_noise/blocks/s30_e8_b8.json,numerical_validation/adversarial_overnight/stage6_noise/blocks/s30_e8_b8.json
validation/adversarial_overnight/stage6_noise/blocks/s30_e8_b9.json,numerical_validation/adversarial_overnight/stage6_noise/blocks/s30_e8_b9.json
validation/adversarial_overnight/stage6_noise/blocks/s30_e9_b0.json,numerical_validation/adversarial_overnight/stage6_noise/blocks/s30_e9_b0.json
validation/adversarial_overnight/stage6_noise/blocks/s30_e9_b1.json,numerical_validation/adversarial_overnight/stage6_noise/blocks/s30_e9_b1.json
validation/adversarial_overnight/stage6_noise/blocks/s30_e9_b10.json,numerical_validation/adversarial_overnight/stage6_noise/blocks/s30_e9_b10.json
validation/adversarial_overnight/stage6_noise/blocks/s30_e9_b11.json,numerical_validation/adversarial_overnight/stage6_noise/blocks/s30_e9_b11.json
validation/adversarial_overnight/stage6_noise/blocks/s30_e9_b12.json,numerical_validation/adversarial_overnight/stage6_noise/blocks/s30_e9_b12.json
validation/adversarial_overnight/stage6_noise/blocks/s30_e9_b13.json,numerical_validation/adversarial_overnight/stage6_noise/blocks/s30_e9_b13.json
validation/adversarial_overnight/stage6_noise/blocks/s30_e9_b14.json,numerical_validation/adversarial_overnight/stage6_noise/blocks/s30_e9_b14.json
validation/adversarial_overnight/stage6_noise/blocks/s30_e9_b15.json,numerical_validation/adversarial_overnight/stage6_noise/blocks/s30_e9_b15.json
validation/adversarial_overnight/stage6_noise/blocks/s30_e9_b16.json,numerical_validation/adversarial_overnight/stage6_noise/blocks/s30_e9_b16.json
validation/adversarial_overnight/stage6_noise/blocks/s30_e9_b17.json,numerical_validation/adversarial_overnight/stage6_noise/blocks/s30_e9_b17.json
validation/adversarial_overnight/stage6_noise/blocks/s30_e9_b18.json,numerical_validation/adversarial_overnight/stage6_noise/blocks/s30_e9_b18.json
validation/adversarial_overnight/stage6_noise/blocks/s30_e9_b19.json,numerical_validation/adversarial_overnight/stage6_noise/blocks/s30_e9_b19.json
validation/adversarial_overnight/stage6_noise/blocks/s30_e9_b2.json,numerical_validation/adversarial_overnight/stage6_noise/blocks/s30_e9_b2.json
validation/adversarial_overnight/stage6_noise/blocks/s30_e9_b3.json,numerical_validation/adversarial_overnight/stage6_noise/blocks/s30_e9_b3.json
validation/adversarial_overnight/stage6_noise/blocks/s30_e9_b4.json,numerical_validation/adversarial_overnight/stage6_noise/blocks/s30_e9_b4.json
validation/adversarial_overnight/stage6_noise/blocks/s30_e9_b5.json,numerical_validation/adversarial_overnight/stage6_noise/blocks/s30_e9_b5.json
validation/adversarial_overnight/stage6_noise/blocks/s30_e9_b6.json,numerical_validation/adversarial_overnight/stage6_noise/blocks/s30_e9_b6.json
validation/adversarial_overnight/stage6_noise/blocks/s30_e9_b7.json,numerical_validation/adversarial_overnight/stage6_noise/blocks/s30_e9_b7.json
validation/adversarial_overnight/stage6_noise/blocks/s30_e9_b8.json,numerical_validation/adversarial_overnight/stage6_noise/blocks/s30_e9_b8.json
validation/adversarial_overnight/stage6_noise/blocks/s30_e9_b9.json,numerical_validation/adversarial_overnight/stage6_noise/blocks/s30_e9_b9.json
validation/adversarial_overnight/stage6_noise/blocks/s40_e0_b0.json,numerical_validation/adversarial_overnight/stage6_noise/blocks/s40_e0_b0.json
validation/adversarial_overnight/stage6_noise/blocks/s40_e0_b1.json,numerical_validation/adversarial_overnight/stage6_noise/blocks/s40_e0_b1.json
validation/adversarial_overnight/stage6_noise/blocks/s40_e0_b10.json,numerical_validation/adversarial_overnight/stage6_noise/blocks/s40_e0_b10.json
validation/adversarial_overnight/stage6_noise/blocks/s40_e0_b11.json,numerical_validation/adversarial_overnight/stage6_noise/blocks/s40_e0_b11.json
validation/adversarial_overnight/stage6_noise/blocks/s40_e0_b12.json,numerical_validation/adversarial_overnight/stage6_noise/blocks/s40_e0_b12.json
validation/adversarial_overnight/stage6_noise/blocks/s40_e0_b13.json,numerical_validation/adversarial_overnight/stage6_noise/blocks/s40_e0_b13.json
validation/adversarial_overnight/stage6_noise/blocks/s40_e0_b14.json,numerical_validation/adversarial_overnight/stage6_noise/blocks/s40_e0_b14.json
validation/adversarial_overnight/stage6_noise/blocks/s40_e0_b15.json,numerical_validation/adversarial_overnight/stage6_noise/blocks/s40_e0_b15.json
validation/adversarial_overnight/stage6_noise/blocks/s40_e0_b16.json,numerical_validation/adversarial_overnight/stage6_noise/blocks/s40_e0_b16.json
validation/adversarial_overnight/stage6_noise/blocks/s40_e0_b17.json,numerical_validation/adversarial_overnight/stage6_noise/blocks/s40_e0_b17.json
validation/adversarial_overnight/stage6_noise/blocks/s40_e0_b18.json,numerical_validation/adversarial_overnight/stage6_noise/blocks/s40_e0_b18.json
validation/adversarial_overnight/stage6_noise/blocks/s40_e0_b19.json,numerical_validation/adversarial_overnight/stage6_noise/blocks/s40_e0_b19.json
validation/adversarial_overnight/stage6_noise/blocks/s40_e0_b2.json,numerical_validation/adversarial_overnight/stage6_noise/blocks/s40_e0_b2.json
validation/adversarial_overnight/stage6_noise/blocks/s40_e0_b3.json,numerical_validation/adversarial_overnight/stage6_noise/blocks/s40_e0_b3.json
validation/adversarial_overnight/stage6_noise/blocks/s40_e0_b4.json,numerical_validation/adversarial_overnight/stage6_noise/blocks/s40_e0_b4.json
validation/adversarial_overnight/stage6_noise/blocks/s40_e0_b5.json,numerical_validation/adversarial_overnight/stage6_noise/blocks/s40_e0_b5.json
validation/adversarial_overnight/stage6_noise/blocks/s40_e0_b6.json,numerical_validation/adversarial_overnight/stage6_noise/blocks/s40_e0_b6.json
validation/adversarial_overnight/stage6_noise/blocks/s40_e0_b7.json,numerical_validation/adversarial_overnight/stage6_noise/blocks/s40_e0_b7.json
validation/adversarial_overnight/stage6_noise/blocks/s40_e0_b8.json,numerical_validation/adversarial_overnight/stage6_noise/blocks/s40_e0_b8.json
validation/adversarial_overnight/stage6_noise/blocks/s40_e0_b9.json,numerical_validation/adversarial_overnight/stage6_noise/blocks/s40_e0_b9.json
validation/adversarial_overnight/stage6_noise/blocks/s40_e10_b0.json,numerical_validation/adversarial_overnight/stage6_noise/blocks/s40_e10_b0.json
validation/adversarial_overnight/stage6_noise/blocks/s40_e10_b1.json,numerical_validation/adversarial_overnight/stage6_noise/blocks/s40_e10_b1.json
validation/adversarial_overnight/stage6_noise/blocks/s40_e10_b10.json,numerical_validation/adversarial_overnight/stage6_noise/blocks/s40_e10_b10.json
validation/adversarial_overnight/stage6_noise/blocks/s40_e10_b11.json,numerical_validation/adversarial_overnight/stage6_noise/blocks/s40_e10_b11.json
validation/adversarial_overnight/stage6_noise/blocks/s40_e10_b12.json,numerical_validation/adversarial_overnight/stage6_noise/blocks/s40_e10_b12.json
validation/adversarial_overnight/stage6_noise/blocks/s40_e10_b13.json,numerical_validation/adversarial_overnight/stage6_noise/blocks/s40_e10_b13.json
validation/adversarial_overnight/stage6_noise/blocks/s40_e10_b14.json,numerical_validation/adversarial_overnight/stage6_noise/blocks/s40_e10_b14.json
validation/adversarial_overnight/stage6_noise/blocks/s40_e10_b15.json,numerical_validation/adversarial_overnight/stage6_noise/blocks/s40_e10_b15.json
validation/adversarial_overnight/stage6_noise/blocks/s40_e10_b16.json,numerical_validation/adversarial_overnight/stage6_noise/blocks/s40_e10_b16.json
validation/adversarial_overnight/stage6_noise/blocks/s40_e10_b17.json,numerical_validation/adversarial_overnight/stage6_noise/blocks/s40_e10_b17.json
validation/adversarial_overnight/stage6_noise/blocks/s40_e10_b18.json,numerical_validation/adversarial_overnight/stage6_noise/blocks/s40_e10_b18.json
validation/adversarial_overnight/stage6_noise/blocks/s40_e10_b19.json,numerical_validation/adversarial_overnight/stage6_noise/blocks/s40_e10_b19.json
validation/adversarial_overnight/stage6_noise/blocks/s40_e10_b2.json,numerical_validation/adversarial_overnight/stage6_noise/blocks/s40_e10_b2.json
validation/adversarial_overnight/stage6_noise/blocks/s40_e10_b3.json,numerical_validation/adversarial_overnight/stage6_noise/blocks/s40_e10_b3.json
validation/adversarial_overnight/stage6_noise/blocks/s40_e10_b4.json,numerical_validation/adversarial_overnight/stage6_noise/blocks/s40_e10_b4.json
validation/adversarial_overnight/stage6_noise/blocks/s40_e10_b5.json,numerical_validation/adversarial_overnight/stage6_noise/blocks/s40_e10_b5.json
validation/adversarial_overnight/stage6_noise/blocks/s40_e10_b6.json,numerical_validation/adversarial_overnight/stage6_noise/blocks/s40_e10_b6.json
validation/adversarial_overnight/stage6_noise/blocks/s40_e10_b7.json,numerical_validation/adversarial_overnight/stage6_noise/blocks/s40_e10_b7.json
validation/adversarial_overnight/stage6_noise/blocks/s40_e10_b8.json,numerical_validation/adversarial_overnight/stage6_noise/blocks/s40_e10_b8.json
validation/adversarial_overnight/stage6_noise/blocks/s40_e10_b9.json,numerical_validation/adversarial_overnight/stage6_noise/blocks/s40_e10_b9.json
validation/adversarial_overnight/stage6_noise/blocks/s40_e11_b0.json,numerical_validation/adversarial_overnight/stage6_noise/blocks/s40_e11_b0.json
validation/adversarial_overnight/stage6_noise/blocks/s40_e11_b1.json,numerical_validation/adversarial_overnight/stage6_noise/blocks/s40_e11_b1.json
validation/adversarial_overnight/stage6_noise/blocks/s40_e11_b10.json,numerical_validation/adversarial_overnight/stage6_noise/blocks/s40_e11_b10.json
validation/adversarial_overnight/stage6_noise/blocks/s40_e11_b11.json,numerical_validation/adversarial_overnight/stage6_noise/blocks/s40_e11_b11.json
validation/adversarial_overnight/stage6_noise/blocks/s40_e11_b12.json,numerical_validation/adversarial_overnight/stage6_noise/blocks/s40_e11_b12.json
validation/adversarial_overnight/stage6_noise/blocks/s40_e11_b13.json,numerical_validation/adversarial_overnight/stage6_noise/blocks/s40_e11_b13.json
validation/adversarial_overnight/stage6_noise/blocks/s40_e11_b14.json,numerical_validation/adversarial_overnight/stage6_noise/blocks/s40_e11_b14.json
validation/adversarial_overnight/stage6_noise/blocks/s40_e11_b15.json,numerical_validation/adversarial_overnight/stage6_noise/blocks/s40_e11_b15.json
validation/adversarial_overnight/stage6_noise/blocks/s40_e11_b16.json,numerical_validation/adversarial_overnight/stage6_noise/blocks/s40_e11_b16.json
validation/adversarial_overnight/stage6_noise/blocks/s40_e11_b17.json,numerical_validation/adversarial_overnight/stage6_noise/blocks/s40_e11_b17.json
validation/adversarial_overnight/stage6_noise/blocks/s40_e11_b18.json,numerical_validation/adversarial_overnight/stage6_noise/blocks/s40_e11_b18.json
validation/adversarial_overnight/stage6_noise/blocks/s40_e11_b19.json,numerical_validation/adversarial_overnight/stage6_noise/blocks/s40_e11_b19.json
validation/adversarial_overnight/stage6_noise/blocks/s40_e11_b2.json,numerical_validation/adversarial_overnight/stage6_noise/blocks/s40_e11_b2.json
validation/adversarial_overnight/stage6_noise/blocks/s40_e11_b3.json,numerical_validation/adversarial_overnight/stage6_noise/blocks/s40_e11_b3.json
validation/adversarial_overnight/stage6_noise/blocks/s40_e11_b4.json,numerical_validation/adversarial_overnight/stage6_noise/blocks/s40_e11_b4.json
validation/adversarial_overnight/stage6_noise/blocks/s40_e11_b5.json,numerical_validation/adversarial_overnight/stage6_noise/blocks/s40_e11_b5.json
validation/adversarial_overnight/stage6_noise/blocks/s40_e11_b6.json,numerical_validation/adversarial_overnight/stage6_noise/blocks/s40_e11_b6.json
validation/adversarial_overnight/stage6_noise/blocks/s40_e11_b7.json,numerical_validation/adversarial_overnight/stage6_noise/blocks/s40_e11_b7.json
validation/adversarial_overnight/stage6_noise/blocks/s40_e11_b8.json,numerical_validation/adversarial_overnight/stage6_noise/blocks/s40_e11_b8.json
validation/adversarial_overnight/stage6_noise/blocks/s40_e11_b9.json,numerical_validation/adversarial_overnight/stage6_noise/blocks/s40_e11_b9.json
validation/adversarial_overnight/stage6_noise/blocks/s40_e12_b0.json,numerical_validation/adversarial_overnight/stage6_noise/blocks/s40_e12_b0.json
validation/adversarial_overnight/stage6_noise/blocks/s40_e12_b1.json,numerical_validation/adversarial_overnight/stage6_noise/blocks/s40_e12_b1.json
validation/adversarial_overnight/stage6_noise/blocks/s40_e12_b10.json,numerical_validation/adversarial_overnight/stage6_noise/blocks/s40_e12_b10.json
validation/adversarial_overnight/stage6_noise/blocks/s40_e12_b11.json,numerical_validation/adversarial_overnight/stage6_noise/blocks/s40_e12_b11.json
validation/adversarial_overnight/stage6_noise/blocks/s40_e12_b12.json,numerical_validation/adversarial_overnight/stage6_noise/blocks/s40_e12_b12.json
validation/adversarial_overnight/stage6_noise/blocks/s40_e12_b13.json,numerical_validation/adversarial_overnight/stage6_noise/blocks/s40_e12_b13.json
validation/adversarial_overnight/stage6_noise/blocks/s40_e12_b14.json,numerical_validation/adversarial_overnight/stage6_noise/blocks/s40_e12_b14.json
validation/adversarial_overnight/stage6_noise/blocks/s40_e12_b15.json,numerical_validation/adversarial_overnight/stage6_noise/blocks/s40_e12_b15.json
validation/adversarial_overnight/stage6_noise/blocks/s40_e12_b16.json,numerical_validation/adversarial_overnight/stage6_noise/blocks/s40_e12_b16.json
validation/adversarial_overnight/stage6_noise/blocks/s40_e12_b17.json,numerical_validation/adversarial_overnight/stage6_noise/blocks/s40_e12_b17.json
validation/adversarial_overnight/stage6_noise/blocks/s40_e12_b18.json,numerical_validation/adversarial_overnight/stage6_noise/blocks/s40_e12_b18.json
validation/adversarial_overnight/stage6_noise/blocks/s40_e12_b19.json,numerical_validation/adversarial_overnight/stage6_noise/blocks/s40_e12_b19.json
validation/adversarial_overnight/stage6_noise/blocks/s40_e12_b2.json,numerical_validation/adversarial_overnight/stage6_noise/blocks/s40_e12_b2.json
validation/adversarial_overnight/stage6_noise/blocks/s40_e12_b3.json,numerical_validation/adversarial_overnight/stage6_noise/blocks/s40_e12_b3.json
validation/adversarial_overnight/stage6_noise/blocks/s40_e12_b4.json,numerical_validation/adversarial_overnight/stage6_noise/blocks/s40_e12_b4.json
validation/adversarial_overnight/stage6_noise/blocks/s40_e12_b5.json,numerical_validation/adversarial_overnight/stage6_noise/blocks/s40_e12_b5.json
validation/adversarial_overnight/stage6_noise/blocks/s40_e12_b6.json,numerical_validation/adversarial_overnight/stage6_noise/blocks/s40_e12_b6.json
validation/adversarial_overnight/stage6_noise/blocks/s40_e12_b7.json,numerical_validation/adversarial_overnight/stage6_noise/blocks/s40_e12_b7.json
validation/adversarial_overnight/stage6_noise/blocks/s40_e12_b8.json,numerical_validation/adversarial_overnight/stage6_noise/blocks/s40_e12_b8.json
validation/adversarial_overnight/stage6_noise/blocks/s40_e12_b9.json,numerical_validation/adversarial_overnight/stage6_noise/blocks/s40_e12_b9.json
validation/adversarial_overnight/stage6_noise/blocks/s40_e1_b0.json,numerical_validation/adversarial_overnight/stage6_noise/blocks/s40_e1_b0.json
validation/adversarial_overnight/stage6_noise/blocks/s40_e1_b1.json,numerical_validation/adversarial_overnight/stage6_noise/blocks/s40_e1_b1.json
validation/adversarial_overnight/stage6_noise/blocks/s40_e1_b10.json,numerical_validation/adversarial_overnight/stage6_noise/blocks/s40_e1_b10.json
validation/adversarial_overnight/stage6_noise/blocks/s40_e1_b11.json,numerical_validation/adversarial_overnight/stage6_noise/blocks/s40_e1_b11.json
validation/adversarial_overnight/stage6_noise/blocks/s40_e1_b12.json,numerical_validation/adversarial_overnight/stage6_noise/blocks/s40_e1_b12.json
validation/adversarial_overnight/stage6_noise/blocks/s40_e1_b13.json,numerical_validation/adversarial_overnight/stage6_noise/blocks/s40_e1_b13.json
validation/adversarial_overnight/stage6_noise/blocks/s40_e1_b14.json,numerical_validation/adversarial_overnight/stage6_noise/blocks/s40_e1_b14.json
validation/adversarial_overnight/stage6_noise/blocks/s40_e1_b15.json,numerical_validation/adversarial_overnight/stage6_noise/blocks/s40_e1_b15.json
validation/adversarial_overnight/stage6_noise/blocks/s40_e1_b16.json,numerical_validation/adversarial_overnight/stage6_noise/blocks/s40_e1_b16.json
validation/adversarial_overnight/stage6_noise/blocks/s40_e1_b17.json,numerical_validation/adversarial_overnight/stage6_noise/blocks/s40_e1_b17.json
validation/adversarial_overnight/stage6_noise/blocks/s40_e1_b18.json,numerical_validation/adversarial_overnight/stage6_noise/blocks/s40_e1_b18.json
validation/adversarial_overnight/stage6_noise/blocks/s40_e1_b19.json,numerical_validation/adversarial_overnight/stage6_noise/blocks/s40_e1_b19.json
validation/adversarial_overnight/stage6_noise/blocks/s40_e1_b2.json,numerical_validation/adversarial_overnight/stage6_noise/blocks/s40_e1_b2.json
validation/adversarial_overnight/stage6_noise/blocks/s40_e1_b3.json,numerical_validation/adversarial_overnight/stage6_noise/blocks/s40_e1_b3.json
validation/adversarial_overnight/stage6_noise/blocks/s40_e1_b4.json,numerical_validation/adversarial_overnight/stage6_noise/blocks/s40_e1_b4.json
validation/adversarial_overnight/stage6_noise/blocks/s40_e1_b5.json,numerical_validation/adversarial_overnight/stage6_noise/blocks/s40_e1_b5.json
validation/adversarial_overnight/stage6_noise/blocks/s40_e1_b6.json,numerical_validation/adversarial_overnight/stage6_noise/blocks/s40_e1_b6.json
validation/adversarial_overnight/stage6_noise/blocks/s40_e1_b7.json,numerical_validation/adversarial_overnight/stage6_noise/blocks/s40_e1_b7.json
validation/adversarial_overnight/stage6_noise/blocks/s40_e1_b8.json,numerical_validation/adversarial_overnight/stage6_noise/blocks/s40_e1_b8.json
validation/adversarial_overnight/stage6_noise/blocks/s40_e1_b9.json,numerical_validation/adversarial_overnight/stage6_noise/blocks/s40_e1_b9.json
validation/adversarial_overnight/stage6_noise/blocks/s40_e2_b0.json,numerical_validation/adversarial_overnight/stage6_noise/blocks/s40_e2_b0.json
validation/adversarial_overnight/stage6_noise/blocks/s40_e2_b1.json,numerical_validation/adversarial_overnight/stage6_noise/blocks/s40_e2_b1.json
validation/adversarial_overnight/stage6_noise/blocks/s40_e2_b10.json,numerical_validation/adversarial_overnight/stage6_noise/blocks/s40_e2_b10.json
validation/adversarial_overnight/stage6_noise/blocks/s40_e2_b11.json,numerical_validation/adversarial_overnight/stage6_noise/blocks/s40_e2_b11.json
validation/adversarial_overnight/stage6_noise/blocks/s40_e2_b12.json,numerical_validation/adversarial_overnight/stage6_noise/blocks/s40_e2_b12.json
validation/adversarial_overnight/stage6_noise/blocks/s40_e2_b13.json,numerical_validation/adversarial_overnight/stage6_noise/blocks/s40_e2_b13.json
validation/adversarial_overnight/stage6_noise/blocks/s40_e2_b14.json,numerical_validation/adversarial_overnight/stage6_noise/blocks/s40_e2_b14.json
validation/adversarial_overnight/stage6_noise/blocks/s40_e2_b15.json,numerical_validation/adversarial_overnight/stage6_noise/blocks/s40_e2_b15.json
validation/adversarial_overnight/stage6_noise/blocks/s40_e2_b16.json,numerical_validation/adversarial_overnight/stage6_noise/blocks/s40_e2_b16.json
validation/adversarial_overnight/stage6_noise/blocks/s40_e2_b17.json,numerical_validation/adversarial_overnight/stage6_noise/blocks/s40_e2_b17.json
validation/adversarial_overnight/stage6_noise/blocks/s40_e2_b18.json,numerical_validation/adversarial_overnight/stage6_noise/blocks/s40_e2_b18.json
validation/adversarial_overnight/stage6_noise/blocks/s40_e2_b19.json,numerical_validation/adversarial_overnight/stage6_noise/blocks/s40_e2_b19.json
validation/adversarial_overnight/stage6_noise/blocks/s40_e2_b2.json,numerical_validation/adversarial_overnight/stage6_noise/blocks/s40_e2_b2.json
validation/adversarial_overnight/stage6_noise/blocks/s40_e2_b3.json,numerical_validation/adversarial_overnight/stage6_noise/blocks/s40_e2_b3.json
validation/adversarial_overnight/stage6_noise/blocks/s40_e2_b4.json,numerical_validation/adversarial_overnight/stage6_noise/blocks/s40_e2_b4.json
validation/adversarial_overnight/stage6_noise/blocks/s40_e2_b5.json,numerical_validation/adversarial_overnight/stage6_noise/blocks/s40_e2_b5.json
validation/adversarial_overnight/stage6_noise/blocks/s40_e2_b6.json,numerical_validation/adversarial_overnight/stage6_noise/blocks/s40_e2_b6.json
validation/adversarial_overnight/stage6_noise/blocks/s40_e2_b7.json,numerical_validation/adversarial_overnight/stage6_noise/blocks/s40_e2_b7.json
validation/adversarial_overnight/stage6_noise/blocks/s40_e2_b8.json,numerical_validation/adversarial_overnight/stage6_noise/blocks/s40_e2_b8.json
validation/adversarial_overnight/stage6_noise/blocks/s40_e2_b9.json,numerical_validation/adversarial_overnight/stage6_noise/blocks/s40_e2_b9.json
validation/adversarial_overnight/stage6_noise/blocks/s40_e3_b0.json,numerical_validation/adversarial_overnight/stage6_noise/blocks/s40_e3_b0.json
validation/adversarial_overnight/stage6_noise/blocks/s40_e3_b1.json,numerical_validation/adversarial_overnight/stage6_noise/blocks/s40_e3_b1.json
validation/adversarial_overnight/stage6_noise/blocks/s40_e3_b10.json,numerical_validation/adversarial_overnight/stage6_noise/blocks/s40_e3_b10.json
validation/adversarial_overnight/stage6_noise/blocks/s40_e3_b11.json,numerical_validation/adversarial_overnight/stage6_noise/blocks/s40_e3_b11.json
validation/adversarial_overnight/stage6_noise/blocks/s40_e3_b12.json,numerical_validation/adversarial_overnight/stage6_noise/blocks/s40_e3_b12.json
validation/adversarial_overnight/stage6_noise/blocks/s40_e3_b13.json,numerical_validation/adversarial_overnight/stage6_noise/blocks/s40_e3_b13.json
validation/adversarial_overnight/stage6_noise/blocks/s40_e3_b14.json,numerical_validation/adversarial_overnight/stage6_noise/blocks/s40_e3_b14.json
validation/adversarial_overnight/stage6_noise/blocks/s40_e3_b15.json,numerical_validation/adversarial_overnight/stage6_noise/blocks/s40_e3_b15.json
validation/adversarial_overnight/stage6_noise/blocks/s40_e3_b16.json,numerical_validation/adversarial_overnight/stage6_noise/blocks/s40_e3_b16.json
validation/adversarial_overnight/stage6_noise/blocks/s40_e3_b17.json,numerical_validation/adversarial_overnight/stage6_noise/blocks/s40_e3_b17.json
validation/adversarial_overnight/stage6_noise/blocks/s40_e3_b18.json,numerical_validation/adversarial_overnight/stage6_noise/blocks/s40_e3_b18.json
validation/adversarial_overnight/stage6_noise/blocks/s40_e3_b19.json,numerical_validation/adversarial_overnight/stage6_noise/blocks/s40_e3_b19.json
validation/adversarial_overnight/stage6_noise/blocks/s40_e3_b2.json,numerical_validation/adversarial_overnight/stage6_noise/blocks/s40_e3_b2.json
validation/adversarial_overnight/stage6_noise/blocks/s40_e3_b3.json,numerical_validation/adversarial_overnight/stage6_noise/blocks/s40_e3_b3.json
validation/adversarial_overnight/stage6_noise/blocks/s40_e3_b4.json,numerical_validation/adversarial_overnight/stage6_noise/blocks/s40_e3_b4.json
validation/adversarial_overnight/stage6_noise/blocks/s40_e3_b5.json,numerical_validation/adversarial_overnight/stage6_noise/blocks/s40_e3_b5.json
validation/adversarial_overnight/stage6_noise/blocks/s40_e3_b6.json,numerical_validation/adversarial_overnight/stage6_noise/blocks/s40_e3_b6.json
validation/adversarial_overnight/stage6_noise/blocks/s40_e3_b7.json,numerical_validation/adversarial_overnight/stage6_noise/blocks/s40_e3_b7.json
validation/adversarial_overnight/stage6_noise/blocks/s40_e3_b8.json,numerical_validation/adversarial_overnight/stage6_noise/blocks/s40_e3_b8.json
validation/adversarial_overnight/stage6_noise/blocks/s40_e3_b9.json,numerical_validation/adversarial_overnight/stage6_noise/blocks/s40_e3_b9.json
validation/adversarial_overnight/stage6_noise/blocks/s40_e4_b0.json,numerical_validation/adversarial_overnight/stage6_noise/blocks/s40_e4_b0.json
validation/adversarial_overnight/stage6_noise/blocks/s40_e4_b1.json,numerical_validation/adversarial_overnight/stage6_noise/blocks/s40_e4_b1.json
validation/adversarial_overnight/stage6_noise/blocks/s40_e4_b10.json,numerical_validation/adversarial_overnight/stage6_noise/blocks/s40_e4_b10.json
validation/adversarial_overnight/stage6_noise/blocks/s40_e4_b11.json,numerical_validation/adversarial_overnight/stage6_noise/blocks/s40_e4_b11.json
validation/adversarial_overnight/stage6_noise/blocks/s40_e4_b12.json,numerical_validation/adversarial_overnight/stage6_noise/blocks/s40_e4_b12.json
validation/adversarial_overnight/stage6_noise/blocks/s40_e4_b13.json,numerical_validation/adversarial_overnight/stage6_noise/blocks/s40_e4_b13.json
validation/adversarial_overnight/stage6_noise/blocks/s40_e4_b14.json,numerical_validation/adversarial_overnight/stage6_noise/blocks/s40_e4_b14.json
validation/adversarial_overnight/stage6_noise/blocks/s40_e4_b15.json,numerical_validation/adversarial_overnight/stage6_noise/blocks/s40_e4_b15.json
validation/adversarial_overnight/stage6_noise/blocks/s40_e4_b16.json,numerical_validation/adversarial_overnight/stage6_noise/blocks/s40_e4_b16.json
validation/adversarial_overnight/stage6_noise/blocks/s40_e4_b17.json,numerical_validation/adversarial_overnight/stage6_noise/blocks/s40_e4_b17.json
validation/adversarial_overnight/stage6_noise/blocks/s40_e4_b18.json,numerical_validation/adversarial_overnight/stage6_noise/blocks/s40_e4_b18.json
validation/adversarial_overnight/stage6_noise/blocks/s40_e4_b19.json,numerical_validation/adversarial_overnight/stage6_noise/blocks/s40_e4_b19.json
validation/adversarial_overnight/stage6_noise/blocks/s40_e4_b2.json,numerical_validation/adversarial_overnight/stage6_noise/blocks/s40_e4_b2.json
validation/adversarial_overnight/stage6_noise/blocks/s40_e4_b3.json,numerical_validation/adversarial_overnight/stage6_noise/blocks/s40_e4_b3.json
validation/adversarial_overnight/stage6_noise/blocks/s40_e4_b4.json,numerical_validation/adversarial_overnight/stage6_noise/blocks/s40_e4_b4.json
validation/adversarial_overnight/stage6_noise/blocks/s40_e4_b5.json,numerical_validation/adversarial_overnight/stage6_noise/blocks/s40_e4_b5.json
validation/adversarial_overnight/stage6_noise/blocks/s40_e4_b6.json,numerical_validation/adversarial_overnight/stage6_noise/blocks/s40_e4_b6.json
validation/adversarial_overnight/stage6_noise/blocks/s40_e4_b7.json,numerical_validation/adversarial_overnight/stage6_noise/blocks/s40_e4_b7.json
validation/adversarial_overnight/stage6_noise/blocks/s40_e4_b8.json,numerical_validation/adversarial_overnight/stage6_noise/blocks/s40_e4_b8.json
validation/adversarial_overnight/stage6_noise/blocks/s40_e4_b9.json,numerical_validation/adversarial_overnight/stage6_noise/blocks/s40_e4_b9.json
validation/adversarial_overnight/stage6_noise/blocks/s40_e5_b0.json,numerical_validation/adversarial_overnight/stage6_noise/blocks/s40_e5_b0.json
validation/adversarial_overnight/stage6_noise/blocks/s40_e5_b1.json,numerical_validation/adversarial_overnight/stage6_noise/blocks/s40_e5_b1.json
validation/adversarial_overnight/stage6_noise/blocks/s40_e5_b10.json,numerical_validation/adversarial_overnight/stage6_noise/blocks/s40_e5_b10.json
validation/adversarial_overnight/stage6_noise/blocks/s40_e5_b11.json,numerical_validation/adversarial_overnight/stage6_noise/blocks/s40_e5_b11.json
validation/adversarial_overnight/stage6_noise/blocks/s40_e5_b12.json,numerical_validation/adversarial_overnight/stage6_noise/blocks/s40_e5_b12.json
validation/adversarial_overnight/stage6_noise/blocks/s40_e5_b13.json,numerical_validation/adversarial_overnight/stage6_noise/blocks/s40_e5_b13.json
validation/adversarial_overnight/stage6_noise/blocks/s40_e5_b14.json,numerical_validation/adversarial_overnight/stage6_noise/blocks/s40_e5_b14.json
validation/adversarial_overnight/stage6_noise/blocks/s40_e5_b15.json,numerical_validation/adversarial_overnight/stage6_noise/blocks/s40_e5_b15.json
validation/adversarial_overnight/stage6_noise/blocks/s40_e5_b16.json,numerical_validation/adversarial_overnight/stage6_noise/blocks/s40_e5_b16.json
validation/adversarial_overnight/stage6_noise/blocks/s40_e5_b17.json,numerical_validation/adversarial_overnight/stage6_noise/blocks/s40_e5_b17.json
validation/adversarial_overnight/stage6_noise/blocks/s40_e5_b18.json,numerical_validation/adversarial_overnight/stage6_noise/blocks/s40_e5_b18.json
validation/adversarial_overnight/stage6_noise/blocks/s40_e5_b19.json,numerical_validation/adversarial_overnight/stage6_noise/blocks/s40_e5_b19.json
validation/adversarial_overnight/stage6_noise/blocks/s40_e5_b2.json,numerical_validation/adversarial_overnight/stage6_noise/blocks/s40_e5_b2.json
validation/adversarial_overnight/stage6_noise/blocks/s40_e5_b3.json,numerical_validation/adversarial_overnight/stage6_noise/blocks/s40_e5_b3.json
validation/adversarial_overnight/stage6_noise/blocks/s40_e5_b4.json,numerical_validation/adversarial_overnight/stage6_noise/blocks/s40_e5_b4.json
validation/adversarial_overnight/stage6_noise/blocks/s40_e5_b5.json,numerical_validation/adversarial_overnight/stage6_noise/blocks/s40_e5_b5.json
validation/adversarial_overnight/stage6_noise/blocks/s40_e5_b6.json,numerical_validation/adversarial_overnight/stage6_noise/blocks/s40_e5_b6.json
validation/adversarial_overnight/stage6_noise/blocks/s40_e5_b7.json,numerical_validation/adversarial_overnight/stage6_noise/blocks/s40_e5_b7.json
validation/adversarial_overnight/stage6_noise/blocks/s40_e5_b8.json,numerical_validation/adversarial_overnight/stage6_noise/blocks/s40_e5_b8.json
validation/adversarial_overnight/stage6_noise/blocks/s40_e5_b9.json,numerical_validation/adversarial_overnight/stage6_noise/blocks/s40_e5_b9.json
validation/adversarial_overnight/stage6_noise/blocks/s40_e6_b0.json,numerical_validation/adversarial_overnight/stage6_noise/blocks/s40_e6_b0.json
validation/adversarial_overnight/stage6_noise/blocks/s40_e6_b1.json,numerical_validation/adversarial_overnight/stage6_noise/blocks/s40_e6_b1.json
validation/adversarial_overnight/stage6_noise/blocks/s40_e6_b10.json,numerical_validation/adversarial_overnight/stage6_noise/blocks/s40_e6_b10.json
validation/adversarial_overnight/stage6_noise/blocks/s40_e6_b11.json,numerical_validation/adversarial_overnight/stage6_noise/blocks/s40_e6_b11.json
validation/adversarial_overnight/stage6_noise/blocks/s40_e6_b12.json,numerical_validation/adversarial_overnight/stage6_noise/blocks/s40_e6_b12.json
validation/adversarial_overnight/stage6_noise/blocks/s40_e6_b13.json,numerical_validation/adversarial_overnight/stage6_noise/blocks/s40_e6_b13.json
validation/adversarial_overnight/stage6_noise/blocks/s40_e6_b14.json,numerical_validation/adversarial_overnight/stage6_noise/blocks/s40_e6_b14.json
validation/adversarial_overnight/stage6_noise/blocks/s40_e6_b15.json,numerical_validation/adversarial_overnight/stage6_noise/blocks/s40_e6_b15.json
validation/adversarial_overnight/stage6_noise/blocks/s40_e6_b16.json,numerical_validation/adversarial_overnight/stage6_noise/blocks/s40_e6_b16.json
validation/adversarial_overnight/stage6_noise/blocks/s40_e6_b17.json,numerical_validation/adversarial_overnight/stage6_noise/blocks/s40_e6_b17.json
validation/adversarial_overnight/stage6_noise/blocks/s40_e6_b18.json,numerical_validation/adversarial_overnight/stage6_noise/blocks/s40_e6_b18.json
validation/adversarial_overnight/stage6_noise/blocks/s40_e6_b19.json,numerical_validation/adversarial_overnight/stage6_noise/blocks/s40_e6_b19.json
validation/adversarial_overnight/stage6_noise/blocks/s40_e6_b2.json,numerical_validation/adversarial_overnight/stage6_noise/blocks/s40_e6_b2.json
validation/adversarial_overnight/stage6_noise/blocks/s40_e6_b3.json,numerical_validation/adversarial_overnight/stage6_noise/blocks/s40_e6_b3.json
validation/adversarial_overnight/stage6_noise/blocks/s40_e6_b4.json,numerical_validation/adversarial_overnight/stage6_noise/blocks/s40_e6_b4.json
validation/adversarial_overnight/stage6_noise/blocks/s40_e6_b5.json,numerical_validation/adversarial_overnight/stage6_noise/blocks/s40_e6_b5.json
validation/adversarial_overnight/stage6_noise/blocks/s40_e6_b6.json,numerical_validation/adversarial_overnight/stage6_noise/blocks/s40_e6_b6.json
validation/adversarial_overnight/stage6_noise/blocks/s40_e6_b7.json,numerical_validation/adversarial_overnight/stage6_noise/blocks/s40_e6_b7.json
validation/adversarial_overnight/stage6_noise/blocks/s40_e6_b8.json,numerical_validation/adversarial_overnight/stage6_noise/blocks/s40_e6_b8.json
validation/adversarial_overnight/stage6_noise/blocks/s40_e6_b9.json,numerical_validation/adversarial_overnight/stage6_noise/blocks/s40_e6_b9.json
validation/adversarial_overnight/stage6_noise/blocks/s40_e7_b0.json,numerical_validation/adversarial_overnight/stage6_noise/blocks/s40_e7_b0.json
validation/adversarial_overnight/stage6_noise/blocks/s40_e7_b1.json,numerical_validation/adversarial_overnight/stage6_noise/blocks/s40_e7_b1.json
validation/adversarial_overnight/stage6_noise/blocks/s40_e7_b10.json,numerical_validation/adversarial_overnight/stage6_noise/blocks/s40_e7_b10.json
validation/adversarial_overnight/stage6_noise/blocks/s40_e7_b11.json,numerical_validation/adversarial_overnight/stage6_noise/blocks/s40_e7_b11.json
validation/adversarial_overnight/stage6_noise/blocks/s40_e7_b12.json,numerical_validation/adversarial_overnight/stage6_noise/blocks/s40_e7_b12.json
validation/adversarial_overnight/stage6_noise/blocks/s40_e7_b13.json,numerical_validation/adversarial_overnight/stage6_noise/blocks/s40_e7_b13.json
validation/adversarial_overnight/stage6_noise/blocks/s40_e7_b14.json,numerical_validation/adversarial_overnight/stage6_noise/blocks/s40_e7_b14.json
validation/adversarial_overnight/stage6_noise/blocks/s40_e7_b15.json,numerical_validation/adversarial_overnight/stage6_noise/blocks/s40_e7_b15.json
validation/adversarial_overnight/stage6_noise/blocks/s40_e7_b16.json,numerical_validation/adversarial_overnight/stage6_noise/blocks/s40_e7_b16.json
validation/adversarial_overnight/stage6_noise/blocks/s40_e7_b17.json,numerical_validation/adversarial_overnight/stage6_noise/blocks/s40_e7_b17.json
validation/adversarial_overnight/stage6_noise/blocks/s40_e7_b18.json,numerical_validation/adversarial_overnight/stage6_noise/blocks/s40_e7_b18.json
validation/adversarial_overnight/stage6_noise/blocks/s40_e7_b19.json,numerical_validation/adversarial_overnight/stage6_noise/blocks/s40_e7_b19.json
validation/adversarial_overnight/stage6_noise/blocks/s40_e7_b2.json,numerical_validation/adversarial_overnight/stage6_noise/blocks/s40_e7_b2.json
validation/adversarial_overnight/stage6_noise/blocks/s40_e7_b3.json,numerical_validation/adversarial_overnight/stage6_noise/blocks/s40_e7_b3.json
validation/adversarial_overnight/stage6_noise/blocks/s40_e7_b4.json,numerical_validation/adversarial_overnight/stage6_noise/blocks/s40_e7_b4.json
validation/adversarial_overnight/stage6_noise/blocks/s40_e7_b5.json,numerical_validation/adversarial_overnight/stage6_noise/blocks/s40_e7_b5.json
validation/adversarial_overnight/stage6_noise/blocks/s40_e7_b6.json,numerical_validation/adversarial_overnight/stage6_noise/blocks/s40_e7_b6.json
validation/adversarial_overnight/stage6_noise/blocks/s40_e7_b7.json,numerical_validation/adversarial_overnight/stage6_noise/blocks/s40_e7_b7.json
validation/adversarial_overnight/stage6_noise/blocks/s40_e7_b8.json,numerical_validation/adversarial_overnight/stage6_noise/blocks/s40_e7_b8.json
validation/adversarial_overnight/stage6_noise/blocks/s40_e7_b9.json,numerical_validation/adversarial_overnight/stage6_noise/blocks/s40_e7_b9.json
validation/adversarial_overnight/stage6_noise/blocks/s40_e8_b0.json,numerical_validation/adversarial_overnight/stage6_noise/blocks/s40_e8_b0.json
validation/adversarial_overnight/stage6_noise/blocks/s40_e8_b1.json,numerical_validation/adversarial_overnight/stage6_noise/blocks/s40_e8_b1.json
validation/adversarial_overnight/stage6_noise/blocks/s40_e8_b10.json,numerical_validation/adversarial_overnight/stage6_noise/blocks/s40_e8_b10.json
validation/adversarial_overnight/stage6_noise/blocks/s40_e8_b11.json,numerical_validation/adversarial_overnight/stage6_noise/blocks/s40_e8_b11.json
validation/adversarial_overnight/stage6_noise/blocks/s40_e8_b12.json,numerical_validation/adversarial_overnight/stage6_noise/blocks/s40_e8_b12.json
validation/adversarial_overnight/stage6_noise/blocks/s40_e8_b13.json,numerical_validation/adversarial_overnight/stage6_noise/blocks/s40_e8_b13.json
validation/adversarial_overnight/stage6_noise/blocks/s40_e8_b14.json,numerical_validation/adversarial_overnight/stage6_noise/blocks/s40_e8_b14.json
validation/adversarial_overnight/stage6_noise/blocks/s40_e8_b15.json,numerical_validation/adversarial_overnight/stage6_noise/blocks/s40_e8_b15.json
validation/adversarial_overnight/stage6_noise/blocks/s40_e8_b16.json,numerical_validation/adversarial_overnight/stage6_noise/blocks/s40_e8_b16.json
validation/adversarial_overnight/stage6_noise/blocks/s40_e8_b17.json,numerical_validation/adversarial_overnight/stage6_noise/blocks/s40_e8_b17.json
validation/adversarial_overnight/stage6_noise/blocks/s40_e8_b18.json,numerical_validation/adversarial_overnight/stage6_noise/blocks/s40_e8_b18.json
validation/adversarial_overnight/stage6_noise/blocks/s40_e8_b19.json,numerical_validation/adversarial_overnight/stage6_noise/blocks/s40_e8_b19.json
validation/adversarial_overnight/stage6_noise/blocks/s40_e8_b2.json,numerical_validation/adversarial_overnight/stage6_noise/blocks/s40_e8_b2.json
validation/adversarial_overnight/stage6_noise/blocks/s40_e8_b3.json,numerical_validation/adversarial_overnight/stage6_noise/blocks/s40_e8_b3.json
validation/adversarial_overnight/stage6_noise/blocks/s40_e8_b4.json,numerical_validation/adversarial_overnight/stage6_noise/blocks/s40_e8_b4.json
validation/adversarial_overnight/stage6_noise/blocks/s40_e8_b5.json,numerical_validation/adversarial_overnight/stage6_noise/blocks/s40_e8_b5.json
validation/adversarial_overnight/stage6_noise/blocks/s40_e8_b6.json,numerical_validation/adversarial_overnight/stage6_noise/blocks/s40_e8_b6.json
validation/adversarial_overnight/stage6_noise/blocks/s40_e8_b7.json,numerical_validation/adversarial_overnight/stage6_noise/blocks/s40_e8_b7.json
validation/adversarial_overnight/stage6_noise/blocks/s40_e8_b8.json,numerical_validation/adversarial_overnight/stage6_noise/blocks/s40_e8_b8.json
validation/adversarial_overnight/stage6_noise/blocks/s40_e8_b9.json,numerical_validation/adversarial_overnight/stage6_noise/blocks/s40_e8_b9.json
validation/adversarial_overnight/stage6_noise/blocks/s40_e9_b0.json,numerical_validation/adversarial_overnight/stage6_noise/blocks/s40_e9_b0.json
validation/adversarial_overnight/stage6_noise/blocks/s40_e9_b1.json,numerical_validation/adversarial_overnight/stage6_noise/blocks/s40_e9_b1.json
validation/adversarial_overnight/stage6_noise/blocks/s40_e9_b10.json,numerical_validation/adversarial_overnight/stage6_noise/blocks/s40_e9_b10.json
validation/adversarial_overnight/stage6_noise/blocks/s40_e9_b11.json,numerical_validation/adversarial_overnight/stage6_noise/blocks/s40_e9_b11.json
validation/adversarial_overnight/stage6_noise/blocks/s40_e9_b12.json,numerical_validation/adversarial_overnight/stage6_noise/blocks/s40_e9_b12.json
validation/adversarial_overnight/stage6_noise/blocks/s40_e9_b13.json,numerical_validation/adversarial_overnight/stage6_noise/blocks/s40_e9_b13.json
validation/adversarial_overnight/stage6_noise/blocks/s40_e9_b14.json,numerical_validation/adversarial_overnight/stage6_noise/blocks/s40_e9_b14.json
validation/adversarial_overnight/stage6_noise/blocks/s40_e9_b15.json,numerical_validation/adversarial_overnight/stage6_noise/blocks/s40_e9_b15.json
validation/adversarial_overnight/stage6_noise/blocks/s40_e9_b16.json,numerical_validation/adversarial_overnight/stage6_noise/blocks/s40_e9_b16.json
validation/adversarial_overnight/stage6_noise/blocks/s40_e9_b17.json,numerical_validation/adversarial_overnight/stage6_noise/blocks/s40_e9_b17.json
validation/adversarial_overnight/stage6_noise/blocks/s40_e9_b18.json,numerical_validation/adversarial_overnight/stage6_noise/blocks/s40_e9_b18.json
validation/adversarial_overnight/stage6_noise/blocks/s40_e9_b19.json,numerical_validation/adversarial_overnight/stage6_noise/blocks/s40_e9_b19.json
validation/adversarial_overnight/stage6_noise/blocks/s40_e9_b2.json,numerical_validation/adversarial_overnight/stage6_noise/blocks/s40_e9_b2.json
validation/adversarial_overnight/stage6_noise/blocks/s40_e9_b3.json,numerical_validation/adversarial_overnight/stage6_noise/blocks/s40_e9_b3.json
validation/adversarial_overnight/stage6_noise/blocks/s40_e9_b4.json,numerical_validation/adversarial_overnight/stage6_noise/blocks/s40_e9_b4.json
validation/adversarial_overnight/stage6_noise/blocks/s40_e9_b5.json,numerical_validation/adversarial_overnight/stage6_noise/blocks/s40_e9_b5.json
validation/adversarial_overnight/stage6_noise/blocks/s40_e9_b6.json,numerical_validation/adversarial_overnight/stage6_noise/blocks/s40_e9_b6.json
validation/adversarial_overnight/stage6_noise/blocks/s40_e9_b7.json,numerical_validation/adversarial_overnight/stage6_noise/blocks/s40_e9_b7.json
validation/adversarial_overnight/stage6_noise/blocks/s40_e9_b8.json,numerical_validation/adversarial_overnight/stage6_noise/blocks/s40_e9_b8.json
validation/adversarial_overnight/stage6_noise/blocks/s40_e9_b9.json,numerical_validation/adversarial_overnight/stage6_noise/blocks/s40_e9_b9.json
validation/adversarial_overnight/stage6_noise/global_vs_conditional_error.pdf,numerical_validation/adversarial_overnight/stage6_noise/global_vs_conditional_error.pdf
validation/adversarial_overnight/stage6_noise/global_vs_conditional_error.png,numerical_validation/adversarial_overnight/stage6_noise/global_vs_conditional_error.png
validation/adversarial_overnight/stage6_noise/local_theory_comparison.pdf,numerical_validation/adversarial_overnight/stage6_noise/local_theory_comparison.pdf
validation/adversarial_overnight/stage6_noise/local_theory_comparison.png,numerical_validation/adversarial_overnight/stage6_noise/local_theory_comparison.png
validation/adversarial_overnight/stage6_noise/noiseless_roots.json,numerical_validation/adversarial_overnight/stage6_noise/noiseless_roots.json
validation/adversarial_overnight/stage6_noise/production_level.json,numerical_validation/adversarial_overnight/stage6_noise/production_level.json
validation/adversarial_overnight/stage6_noise/reduction_rule.json,numerical_validation/adversarial_overnight/stage6_noise/reduction_rule.json
validation/adversarial_overnight/stage6_noise/selection_probability.pdf,numerical_validation/adversarial_overnight/stage6_noise/selection_probability.pdf
validation/adversarial_overnight/stage6_noise/selection_probability.png,numerical_validation/adversarial_overnight/stage6_noise/selection_probability.png
validation/adversarial_overnight/stage6_noise/solver_invariance_6A.json,numerical_validation/adversarial_overnight/stage6_noise/solver_invariance_6A.json
validation/adversarial_overnight/stage6_noise/solver_invariance_6A_levelP.json,numerical_validation/adversarial_overnight/stage6_noise/solver_invariance_6A_levelP.json
validation/adversarial_overnight/stage6_noise/summary.csv,numerical_validation/adversarial_overnight/stage6_noise/summary.csv
validation/adversarial_overnight/stage6_noise/trials.csv,numerical_validation/adversarial_overnight/stage6_noise/trials.csv
validation/adversarial_overnight/stage7_numinv/DONE.json,numerical_validation/adversarial_overnight/stage7_numinv/DONE.json
validation/adversarial_overnight/stage7_numinv/analysis/S7_baseline_base.json,numerical_validation/adversarial_overnight/stage7_numinv/analysis/S7_baseline_base.json
validation/adversarial_overnight/stage7_numinv/analysis/S7_baseline_grid_coarse.json,numerical_validation/adversarial_overnight/stage7_numinv/analysis/S7_baseline_grid_coarse.json
validation/adversarial_overnight/stage7_numinv/analysis/S7_baseline_grid_fine.json,numerical_validation/adversarial_overnight/stage7_numinv/analysis/S7_baseline_grid_fine.json
validation/adversarial_overnight/stage7_numinv/analysis/S7_baseline_kgrid_16.json,numerical_validation/adversarial_overnight/stage7_numinv/analysis/S7_baseline_kgrid_16.json
validation/adversarial_overnight/stage7_numinv/analysis/S7_baseline_kgrid_200.json,numerical_validation/adversarial_overnight/stage7_numinv/analysis/S7_baseline_kgrid_200.json
validation/adversarial_overnight/stage7_numinv/analysis/S7_baseline_rand_128.json,numerical_validation/adversarial_overnight/stage7_numinv/analysis/S7_baseline_rand_128.json
validation/adversarial_overnight/stage7_numinv/analysis/S7_baseline_rand_8.json,numerical_validation/adversarial_overnight/stage7_numinv/analysis/S7_baseline_rand_8.json
validation/adversarial_overnight/stage7_numinv/analysis/S7_baseline_tol_1e-11.json,numerical_validation/adversarial_overnight/stage7_numinv/analysis/S7_baseline_tol_1e-11.json
validation/adversarial_overnight/stage7_numinv/analysis/S7_baseline_tol_1e-7.json,numerical_validation/adversarial_overnight/stage7_numinv/analysis/S7_baseline_tol_1e-7.json
validation/adversarial_overnight/stage7_numinv/analysis/S7_fixeddelta0p2_z0p2_base.json,numerical_validation/adversarial_overnight/stage7_numinv/analysis/S7_fixeddelta0p2_z0p2_base.json
validation/adversarial_overnight/stage7_numinv/analysis/S7_fixeddelta0p2_z0p2_grid_coarse.json,numerical_validation/adversarial_overnight/stage7_numinv/analysis/S7_fixeddelta0p2_z0p2_grid_coarse.json
validation/adversarial_overnight/stage7_numinv/analysis/S7_fixeddelta0p2_z0p2_grid_fine.json,numerical_validation/adversarial_overnight/stage7_numinv/analysis/S7_fixeddelta0p2_z0p2_grid_fine.json
validation/adversarial_overnight/stage7_numinv/analysis/S7_fixeddelta0p2_z0p2_kgrid_16.json,numerical_validation/adversarial_overnight/stage7_numinv/analysis/S7_fixeddelta0p2_z0p2_kgrid_16.json
validation/adversarial_overnight/stage7_numinv/analysis/S7_fixeddelta0p2_z0p2_kgrid_200.json,numerical_validation/adversarial_overnight/stage7_numinv/analysis/S7_fixeddelta0p2_z0p2_kgrid_200.json
validation/adversarial_overnight/stage7_numinv/analysis/S7_fixeddelta0p2_z0p2_rand_128.json,numerical_validation/adversarial_overnight/stage7_numinv/analysis/S7_fixeddelta0p2_z0p2_rand_128.json
validation/adversarial_overnight/stage7_numinv/analysis/S7_fixeddelta0p2_z0p2_rand_8.json,numerical_validation/adversarial_overnight/stage7_numinv/analysis/S7_fixeddelta0p2_z0p2_rand_8.json
validation/adversarial_overnight/stage7_numinv/analysis/S7_fixeddelta0p2_z0p2_tol_1e-11.json,numerical_validation/adversarial_overnight/stage7_numinv/analysis/S7_fixeddelta0p2_z0p2_tol_1e-11.json
validation/adversarial_overnight/stage7_numinv/analysis/S7_fixeddelta0p2_z0p2_tol_1e-7.json,numerical_validation/adversarial_overnight/stage7_numinv/analysis/S7_fixeddelta0p2_z0p2_tol_1e-7.json
validation/adversarial_overnight/stage7_numinv/analysis/S7_hann_base.json,numerical_validation/adversarial_overnight/stage7_numinv/analysis/S7_hann_base.json
validation/adversarial_overnight/stage7_numinv/analysis/S7_hann_grid_coarse.json,numerical_validation/adversarial_overnight/stage7_numinv/analysis/S7_hann_grid_coarse.json
validation/adversarial_overnight/stage7_numinv/analysis/S7_hann_grid_fine.json,numerical_validation/adversarial_overnight/stage7_numinv/analysis/S7_hann_grid_fine.json
validation/adversarial_overnight/stage7_numinv/analysis/S7_hann_kgrid_16.json,numerical_validation/adversarial_overnight/stage7_numinv/analysis/S7_hann_kgrid_16.json
validation/adversarial_overnight/stage7_numinv/analysis/S7_hann_kgrid_200.json,numerical_validation/adversarial_overnight/stage7_numinv/analysis/S7_hann_kgrid_200.json
validation/adversarial_overnight/stage7_numinv/analysis/S7_hann_rand_128.json,numerical_validation/adversarial_overnight/stage7_numinv/analysis/S7_hann_rand_128.json
validation/adversarial_overnight/stage7_numinv/analysis/S7_hann_rand_8.json,numerical_validation/adversarial_overnight/stage7_numinv/analysis/S7_hann_rand_8.json
validation/adversarial_overnight/stage7_numinv/analysis/S7_hann_tol_1e-11.json,numerical_validation/adversarial_overnight/stage7_numinv/analysis/S7_hann_tol_1e-11.json
validation/adversarial_overnight/stage7_numinv/analysis/S7_hann_tol_1e-7.json,numerical_validation/adversarial_overnight/stage7_numinv/analysis/S7_hann_tol_1e-7.json
validation/adversarial_overnight/stage7_numinv/analysis/S7_kappa0p2_z0p5_base.json,numerical_validation/adversarial_overnight/stage7_numinv/analysis/S7_kappa0p2_z0p5_base.json
validation/adversarial_overnight/stage7_numinv/analysis/S7_kappa0p2_z0p5_grid_coarse.json,numerical_validation/adversarial_overnight/stage7_numinv/analysis/S7_kappa0p2_z0p5_grid_coarse.json
validation/adversarial_overnight/stage7_numinv/analysis/S7_kappa0p2_z0p5_grid_fine.json,numerical_validation/adversarial_overnight/stage7_numinv/analysis/S7_kappa0p2_z0p5_grid_fine.json
validation/adversarial_overnight/stage7_numinv/analysis/S7_kappa0p2_z0p5_kgrid_16.json,numerical_validation/adversarial_overnight/stage7_numinv/analysis/S7_kappa0p2_z0p5_kgrid_16.json
validation/adversarial_overnight/stage7_numinv/analysis/S7_kappa0p2_z0p5_kgrid_200.json,numerical_validation/adversarial_overnight/stage7_numinv/analysis/S7_kappa0p2_z0p5_kgrid_200.json
validation/adversarial_overnight/stage7_numinv/analysis/S7_kappa0p2_z0p5_rand_128.json,numerical_validation/adversarial_overnight/stage7_numinv/analysis/S7_kappa0p2_z0p5_rand_128.json
validation/adversarial_overnight/stage7_numinv/analysis/S7_kappa0p2_z0p5_rand_8.json,numerical_validation/adversarial_overnight/stage7_numinv/analysis/S7_kappa0p2_z0p5_rand_8.json
validation/adversarial_overnight/stage7_numinv/analysis/S7_kappa0p2_z0p5_tol_1e-11.json,numerical_validation/adversarial_overnight/stage7_numinv/analysis/S7_kappa0p2_z0p5_tol_1e-11.json
validation/adversarial_overnight/stage7_numinv/analysis/S7_kappa0p2_z0p5_tol_1e-7.json,numerical_validation/adversarial_overnight/stage7_numinv/analysis/S7_kappa0p2_z0p5_tol_1e-7.json
validation/adversarial_overnight/stage7_numinv/analysis/S7_weakest_margin_base.json,numerical_validation/adversarial_overnight/stage7_numinv/analysis/S7_weakest_margin_base.json
validation/adversarial_overnight/stage7_numinv/analysis/S7_weakest_margin_grid_coarse.json,numerical_validation/adversarial_overnight/stage7_numinv/analysis/S7_weakest_margin_grid_coarse.json
validation/adversarial_overnight/stage7_numinv/analysis/S7_weakest_margin_grid_fine.json,numerical_validation/adversarial_overnight/stage7_numinv/analysis/S7_weakest_margin_grid_fine.json
validation/adversarial_overnight/stage7_numinv/analysis/S7_weakest_margin_kgrid_16.json,numerical_validation/adversarial_overnight/stage7_numinv/analysis/S7_weakest_margin_kgrid_16.json
validation/adversarial_overnight/stage7_numinv/analysis/S7_weakest_margin_kgrid_200.json,numerical_validation/adversarial_overnight/stage7_numinv/analysis/S7_weakest_margin_kgrid_200.json
validation/adversarial_overnight/stage7_numinv/analysis/S7_weakest_margin_rand_128.json,numerical_validation/adversarial_overnight/stage7_numinv/analysis/S7_weakest_margin_rand_128.json
validation/adversarial_overnight/stage7_numinv/analysis/S7_weakest_margin_rand_8.json,numerical_validation/adversarial_overnight/stage7_numinv/analysis/S7_weakest_margin_rand_8.json
validation/adversarial_overnight/stage7_numinv/analysis/S7_weakest_margin_tol_1e-11.json,numerical_validation/adversarial_overnight/stage7_numinv/analysis/S7_weakest_margin_tol_1e-11.json
validation/adversarial_overnight/stage7_numinv/analysis/S7_weakest_margin_tol_1e-7.json,numerical_validation/adversarial_overnight/stage7_numinv/analysis/S7_weakest_margin_tol_1e-7.json
validation/adversarial_overnight/stage7_numinv/scan/S7_baseline_base.json,numerical_validation/adversarial_overnight/stage7_numinv/scan/S7_baseline_base.json
validation/adversarial_overnight/stage7_numinv/scan/S7_baseline_grid_coarse.json,numerical_validation/adversarial_overnight/stage7_numinv/scan/S7_baseline_grid_coarse.json
validation/adversarial_overnight/stage7_numinv/scan/S7_baseline_grid_fine.json,numerical_validation/adversarial_overnight/stage7_numinv/scan/S7_baseline_grid_fine.json
validation/adversarial_overnight/stage7_numinv/scan/S7_baseline_kgrid_16.json,numerical_validation/adversarial_overnight/stage7_numinv/scan/S7_baseline_kgrid_16.json
validation/adversarial_overnight/stage7_numinv/scan/S7_baseline_kgrid_200.json,numerical_validation/adversarial_overnight/stage7_numinv/scan/S7_baseline_kgrid_200.json
validation/adversarial_overnight/stage7_numinv/scan/S7_baseline_rand_128.json,numerical_validation/adversarial_overnight/stage7_numinv/scan/S7_baseline_rand_128.json
validation/adversarial_overnight/stage7_numinv/scan/S7_baseline_rand_8.json,numerical_validation/adversarial_overnight/stage7_numinv/scan/S7_baseline_rand_8.json
validation/adversarial_overnight/stage7_numinv/scan/S7_baseline_tol_1e-11.json,numerical_validation/adversarial_overnight/stage7_numinv/scan/S7_baseline_tol_1e-11.json
validation/adversarial_overnight/stage7_numinv/scan/S7_baseline_tol_1e-7.json,numerical_validation/adversarial_overnight/stage7_numinv/scan/S7_baseline_tol_1e-7.json
validation/adversarial_overnight/stage7_numinv/scan/S7_fixeddelta0p2_z0p2_base.json,numerical_validation/adversarial_overnight/stage7_numinv/scan/S7_fixeddelta0p2_z0p2_base.json
validation/adversarial_overnight/stage7_numinv/scan/S7_fixeddelta0p2_z0p2_base__ext.json,numerical_validation/adversarial_overnight/stage7_numinv/scan/S7_fixeddelta0p2_z0p2_base__ext.json
validation/adversarial_overnight/stage7_numinv/scan/S7_fixeddelta0p2_z0p2_grid_coarse.json,numerical_validation/adversarial_overnight/stage7_numinv/scan/S7_fixeddelta0p2_z0p2_grid_coarse.json
validation/adversarial_overnight/stage7_numinv/scan/S7_fixeddelta0p2_z0p2_grid_coarse__ext.json,numerical_validation/adversarial_overnight/stage7_numinv/scan/S7_fixeddelta0p2_z0p2_grid_coarse__ext.json
validation/adversarial_overnight/stage7_numinv/scan/S7_fixeddelta0p2_z0p2_grid_fine.json,numerical_validation/adversarial_overnight/stage7_numinv/scan/S7_fixeddelta0p2_z0p2_grid_fine.json
validation/adversarial_overnight/stage7_numinv/scan/S7_fixeddelta0p2_z0p2_grid_fine__ext.json,numerical_validation/adversarial_overnight/stage7_numinv/scan/S7_fixeddelta0p2_z0p2_grid_fine__ext.json
validation/adversarial_overnight/stage7_numinv/scan/S7_fixeddelta0p2_z0p2_kgrid_16.json,numerical_validation/adversarial_overnight/stage7_numinv/scan/S7_fixeddelta0p2_z0p2_kgrid_16.json
validation/adversarial_overnight/stage7_numinv/scan/S7_fixeddelta0p2_z0p2_kgrid_16__ext.json,numerical_validation/adversarial_overnight/stage7_numinv/scan/S7_fixeddelta0p2_z0p2_kgrid_16__ext.json
validation/adversarial_overnight/stage7_numinv/scan/S7_fixeddelta0p2_z0p2_kgrid_200.json,numerical_validation/adversarial_overnight/stage7_numinv/scan/S7_fixeddelta0p2_z0p2_kgrid_200.json
validation/adversarial_overnight/stage7_numinv/scan/S7_fixeddelta0p2_z0p2_kgrid_200__ext.json,numerical_validation/adversarial_overnight/stage7_numinv/scan/S7_fixeddelta0p2_z0p2_kgrid_200__ext.json
validation/adversarial_overnight/stage7_numinv/scan/S7_fixeddelta0p2_z0p2_rand_128.json,numerical_validation/adversarial_overnight/stage7_numinv/scan/S7_fixeddelta0p2_z0p2_rand_128.json
validation/adversarial_overnight/stage7_numinv/scan/S7_fixeddelta0p2_z0p2_rand_128__ext.json,numerical_validation/adversarial_overnight/stage7_numinv/scan/S7_fixeddelta0p2_z0p2_rand_128__ext.json
validation/adversarial_overnight/stage7_numinv/scan/S7_fixeddelta0p2_z0p2_rand_8.json,numerical_validation/adversarial_overnight/stage7_numinv/scan/S7_fixeddelta0p2_z0p2_rand_8.json
validation/adversarial_overnight/stage7_numinv/scan/S7_fixeddelta0p2_z0p2_rand_8__ext.json,numerical_validation/adversarial_overnight/stage7_numinv/scan/S7_fixeddelta0p2_z0p2_rand_8__ext.json
validation/adversarial_overnight/stage7_numinv/scan/S7_fixeddelta0p2_z0p2_tol_1e-11.json,numerical_validation/adversarial_overnight/stage7_numinv/scan/S7_fixeddelta0p2_z0p2_tol_1e-11.json
validation/adversarial_overnight/stage7_numinv/scan/S7_fixeddelta0p2_z0p2_tol_1e-11__ext.json,numerical_validation/adversarial_overnight/stage7_numinv/scan/S7_fixeddelta0p2_z0p2_tol_1e-11__ext.json
validation/adversarial_overnight/stage7_numinv/scan/S7_fixeddelta0p2_z0p2_tol_1e-7.json,numerical_validation/adversarial_overnight/stage7_numinv/scan/S7_fixeddelta0p2_z0p2_tol_1e-7.json
validation/adversarial_overnight/stage7_numinv/scan/S7_fixeddelta0p2_z0p2_tol_1e-7__ext.json,numerical_validation/adversarial_overnight/stage7_numinv/scan/S7_fixeddelta0p2_z0p2_tol_1e-7__ext.json
validation/adversarial_overnight/stage7_numinv/scan/S7_hann_base.json,numerical_validation/adversarial_overnight/stage7_numinv/scan/S7_hann_base.json
validation/adversarial_overnight/stage7_numinv/scan/S7_hann_grid_coarse.json,numerical_validation/adversarial_overnight/stage7_numinv/scan/S7_hann_grid_coarse.json
validation/adversarial_overnight/stage7_numinv/scan/S7_hann_grid_fine.json,numerical_validation/adversarial_overnight/stage7_numinv/scan/S7_hann_grid_fine.json
validation/adversarial_overnight/stage7_numinv/scan/S7_hann_kgrid_16.json,numerical_validation/adversarial_overnight/stage7_numinv/scan/S7_hann_kgrid_16.json
validation/adversarial_overnight/stage7_numinv/scan/S7_hann_kgrid_200.json,numerical_validation/adversarial_overnight/stage7_numinv/scan/S7_hann_kgrid_200.json
validation/adversarial_overnight/stage7_numinv/scan/S7_hann_rand_128.json,numerical_validation/adversarial_overnight/stage7_numinv/scan/S7_hann_rand_128.json
validation/adversarial_overnight/stage7_numinv/scan/S7_hann_rand_8.json,numerical_validation/adversarial_overnight/stage7_numinv/scan/S7_hann_rand_8.json
validation/adversarial_overnight/stage7_numinv/scan/S7_hann_tol_1e-11.json,numerical_validation/adversarial_overnight/stage7_numinv/scan/S7_hann_tol_1e-11.json
validation/adversarial_overnight/stage7_numinv/scan/S7_hann_tol_1e-7.json,numerical_validation/adversarial_overnight/stage7_numinv/scan/S7_hann_tol_1e-7.json
validation/adversarial_overnight/stage7_numinv/scan/S7_kappa0p2_z0p5_base.json,numerical_validation/adversarial_overnight/stage7_numinv/scan/S7_kappa0p2_z0p5_base.json
validation/adversarial_overnight/stage7_numinv/scan/S7_kappa0p2_z0p5_grid_coarse.json,numerical_validation/adversarial_overnight/stage7_numinv/scan/S7_kappa0p2_z0p5_grid_coarse.json
validation/adversarial_overnight/stage7_numinv/scan/S7_kappa0p2_z0p5_grid_fine.json,numerical_validation/adversarial_overnight/stage7_numinv/scan/S7_kappa0p2_z0p5_grid_fine.json
validation/adversarial_overnight/stage7_numinv/scan/S7_kappa0p2_z0p5_kgrid_16.json,numerical_validation/adversarial_overnight/stage7_numinv/scan/S7_kappa0p2_z0p5_kgrid_16.json
validation/adversarial_overnight/stage7_numinv/scan/S7_kappa0p2_z0p5_kgrid_200.json,numerical_validation/adversarial_overnight/stage7_numinv/scan/S7_kappa0p2_z0p5_kgrid_200.json
validation/adversarial_overnight/stage7_numinv/scan/S7_kappa0p2_z0p5_rand_128.json,numerical_validation/adversarial_overnight/stage7_numinv/scan/S7_kappa0p2_z0p5_rand_128.json
validation/adversarial_overnight/stage7_numinv/scan/S7_kappa0p2_z0p5_rand_8.json,numerical_validation/adversarial_overnight/stage7_numinv/scan/S7_kappa0p2_z0p5_rand_8.json
validation/adversarial_overnight/stage7_numinv/scan/S7_kappa0p2_z0p5_tol_1e-11.json,numerical_validation/adversarial_overnight/stage7_numinv/scan/S7_kappa0p2_z0p5_tol_1e-11.json
validation/adversarial_overnight/stage7_numinv/scan/S7_kappa0p2_z0p5_tol_1e-7.json,numerical_validation/adversarial_overnight/stage7_numinv/scan/S7_kappa0p2_z0p5_tol_1e-7.json
validation/adversarial_overnight/stage7_numinv/scan/S7_weakest_margin_base.json,numerical_validation/adversarial_overnight/stage7_numinv/scan/S7_weakest_margin_base.json
validation/adversarial_overnight/stage7_numinv/scan/S7_weakest_margin_grid_coarse.json,numerical_validation/adversarial_overnight/stage7_numinv/scan/S7_weakest_margin_grid_coarse.json
validation/adversarial_overnight/stage7_numinv/scan/S7_weakest_margin_grid_fine.json,numerical_validation/adversarial_overnight/stage7_numinv/scan/S7_weakest_margin_grid_fine.json
validation/adversarial_overnight/stage7_numinv/scan/S7_weakest_margin_kgrid_16.json,numerical_validation/adversarial_overnight/stage7_numinv/scan/S7_weakest_margin_kgrid_16.json
validation/adversarial_overnight/stage7_numinv/scan/S7_weakest_margin_kgrid_200.json,numerical_validation/adversarial_overnight/stage7_numinv/scan/S7_weakest_margin_kgrid_200.json
validation/adversarial_overnight/stage7_numinv/scan/S7_weakest_margin_rand_128.json,numerical_validation/adversarial_overnight/stage7_numinv/scan/S7_weakest_margin_rand_128.json
validation/adversarial_overnight/stage7_numinv/scan/S7_weakest_margin_rand_8.json,numerical_validation/adversarial_overnight/stage7_numinv/scan/S7_weakest_margin_rand_8.json
validation/adversarial_overnight/stage7_numinv/scan/S7_weakest_margin_tol_1e-11.json,numerical_validation/adversarial_overnight/stage7_numinv/scan/S7_weakest_margin_tol_1e-11.json
validation/adversarial_overnight/stage7_numinv/scan/S7_weakest_margin_tol_1e-7.json,numerical_validation/adversarial_overnight/stage7_numinv/scan/S7_weakest_margin_tol_1e-7.json
validation/adversarial_overnight/stage7_numinv/variant_table.csv,numerical_validation/adversarial_overnight/stage7_numinv/variant_table.csv
validation/adversarial_overnight/stage8_real/DONE.json,numerical_validation/adversarial_overnight/stage8_real/DONE.json
validation/adversarial_overnight/tools/finalize.py,numerical_validation/adversarial_overnight/tools/finalize.py
validation/adversarial_overnight/tools/freeze_tool.py,numerical_validation/adversarial_overnight/tools/freeze_tool.py
validation/adversarial_overnight/tools/integrity_check.py,numerical_validation/adversarial_overnight/tools/integrity_check.py
validation/adversarial_overnight/tools/make_reports.py,numerical_validation/adversarial_overnight/tools/make_reports.py
validation/adversarial_overnight/tools/posthoc_stage2.py,numerical_validation/adversarial_overnight/tools/posthoc_stage2.py
validation/adversarial_overnight/tools/posthoc_stage2_fig.py,numerical_validation/adversarial_overnight/tools/posthoc_stage2_fig.py
validation/adversarial_overnight/tools/posthoc_stage6.py,numerical_validation/adversarial_overnight/tools/posthoc_stage6.py
validation/adversarial_overnight/tools/replay_sandbox.py,numerical_validation/adversarial_overnight/tools/replay_sandbox.py
validation/adversarial_overnight/tools/report_stage2.py,numerical_validation/adversarial_overnight/tools/report_stage2.py
validation/adversarial_overnight/tools/report_stages346.py,numerical_validation/adversarial_overnight/tools/report_stages346.py
validation/adversarial_overnight/window_minima.npz,numerical_validation/adversarial_overnight/window_minima.npz
validation/adversarial_overnight/window_report.md,numerical_validation/adversarial_overnight/window_report.md
validation/adversarial_overnight/window_summary.csv,numerical_validation/adversarial_overnight/window_summary.csv
z_continuation_vs_asymptotics.csv,numerical_validation/analysis/z_continuation_vs_asymptotics.csv
