lo,hi,predicate
128.9375,129.0,derivative_excluded
128.875,128.9375,derivative_excluded
128.84375,128.875,derivative_excluded
128.8125,128.84375,derivative_excluded
128.78125,128.8125,derivative_excluded
128.75,128.78125,derivative_excluded
128.71875,128.75,derivative_excluded
128.6875,128.71875,derivative_excluded
128.65625,128.6875,derivative_excluded
128.625,128.65625,derivative_excluded
128.609375,128.625,derivative_excluded
128.59375,128.609375,derivative_excluded
128.578125,128.59375,derivative_excluded
128.5625,128.578125,derivative_excluded
128.546875,128.5625,derivative_excluded
128.53125,128.546875,derivative_excluded
128.515625,128.53125,derivative_excluded
128.5,128.515625,derivative_excluded
128.484375,128.5,derivative_excluded
128.4765625,128.484375,derivative_excluded
128.46875,128.4765625,derivative_excluded
128.4609375,128.46875,derivative_excluded
128.453125,128.4609375,derivative_excluded
128.4453125,128.453125,derivative_excluded
128.4375,128.4453125,derivative_excluded
128.4296875,128.4375,derivative_excluded
128.421875,128.4296875,derivative_excluded
128.41796875,128.421875,derivative_excluded
128.4140625,128.41796875,derivative_excluded
128.41015625,128.4140625,derivative_excluded
128.40625,128.41015625,derivative_excluded
128.40234375,128.40625,derivative_excluded
128.3984375,128.40234375,derivative_excluded
128.39453125,128.3984375,derivative_excluded
128.390625,128.39453125,derivative_excluded
128.38671875,128.390625,derivative_excluded
128.384765625,128.38671875,derivative_excluded
128.3828125,128.384765625,derivative_excluded
128.380859375,128.3828125,derivative_excluded
128.37890625,128.380859375,derivative_excluded
128.376953125,128.37890625,derivative_excluded
128.375,128.376953125,derivative_excluded
128.25,128.375,unique_root
128.2421875,128.25,derivative_excluded
128.234375,128.2421875,derivative_excluded
128.2265625,128.234375,derivative_excluded
128.21875,128.2265625,derivative_excluded
128.203125,128.21875,derivative_excluded
128.1875,128.203125,derivative_excluded
128.171875,128.1875,derivative_excluded
128.15625,128.171875,derivative_excluded
128.140625,128.15625,derivative_excluded
128.125,128.140625,derivative_excluded
128.109375,128.125,derivative_excluded
128.09375,128.109375,derivative_excluded
128.0625,128.09375,derivative_excluded
128.03125,128.0625,derivative_excluded
128.0,128.03125,derivative_excluded
127.96875,128.0,derivative_excluded
127.9375,127.96875,derivative_excluded
127.90625,127.9375,derivative_excluded
127.875,127.90625,derivative_excluded
127.84375,127.875,derivative_excluded
127.8125,127.84375,derivative_excluded
127.75,127.8125,derivative_excluded
127.6875,127.75,derivative_excluded
127.625,127.6875,derivative_excluded
127.5625,127.625,derivative_excluded
127.5,127.5625,derivative_excluded
127.4375,127.5,derivative_excluded
127.375,127.4375,derivative_excluded
127.25,127.375,derivative_excluded
127.125,127.25,derivative_excluded
127.0,127.125,derivative_excluded
126.875,127.0,derivative_excluded
126.75,126.875,derivative_excluded
126.625,126.75,derivative_excluded
126.5,126.625,derivative_excluded
126.4375,126.5,derivative_excluded
126.375,126.4375,derivative_excluded
126.3125,126.375,derivative_excluded
126.25,126.3125,derivative_excluded
126.1875,126.25,derivative_excluded
126.125,126.1875,derivative_excluded
126.0625,126.125,derivative_excluded
126.0,126.0625,derivative_excluded
125.9375,126.0,derivative_excluded
125.875,125.9375,derivative_excluded
125.84375,125.875,derivative_excluded
125.8125,125.84375,derivative_excluded
125.78125,125.8125,derivative_excluded
125.75,125.78125,derivative_excluded
125.71875,125.75,derivative_excluded
125.6875,125.71875,derivative_excluded
125.65625,125.6875,derivative_excluded
125.625,125.65625,derivative_excluded
125.59375,125.625,derivative_excluded
125.5625,125.59375,derivative_excluded
125.546875,125.5625,derivative_excluded
125.53125,125.546875,derivative_excluded
125.515625,125.53125,derivative_excluded
125.5,125.515625,derivative_excluded
125.484375,125.5,derivative_excluded
125.46875,125.484375,derivative_excluded
125.453125,125.46875,derivative_excluded
125.4375,125.453125,derivative_excluded
125.421875,125.4375,derivative_excluded
125.40625,125.421875,derivative_excluded
125.390625,125.40625,derivative_excluded
125.375,125.390625,derivative_excluded
125.3671875,125.375,derivative_excluded
125.359375,125.3671875,derivative_excluded
125.3515625,125.359375,derivative_excluded
125.34375,125.3515625,derivative_excluded
125.3359375,125.34375,derivative_excluded
125.328125,125.3359375,derivative_excluded
125.3203125,125.328125,derivative_excluded
125.3125,125.3203125,derivative_excluded
125.3046875,125.3125,derivative_excluded
125.296875,125.3046875,derivative_excluded
125.29296875,125.296875,derivative_excluded
125.2890625,125.29296875,derivative_excluded
125.28515625,125.2890625,derivative_excluded
125.28125,125.28515625,derivative_excluded
125.27734375,125.28125,derivative_excluded
125.2734375,125.27734375,derivative_excluded
125.26953125,125.2734375,derivative_excluded
125.265625,125.26953125,derivative_excluded
125.26171875,125.265625,derivative_excluded
125.2578125,125.26171875,derivative_excluded
125.25390625,125.2578125,derivative_excluded
125.25,125.25390625,derivative_excluded
125.125,125.25,unique_root
125.12109375,125.125,derivative_excluded
125.1171875,125.12109375,derivative_excluded
125.109375,125.1171875,derivative_excluded
125.1015625,125.109375,derivative_excluded
125.09375,125.1015625,derivative_excluded
125.0859375,125.09375,derivative_excluded
125.078125,125.0859375,derivative_excluded
125.0703125,125.078125,derivative_excluded
125.0625,125.0703125,derivative_excluded
125.0546875,125.0625,derivative_excluded
125.046875,125.0546875,derivative_excluded
125.0390625,125.046875,derivative_excluded
125.03125,125.0390625,derivative_excluded
125.015625,125.03125,derivative_excluded
125.0,125.015625,derivative_excluded
124.984375,125.0,derivative_excluded
124.96875,124.984375,derivative_excluded
124.953125,124.96875,derivative_excluded
124.9375,124.953125,derivative_excluded
124.921875,124.9375,derivative_excluded
124.90625,124.921875,derivative_excluded
124.890625,124.90625,derivative_excluded
124.875,124.890625,derivative_excluded
124.859375,124.875,derivative_excluded
124.84375,124.859375,derivative_excluded
124.8125,124.84375,derivative_excluded
124.78125,124.8125,derivative_excluded
124.75,124.78125,derivative_excluded
124.71875,124.75,derivative_excluded
124.6875,124.71875,derivative_excluded
124.65625,124.6875,derivative_excluded
124.625,124.65625,derivative_excluded
124.59375,124.625,derivative_excluded
124.5625,124.59375,derivative_excluded
124.53125,124.5625,derivative_excluded
124.5,124.53125,derivative_excluded
124.4375,124.5,derivative_excluded
124.375,124.4375,derivative_excluded
124.3125,124.375,derivative_excluded
124.25,124.3125,derivative_excluded
124.1875,124.25,derivative_excluded
124.125,124.1875,derivative_excluded
124.0625,124.125,derivative_excluded
124.0,124.0625,derivative_excluded
123.9375,124.0,derivative_excluded
123.875,123.9375,derivative_excluded
123.8125,123.875,derivative_excluded
123.75,123.8125,derivative_excluded
123.625,123.75,derivative_excluded
123.5,123.625,derivative_excluded
123.375,123.5,derivative_excluded
123.25,123.375,derivative_excluded
123.125,123.25,derivative_excluded
123.0,123.125,derivative_excluded
122.9375,123.0,derivative_excluded
122.875,122.9375,derivative_excluded
122.8125,122.875,derivative_excluded
122.75,122.8125,derivative_excluded
122.6875,122.75,derivative_excluded
122.625,122.6875,derivative_excluded
122.5625,122.625,derivative_excluded
122.5,122.5625,derivative_excluded
122.46875,122.5,derivative_excluded
122.4375,122.46875,derivative_excluded
122.40625,122.4375,derivative_excluded
122.375,122.40625,derivative_excluded
122.34375,122.375,derivative_excluded
122.3125,122.34375,derivative_excluded
122.28125,122.3125,derivative_excluded
122.265625,122.28125,derivative_excluded
122.25,122.265625,derivative_excluded
122.234375,122.25,derivative_excluded
122.21875,122.234375,derivative_excluded
122.203125,122.21875,derivative_excluded
122.1875,122.203125,derivative_excluded
122.171875,122.1875,derivative_excluded
122.1640625,122.171875,derivative_excluded
122.15625,122.1640625,derivative_excluded
122.1484375,122.15625,derivative_excluded
122.140625,122.1484375,derivative_excluded
122.1328125,122.140625,derivative_excluded
122.125,122.1328125,derivative_excluded
122.0,122.125,unique_root
121.99609375,122.0,derivative_excluded
121.9921875,121.99609375,derivative_excluded
121.984375,121.9921875,derivative_excluded
121.9765625,121.984375,derivative_excluded
121.96875,121.9765625,derivative_excluded
121.9609375,121.96875,derivative_excluded
121.953125,121.9609375,derivative_excluded
121.9453125,121.953125,derivative_excluded
121.9375,121.9453125,derivative_excluded
121.921875,121.9375,derivative_excluded
121.90625,121.921875,derivative_excluded
121.890625,121.90625,derivative_excluded
121.875,121.890625,derivative_excluded
121.859375,121.875,derivative_excluded
121.84375,121.859375,derivative_excluded
121.828125,121.84375,derivative_excluded
121.8125,121.828125,derivative_excluded
121.78125,121.8125,derivative_excluded
121.75,121.78125,derivative_excluded
121.71875,121.75,derivative_excluded
121.6875,121.71875,derivative_excluded
121.65625,121.6875,derivative_excluded
121.625,121.65625,derivative_excluded
121.59375,121.625,derivative_excluded
121.5625,121.59375,derivative_excluded
121.5,121.5625,derivative_excluded
121.4375,121.5,derivative_excluded
121.375,121.4375,derivative_excluded
121.3125,121.375,derivative_excluded
121.25,121.3125,derivative_excluded
121.1875,121.25,derivative_excluded
121.125,121.1875,derivative_excluded
121.0625,121.125,derivative_excluded
121.0,121.0625,derivative_excluded
120.875,121.0,derivative_excluded
120.75,120.875,derivative_excluded
120.625,120.75,derivative_excluded
120.5,120.625,derivative_excluded
120.375,120.5,derivative_excluded
120.25,120.375,derivative_excluded
120.125,120.25,derivative_excluded
120.0,120.125,derivative_excluded
119.9375,120.0,derivative_excluded
119.875,119.9375,derivative_excluded
119.8125,119.875,derivative_excluded
119.75,119.8125,derivative_excluded
119.6875,119.75,derivative_excluded
119.625,119.6875,derivative_excluded
119.5625,119.625,derivative_excluded
119.5,119.5625,derivative_excluded
119.46875,119.5,derivative_excluded
119.4375,119.46875,derivative_excluded
119.40625,119.4375,derivative_excluded
119.375,119.40625,derivative_excluded
119.34375,119.375,derivative_excluded
119.3125,119.34375,derivative_excluded
119.28125,119.3125,derivative_excluded
119.25,119.28125,derivative_excluded
119.21875,119.25,derivative_excluded
119.1875,119.21875,derivative_excluded
119.171875,119.1875,derivative_excluded
119.15625,119.171875,derivative_excluded
119.140625,119.15625,derivative_excluded
119.125,119.140625,derivative_excluded
119.109375,119.125,derivative_excluded
119.09375,119.109375,derivative_excluded
119.078125,119.09375,derivative_excluded
119.0625,119.078125,derivative_excluded
119.0546875,119.0625,derivative_excluded
119.046875,119.0546875,derivative_excluded
119.0390625,119.046875,derivative_excluded
119.03125,119.0390625,derivative_excluded
119.0234375,119.03125,derivative_excluded
119.015625,119.0234375,derivative_excluded
119.0078125,119.015625,derivative_excluded
119.0,119.0078125,derivative_excluded
118.875,119.0,unique_root
118.87109375,118.875,derivative_excluded
118.8671875,118.87109375,derivative_excluded
118.86328125,118.8671875,derivative_excluded
118.859375,118.86328125,derivative_excluded
118.85546875,118.859375,derivative_excluded
118.8515625,118.85546875,derivative_excluded
118.84765625,118.8515625,derivative_excluded
118.84375,118.84765625,derivative_excluded
118.83984375,118.84375,derivative_excluded
118.8359375,118.83984375,derivative_excluded
118.828125,118.8359375,derivative_excluded
118.8203125,118.828125,derivative_excluded
118.8125,118.8203125,derivative_excluded
118.8046875,118.8125,derivative_excluded
118.796875,118.8046875,derivative_excluded
118.7890625,118.796875,derivative_excluded
118.78125,118.7890625,derivative_excluded
118.7734375,118.78125,derivative_excluded
118.765625,118.7734375,derivative_excluded
118.75,118.765625,derivative_excluded
118.734375,118.75,derivative_excluded
118.71875,118.734375,derivative_excluded
118.703125,118.71875,derivative_excluded
118.6875,118.703125,derivative_excluded
118.671875,118.6875,derivative_excluded
118.65625,118.671875,derivative_excluded
118.640625,118.65625,derivative_excluded
118.625,118.640625,derivative_excluded
118.59375,118.625,derivative_excluded
118.5625,118.59375,derivative_excluded
118.53125,118.5625,derivative_excluded
118.5,118.53125,derivative_excluded
118.46875,118.5,derivative_excluded
118.4375,118.46875,derivative_excluded
118.40625,118.4375,derivative_excluded
118.375,118.40625,derivative_excluded
118.34375,118.375,derivative_excluded
118.3125,118.34375,derivative_excluded
118.25,118.3125,derivative_excluded
118.1875,118.25,derivative_excluded
118.125,118.1875,derivative_excluded
118.0625,118.125,derivative_excluded
118.0,118.0625,derivative_excluded
117.9375,118.0,derivative_excluded
117.875,117.9375,derivative_excluded
117.8125,117.875,derivative_excluded
117.75,117.8125,derivative_excluded
117.6875,117.75,derivative_excluded
117.625,117.6875,derivative_excluded
117.5,117.625,derivative_excluded
117.375,117.5,derivative_excluded
117.25,117.375,derivative_excluded
117.125,117.25,derivative_excluded
117.0,117.125,derivative_excluded
116.875,117.0,derivative_excluded
116.75,116.875,derivative_excluded
116.625,116.75,derivative_excluded
116.5625,116.625,derivative_excluded
116.5,116.5625,derivative_excluded
116.4375,116.5,derivative_excluded
116.375,116.4375,derivative_excluded
116.3125,116.375,derivative_excluded
116.25,116.3125,derivative_excluded
116.1875,116.25,derivative_excluded
116.15625,116.1875,derivative_excluded
116.125,116.15625,derivative_excluded
116.09375,116.125,derivative_excluded
116.0625,116.09375,derivative_excluded
116.03125,116.0625,derivative_excluded
116.0,116.03125,derivative_excluded
115.96875,116.0,derivative_excluded
115.953125,115.96875,derivative_excluded
115.9375,115.953125,derivative_excluded
115.921875,115.9375,derivative_excluded
115.90625,115.921875,derivative_excluded
115.890625,115.90625,derivative_excluded
115.875,115.890625,derivative_excluded
115.75,115.875,unique_root
115.7498779296875,115.75,derivative_excluded
115.749755859375,115.7498779296875,derivative_excluded
115.7496337890625,115.749755859375,derivative_excluded
115.74951171875,115.7496337890625,derivative_excluded
115.7493896484375,115.74951171875,derivative_excluded
115.749267578125,115.7493896484375,derivative_excluded
115.7491455078125,115.749267578125,derivative_excluded
115.7490234375,115.7491455078125,derivative_excluded
115.748779296875,115.7490234375,derivative_excluded
115.74853515625,115.748779296875,derivative_excluded
115.748291015625,115.74853515625,derivative_excluded
115.748046875,115.748291015625,derivative_excluded
115.747802734375,115.748046875,derivative_excluded
115.74755859375,115.747802734375,derivative_excluded
115.7470703125,115.74755859375,derivative_excluded
115.74658203125,115.7470703125,derivative_excluded
115.74609375,115.74658203125,derivative_excluded
115.74560546875,115.74609375,derivative_excluded
115.7451171875,115.74560546875,derivative_excluded
115.74462890625,115.7451171875,derivative_excluded
115.744140625,115.74462890625,derivative_excluded
115.7431640625,115.744140625,derivative_excluded
115.7421875,115.7431640625,derivative_excluded
115.7412109375,115.7421875,derivative_excluded
115.740234375,115.7412109375,derivative_excluded
115.7392578125,115.740234375,derivative_excluded
115.73828125,115.7392578125,derivative_excluded
115.736328125,115.73828125,derivative_excluded
115.734375,115.736328125,derivative_excluded
115.732421875,115.734375,derivative_excluded
115.73046875,115.732421875,derivative_excluded
115.728515625,115.73046875,derivative_excluded
115.7265625,115.728515625,derivative_excluded
115.724609375,115.7265625,derivative_excluded
115.72265625,115.724609375,derivative_excluded
115.71875,115.72265625,derivative_excluded
115.71484375,115.71875,derivative_excluded
115.7109375,115.71484375,derivative_excluded
115.70703125,115.7109375,derivative_excluded
115.703125,115.70703125,derivative_excluded
115.69921875,115.703125,derivative_excluded
115.6953125,115.69921875,derivative_excluded
115.6875,115.6953125,derivative_excluded
115.6796875,115.6875,derivative_excluded
115.671875,115.6796875,derivative_excluded
115.6640625,115.671875,derivative_excluded
115.65625,115.6640625,derivative_excluded
115.6484375,115.65625,derivative_excluded
115.640625,115.6484375,derivative_excluded
115.625,115.640625,derivative_excluded
115.609375,115.625,derivative_excluded
115.59375,115.609375,derivative_excluded
115.578125,115.59375,derivative_excluded
115.5625,115.578125,derivative_excluded
115.546875,115.5625,derivative_excluded
115.53125,115.546875,derivative_excluded
115.5,115.53125,derivative_excluded
115.46875,115.5,derivative_excluded
115.4375,115.46875,derivative_excluded
115.40625,115.4375,derivative_excluded
115.375,115.40625,derivative_excluded
115.34375,115.375,derivative_excluded
115.3125,115.34375,derivative_excluded
115.25,115.3125,derivative_excluded
115.1875,115.25,derivative_excluded
115.125,115.1875,derivative_excluded
115.0625,115.125,derivative_excluded
115.0,115.0625,derivative_excluded
114.9375,115.0,derivative_excluded
114.875,114.9375,derivative_excluded
114.75,114.875,derivative_excluded
114.625,114.75,derivative_excluded
114.5,114.625,derivative_excluded
114.375,114.5,derivative_excluded
114.25,114.375,derivative_excluded
114.125,114.25,derivative_excluded
114.0,114.125,derivative_excluded
113.875,114.0,derivative_excluded
113.75,113.875,derivative_excluded
113.6875,113.75,derivative_excluded
113.625,113.6875,derivative_excluded
113.5625,113.625,derivative_excluded
113.5,113.5625,derivative_excluded
113.4375,113.5,derivative_excluded
113.375,113.4375,derivative_excluded
113.3125,113.375,derivative_excluded
113.25,113.3125,derivative_excluded
113.1875,113.25,derivative_excluded
113.15625,113.1875,derivative_excluded
113.125,113.15625,derivative_excluded
113.09375,113.125,derivative_excluded
113.0625,113.09375,derivative_excluded
113.03125,113.0625,derivative_excluded
113.0,113.03125,derivative_excluded
112.96875,113.0,derivative_excluded
112.9375,112.96875,derivative_excluded
112.90625,112.9375,derivative_excluded
112.875,112.90625,derivative_excluded
112.859375,112.875,derivative_excluded
112.84375,112.859375,derivative_excluded
112.828125,112.84375,derivative_excluded
112.8125,112.828125,derivative_excluded
112.796875,112.8125,derivative_excluded
112.78125,112.796875,derivative_excluded
112.765625,112.78125,derivative_excluded
112.75,112.765625,derivative_excluded
112.7421875,112.75,derivative_excluded
112.734375,112.7421875,derivative_excluded
112.7265625,112.734375,derivative_excluded
112.71875,112.7265625,derivative_excluded
112.7109375,112.71875,derivative_excluded
112.703125,112.7109375,derivative_excluded
112.6953125,112.703125,derivative_excluded
112.6875,112.6953125,derivative_excluded
112.6796875,112.6875,derivative_excluded
112.67578125,112.6796875,derivative_excluded
112.671875,112.67578125,derivative_excluded
112.66796875,112.671875,derivative_excluded
112.6640625,112.66796875,derivative_excluded
112.66015625,112.6640625,derivative_excluded
112.65625,112.66015625,derivative_excluded
112.65234375,112.65625,derivative_excluded
112.6484375,112.65234375,derivative_excluded
112.646484375,112.6484375,derivative_excluded
112.64453125,112.646484375,derivative_excluded
112.642578125,112.64453125,derivative_excluded
112.640625,112.642578125,derivative_excluded
112.638671875,112.640625,derivative_excluded
112.63671875,112.638671875,derivative_excluded
112.634765625,112.63671875,derivative_excluded
112.6328125,112.634765625,derivative_excluded
112.630859375,112.6328125,derivative_excluded
112.62890625,112.630859375,derivative_excluded
112.6279296875,112.62890625,derivative_excluded
112.626953125,112.6279296875,derivative_excluded
112.6259765625,112.626953125,derivative_excluded
112.625,112.6259765625,derivative_excluded
112.5,112.625,unique_root
112.4921875,112.5,derivative_excluded
112.484375,112.4921875,derivative_excluded
112.4765625,112.484375,derivative_excluded
112.46875,112.4765625,derivative_excluded
112.453125,112.46875,derivative_excluded
112.4375,112.453125,derivative_excluded
112.421875,112.4375,derivative_excluded
112.40625,112.421875,derivative_excluded
112.390625,112.40625,derivative_excluded
112.375,112.390625,derivative_excluded
112.359375,112.375,derivative_excluded
112.34375,112.359375,derivative_excluded
112.328125,112.34375,derivative_excluded
112.3125,112.328125,derivative_excluded
112.28125,112.3125,derivative_excluded
112.25,112.28125,derivative_excluded
112.21875,112.25,derivative_excluded
112.1875,112.21875,derivative_excluded
112.15625,112.1875,derivative_excluded
112.125,112.15625,derivative_excluded
112.09375,112.125,derivative_excluded
112.0625,112.09375,derivative_excluded
112.03125,112.0625,derivative_excluded
112.0,112.03125,derivative_excluded
111.9375,112.0,derivative_excluded
111.875,111.9375,derivative_excluded
111.8125,111.875,derivative_excluded
111.75,111.8125,derivative_excluded
111.6875,111.75,derivative_excluded
111.625,111.6875,derivative_excluded
111.5625,111.625,derivative_excluded
111.5,111.5625,derivative_excluded
111.4375,111.5,derivative_excluded
111.375,111.4375,derivative_excluded
111.25,111.375,derivative_excluded
111.125,111.25,derivative_excluded
111.0,111.125,derivative_excluded
110.875,111.0,derivative_excluded
110.75,110.875,derivative_excluded
110.625,110.75,derivative_excluded
110.5,110.625,derivative_excluded
110.375,110.5,derivative_excluded
110.25,110.375,derivative_excluded
110.1875,110.25,derivative_excluded
110.125,110.1875,derivative_excluded
110.0625,110.125,derivative_excluded
110.0,110.0625,derivative_excluded
109.9375,110.0,derivative_excluded
109.875,109.9375,derivative_excluded
109.84375,109.875,derivative_excluded
109.8125,109.84375,derivative_excluded
109.78125,109.8125,derivative_excluded
109.75,109.78125,derivative_excluded
109.71875,109.75,derivative_excluded
109.6875,109.71875,derivative_excluded
109.65625,109.6875,derivative_excluded
109.640625,109.65625,derivative_excluded
109.625,109.640625,derivative_excluded
109.609375,109.625,derivative_excluded
109.59375,109.609375,derivative_excluded
109.578125,109.59375,derivative_excluded
109.5625,109.578125,derivative_excluded
109.546875,109.5625,derivative_excluded
109.5390625,109.546875,derivative_excluded
109.53125,109.5390625,derivative_excluded
109.5234375,109.53125,derivative_excluded
109.515625,109.5234375,derivative_excluded
109.5078125,109.515625,derivative_excluded
109.5,109.5078125,derivative_excluded
109.375,109.5,unique_root
109.3671875,109.375,derivative_excluded
109.359375,109.3671875,derivative_excluded
109.3515625,109.359375,derivative_excluded
109.34375,109.3515625,derivative_excluded
109.328125,109.34375,derivative_excluded
109.3125,109.328125,derivative_excluded
109.296875,109.3125,derivative_excluded
109.28125,109.296875,derivative_excluded
109.265625,109.28125,derivative_excluded
109.25,109.265625,derivative_excluded
109.21875,109.25,derivative_excluded
109.1875,109.21875,derivative_excluded
109.15625,109.1875,derivative_excluded
109.125,109.15625,derivative_excluded
109.09375,109.125,derivative_excluded
109.0625,109.09375,derivative_excluded
109.03125,109.0625,derivative_excluded
109.0,109.03125,derivative_excluded
108.9375,109.0,derivative_excluded
108.875,108.9375,derivative_excluded
108.8125,108.875,derivative_excluded
108.75,108.8125,derivative_excluded
108.6875,108.75,derivative_excluded
108.625,108.6875,derivative_excluded
108.5,108.625,derivative_excluded
108.375,108.5,derivative_excluded
108.25,108.375,derivative_excluded
108.125,108.25,derivative_excluded
108.0,108.125,derivative_excluded
107.875,108.0,derivative_excluded
107.75,107.875,derivative_excluded
107.625,107.75,derivative_excluded
107.5,107.625,derivative_excluded
107.375,107.5,derivative_excluded
107.3125,107.375,derivative_excluded
107.25,107.3125,derivative_excluded
107.1875,107.25,derivative_excluded
107.125,107.1875,derivative_excluded
107.0625,107.125,derivative_excluded
107.0,107.0625,derivative_excluded
106.9375,107.0,derivative_excluded
106.875,106.9375,derivative_excluded
106.84375,106.875,derivative_excluded
106.8125,106.84375,derivative_excluded
106.78125,106.8125,derivative_excluded
106.75,106.78125,derivative_excluded
106.71875,106.75,derivative_excluded
106.6875,106.71875,derivative_excluded
106.65625,106.6875,derivative_excluded
106.625,106.65625,derivative_excluded
106.59375,106.625,derivative_excluded
106.578125,106.59375,derivative_excluded
106.5625,106.578125,derivative_excluded
106.546875,106.5625,derivative_excluded
106.53125,106.546875,derivative_excluded
106.515625,106.53125,derivative_excluded
106.5,106.515625,derivative_excluded
106.484375,106.5,derivative_excluded
106.46875,106.484375,derivative_excluded
106.453125,106.46875,derivative_excluded
106.4453125,106.453125,derivative_excluded
106.4375,106.4453125,derivative_excluded
106.4296875,106.4375,derivative_excluded
106.421875,106.4296875,derivative_excluded
106.4140625,106.421875,derivative_excluded
106.40625,106.4140625,derivative_excluded
106.3984375,106.40625,derivative_excluded
106.390625,106.3984375,derivative_excluded
106.3828125,106.390625,derivative_excluded
106.37890625,106.3828125,derivative_excluded
106.375,106.37890625,derivative_excluded
106.25,106.375,unique_root
106.2421875,106.25,derivative_excluded
106.234375,106.2421875,derivative_excluded
106.2265625,106.234375,derivative_excluded
106.21875,106.2265625,derivative_excluded
106.2109375,106.21875,derivative_excluded
106.203125,106.2109375,derivative_excluded
106.1953125,106.203125,derivative_excluded
106.1875,106.1953125,derivative_excluded
106.1796875,106.1875,derivative_excluded
106.171875,106.1796875,derivative_excluded
106.15625,106.171875,derivative_excluded
106.140625,106.15625,derivative_excluded
106.125,106.140625,derivative_excluded
106.109375,106.125,derivative_excluded
106.09375,106.109375,derivative_excluded
106.078125,106.09375,derivative_excluded
106.0625,106.078125,derivative_excluded
106.046875,106.0625,derivative_excluded
106.03125,106.046875,derivative_excluded
106.0,106.03125,derivative_excluded
105.96875,106.0,derivative_excluded
105.9375,105.96875,derivative_excluded
105.90625,105.9375,derivative_excluded
105.875,105.90625,derivative_excluded
105.84375,105.875,derivative_excluded
105.8125,105.84375,derivative_excluded
105.78125,105.8125,derivative_excluded
105.75,105.78125,derivative_excluded
105.6875,105.75,derivative_excluded
105.625,105.6875,derivative_excluded
105.5625,105.625,derivative_excluded
105.5,105.5625,derivative_excluded
105.4375,105.5,derivative_excluded
105.375,105.4375,derivative_excluded
105.3125,105.375,derivative_excluded
105.25,105.3125,derivative_excluded
105.1875,105.25,derivative_excluded
105.125,105.1875,derivative_excluded
105.0,105.125,derivative_excluded
104.875,105.0,derivative_excluded
104.75,104.875,derivative_excluded
104.625,104.75,derivative_excluded
104.5,104.625,derivative_excluded
104.375,104.5,derivative_excluded
104.25,104.375,derivative_excluded
104.125,104.25,derivative_excluded
104.0,104.125,derivative_excluded
103.875,104.0,derivative_excluded
103.8125,103.875,derivative_excluded
103.75,103.8125,derivative_excluded
103.6875,103.75,derivative_excluded
103.625,103.6875,derivative_excluded
103.5625,103.625,derivative_excluded
103.53125,103.5625,derivative_excluded
103.5,103.53125,derivative_excluded
103.46875,103.5,derivative_excluded
103.4375,103.46875,derivative_excluded
103.40625,103.4375,derivative_excluded
103.375,103.40625,derivative_excluded
103.34375,103.375,derivative_excluded
103.328125,103.34375,derivative_excluded
103.3125,103.328125,derivative_excluded
103.296875,103.3125,derivative_excluded
103.28125,103.296875,derivative_excluded
103.265625,103.28125,derivative_excluded
103.25,103.265625,derivative_excluded
103.125,103.25,unique_root
103.123046875,103.125,derivative_excluded
103.12109375,103.123046875,derivative_excluded
103.1171875,103.12109375,derivative_excluded
103.11328125,103.1171875,derivative_excluded
103.109375,103.11328125,derivative_excluded
103.10546875,103.109375,derivative_excluded
103.1015625,103.10546875,derivative_excluded
103.09765625,103.1015625,derivative_excluded
103.09375,103.09765625,derivative_excluded
103.0859375,103.09375,derivative_excluded
103.078125,103.0859375,derivative_excluded
103.0703125,103.078125,derivative_excluded
103.0625,103.0703125,derivative_excluded
103.0546875,103.0625,derivative_excluded
103.046875,103.0546875,derivative_excluded
103.03125,103.046875,derivative_excluded
103.015625,103.03125,derivative_excluded
103.0,103.015625,derivative_excluded
102.984375,103.0,derivative_excluded
102.96875,102.984375,derivative_excluded
102.953125,102.96875,derivative_excluded
102.9375,102.953125,derivative_excluded
102.90625,102.9375,derivative_excluded
102.875,102.90625,derivative_excluded
102.84375,102.875,derivative_excluded
102.8125,102.84375,derivative_excluded
102.78125,102.8125,derivative_excluded
102.75,102.78125,derivative_excluded
102.6875,102.75,derivative_excluded
102.625,102.6875,derivative_excluded
102.5625,102.625,derivative_excluded
102.5,102.5625,derivative_excluded
102.4375,102.5,derivative_excluded
102.375,102.4375,derivative_excluded
102.3125,102.375,derivative_excluded
102.25,102.3125,derivative_excluded
102.125,102.25,derivative_excluded
102.0,102.125,derivative_excluded
101.875,102.0,derivative_excluded
101.75,101.875,derivative_excluded
101.625,101.75,derivative_excluded
101.5,101.625,derivative_excluded
101.375,101.5,derivative_excluded
101.25,101.375,derivative_excluded
101.125,101.25,derivative_excluded
101.0625,101.125,derivative_excluded
101.0,101.0625,derivative_excluded
100.9375,101.0,derivative_excluded
100.875,100.9375,derivative_excluded
100.8125,100.875,derivative_excluded
100.75,100.8125,derivative_excluded
100.6875,100.75,derivative_excluded
100.625,100.6875,derivative_excluded
100.5625,100.625,derivative_excluded
100.53125,100.5625,derivative_excluded
100.5,100.53125,derivative_excluded
100.46875,100.5,derivative_excluded
100.4375,100.46875,derivative_excluded
100.40625,100.4375,derivative_excluded
100.375,100.40625,derivative_excluded
100.34375,100.375,derivative_excluded
100.3125,100.34375,derivative_excluded
100.28125,100.3125,derivative_excluded
100.265625,100.28125,derivative_excluded
100.25,100.265625,derivative_excluded
100.234375,100.25,derivative_excluded
100.21875,100.234375,derivative_excluded
100.203125,100.21875,derivative_excluded
100.1875,100.203125,derivative_excluded
100.171875,100.1875,derivative_excluded
100.15625,100.171875,derivative_excluded
100.140625,100.15625,derivative_excluded
100.1328125,100.140625,derivative_excluded
100.125,100.1328125,derivative_excluded
100.0,100.125,unique_root
99.9990234375,100.0,derivative_excluded
99.998046875,99.9990234375,derivative_excluded
99.99609375,99.998046875,derivative_excluded
99.994140625,99.99609375,derivative_excluded
99.9921875,99.994140625,derivative_excluded
99.990234375,99.9921875,derivative_excluded
99.98828125,99.990234375,derivative_excluded
99.986328125,99.98828125,derivative_excluded
99.984375,99.986328125,derivative_excluded
99.982421875,99.984375,derivative_excluded
99.98046875,99.982421875,derivative_excluded
99.9765625,99.98046875,derivative_excluded
99.97265625,99.9765625,derivative_excluded
99.96875,99.97265625,derivative_excluded
99.96484375,99.96875,derivative_excluded
99.9609375,99.96484375,derivative_excluded
99.95703125,99.9609375,derivative_excluded
99.953125,99.95703125,derivative_excluded
99.9453125,99.953125,derivative_excluded
99.9375,99.9453125,derivative_excluded
99.9296875,99.9375,derivative_excluded
99.921875,99.9296875,derivative_excluded
99.9140625,99.921875,derivative_excluded
99.90625,99.9140625,derivative_excluded
99.8984375,99.90625,derivative_excluded
99.890625,99.8984375,derivative_excluded
99.875,99.890625,derivative_excluded
99.859375,99.875,derivative_excluded
99.84375,99.859375,derivative_excluded
99.828125,99.84375,derivative_excluded
99.8125,99.828125,derivative_excluded
99.796875,99.8125,derivative_excluded
99.78125,99.796875,derivative_excluded
99.765625,99.78125,derivative_excluded
99.75,99.765625,derivative_excluded
99.71875,99.75,derivative_excluded
99.6875,99.71875,derivative_excluded
99.65625,99.6875,derivative_excluded
99.625,99.65625,derivative_excluded
99.59375,99.625,derivative_excluded
99.5625,99.59375,derivative_excluded
99.53125,99.5625,derivative_excluded
99.5,99.53125,derivative_excluded
99.4375,99.5,derivative_excluded
99.375,99.4375,derivative_excluded
99.3125,99.375,derivative_excluded
99.25,99.3125,derivative_excluded
99.1875,99.25,derivative_excluded
99.125,99.1875,derivative_excluded
99.0625,99.125,derivative_excluded
99.0,99.0625,derivative_excluded
98.9375,99.0,derivative_excluded
98.875,98.9375,derivative_excluded
98.75,98.875,derivative_excluded
98.625,98.75,derivative_excluded
98.5,98.625,derivative_excluded
98.375,98.5,derivative_excluded
98.25,98.375,derivative_excluded
98.125,98.25,derivative_excluded
98.0,98.125,derivative_excluded
97.875,98.0,derivative_excluded
97.75,97.875,derivative_excluded
97.625,97.75,derivative_excluded
97.5625,97.625,derivative_excluded
97.5,97.5625,derivative_excluded
97.4375,97.5,derivative_excluded
97.375,97.4375,derivative_excluded
97.3125,97.375,derivative_excluded
97.25,97.3125,derivative_excluded
97.1875,97.25,derivative_excluded
97.15625,97.1875,derivative_excluded
97.125,97.15625,derivative_excluded
97.09375,97.125,derivative_excluded
97.0625,97.09375,derivative_excluded
97.03125,97.0625,derivative_excluded
97.015625,97.03125,derivative_excluded
97.0,97.015625,derivative_excluded
96.984375,97.0,derivative_excluded
96.96875,96.984375,derivative_excluded
96.953125,96.96875,derivative_excluded
96.9375,96.953125,derivative_excluded
96.9296875,96.9375,derivative_excluded
96.921875,96.9296875,derivative_excluded
96.9140625,96.921875,derivative_excluded
96.90625,96.9140625,derivative_excluded
96.8984375,96.90625,derivative_excluded
96.890625,96.8984375,derivative_excluded
96.88671875,96.890625,derivative_excluded
96.8828125,96.88671875,derivative_excluded
96.87890625,96.8828125,derivative_excluded
96.875,96.87890625,derivative_excluded
96.75,96.875,unique_root
96.734375,96.75,derivative_excluded
96.71875,96.734375,derivative_excluded
96.703125,96.71875,derivative_excluded
96.6875,96.703125,derivative_excluded
96.671875,96.6875,derivative_excluded
96.65625,96.671875,derivative_excluded
96.625,96.65625,derivative_excluded
96.59375,96.625,derivative_excluded
96.5625,96.59375,derivative_excluded
96.53125,96.5625,derivative_excluded
96.5,96.53125,derivative_excluded
96.46875,96.5,derivative_excluded
96.4375,96.46875,derivative_excluded
96.375,96.4375,derivative_excluded
96.3125,96.375,derivative_excluded
96.25,96.3125,derivative_excluded
96.1875,96.25,derivative_excluded
96.125,96.1875,derivative_excluded
96.0625,96.125,derivative_excluded
96.0,96.0625,derivative_excluded
95.875,96.0,derivative_excluded
95.75,95.875,derivative_excluded
95.625,95.75,derivative_excluded
95.5,95.625,derivative_excluded
95.375,95.5,derivative_excluded
95.25,95.375,derivative_excluded
95.125,95.25,derivative_excluded
95.0,95.125,derivative_excluded
94.875,95.0,derivative_excluded
94.75,94.875,derivative_excluded
94.6875,94.75,derivative_excluded
94.625,94.6875,derivative_excluded
94.5625,94.625,derivative_excluded
94.5,94.5625,derivative_excluded
94.4375,94.5,derivative_excluded
94.375,94.4375,derivative_excluded
94.3125,94.375,derivative_excluded
94.25,94.3125,derivative_excluded
94.21875,94.25,derivative_excluded
94.1875,94.21875,derivative_excluded
94.15625,94.1875,derivative_excluded
94.125,94.15625,derivative_excluded
94.09375,94.125,derivative_excluded
94.0625,94.09375,derivative_excluded
94.03125,94.0625,derivative_excluded
94.0,94.03125,derivative_excluded
93.96875,94.0,derivative_excluded
93.953125,93.96875,derivative_excluded
93.9375,93.953125,derivative_excluded
93.921875,93.9375,derivative_excluded
93.90625,93.921875,derivative_excluded
93.890625,93.90625,derivative_excluded
93.875,93.890625,derivative_excluded
93.859375,93.875,derivative_excluded
93.84375,93.859375,derivative_excluded
93.8359375,93.84375,derivative_excluded
93.828125,93.8359375,derivative_excluded
93.8203125,93.828125,derivative_excluded
93.8125,93.8203125,derivative_excluded
93.8046875,93.8125,derivative_excluded
93.796875,93.8046875,derivative_excluded
93.7890625,93.796875,derivative_excluded
93.78125,93.7890625,derivative_excluded
93.7734375,93.78125,derivative_excluded
93.76953125,93.7734375,derivative_excluded
93.765625,93.76953125,derivative_excluded
93.76171875,93.765625,derivative_excluded
93.7578125,93.76171875,derivative_excluded
93.75390625,93.7578125,derivative_excluded
93.75,93.75390625,derivative_excluded
93.625,93.75,unique_root
93.6171875,93.625,derivative_excluded
93.609375,93.6171875,derivative_excluded
93.6015625,93.609375,derivative_excluded
93.59375,93.6015625,derivative_excluded
93.578125,93.59375,derivative_excluded
93.5625,93.578125,derivative_excluded
93.546875,93.5625,derivative_excluded
93.53125,93.546875,derivative_excluded
93.515625,93.53125,derivative_excluded
93.5,93.515625,derivative_excluded
93.484375,93.5,derivative_excluded
93.46875,93.484375,derivative_excluded
93.4375,93.46875,derivative_excluded
93.40625,93.4375,derivative_excluded
93.375,93.40625,derivative_excluded
93.34375,93.375,derivative_excluded
93.3125,93.34375,derivative_excluded
93.28125,93.3125,derivative_excluded
93.25,93.28125,derivative_excluded
93.21875,93.25,derivative_excluded
93.1875,93.21875,derivative_excluded
93.125,93.1875,derivative_excluded
93.0625,93.125,derivative_excluded
93.0,93.0625,derivative_excluded
92.9375,93.0,derivative_excluded
92.875,92.9375,derivative_excluded
92.8125,92.875,derivative_excluded
92.75,92.8125,derivative_excluded
92.6875,92.75,derivative_excluded
92.625,92.6875,derivative_excluded
92.5,92.625,derivative_excluded
92.375,92.5,derivative_excluded
92.25,92.375,derivative_excluded
92.125,92.25,derivative_excluded
92.0,92.125,derivative_excluded
91.875,92.0,derivative_excluded
91.75,91.875,derivative_excluded
91.625,91.75,derivative_excluded
91.5,91.625,derivative_excluded
91.375,91.5,derivative_excluded
91.25,91.375,derivative_excluded
91.1875,91.25,derivative_excluded
91.125,91.1875,derivative_excluded
91.0625,91.125,derivative_excluded
91.0,91.0625,derivative_excluded
90.9375,91.0,derivative_excluded
90.875,90.9375,derivative_excluded
90.84375,90.875,derivative_excluded
90.8125,90.84375,derivative_excluded
90.78125,90.8125,derivative_excluded
90.75,90.78125,derivative_excluded
90.71875,90.75,derivative_excluded
90.703125,90.71875,derivative_excluded
90.6875,90.703125,derivative_excluded
90.671875,90.6875,derivative_excluded
90.65625,90.671875,derivative_excluded
90.640625,90.65625,derivative_excluded
90.625,90.640625,derivative_excluded
90.5,90.625,unique_root
90.49609375,90.5,derivative_excluded
90.4921875,90.49609375,derivative_excluded
90.484375,90.4921875,derivative_excluded
90.4765625,90.484375,derivative_excluded
90.46875,90.4765625,derivative_excluded
90.4609375,90.46875,derivative_excluded
90.453125,90.4609375,derivative_excluded
90.4453125,90.453125,derivative_excluded
90.4375,90.4453125,derivative_excluded
90.421875,90.4375,derivative_excluded
90.40625,90.421875,derivative_excluded
90.390625,90.40625,derivative_excluded
90.375,90.390625,derivative_excluded
90.359375,90.375,derivative_excluded
90.34375,90.359375,derivative_excluded
90.3125,90.34375,derivative_excluded
90.28125,90.3125,derivative_excluded
90.25,90.28125,derivative_excluded
90.21875,90.25,derivative_excluded
90.1875,90.21875,derivative_excluded
90.125,90.1875,derivative_excluded
90.0625,90.125,derivative_excluded
90.0,90.0625,derivative_excluded
89.9375,90.0,derivative_excluded
89.875,89.9375,derivative_excluded
89.8125,89.875,derivative_excluded
89.75,89.8125,derivative_excluded
89.625,89.75,derivative_excluded
89.5,89.625,derivative_excluded
89.375,89.5,derivative_excluded
89.25,89.375,derivative_excluded
89.125,89.25,derivative_excluded
89.0,89.125,derivative_excluded
88.875,89.0,derivative_excluded
88.75,88.875,derivative_excluded
88.625,88.75,derivative_excluded
88.5,88.625,derivative_excluded
88.375,88.5,derivative_excluded
88.3125,88.375,derivative_excluded
88.25,88.3125,derivative_excluded
88.1875,88.25,derivative_excluded
88.125,88.1875,derivative_excluded
88.0625,88.125,derivative_excluded
88.0,88.0625,derivative_excluded
87.9375,88.0,derivative_excluded
87.875,87.9375,derivative_excluded
87.84375,87.875,derivative_excluded
87.8125,87.84375,derivative_excluded
87.78125,87.8125,derivative_excluded
87.75,87.78125,derivative_excluded
87.71875,87.75,derivative_excluded
87.6875,87.71875,derivative_excluded
87.65625,87.6875,derivative_excluded
87.640625,87.65625,derivative_excluded
87.625,87.640625,derivative_excluded
87.609375,87.625,derivative_excluded
87.59375,87.609375,derivative_excluded
87.578125,87.59375,derivative_excluded
87.5625,87.578125,derivative_excluded
87.546875,87.5625,derivative_excluded
87.53125,87.546875,derivative_excluded
87.5234375,87.53125,derivative_excluded
87.515625,87.5234375,derivative_excluded
87.5078125,87.515625,derivative_excluded
87.5,87.5078125,derivative_excluded
87.375,87.5,unique_root
87.37109375,87.375,derivative_excluded
87.3671875,87.37109375,derivative_excluded
87.36328125,87.3671875,derivative_excluded
87.359375,87.36328125,derivative_excluded
87.35546875,87.359375,derivative_excluded
87.3515625,87.35546875,derivative_excluded
87.34375,87.3515625,derivative_excluded
87.3359375,87.34375,derivative_excluded
87.328125,87.3359375,derivative_excluded
87.3203125,87.328125,derivative_excluded
87.3125,87.3203125,derivative_excluded
87.3046875,87.3125,derivative_excluded
87.296875,87.3046875,derivative_excluded
87.28125,87.296875,derivative_excluded
87.265625,87.28125,derivative_excluded
87.25,87.265625,derivative_excluded
87.234375,87.25,derivative_excluded
87.21875,87.234375,derivative_excluded
87.203125,87.21875,derivative_excluded
87.1875,87.203125,derivative_excluded
87.171875,87.1875,derivative_excluded
87.15625,87.171875,derivative_excluded
87.125,87.15625,derivative_excluded
87.09375,87.125,derivative_excluded
87.0625,87.09375,derivative_excluded
87.03125,87.0625,derivative_excluded
87.0,87.03125,derivative_excluded
86.96875,87.0,derivative_excluded
86.9375,86.96875,derivative_excluded
86.875,86.9375,derivative_excluded
86.8125,86.875,derivative_excluded
86.75,86.8125,derivative_excluded
86.6875,86.75,derivative_excluded
86.625,86.6875,derivative_excluded
86.5625,86.625,derivative_excluded
86.5,86.5625,derivative_excluded
86.4375,86.5,derivative_excluded
86.375,86.4375,derivative_excluded
86.25,86.375,derivative_excluded
86.125,86.25,derivative_excluded
86.0,86.125,derivative_excluded
85.875,86.0,derivative_excluded
85.75,85.875,derivative_excluded
85.625,85.75,derivative_excluded
85.5,85.625,derivative_excluded
85.375,85.5,derivative_excluded
85.25,85.375,derivative_excluded
85.125,85.25,derivative_excluded
85.0,85.125,derivative_excluded
84.875,85.0,derivative_excluded
84.8125,84.875,derivative_excluded
84.75,84.8125,derivative_excluded
84.6875,84.75,derivative_excluded
84.625,84.6875,derivative_excluded
84.5625,84.625,derivative_excluded
84.53125,84.5625,derivative_excluded
84.5,84.53125,derivative_excluded
84.46875,84.5,derivative_excluded
84.4375,84.46875,derivative_excluded
84.40625,84.4375,derivative_excluded
84.390625,84.40625,derivative_excluded
84.375,84.390625,derivative_excluded
84.359375,84.375,derivative_excluded
84.34375,84.359375,derivative_excluded
84.328125,84.34375,derivative_excluded
84.3125,84.328125,derivative_excluded
84.3046875,84.3125,derivative_excluded
84.296875,84.3046875,derivative_excluded
84.2890625,84.296875,derivative_excluded
84.28125,84.2890625,derivative_excluded
84.2734375,84.28125,derivative_excluded
84.26953125,84.2734375,derivative_excluded
84.265625,84.26953125,derivative_excluded
84.26171875,84.265625,derivative_excluded
84.2578125,84.26171875,derivative_excluded
84.25390625,84.2578125,derivative_excluded
84.25,84.25390625,derivative_excluded
84.125,84.25,unique_root
84.109375,84.125,derivative_excluded
84.09375,84.109375,derivative_excluded
84.078125,84.09375,derivative_excluded
84.0625,84.078125,derivative_excluded
84.03125,84.0625,derivative_excluded
84.0,84.03125,derivative_excluded
83.96875,84.0,derivative_excluded
83.9375,83.96875,derivative_excluded
83.90625,83.9375,derivative_excluded
83.875,83.90625,derivative_excluded
83.8125,83.875,derivative_excluded
83.75,83.8125,derivative_excluded
83.6875,83.75,derivative_excluded
83.625,83.6875,derivative_excluded
83.5625,83.625,derivative_excluded
83.5,83.5625,derivative_excluded
83.375,83.5,derivative_excluded
83.25,83.375,derivative_excluded
83.125,83.25,derivative_excluded
83.0,83.125,derivative_excluded
82.875,83.0,derivative_excluded
82.75,82.875,derivative_excluded
82.625,82.75,derivative_excluded
82.5,82.625,derivative_excluded
82.375,82.5,derivative_excluded
82.25,82.375,derivative_excluded
82.125,82.25,derivative_excluded
82.0,82.125,derivative_excluded
81.9375,82.0,derivative_excluded
81.875,81.9375,derivative_excluded
81.8125,81.875,derivative_excluded
81.75,81.8125,derivative_excluded
81.6875,81.75,derivative_excluded
81.625,81.6875,derivative_excluded
81.5625,81.625,derivative_excluded
81.53125,81.5625,derivative_excluded
81.5,81.53125,derivative_excluded
81.46875,81.5,derivative_excluded
81.4375,81.46875,derivative_excluded
81.40625,81.4375,derivative_excluded
81.375,81.40625,derivative_excluded
81.34375,81.375,derivative_excluded
81.328125,81.34375,derivative_excluded
81.3125,81.328125,derivative_excluded
81.296875,81.3125,derivative_excluded
81.28125,81.296875,derivative_excluded
81.265625,81.28125,derivative_excluded
81.25,81.265625,derivative_excluded
81.234375,81.25,derivative_excluded
81.21875,81.234375,derivative_excluded
81.2109375,81.21875,derivative_excluded
81.203125,81.2109375,derivative_excluded
81.1953125,81.203125,derivative_excluded
81.1875,81.1953125,derivative_excluded
81.1796875,81.1875,derivative_excluded
81.171875,81.1796875,derivative_excluded
81.1640625,81.171875,derivative_excluded
81.16015625,81.1640625,derivative_excluded
81.15625,81.16015625,derivative_excluded
81.15234375,81.15625,derivative_excluded
81.1484375,81.15234375,derivative_excluded
81.14453125,81.1484375,derivative_excluded
81.140625,81.14453125,derivative_excluded
81.13671875,81.140625,derivative_excluded
81.134765625,81.13671875,derivative_excluded
81.1328125,81.134765625,derivative_excluded
81.130859375,81.1328125,derivative_excluded
81.12890625,81.130859375,derivative_excluded
81.126953125,81.12890625,derivative_excluded
81.125,81.126953125,derivative_excluded
81.0,81.125,unique_root
80.984375,81.0,derivative_excluded
80.96875,80.984375,derivative_excluded
80.953125,80.96875,derivative_excluded
80.9375,80.953125,derivative_excluded
80.921875,80.9375,derivative_excluded
80.90625,80.921875,derivative_excluded
80.890625,80.90625,derivative_excluded
80.875,80.890625,derivative_excluded
80.84375,80.875,derivative_excluded
80.8125,80.84375,derivative_excluded
80.78125,80.8125,derivative_excluded
80.75,80.78125,derivative_excluded
80.71875,80.75,derivative_excluded
80.6875,80.71875,derivative_excluded
80.65625,80.6875,derivative_excluded
80.625,80.65625,derivative_excluded
80.5625,80.625,derivative_excluded
80.5,80.5625,derivative_excluded
80.4375,80.5,derivative_excluded
80.375,80.4375,derivative_excluded
80.3125,80.375,derivative_excluded
80.25,80.3125,derivative_excluded
80.1875,80.25,derivative_excluded
80.125,80.1875,derivative_excluded
80.0,80.125,derivative_excluded
79.875,80.0,derivative_excluded
79.75,79.875,derivative_excluded
79.625,79.75,derivative_excluded
79.5,79.625,derivative_excluded
79.375,79.5,derivative_excluded
79.25,79.375,derivative_excluded
79.125,79.25,derivative_excluded
79.0,79.125,derivative_excluded
78.875,79.0,derivative_excluded
78.75,78.875,derivative_excluded
78.625,78.75,derivative_excluded
78.5625,78.625,derivative_excluded
78.5,78.5625,derivative_excluded
78.4375,78.5,derivative_excluded
78.375,78.4375,derivative_excluded
78.3125,78.375,derivative_excluded
78.25,78.3125,derivative_excluded
78.21875,78.25,derivative_excluded
78.1875,78.21875,derivative_excluded
78.15625,78.1875,derivative_excluded
78.125,78.15625,derivative_excluded
78.09375,78.125,derivative_excluded
78.0625,78.09375,derivative_excluded
78.046875,78.0625,derivative_excluded
78.03125,78.046875,derivative_excluded
78.015625,78.03125,derivative_excluded
78.0,78.015625,derivative_excluded
77.875,78.0,unique_root
77.8671875,77.875,derivative_excluded
77.859375,77.8671875,derivative_excluded
77.8515625,77.859375,derivative_excluded
77.84375,77.8515625,derivative_excluded
77.828125,77.84375,derivative_excluded
77.8125,77.828125,derivative_excluded
77.796875,77.8125,derivative_excluded
77.78125,77.796875,derivative_excluded
77.765625,77.78125,derivative_excluded
77.75,77.765625,derivative_excluded
77.71875,77.75,derivative_excluded
77.6875,77.71875,derivative_excluded
77.65625,77.6875,derivative_excluded
77.625,77.65625,derivative_excluded
77.59375,77.625,derivative_excluded
77.5625,77.59375,derivative_excluded
77.5,77.5625,derivative_excluded
77.4375,77.5,derivative_excluded
77.375,77.4375,derivative_excluded
77.3125,77.375,derivative_excluded
77.25,77.3125,derivative_excluded
77.125,77.25,derivative_excluded
77.0,77.125,derivative_excluded
76.875,77.0,derivative_excluded
76.75,76.875,derivative_excluded
76.625,76.75,derivative_excluded
76.5,76.625,derivative_excluded
76.375,76.5,derivative_excluded
76.25,76.375,derivative_excluded
76.125,76.25,derivative_excluded
76.0,76.125,derivative_excluded
75.875,76.0,derivative_excluded
75.75,75.875,derivative_excluded
75.6875,75.75,derivative_excluded
75.625,75.6875,derivative_excluded
75.5625,75.625,derivative_excluded
75.5,75.5625,derivative_excluded
75.4375,75.5,derivative_excluded
75.375,75.4375,derivative_excluded
75.3125,75.375,derivative_excluded
75.25,75.3125,derivative_excluded
75.21875,75.25,derivative_excluded
75.1875,75.21875,derivative_excluded
75.15625,75.1875,derivative_excluded
75.125,75.15625,derivative_excluded
75.09375,75.125,derivative_excluded
75.0625,75.09375,derivative_excluded
75.03125,75.0625,derivative_excluded
75.0,75.03125,derivative_excluded
74.984375,75.0,derivative_excluded
74.96875,74.984375,derivative_excluded
74.953125,74.96875,derivative_excluded
74.9375,74.953125,derivative_excluded
74.921875,74.9375,derivative_excluded
74.90625,74.921875,derivative_excluded
74.8984375,74.90625,derivative_excluded
74.890625,74.8984375,derivative_excluded
74.8828125,74.890625,derivative_excluded
74.875,74.8828125,derivative_excluded
74.75,74.875,unique_root
74.7421875,74.75,derivative_excluded
74.734375,74.7421875,derivative_excluded
74.7265625,74.734375,derivative_excluded
74.71875,74.7265625,derivative_excluded
74.7109375,74.71875,derivative_excluded
74.703125,74.7109375,derivative_excluded
74.6875,74.703125,derivative_excluded
74.671875,74.6875,derivative_excluded
74.65625,74.671875,derivative_excluded
74.640625,74.65625,derivative_excluded
74.625,74.640625,derivative_excluded
74.609375,74.625,derivative_excluded
74.59375,74.609375,derivative_excluded
74.5625,74.59375,derivative_excluded
74.53125,74.5625,derivative_excluded
74.5,74.53125,derivative_excluded
74.46875,74.5,derivative_excluded
74.4375,74.46875,derivative_excluded
74.40625,74.4375,derivative_excluded
74.375,74.40625,derivative_excluded
74.3125,74.375,derivative_excluded
74.25,74.3125,derivative_excluded
74.1875,74.25,derivative_excluded
74.125,74.1875,derivative_excluded
74.0625,74.125,derivative_excluded
74.0,74.0625,derivative_excluded
73.9375,74.0,derivative_excluded
73.875,73.9375,derivative_excluded
73.75,73.875,derivative_excluded
73.625,73.75,derivative_excluded
73.5,73.625,derivative_excluded
73.375,73.5,derivative_excluded
73.25,73.375,derivative_excluded
73.125,73.25,derivative_excluded
73.0,73.125,derivative_excluded
72.875,73.0,derivative_excluded
72.75,72.875,derivative_excluded
72.625,72.75,derivative_excluded
72.5,72.625,derivative_excluded
72.375,72.5,derivative_excluded
72.25,72.375,derivative_excluded
72.1875,72.25,derivative_excluded
72.125,72.1875,derivative_excluded
72.0625,72.125,derivative_excluded
72.0,72.0625,derivative_excluded
71.9375,72.0,derivative_excluded
71.90625,71.9375,derivative_excluded
71.875,71.90625,derivative_excluded
71.84375,71.875,derivative_excluded
71.8125,71.84375,derivative_excluded
71.78125,71.8125,derivative_excluded
71.75,71.78125,derivative_excluded
71.734375,71.75,derivative_excluded
71.71875,71.734375,derivative_excluded
71.703125,71.71875,derivative_excluded
71.6875,71.703125,derivative_excluded
71.6796875,71.6875,derivative_excluded
71.671875,71.6796875,derivative_excluded
71.6640625,71.671875,derivative_excluded
71.65625,71.6640625,derivative_excluded
71.6484375,71.65625,derivative_excluded
71.640625,71.6484375,derivative_excluded
71.63671875,71.640625,derivative_excluded
71.6328125,71.63671875,derivative_excluded
71.62890625,71.6328125,derivative_excluded
71.625,71.62890625,derivative_excluded
71.5,71.625,unique_root
71.484375,71.5,derivative_excluded
71.46875,71.484375,derivative_excluded
71.4375,71.46875,derivative_excluded
71.40625,71.4375,derivative_excluded
71.375,71.40625,derivative_excluded
71.34375,71.375,derivative_excluded
71.3125,71.34375,derivative_excluded
71.25,71.3125,derivative_excluded
71.1875,71.25,derivative_excluded
71.125,71.1875,derivative_excluded
71.0625,71.125,derivative_excluded
71.0,71.0625,derivative_excluded
70.875,71.0,derivative_excluded
70.75,70.875,derivative_excluded
70.625,70.75,derivative_excluded
70.5,70.625,derivative_excluded
70.375,70.5,derivative_excluded
70.25,70.375,derivative_excluded
70.125,70.25,derivative_excluded
70.0,70.125,derivative_excluded
69.875,70.0,derivative_excluded
69.75,69.875,derivative_excluded
69.625,69.75,derivative_excluded
69.5,69.625,derivative_excluded
69.375,69.5,derivative_excluded
69.3125,69.375,derivative_excluded
69.25,69.3125,derivative_excluded
69.1875,69.25,derivative_excluded
69.125,69.1875,derivative_excluded
69.0625,69.125,derivative_excluded
69.0,69.0625,derivative_excluded
68.9375,69.0,derivative_excluded
68.875,68.9375,derivative_excluded
68.84375,68.875,derivative_excluded
68.8125,68.84375,derivative_excluded
68.78125,68.8125,derivative_excluded
68.75,68.78125,derivative_excluded
68.71875,68.75,derivative_excluded
68.6875,68.71875,derivative_excluded
68.671875,68.6875,derivative_excluded
68.65625,68.671875,derivative_excluded
68.640625,68.65625,derivative_excluded
68.625,68.640625,derivative_excluded
68.609375,68.625,derivative_excluded
68.59375,68.609375,derivative_excluded
68.5859375,68.59375,derivative_excluded
68.578125,68.5859375,derivative_excluded
68.5703125,68.578125,derivative_excluded
68.5625,68.5703125,derivative_excluded
68.5546875,68.5625,derivative_excluded
68.546875,68.5546875,derivative_excluded
68.54296875,68.546875,derivative_excluded
68.5390625,68.54296875,derivative_excluded
68.53515625,68.5390625,derivative_excluded
68.53125,68.53515625,derivative_excluded
68.52734375,68.53125,derivative_excluded
68.5234375,68.52734375,derivative_excluded
68.51953125,68.5234375,derivative_excluded
68.517578125,68.51953125,derivative_excluded
68.515625,68.517578125,derivative_excluded
68.513671875,68.515625,derivative_excluded
68.51171875,68.513671875,derivative_excluded
68.509765625,68.51171875,derivative_excluded
68.5078125,68.509765625,derivative_excluded
68.5068359375,68.5078125,derivative_excluded
68.505859375,68.5068359375,derivative_excluded
68.5048828125,68.505859375,derivative_excluded
68.50390625,68.5048828125,derivative_excluded
68.5029296875,68.50390625,derivative_excluded
68.501953125,68.5029296875,derivative_excluded
68.50146484375,68.501953125,derivative_excluded
68.5009765625,68.50146484375,derivative_excluded
68.50048828125,68.5009765625,derivative_excluded
68.5,68.50048828125,derivative_excluded
68.375,68.5,unique_root
68.359375,68.375,derivative_excluded
68.34375,68.359375,derivative_excluded
68.328125,68.34375,derivative_excluded
68.3125,68.328125,derivative_excluded
68.28125,68.3125,derivative_excluded
68.25,68.28125,derivative_excluded
68.21875,68.25,derivative_excluded
68.1875,68.21875,derivative_excluded
68.15625,68.1875,derivative_excluded
68.125,68.15625,derivative_excluded
68.0625,68.125,derivative_excluded
68.0,68.0625,derivative_excluded
67.9375,68.0,derivative_excluded
67.875,67.9375,derivative_excluded
67.8125,67.875,derivative_excluded
67.75,67.8125,derivative_excluded
67.625,67.75,derivative_excluded
67.5,67.625,derivative_excluded
67.375,67.5,derivative_excluded
67.25,67.375,derivative_excluded
67.125,67.25,derivative_excluded
67.0,67.125,derivative_excluded
66.875,67.0,derivative_excluded
66.75,66.875,derivative_excluded
66.625,66.75,derivative_excluded
66.5,66.625,derivative_excluded
66.375,66.5,derivative_excluded
66.25,66.375,derivative_excluded
66.125,66.25,derivative_excluded
66.0,66.125,derivative_excluded
65.875,66.0,derivative_excluded
65.8125,65.875,derivative_excluded
65.75,65.8125,derivative_excluded
65.6875,65.75,derivative_excluded
65.625,65.6875,derivative_excluded
65.5625,65.625,derivative_excluded
65.53125,65.5625,derivative_excluded
65.5,65.53125,derivative_excluded
65.46875,65.5,derivative_excluded
65.4375,65.46875,derivative_excluded
65.421875,65.4375,derivative_excluded
65.40625,65.421875,derivative_excluded
65.390625,65.40625,derivative_excluded
65.375,65.390625,derivative_excluded
65.25,65.375,unique_root
65.2421875,65.25,derivative_excluded
65.234375,65.2421875,derivative_excluded
65.2265625,65.234375,derivative_excluded
65.21875,65.2265625,derivative_excluded
65.203125,65.21875,derivative_excluded
65.1875,65.203125,derivative_excluded
65.171875,65.1875,derivative_excluded
65.15625,65.171875,derivative_excluded
65.125,65.15625,derivative_excluded
65.09375,65.125,derivative_excluded
65.0625,65.09375,derivative_excluded
65.03125,65.0625,derivative_excluded
65.0,65.03125,derivative_excluded
64.9375,65.0,derivative_excluded
64.875,64.9375,derivative_excluded
64.8125,64.875,derivative_excluded
64.75,64.8125,derivative_excluded
64.625,64.75,derivative_excluded
64.5,64.625,derivative_excluded
64.375,64.5,derivative_excluded
64.25,64.375,derivative_excluded
64.125,64.25,derivative_excluded
64.0,64.125,derivative_excluded
63.75,64.0,derivative_excluded
63.625,63.75,derivative_excluded
63.5,63.625,derivative_excluded
63.375,63.5,derivative_excluded
63.25,63.375,derivative_excluded
63.125,63.25,derivative_excluded
63.0,63.125,derivative_excluded
62.9375,63.0,derivative_excluded
62.875,62.9375,derivative_excluded
62.8125,62.875,derivative_excluded
62.75,62.8125,derivative_excluded
62.6875,62.75,derivative_excluded
62.625,62.6875,derivative_excluded
62.5625,62.625,derivative_excluded
62.53125,62.5625,derivative_excluded
62.5,62.53125,derivative_excluded
62.46875,62.5,derivative_excluded
62.4375,62.46875,derivative_excluded
62.40625,62.4375,derivative_excluded
62.375,62.40625,derivative_excluded
62.359375,62.375,derivative_excluded
62.34375,62.359375,derivative_excluded
62.328125,62.34375,derivative_excluded
62.3125,62.328125,derivative_excluded
62.296875,62.3125,derivative_excluded
62.28125,62.296875,derivative_excluded
62.2734375,62.28125,derivative_excluded
62.265625,62.2734375,derivative_excluded
62.2578125,62.265625,derivative_excluded
62.25,62.2578125,derivative_excluded
62.125,62.25,unique_root
62.1171875,62.125,derivative_excluded
62.109375,62.1171875,derivative_excluded
62.1015625,62.109375,derivative_excluded
62.09375,62.1015625,derivative_excluded
62.078125,62.09375,derivative_excluded
62.0625,62.078125,derivative_excluded
62.046875,62.0625,derivative_excluded
62.03125,62.046875,derivative_excluded
62.015625,62.03125,derivative_excluded
62.0,62.015625,derivative_excluded
61.96875,62.0,derivative_excluded
61.9375,61.96875,derivative_excluded
61.90625,61.9375,derivative_excluded
61.875,61.90625,derivative_excluded
61.84375,61.875,derivative_excluded
61.8125,61.84375,derivative_excluded
61.75,61.8125,derivative_excluded
61.6875,61.75,derivative_excluded
61.625,61.6875,derivative_excluded
61.5625,61.625,derivative_excluded
61.5,61.5625,derivative_excluded
61.4375,61.5,derivative_excluded
61.375,61.4375,derivative_excluded
61.25,61.375,derivative_excluded
61.125,61.25,derivative_excluded
61.0,61.125,derivative_excluded
60.875,61.0,derivative_excluded
60.75,60.875,derivative_excluded
60.625,60.75,derivative_excluded
60.5,60.625,derivative_excluded
60.25,60.5,derivative_excluded
60.125,60.25,derivative_excluded
60.0,60.125,derivative_excluded
59.875,60.0,derivative_excluded
59.75,59.875,derivative_excluded
59.625,59.75,derivative_excluded
59.5,59.625,derivative_excluded
59.4375,59.5,derivative_excluded
59.375,59.4375,derivative_excluded
59.3125,59.375,derivative_excluded
59.25,59.3125,derivative_excluded
59.21875,59.25,derivative_excluded
59.1875,59.21875,derivative_excluded
59.15625,59.1875,derivative_excluded
59.125,59.15625,derivative_excluded
59.09375,59.125,derivative_excluded
59.078125,59.09375,derivative_excluded
59.0625,59.078125,derivative_excluded
59.046875,59.0625,derivative_excluded
59.03125,59.046875,derivative_excluded
59.0234375,59.03125,derivative_excluded
59.015625,59.0234375,derivative_excluded
59.0078125,59.015625,derivative_excluded
59.0,59.0078125,derivative_excluded
58.875,59.0,unique_root
58.859375,58.875,derivative_excluded
58.84375,58.859375,derivative_excluded
58.828125,58.84375,derivative_excluded
58.8125,58.828125,derivative_excluded
58.78125,58.8125,derivative_excluded
58.75,58.78125,derivative_excluded
58.71875,58.75,derivative_excluded
58.6875,58.71875,derivative_excluded
58.625,58.6875,derivative_excluded
58.5625,58.625,derivative_excluded
58.5,58.5625,derivative_excluded
58.4375,58.5,derivative_excluded
58.375,58.4375,derivative_excluded
58.25,58.375,derivative_excluded
58.125,58.25,derivative_excluded
58.0,58.125,derivative_excluded
57.875,58.0,derivative_excluded
57.75,57.875,derivative_excluded
57.5,57.75,derivative_excluded
57.25,57.5,derivative_excluded
57.125,57.25,derivative_excluded
57.0,57.125,derivative_excluded
56.875,57.0,derivative_excluded
56.75,56.875,derivative_excluded
56.625,56.75,derivative_excluded
56.5,56.625,derivative_excluded
56.4375,56.5,derivative_excluded
56.375,56.4375,derivative_excluded
56.3125,56.375,derivative_excluded
56.25,56.3125,derivative_excluded
56.1875,56.25,derivative_excluded
56.15625,56.1875,derivative_excluded
56.125,56.15625,derivative_excluded
56.09375,56.125,derivative_excluded
56.0625,56.09375,derivative_excluded
56.03125,56.0625,derivative_excluded
56.015625,56.03125,derivative_excluded
56.0,56.015625,derivative_excluded
55.984375,56.0,derivative_excluded
55.96875,55.984375,derivative_excluded
55.953125,55.96875,derivative_excluded
55.9453125,55.953125,derivative_excluded
55.9375,55.9453125,derivative_excluded
55.9296875,55.9375,derivative_excluded
55.921875,55.9296875,derivative_excluded
55.9140625,55.921875,derivative_excluded
55.90625,55.9140625,derivative_excluded
55.90234375,55.90625,derivative_excluded
55.8984375,55.90234375,derivative_excluded
55.89453125,55.8984375,derivative_excluded
55.890625,55.89453125,derivative_excluded
55.88671875,55.890625,derivative_excluded
55.884765625,55.88671875,derivative_excluded
55.8828125,55.884765625,derivative_excluded
55.880859375,55.8828125,derivative_excluded
55.87890625,55.880859375,derivative_excluded
55.876953125,55.87890625,derivative_excluded
55.8759765625,55.876953125,derivative_excluded
55.875,55.8759765625,derivative_excluded
55.75,55.875,unique_root
55.734375,55.75,derivative_excluded
55.71875,55.734375,derivative_excluded
55.703125,55.71875,derivative_excluded
55.6875,55.703125,derivative_excluded
55.65625,55.6875,derivative_excluded
55.625,55.65625,derivative_excluded
55.59375,55.625,derivative_excluded
55.5625,55.59375,derivative_excluded
55.53125,55.5625,derivative_excluded
55.5,55.53125,derivative_excluded
55.4375,55.5,derivative_excluded
55.375,55.4375,derivative_excluded
55.3125,55.375,derivative_excluded
55.25,55.3125,derivative_excluded
55.1875,55.25,derivative_excluded
55.125,55.1875,derivative_excluded
55.0,55.125,derivative_excluded
54.875,55.0,derivative_excluded
54.75,54.875,derivative_excluded
54.625,54.75,derivative_excluded
54.5,54.625,derivative_excluded
54.25,54.5,derivative_excluded
54.0,54.25,derivative_excluded
53.75,54.0,derivative_excluded
53.625,53.75,derivative_excluded
53.5,53.625,derivative_excluded
53.375,53.5,derivative_excluded
53.25,53.375,derivative_excluded
53.125,53.25,derivative_excluded
53.0625,53.125,derivative_excluded
53.0,53.0625,derivative_excluded
52.9375,53.0,derivative_excluded
52.875,52.9375,derivative_excluded
52.84375,52.875,derivative_excluded
52.8125,52.84375,derivative_excluded
52.78125,52.8125,derivative_excluded
52.75,52.78125,derivative_excluded
52.625,52.75,unique_root
52.6240234375,52.625,derivative_excluded
52.623046875,52.6240234375,derivative_excluded
52.62109375,52.623046875,derivative_excluded
52.619140625,52.62109375,derivative_excluded
52.6171875,52.619140625,derivative_excluded
52.615234375,52.6171875,derivative_excluded
52.61328125,52.615234375,derivative_excluded
52.609375,52.61328125,derivative_excluded
52.60546875,52.609375,derivative_excluded
52.6015625,52.60546875,derivative_excluded
52.59375,52.6015625,derivative_excluded
52.5859375,52.59375,derivative_excluded
52.578125,52.5859375,derivative_excluded
52.5703125,52.578125,derivative_excluded
52.5625,52.5703125,derivative_excluded
52.546875,52.5625,derivative_excluded
52.53125,52.546875,derivative_excluded
52.515625,52.53125,derivative_excluded
52.5,52.515625,derivative_excluded
52.46875,52.5,derivative_excluded
52.4375,52.46875,derivative_excluded
52.40625,52.4375,derivative_excluded
52.375,52.40625,derivative_excluded
52.3125,52.375,derivative_excluded
52.25,52.3125,derivative_excluded
52.1875,52.25,derivative_excluded
52.125,52.1875,derivative_excluded
52.0,52.125,derivative_excluded
51.875,52.0,derivative_excluded
51.75,51.875,derivative_excluded
51.625,51.75,derivative_excluded
51.5,51.625,derivative_excluded
51.25,51.5,derivative_excluded
51.0,51.25,derivative_excluded
50.75,51.0,derivative_excluded
50.625,50.75,derivative_excluded
50.5,50.625,derivative_excluded
50.375,50.5,derivative_excluded
50.25,50.375,derivative_excluded
50.125,50.25,derivative_excluded
50.0625,50.125,derivative_excluded
50.0,50.0625,derivative_excluded
49.9375,50.0,derivative_excluded
49.875,49.9375,derivative_excluded
49.8125,49.875,derivative_excluded
49.78125,49.8125,derivative_excluded
49.75,49.78125,derivative_excluded
49.71875,49.75,derivative_excluded
49.6875,49.71875,derivative_excluded
49.671875,49.6875,derivative_excluded
49.65625,49.671875,derivative_excluded
49.640625,49.65625,derivative_excluded
49.625,49.640625,derivative_excluded
49.5,49.625,unique_root
49.4921875,49.5,derivative_excluded
49.484375,49.4921875,derivative_excluded
49.4765625,49.484375,derivative_excluded
49.46875,49.4765625,derivative_excluded
49.453125,49.46875,derivative_excluded
49.4375,49.453125,derivative_excluded
49.421875,49.4375,derivative_excluded
49.40625,49.421875,derivative_excluded
49.390625,49.40625,derivative_excluded
49.375,49.390625,derivative_excluded
49.34375,49.375,derivative_excluded
49.3125,49.34375,derivative_excluded
49.28125,49.3125,derivative_excluded
49.25,49.28125,derivative_excluded
49.1875,49.25,derivative_excluded
49.125,49.1875,derivative_excluded
49.0625,49.125,derivative_excluded
49.0,49.0625,derivative_excluded
48.9375,49.0,derivative_excluded
48.875,48.9375,derivative_excluded
48.75,48.875,derivative_excluded
48.625,48.75,derivative_excluded
48.5,48.625,derivative_excluded
48.375,48.5,derivative_excluded
48.25,48.375,derivative_excluded
48.0,48.25,derivative_excluded
47.75,48.0,derivative_excluded
47.5,47.75,derivative_excluded
47.25,47.5,derivative_excluded
47.125,47.25,derivative_excluded
47.0,47.125,derivative_excluded
46.875,47.0,derivative_excluded
46.75,46.875,derivative_excluded
46.6875,46.75,derivative_excluded
46.625,46.6875,derivative_excluded
46.5625,46.625,derivative_excluded
46.5,46.5625,derivative_excluded
46.25,46.5,unique_root
46.2421875,46.25,derivative_excluded
46.234375,46.2421875,derivative_excluded
46.21875,46.234375,derivative_excluded
46.203125,46.21875,derivative_excluded
46.1875,46.203125,derivative_excluded
46.15625,46.1875,derivative_excluded
46.125,46.15625,derivative_excluded
46.09375,46.125,derivative_excluded
46.0625,46.09375,derivative_excluded
46.0,46.0625,derivative_excluded
45.9375,46.0,derivative_excluded
45.875,45.9375,derivative_excluded
45.75,45.875,derivative_excluded
45.625,45.75,derivative_excluded
45.5,45.625,derivative_excluded
45.375,45.5,derivative_excluded
45.25,45.375,derivative_excluded
45.0,45.25,derivative_excluded
44.75,45.0,derivative_excluded
44.5,44.75,derivative_excluded
44.25,44.5,derivative_excluded
44.125,44.25,derivative_excluded
44.0,44.125,derivative_excluded
43.875,44.0,derivative_excluded
43.75,43.875,derivative_excluded
43.6875,43.75,derivative_excluded
43.625,43.6875,derivative_excluded
43.5625,43.625,derivative_excluded
43.5,43.5625,derivative_excluded
43.46875,43.5,derivative_excluded
43.4375,43.46875,derivative_excluded
43.40625,43.4375,derivative_excluded
43.375,43.40625,derivative_excluded
43.34375,43.375,derivative_excluded
43.328125,43.34375,derivative_excluded
43.3125,43.328125,derivative_excluded
43.296875,43.3125,derivative_excluded
43.28125,43.296875,derivative_excluded
43.265625,43.28125,derivative_excluded
43.2578125,43.265625,derivative_excluded
43.25,43.2578125,derivative_excluded
43.0,43.25,unique_root
42.96875,43.0,derivative_excluded
42.9375,42.96875,derivative_excluded
42.875,42.9375,derivative_excluded
42.8125,42.875,derivative_excluded
42.75,42.8125,derivative_excluded
42.6875,42.75,derivative_excluded
42.625,42.6875,derivative_excluded
42.5,42.625,derivative_excluded
42.375,42.5,derivative_excluded
42.25,42.375,derivative_excluded
42.125,42.25,derivative_excluded
42.0,42.125,derivative_excluded
41.75,42.0,derivative_excluded
41.5,41.75,derivative_excluded
41.25,41.5,derivative_excluded
41.0,41.25,derivative_excluded
40.75,41.0,derivative_excluded
40.625,40.75,derivative_excluded
40.5,40.625,derivative_excluded
40.375,40.5,derivative_excluded
40.25,40.375,derivative_excluded
40.1875,40.25,derivative_excluded
40.125,40.1875,derivative_excluded
40.09375,40.125,derivative_excluded
40.0625,40.09375,derivative_excluded
40.03125,40.0625,derivative_excluded
40.0,40.03125,derivative_excluded
39.75,40.0,unique_root
39.6875,39.75,derivative_excluded
39.625,39.6875,derivative_excluded
39.5625,39.625,derivative_excluded
39.5,39.5625,derivative_excluded
39.375,39.5,derivative_excluded
39.25,39.375,derivative_excluded
39.0,39.25,derivative_excluded
38.75,39.0,derivative_excluded
38.5,38.75,derivative_excluded
38.25,38.5,derivative_excluded
38.0,38.25,derivative_excluded
37.75,38.0,derivative_excluded
37.625,37.75,derivative_excluded
37.5,37.625,derivative_excluded
37.375,37.5,derivative_excluded
37.25,37.375,derivative_excluded
37.1875,37.25,derivative_excluded
37.125,37.1875,derivative_excluded
37.0625,37.125,derivative_excluded
37.03125,37.0625,derivative_excluded
37.0,37.03125,derivative_excluded
36.75,37.0,unique_root
36.71875,36.75,derivative_excluded
36.6875,36.71875,derivative_excluded
36.65625,36.6875,derivative_excluded
36.625,36.65625,derivative_excluded
36.5625,36.625,derivative_excluded
36.5,36.5625,derivative_excluded
36.4375,36.5,derivative_excluded
36.375,36.4375,derivative_excluded
36.25,36.375,derivative_excluded
36.125,36.25,derivative_excluded
36.0,36.125,derivative_excluded
35.75,36.0,derivative_excluded
35.5,35.75,derivative_excluded
35.25,35.5,derivative_excluded
35.0,35.25,derivative_excluded
34.75,35.0,derivative_excluded
34.5,34.75,derivative_excluded
34.25,34.5,derivative_excluded
34.125,34.25,derivative_excluded
34.0,34.125,derivative_excluded
33.875,34.0,derivative_excluded
33.8125,33.875,derivative_excluded
33.75,33.8125,derivative_excluded
33.5,33.75,unique_root
33.4921875,33.5,derivative_excluded
33.484375,33.4921875,derivative_excluded
33.46875,33.484375,derivative_excluded
33.453125,33.46875,derivative_excluded
33.4375,33.453125,derivative_excluded
33.40625,33.4375,derivative_excluded
33.375,33.40625,derivative_excluded
33.3125,33.375,derivative_excluded
33.25,33.3125,derivative_excluded
33.125,33.25,derivative_excluded
33.0,33.125,derivative_excluded
32.875,33.0,derivative_excluded
32.75,32.875,derivative_excluded
32.5,32.75,derivative_excluded
32.25,32.5,derivative_excluded
32.0,32.25,derivative_excluded
31.75,32.0,derivative_excluded
31.5,31.75,derivative_excluded
31.25,31.5,derivative_excluded
31.125,31.25,derivative_excluded
31.0,31.125,derivative_excluded
30.875,31.0,derivative_excluded
30.8125,30.875,derivative_excluded
30.75,30.8125,derivative_excluded
30.6875,30.75,derivative_excluded
30.625,30.6875,derivative_excluded
30.59375,30.625,derivative_excluded
30.5625,30.59375,derivative_excluded
30.546875,30.5625,derivative_excluded
30.53125,30.546875,derivative_excluded
30.515625,30.53125,derivative_excluded
30.5078125,30.515625,derivative_excluded
30.5,30.5078125,derivative_excluded
30.25,30.5,unique_root
30.1875,30.25,derivative_excluded
30.125,30.1875,derivative_excluded
30.0,30.125,derivative_excluded
29.875,30.0,derivative_excluded
29.75,29.875,derivative_excluded
29.5,29.75,derivative_excluded
29.25,29.5,derivative_excluded
29.0,29.25,derivative_excluded
28.75,29.0,derivative_excluded
28.5,28.75,derivative_excluded
28.25,28.5,derivative_excluded
28.0,28.25,derivative_excluded
27.75,28.0,derivative_excluded
27.5,27.75,derivative_excluded
27.375,27.5,derivative_excluded
27.3125,27.375,derivative_excluded
27.25,27.3125,derivative_excluded
27.0,27.25,unique_root
26.96875,27.0,derivative_excluded
26.9375,26.96875,derivative_excluded
26.875,26.9375,derivative_excluded
26.8125,26.875,derivative_excluded
26.75,26.8125,derivative_excluded
26.625,26.75,derivative_excluded
26.5,26.625,derivative_excluded
26.25,26.5,derivative_excluded
26.0,26.25,derivative_excluded
25.75,26.0,derivative_excluded
25.5,25.75,derivative_excluded
25.25,25.5,derivative_excluded
25.0,25.25,derivative_excluded
24.75,25.0,derivative_excluded
24.5,24.75,derivative_excluded
24.375,24.5,derivative_excluded
24.25,24.375,derivative_excluded
24.0,24.25,unique_root
23.9921875,24.0,derivative_excluded
23.984375,23.9921875,derivative_excluded
23.96875,23.984375,derivative_excluded
23.9375,23.96875,derivative_excluded
23.90625,23.9375,derivative_excluded
23.875,23.90625,derivative_excluded
23.8125,23.875,derivative_excluded
23.75,23.8125,derivative_excluded
23.625,23.75,derivative_excluded
23.5,23.625,derivative_excluded
23.25,23.5,derivative_excluded
23.0,23.25,derivative_excluded
22.75,23.0,derivative_excluded
22.5,22.75,derivative_excluded
22.25,22.5,derivative_excluded
22.0,22.25,derivative_excluded
21.75,22.0,derivative_excluded
21.5,21.75,derivative_excluded
21.25,21.5,derivative_excluded
21.0,21.25,derivative_excluded
20.75,21.0,derivative_excluded
20.625,20.75,derivative_excluded
20.5625,20.625,derivative_excluded
20.5,20.5625,derivative_excluded
20.25,20.5,unique_root
20.125,20.25,derivative_excluded
20.0,20.125,derivative_excluded
19.75,20.0,derivative_excluded
19.5,19.75,derivative_excluded
19.25,19.5,derivative_excluded
19.0,19.25,derivative_excluded
18.75,19.0,derivative_excluded
18.5,18.75,derivative_excluded
18.25,18.5,derivative_excluded
18.0,18.25,derivative_excluded
17.75,18.0,derivative_excluded
17.625,17.75,derivative_excluded
17.5625,17.625,derivative_excluded
17.53125,17.5625,derivative_excluded
17.5,17.53125,derivative_excluded
17.25,17.5,unique_root
17.125,17.25,derivative_excluded
17.0,17.125,derivative_excluded
16.75,17.0,derivative_excluded
16.5,16.75,derivative_excluded
16.25,16.5,derivative_excluded
16.0,16.25,derivative_excluded
15.75,16.0,derivative_excluded
15.5,15.75,derivative_excluded
15.25,15.5,derivative_excluded
15.0,15.25,derivative_excluded
14.75,15.0,derivative_excluded
14.5,14.75,derivative_excluded
14.25,14.5,derivative_excluded
14.0,14.25,derivative_excluded
13.75,14.0,derivative_excluded
13.5,13.75,derivative_excluded
13.25,13.5,derivative_excluded
13.0,13.25,derivative_excluded
12.75,13.0,derivative_excluded
12.625,12.75,derivative_excluded
12.5625,12.625,derivative_excluded
12.5,12.5625,derivative_excluded
12.25,12.5,unique_root
12.125,12.25,derivative_excluded
12.0,12.125,derivative_excluded
11.75,12.0,derivative_excluded
11.5,11.75,derivative_excluded
11.25,11.5,derivative_excluded
11.0,11.25,derivative_excluded
10.75,11.0,derivative_excluded
10.5,10.75,derivative_excluded
10.25,10.5,derivative_excluded
10.0,10.25,derivative_excluded
9.75,10.0,derivative_excluded
9.5,9.75,derivative_excluded
9.25,9.5,derivative_excluded
9.0,9.25,derivative_excluded
8.75,9.0,derivative_excluded
8.5,8.75,derivative_excluded
8.25,8.5,derivative_excluded
8.0,8.25,derivative_excluded
7.75,8.0,derivative_excluded
7.625,7.75,derivative_excluded
7.5,7.625,derivative_excluded
7.25,7.5,unique_root
7.21875,7.25,derivative_excluded
7.1875,7.21875,derivative_excluded
7.125,7.1875,derivative_excluded
7.0,7.125,derivative_excluded
6.75,7.0,derivative_excluded
6.5,6.75,derivative_excluded
6.25,6.5,derivative_excluded
6.0,6.25,derivative_excluded
5.75,6.0,derivative_excluded
5.5,5.75,derivative_excluded
5.25,5.5,derivative_excluded
5.0,5.25,derivative_excluded
4.75,5.0,derivative_excluded
4.625,4.75,derivative_excluded
4.5,4.625,derivative_excluded
4.375,4.5,derivative_excluded
4.25,4.375,derivative_excluded
4.1875,4.25,derivative_excluded
4.125,4.1875,derivative_excluded
4.0625,4.125,derivative_excluded
4.0,4.0625,derivative_excluded
3.9375,4.0,derivative_excluded
3.875,3.9375,derivative_excluded
3.8125,3.875,derivative_excluded
3.78125,3.8125,derivative_excluded
3.75,3.78125,derivative_excluded
3.71875,3.75,derivative_excluded
3.6875,3.71875,derivative_excluded
3.65625,3.6875,derivative_excluded
3.625,3.65625,derivative_excluded
3.59375,3.625,derivative_excluded
3.5625,3.59375,derivative_excluded
3.53125,3.5625,derivative_excluded
3.5,3.53125,derivative_excluded
3.46875,3.5,derivative_excluded
3.4375,3.46875,derivative_excluded
3.40625,3.4375,derivative_excluded
3.375,3.40625,derivative_excluded
3.34375,3.375,derivative_excluded
3.3125,3.34375,derivative_excluded
3.296875,3.3125,derivative_excluded
3.28125,3.296875,derivative_excluded
3.265625,3.28125,derivative_excluded
3.25,3.265625,derivative_excluded
3.234375,3.25,derivative_excluded
3.21875,3.234375,derivative_excluded
3.203125,3.21875,derivative_excluded
3.1875,3.203125,derivative_excluded
3.171875,3.1875,derivative_excluded
3.15625,3.171875,derivative_excluded
3.140625,3.15625,derivative_excluded
3.125,3.140625,derivative_excluded
3.109375,3.125,derivative_excluded
3.09375,3.109375,derivative_excluded
3.078125,3.09375,derivative_excluded
3.0625,3.078125,derivative_excluded
3.046875,3.0625,derivative_excluded
3.03125,3.046875,derivative_excluded
3.015625,3.03125,derivative_excluded
3.0,3.015625,derivative_excluded
2.984375,3.0,derivative_excluded
2.96875,2.984375,derivative_excluded
2.953125,2.96875,derivative_excluded
2.9375,2.953125,derivative_excluded
2.921875,2.9375,derivative_excluded
2.90625,2.921875,derivative_excluded
2.8984375,2.90625,derivative_excluded
2.890625,2.8984375,derivative_excluded
2.8828125,2.890625,derivative_excluded
2.875,2.8828125,derivative_excluded
2.8671875,2.875,derivative_excluded
2.859375,2.8671875,derivative_excluded
2.8515625,2.859375,derivative_excluded
2.84375,2.8515625,derivative_excluded
2.8359375,2.84375,derivative_excluded
2.828125,2.8359375,derivative_excluded
2.8203125,2.828125,derivative_excluded
2.8125,2.8203125,derivative_excluded
2.8046875,2.8125,derivative_excluded
2.796875,2.8046875,derivative_excluded
2.7890625,2.796875,derivative_excluded
2.78125,2.7890625,derivative_excluded
2.7734375,2.78125,derivative_excluded
2.765625,2.7734375,derivative_excluded
2.7578125,2.765625,derivative_excluded
2.75,2.7578125,derivative_excluded
2.7421875,2.75,derivative_excluded
2.734375,2.7421875,derivative_excluded
2.7265625,2.734375,derivative_excluded
2.71875,2.7265625,derivative_excluded
2.7109375,2.71875,derivative_excluded
2.703125,2.7109375,derivative_excluded
2.6953125,2.703125,derivative_excluded
2.6875,2.6953125,derivative_excluded
2.6796875,2.6875,derivative_excluded
2.671875,2.6796875,derivative_excluded
2.6640625,2.671875,derivative_excluded
2.65625,2.6640625,derivative_excluded
2.6484375,2.65625,derivative_excluded
2.640625,2.6484375,derivative_excluded
2.6328125,2.640625,derivative_excluded
2.625,2.6328125,derivative_excluded
2.6171875,2.625,derivative_excluded
2.609375,2.6171875,derivative_excluded
2.6015625,2.609375,derivative_excluded
2.59375,2.6015625,derivative_excluded
2.5859375,2.59375,derivative_excluded
2.578125,2.5859375,derivative_excluded
2.5703125,2.578125,derivative_excluded
2.5625,2.5703125,derivative_excluded
2.5546875,2.5625,derivative_excluded
2.546875,2.5546875,derivative_excluded
2.5390625,2.546875,derivative_excluded
2.53515625,2.5390625,derivative_excluded
2.53125,2.53515625,derivative_excluded
2.52734375,2.53125,derivative_excluded
2.5234375,2.52734375,derivative_excluded
2.51953125,2.5234375,derivative_excluded
2.515625,2.51953125,derivative_excluded
2.51171875,2.515625,derivative_excluded
2.5078125,2.51171875,derivative_excluded
2.50390625,2.5078125,derivative_excluded
2.5,2.50390625,derivative_excluded
2.49609375,2.5,derivative_excluded
2.4921875,2.49609375,derivative_excluded
2.48828125,2.4921875,derivative_excluded
2.484375,2.48828125,derivative_excluded
2.48046875,2.484375,derivative_excluded
2.4765625,2.48046875,derivative_excluded
2.47265625,2.4765625,derivative_excluded
2.46875,2.47265625,derivative_excluded
2.46484375,2.46875,derivative_excluded
2.4609375,2.46484375,derivative_excluded
2.45703125,2.4609375,derivative_excluded
2.453125,2.45703125,derivative_excluded
2.44921875,2.453125,derivative_excluded
2.4453125,2.44921875,derivative_excluded
2.44140625,2.4453125,derivative_excluded
2.4375,2.44140625,derivative_excluded
2.43359375,2.4375,derivative_excluded
2.4296875,2.43359375,derivative_excluded
2.42578125,2.4296875,derivative_excluded
2.421875,2.42578125,derivative_excluded
2.41796875,2.421875,derivative_excluded
2.4140625,2.41796875,derivative_excluded
2.41015625,2.4140625,derivative_excluded
2.40625,2.41015625,derivative_excluded
2.40234375,2.40625,derivative_excluded
2.3984375,2.40234375,derivative_excluded
2.39453125,2.3984375,derivative_excluded
2.390625,2.39453125,derivative_excluded
2.38671875,2.390625,derivative_excluded
2.3828125,2.38671875,derivative_excluded
2.37890625,2.3828125,derivative_excluded
2.375,2.37890625,derivative_excluded
2.37109375,2.375,derivative_excluded
2.3671875,2.37109375,derivative_excluded
2.36328125,2.3671875,derivative_excluded
2.359375,2.36328125,derivative_excluded
2.35546875,2.359375,derivative_excluded
2.3515625,2.35546875,derivative_excluded
2.34765625,2.3515625,derivative_excluded
2.34375,2.34765625,derivative_excluded
2.33984375,2.34375,derivative_excluded
2.3359375,2.33984375,derivative_excluded
2.33203125,2.3359375,derivative_excluded
2.328125,2.33203125,derivative_excluded
2.32421875,2.328125,derivative_excluded
2.3203125,2.32421875,derivative_excluded
2.31640625,2.3203125,derivative_excluded
2.3125,2.31640625,derivative_excluded
2.30859375,2.3125,derivative_excluded
2.3046875,2.30859375,derivative_excluded
2.30078125,2.3046875,derivative_excluded
2.296875,2.30078125,derivative_excluded
2.29296875,2.296875,derivative_excluded
2.2890625,2.29296875,derivative_excluded
2.28515625,2.2890625,derivative_excluded
2.28125,2.28515625,derivative_excluded
2.27734375,2.28125,derivative_excluded
2.2734375,2.27734375,derivative_excluded
2.26953125,2.2734375,derivative_excluded
2.265625,2.26953125,derivative_excluded
2.26171875,2.265625,derivative_excluded
2.2578125,2.26171875,derivative_excluded
2.25390625,2.2578125,derivative_excluded
2.25,2.25390625,derivative_excluded
2.24609375,2.25,derivative_excluded
2.2421875,2.24609375,derivative_excluded
2.23828125,2.2421875,derivative_excluded
2.234375,2.23828125,derivative_excluded
2.23046875,2.234375,derivative_excluded
2.2265625,2.23046875,derivative_excluded
2.22265625,2.2265625,derivative_excluded
2.21875,2.22265625,derivative_excluded
2.21484375,2.21875,derivative_excluded
2.2109375,2.21484375,derivative_excluded
2.20703125,2.2109375,derivative_excluded
2.205078125,2.20703125,derivative_excluded
2.203125,2.205078125,derivative_excluded
2.201171875,2.203125,derivative_excluded
2.19921875,2.201171875,derivative_excluded
2.197265625,2.19921875,derivative_excluded
2.1953125,2.197265625,derivative_excluded
2.193359375,2.1953125,derivative_excluded
2.19140625,2.193359375,derivative_excluded
2.189453125,2.19140625,derivative_excluded
2.1875,2.189453125,derivative_excluded
2.185546875,2.1875,derivative_excluded
2.18359375,2.185546875,derivative_excluded
2.181640625,2.18359375,derivative_excluded
2.1796875,2.181640625,derivative_excluded
2.177734375,2.1796875,derivative_excluded
2.17578125,2.177734375,derivative_excluded
2.173828125,2.17578125,derivative_excluded
2.171875,2.173828125,derivative_excluded
2.169921875,2.171875,derivative_excluded
2.16796875,2.169921875,derivative_excluded
2.166015625,2.16796875,derivative_excluded
2.1640625,2.166015625,derivative_excluded
2.162109375,2.1640625,derivative_excluded
2.16015625,2.162109375,derivative_excluded
2.158203125,2.16015625,derivative_excluded
2.15625,2.158203125,derivative_excluded
2.154296875,2.15625,derivative_excluded
2.15234375,2.154296875,derivative_excluded
2.150390625,2.15234375,derivative_excluded
2.1484375,2.150390625,derivative_excluded
2.146484375,2.1484375,derivative_excluded
2.14453125,2.146484375,derivative_excluded
2.142578125,2.14453125,derivative_excluded
2.140625,2.142578125,derivative_excluded
2.138671875,2.140625,derivative_excluded
2.13671875,2.138671875,derivative_excluded
2.134765625,2.13671875,derivative_excluded
2.1328125,2.134765625,derivative_excluded
2.130859375,2.1328125,derivative_excluded
2.12890625,2.130859375,derivative_excluded
2.126953125,2.12890625,derivative_excluded
2.125,2.126953125,derivative_excluded
2.123046875,2.125,derivative_excluded
2.12109375,2.123046875,derivative_excluded
2.119140625,2.12109375,derivative_excluded
2.1171875,2.119140625,derivative_excluded
2.115234375,2.1171875,derivative_excluded
2.11328125,2.115234375,derivative_excluded
2.111328125,2.11328125,derivative_excluded
2.109375,2.111328125,derivative_excluded
2.107421875,2.109375,derivative_excluded
2.10546875,2.107421875,derivative_excluded
2.103515625,2.10546875,derivative_excluded
2.1015625,2.103515625,derivative_excluded
2.099609375,2.1015625,derivative_excluded
2.09765625,2.099609375,derivative_excluded
2.095703125,2.09765625,derivative_excluded
2.09375,2.095703125,derivative_excluded
2.091796875,2.09375,derivative_excluded
2.08984375,2.091796875,derivative_excluded
2.087890625,2.08984375,derivative_excluded
2.0859375,2.087890625,derivative_excluded
2.083984375,2.0859375,derivative_excluded
2.08203125,2.083984375,derivative_excluded
2.080078125,2.08203125,derivative_excluded
2.078125,2.080078125,derivative_excluded
2.076171875,2.078125,derivative_excluded
2.07421875,2.076171875,derivative_excluded
2.072265625,2.07421875,derivative_excluded
2.0703125,2.072265625,derivative_excluded
2.068359375,2.0703125,derivative_excluded
2.06640625,2.068359375,derivative_excluded
2.064453125,2.06640625,derivative_excluded
2.0625,2.064453125,derivative_excluded
2.060546875,2.0625,derivative_excluded
2.05859375,2.060546875,derivative_excluded
2.056640625,2.05859375,derivative_excluded
2.0546875,2.056640625,derivative_excluded
2.052734375,2.0546875,derivative_excluded
2.05078125,2.052734375,derivative_excluded
2.048828125,2.05078125,derivative_excluded
2.046875,2.048828125,derivative_excluded
2.044921875,2.046875,derivative_excluded
2.04296875,2.044921875,derivative_excluded
2.041015625,2.04296875,derivative_excluded
2.0390625,2.041015625,derivative_excluded
2.037109375,2.0390625,derivative_excluded
2.03515625,2.037109375,derivative_excluded
2.033203125,2.03515625,derivative_excluded
2.03125,2.033203125,derivative_excluded
2.029296875,2.03125,derivative_excluded
2.02734375,2.029296875,derivative_excluded
2.025390625,2.02734375,derivative_excluded
2.0234375,2.025390625,derivative_excluded
2.021484375,2.0234375,derivative_excluded
2.01953125,2.021484375,derivative_excluded
2.017578125,2.01953125,derivative_excluded
2.015625,2.017578125,derivative_excluded
2.013671875,2.015625,derivative_excluded
2.01171875,2.013671875,derivative_excluded
2.009765625,2.01171875,derivative_excluded
2.0078125,2.009765625,derivative_excluded
2.005859375,2.0078125,derivative_excluded
2.00390625,2.005859375,derivative_excluded
2.001953125,2.00390625,derivative_excluded
2.0,2.001953125,derivative_excluded
1.998046875,2.0,derivative_excluded
1.99609375,1.998046875,derivative_excluded
1.994140625,1.99609375,derivative_excluded
1.9921875,1.994140625,derivative_excluded
1.990234375,1.9921875,derivative_excluded
1.98828125,1.990234375,derivative_excluded
1.986328125,1.98828125,derivative_excluded
1.984375,1.986328125,derivative_excluded
1.982421875,1.984375,derivative_excluded
1.98046875,1.982421875,derivative_excluded
1.978515625,1.98046875,derivative_excluded
1.9765625,1.978515625,derivative_excluded
1.974609375,1.9765625,derivative_excluded
1.97265625,1.974609375,derivative_excluded
1.970703125,1.97265625,derivative_excluded
1.96875,1.970703125,derivative_excluded
1.966796875,1.96875,derivative_excluded
1.96484375,1.966796875,derivative_excluded
1.962890625,1.96484375,derivative_excluded
1.9609375,1.962890625,derivative_excluded
1.958984375,1.9609375,derivative_excluded
1.95703125,1.958984375,derivative_excluded
1.955078125,1.95703125,derivative_excluded
1.953125,1.955078125,derivative_excluded
1.951171875,1.953125,derivative_excluded
1.94921875,1.951171875,derivative_excluded
1.947265625,1.94921875,derivative_excluded
1.9453125,1.947265625,derivative_excluded
1.943359375,1.9453125,derivative_excluded
1.94140625,1.943359375,derivative_excluded
1.939453125,1.94140625,derivative_excluded
1.9375,1.939453125,derivative_excluded
1.935546875,1.9375,derivative_excluded
1.93359375,1.935546875,derivative_excluded
1.931640625,1.93359375,derivative_excluded
1.9296875,1.931640625,derivative_excluded
1.927734375,1.9296875,derivative_excluded
1.92578125,1.927734375,derivative_excluded
1.923828125,1.92578125,derivative_excluded
1.921875,1.923828125,derivative_excluded
1.919921875,1.921875,derivative_excluded
1.91796875,1.919921875,derivative_excluded
1.916015625,1.91796875,derivative_excluded
1.9140625,1.916015625,derivative_excluded
1.912109375,1.9140625,derivative_excluded
1.91015625,1.912109375,derivative_excluded
1.908203125,1.91015625,derivative_excluded
1.90625,1.908203125,derivative_excluded
1.9052734375,1.90625,derivative_excluded
1.904296875,1.9052734375,derivative_excluded
1.9033203125,1.904296875,derivative_excluded
1.90234375,1.9033203125,derivative_excluded
1.9013671875,1.90234375,derivative_excluded
1.900390625,1.9013671875,derivative_excluded
1.8994140625,1.900390625,derivative_excluded
1.8984375,1.8994140625,derivative_excluded
1.8974609375,1.8984375,derivative_excluded
1.896484375,1.8974609375,derivative_excluded
1.8955078125,1.896484375,derivative_excluded
1.89453125,1.8955078125,derivative_excluded
1.8935546875,1.89453125,derivative_excluded
1.892578125,1.8935546875,derivative_excluded
1.8916015625,1.892578125,derivative_excluded
1.890625,1.8916015625,derivative_excluded
1.8896484375,1.890625,derivative_excluded
1.888671875,1.8896484375,derivative_excluded
1.8876953125,1.888671875,derivative_excluded
1.88671875,1.8876953125,derivative_excluded
1.8857421875,1.88671875,derivative_excluded
1.884765625,1.8857421875,derivative_excluded
1.8837890625,1.884765625,derivative_excluded
1.8828125,1.8837890625,derivative_excluded
1.8818359375,1.8828125,derivative_excluded
1.880859375,1.8818359375,derivative_excluded
1.8798828125,1.880859375,derivative_excluded
1.87890625,1.8798828125,derivative_excluded
1.8779296875,1.87890625,derivative_excluded
1.876953125,1.8779296875,derivative_excluded
1.8759765625,1.876953125,derivative_excluded
1.875,1.8759765625,derivative_excluded
1.8740234375,1.875,derivative_excluded
1.873046875,1.8740234375,derivative_excluded
1.8720703125,1.873046875,derivative_excluded
1.87109375,1.8720703125,derivative_excluded
1.8701171875,1.87109375,derivative_excluded
1.869140625,1.8701171875,derivative_excluded
1.8681640625,1.869140625,derivative_excluded
1.8671875,1.8681640625,derivative_excluded
1.8662109375,1.8671875,derivative_excluded
1.865234375,1.8662109375,derivative_excluded
1.8642578125,1.865234375,derivative_excluded
1.86328125,1.8642578125,derivative_excluded
1.8623046875,1.86328125,derivative_excluded
1.861328125,1.8623046875,derivative_excluded
1.8603515625,1.861328125,derivative_excluded
1.859375,1.8603515625,derivative_excluded
1.8583984375,1.859375,derivative_excluded
1.857421875,1.8583984375,derivative_excluded
1.8564453125,1.857421875,derivative_excluded
1.85546875,1.8564453125,derivative_excluded
1.8544921875,1.85546875,derivative_excluded
1.853515625,1.8544921875,derivative_excluded
1.8525390625,1.853515625,derivative_excluded
1.8515625,1.8525390625,derivative_excluded
1.8505859375,1.8515625,derivative_excluded
1.849609375,1.8505859375,derivative_excluded
1.8486328125,1.849609375,derivative_excluded
1.84765625,1.8486328125,derivative_excluded
1.8466796875,1.84765625,derivative_excluded
1.845703125,1.8466796875,derivative_excluded
1.8447265625,1.845703125,derivative_excluded
1.84375,1.8447265625,derivative_excluded
1.8427734375,1.84375,derivative_excluded
1.841796875,1.8427734375,derivative_excluded
1.8408203125,1.841796875,derivative_excluded
1.83984375,1.8408203125,derivative_excluded
1.8388671875,1.83984375,derivative_excluded
1.837890625,1.8388671875,derivative_excluded
1.8369140625,1.837890625,derivative_excluded
1.8359375,1.8369140625,derivative_excluded
1.8349609375,1.8359375,derivative_excluded
1.833984375,1.8349609375,derivative_excluded
1.8330078125,1.833984375,derivative_excluded
1.83203125,1.8330078125,derivative_excluded
1.8310546875,1.83203125,derivative_excluded
1.830078125,1.8310546875,derivative_excluded
1.8291015625,1.830078125,derivative_excluded
1.828125,1.8291015625,derivative_excluded
1.8271484375,1.828125,derivative_excluded
1.826171875,1.8271484375,derivative_excluded
1.8251953125,1.826171875,derivative_excluded
1.82421875,1.8251953125,derivative_excluded
1.8232421875,1.82421875,derivative_excluded
1.822265625,1.8232421875,derivative_excluded
1.8212890625,1.822265625,derivative_excluded
1.8203125,1.8212890625,derivative_excluded
1.8193359375,1.8203125,derivative_excluded
1.818359375,1.8193359375,derivative_excluded
1.8173828125,1.818359375,derivative_excluded
1.81640625,1.8173828125,derivative_excluded
1.8154296875,1.81640625,derivative_excluded
1.814453125,1.8154296875,derivative_excluded
1.8134765625,1.814453125,derivative_excluded
1.8125,1.8134765625,derivative_excluded
1.8115234375,1.8125,derivative_excluded
1.810546875,1.8115234375,derivative_excluded
1.8095703125,1.810546875,derivative_excluded
1.80859375,1.8095703125,derivative_excluded
1.8076171875,1.80859375,derivative_excluded
1.806640625,1.8076171875,derivative_excluded
1.8056640625,1.806640625,derivative_excluded
1.8046875,1.8056640625,derivative_excluded
1.8037109375,1.8046875,derivative_excluded
1.802734375,1.8037109375,derivative_excluded
1.8017578125,1.802734375,derivative_excluded
1.80078125,1.8017578125,derivative_excluded
1.7998046875,1.80078125,derivative_excluded
1.798828125,1.7998046875,derivative_excluded
1.7978515625,1.798828125,derivative_excluded
1.796875,1.7978515625,derivative_excluded
1.7958984375,1.796875,derivative_excluded
1.794921875,1.7958984375,derivative_excluded
1.7939453125,1.794921875,derivative_excluded
1.79296875,1.7939453125,derivative_excluded
1.7919921875,1.79296875,derivative_excluded
1.791015625,1.7919921875,derivative_excluded
1.7900390625,1.791015625,derivative_excluded
1.7890625,1.7900390625,derivative_excluded
1.7880859375,1.7890625,derivative_excluded
1.787109375,1.7880859375,derivative_excluded
1.7861328125,1.787109375,derivative_excluded
1.78515625,1.7861328125,derivative_excluded
1.7841796875,1.78515625,derivative_excluded
1.783203125,1.7841796875,derivative_excluded
1.7822265625,1.783203125,derivative_excluded
1.78125,1.7822265625,derivative_excluded
1.7802734375,1.78125,derivative_excluded
1.779296875,1.7802734375,derivative_excluded
1.7783203125,1.779296875,derivative_excluded
1.77734375,1.7783203125,derivative_excluded
1.7763671875,1.77734375,derivative_excluded
1.775390625,1.7763671875,derivative_excluded
1.7744140625,1.775390625,derivative_excluded
1.7734375,1.7744140625,derivative_excluded
1.7724609375,1.7734375,derivative_excluded
1.771484375,1.7724609375,derivative_excluded
1.7705078125,1.771484375,derivative_excluded
1.76953125,1.7705078125,derivative_excluded
1.7685546875,1.76953125,derivative_excluded
1.767578125,1.7685546875,derivative_excluded
1.7666015625,1.767578125,derivative_excluded
1.765625,1.7666015625,derivative_excluded
1.7646484375,1.765625,derivative_excluded
1.763671875,1.7646484375,derivative_excluded
1.7626953125,1.763671875,derivative_excluded
1.76171875,1.7626953125,derivative_excluded
1.7607421875,1.76171875,derivative_excluded
1.759765625,1.7607421875,derivative_excluded
1.7587890625,1.759765625,derivative_excluded
1.7578125,1.7587890625,derivative_excluded
1.7568359375,1.7578125,derivative_excluded
1.755859375,1.7568359375,derivative_excluded
1.7548828125,1.755859375,derivative_excluded
1.75390625,1.7548828125,derivative_excluded
1.7529296875,1.75390625,derivative_excluded
1.751953125,1.7529296875,derivative_excluded
1.7509765625,1.751953125,derivative_excluded
1.75,1.7509765625,derivative_excluded
1.7490234375,1.75,derivative_excluded
1.748046875,1.7490234375,derivative_excluded
1.7470703125,1.748046875,derivative_excluded
1.74609375,1.7470703125,derivative_excluded
1.7451171875,1.74609375,derivative_excluded
1.744140625,1.7451171875,derivative_excluded
1.7431640625,1.744140625,derivative_excluded
1.7421875,1.7431640625,derivative_excluded
1.7412109375,1.7421875,derivative_excluded
1.740234375,1.7412109375,derivative_excluded
1.7392578125,1.740234375,derivative_excluded
1.73828125,1.7392578125,derivative_excluded
1.7373046875,1.73828125,derivative_excluded
1.736328125,1.7373046875,derivative_excluded
1.7353515625,1.736328125,derivative_excluded
1.734375,1.7353515625,derivative_excluded
1.7333984375,1.734375,derivative_excluded
1.732421875,1.7333984375,derivative_excluded
1.7314453125,1.732421875,derivative_excluded
1.73046875,1.7314453125,derivative_excluded
1.7294921875,1.73046875,derivative_excluded
1.728515625,1.7294921875,derivative_excluded
1.7275390625,1.728515625,derivative_excluded
1.7265625,1.7275390625,derivative_excluded
1.7255859375,1.7265625,derivative_excluded
1.724609375,1.7255859375,derivative_excluded
1.7236328125,1.724609375,derivative_excluded
1.72265625,1.7236328125,derivative_excluded
1.7216796875,1.72265625,derivative_excluded
1.720703125,1.7216796875,derivative_excluded
1.7197265625,1.720703125,derivative_excluded
1.71875,1.7197265625,derivative_excluded
1.7177734375,1.71875,derivative_excluded
1.716796875,1.7177734375,derivative_excluded
1.7158203125,1.716796875,derivative_excluded
1.71484375,1.7158203125,derivative_excluded
1.7138671875,1.71484375,derivative_excluded
1.712890625,1.7138671875,derivative_excluded
1.7119140625,1.712890625,derivative_excluded
1.7109375,1.7119140625,derivative_excluded
1.7099609375,1.7109375,derivative_excluded
1.708984375,1.7099609375,derivative_excluded
1.7080078125,1.708984375,derivative_excluded
1.70703125,1.7080078125,derivative_excluded
1.7060546875,1.70703125,derivative_excluded
1.705078125,1.7060546875,derivative_excluded
1.7041015625,1.705078125,derivative_excluded
1.703125,1.7041015625,derivative_excluded
1.7021484375,1.703125,derivative_excluded
1.701171875,1.7021484375,derivative_excluded
1.7001953125,1.701171875,derivative_excluded
1.69921875,1.7001953125,derivative_excluded
1.6982421875,1.69921875,derivative_excluded
1.697265625,1.6982421875,derivative_excluded
1.6962890625,1.697265625,derivative_excluded
1.6953125,1.6962890625,derivative_excluded
1.6943359375,1.6953125,derivative_excluded
1.693359375,1.6943359375,derivative_excluded
1.6923828125,1.693359375,derivative_excluded
1.69140625,1.6923828125,derivative_excluded
1.6904296875,1.69140625,derivative_excluded
1.689453125,1.6904296875,derivative_excluded
1.6884765625,1.689453125,derivative_excluded
1.6875,1.6884765625,derivative_excluded
1.6865234375,1.6875,derivative_excluded
1.685546875,1.6865234375,derivative_excluded
1.6845703125,1.685546875,derivative_excluded
1.68359375,1.6845703125,derivative_excluded
1.6826171875,1.68359375,derivative_excluded
1.681640625,1.6826171875,derivative_excluded
1.6806640625,1.681640625,derivative_excluded
1.6796875,1.6806640625,derivative_excluded
1.6787109375,1.6796875,derivative_excluded
1.677734375,1.6787109375,derivative_excluded
1.6767578125,1.677734375,derivative_excluded
1.67578125,1.6767578125,derivative_excluded
1.6748046875,1.67578125,derivative_excluded
1.673828125,1.6748046875,derivative_excluded
1.6728515625,1.673828125,derivative_excluded
1.671875,1.6728515625,derivative_excluded
1.6708984375,1.671875,derivative_excluded
1.669921875,1.6708984375,derivative_excluded
1.6689453125,1.669921875,derivative_excluded
1.66796875,1.6689453125,derivative_excluded
1.6669921875,1.66796875,derivative_excluded
1.666015625,1.6669921875,derivative_excluded
1.6650390625,1.666015625,derivative_excluded
1.6640625,1.6650390625,derivative_excluded
1.6630859375,1.6640625,derivative_excluded
1.662109375,1.6630859375,derivative_excluded
1.6611328125,1.662109375,derivative_excluded
1.66015625,1.6611328125,derivative_excluded
1.6591796875,1.66015625,derivative_excluded
1.658203125,1.6591796875,derivative_excluded
1.6572265625,1.658203125,derivative_excluded
1.65625,1.6572265625,derivative_excluded
1.6552734375,1.65625,derivative_excluded
1.654296875,1.6552734375,derivative_excluded
1.6533203125,1.654296875,derivative_excluded
1.65234375,1.6533203125,derivative_excluded
1.6513671875,1.65234375,derivative_excluded
1.650390625,1.6513671875,derivative_excluded
1.6494140625,1.650390625,derivative_excluded
1.6484375,1.6494140625,derivative_excluded
1.6474609375,1.6484375,derivative_excluded
1.646484375,1.6474609375,derivative_excluded
1.6455078125,1.646484375,derivative_excluded
1.64453125,1.6455078125,derivative_excluded
1.6435546875,1.64453125,derivative_excluded
1.642578125,1.6435546875,derivative_excluded
1.6416015625,1.642578125,derivative_excluded
1.64111328125,1.6416015625,derivative_excluded
1.640625,1.64111328125,derivative_excluded
1.64013671875,1.640625,derivative_excluded
1.6396484375,1.64013671875,derivative_excluded
1.63916015625,1.6396484375,derivative_excluded
1.638671875,1.63916015625,derivative_excluded
1.63818359375,1.638671875,derivative_excluded
1.6376953125,1.63818359375,derivative_excluded
1.63720703125,1.6376953125,derivative_excluded
1.63671875,1.63720703125,derivative_excluded
1.63623046875,1.63671875,derivative_excluded
1.6357421875,1.63623046875,derivative_excluded
1.63525390625,1.6357421875,derivative_excluded
1.634765625,1.63525390625,derivative_excluded
1.63427734375,1.634765625,derivative_excluded
1.6337890625,1.63427734375,derivative_excluded
1.63330078125,1.6337890625,derivative_excluded
1.6328125,1.63330078125,derivative_excluded
1.63232421875,1.6328125,derivative_excluded
1.6318359375,1.63232421875,derivative_excluded
1.63134765625,1.6318359375,derivative_excluded
1.630859375,1.63134765625,derivative_excluded
1.63037109375,1.630859375,derivative_excluded
1.6298828125,1.63037109375,derivative_excluded
1.62939453125,1.6298828125,derivative_excluded
1.62890625,1.62939453125,derivative_excluded
1.62841796875,1.62890625,derivative_excluded
1.6279296875,1.62841796875,derivative_excluded
1.62744140625,1.6279296875,derivative_excluded
1.626953125,1.62744140625,derivative_excluded
1.62646484375,1.626953125,derivative_excluded
1.6259765625,1.62646484375,derivative_excluded
1.62548828125,1.6259765625,derivative_excluded
1.625,1.62548828125,derivative_excluded
1.62451171875,1.625,derivative_excluded
1.6240234375,1.62451171875,derivative_excluded
1.62353515625,1.6240234375,derivative_excluded
1.623046875,1.62353515625,derivative_excluded
1.62255859375,1.623046875,derivative_excluded
1.6220703125,1.62255859375,derivative_excluded
1.62158203125,1.6220703125,derivative_excluded
1.62109375,1.62158203125,derivative_excluded
1.62060546875,1.62109375,derivative_excluded
1.6201171875,1.62060546875,derivative_excluded
1.61962890625,1.6201171875,derivative_excluded
1.619140625,1.61962890625,derivative_excluded
1.61865234375,1.619140625,derivative_excluded
1.6181640625,1.61865234375,derivative_excluded
1.61767578125,1.6181640625,derivative_excluded
1.6171875,1.61767578125,derivative_excluded
1.61669921875,1.6171875,derivative_excluded
1.6162109375,1.61669921875,derivative_excluded
1.61572265625,1.6162109375,derivative_excluded
1.615234375,1.61572265625,derivative_excluded
1.61474609375,1.615234375,derivative_excluded
1.6142578125,1.61474609375,derivative_excluded
1.61376953125,1.6142578125,derivative_excluded
1.61328125,1.61376953125,derivative_excluded
1.61279296875,1.61328125,derivative_excluded
1.6123046875,1.61279296875,derivative_excluded
1.61181640625,1.6123046875,derivative_excluded
1.611328125,1.61181640625,derivative_excluded
1.61083984375,1.611328125,derivative_excluded
1.6103515625,1.61083984375,derivative_excluded
1.60986328125,1.6103515625,derivative_excluded
1.609375,1.60986328125,derivative_excluded
1.60888671875,1.609375,derivative_excluded
1.6083984375,1.60888671875,derivative_excluded
1.60791015625,1.6083984375,derivative_excluded
1.607421875,1.60791015625,derivative_excluded
1.60693359375,1.607421875,derivative_excluded
1.6064453125,1.60693359375,derivative_excluded
1.60595703125,1.6064453125,derivative_excluded
1.60546875,1.60595703125,derivative_excluded
1.60498046875,1.60546875,derivative_excluded
1.6044921875,1.60498046875,derivative_excluded
1.60400390625,1.6044921875,derivative_excluded
1.603515625,1.60400390625,derivative_excluded
1.60302734375,1.603515625,derivative_excluded
1.6025390625,1.60302734375,derivative_excluded
1.60205078125,1.6025390625,derivative_excluded
1.6015625,1.60205078125,derivative_excluded
1.60107421875,1.6015625,derivative_excluded
1.6005859375,1.60107421875,derivative_excluded
1.60009765625,1.6005859375,derivative_excluded
1.599609375,1.60009765625,derivative_excluded
1.59912109375,1.599609375,derivative_excluded
1.5986328125,1.59912109375,derivative_excluded
1.59814453125,1.5986328125,derivative_excluded
1.59765625,1.59814453125,derivative_excluded
1.59716796875,1.59765625,derivative_excluded
1.5966796875,1.59716796875,derivative_excluded
1.59619140625,1.5966796875,derivative_excluded
1.595703125,1.59619140625,derivative_excluded
1.59521484375,1.595703125,derivative_excluded
1.5947265625,1.59521484375,derivative_excluded
1.59423828125,1.5947265625,derivative_excluded
1.59375,1.59423828125,derivative_excluded
1.59326171875,1.59375,derivative_excluded
1.5927734375,1.59326171875,derivative_excluded
1.59228515625,1.5927734375,derivative_excluded
1.591796875,1.59228515625,derivative_excluded
1.59130859375,1.591796875,derivative_excluded
1.5908203125,1.59130859375,derivative_excluded
1.59033203125,1.5908203125,derivative_excluded
1.58984375,1.59033203125,derivative_excluded
1.58935546875,1.58984375,derivative_excluded
1.5888671875,1.58935546875,derivative_excluded
1.58837890625,1.5888671875,derivative_excluded
1.587890625,1.58837890625,derivative_excluded
1.58740234375,1.587890625,derivative_excluded
1.5869140625,1.58740234375,derivative_excluded
1.58642578125,1.5869140625,derivative_excluded
1.5859375,1.58642578125,derivative_excluded
1.58544921875,1.5859375,derivative_excluded
1.5849609375,1.58544921875,derivative_excluded
1.58447265625,1.5849609375,derivative_excluded
1.583984375,1.58447265625,derivative_excluded
1.58349609375,1.583984375,derivative_excluded
1.5830078125,1.58349609375,derivative_excluded
1.58251953125,1.5830078125,derivative_excluded
1.58203125,1.58251953125,derivative_excluded
1.58154296875,1.58203125,derivative_excluded
1.5810546875,1.58154296875,derivative_excluded
1.58056640625,1.5810546875,derivative_excluded
1.580078125,1.58056640625,derivative_excluded
1.57958984375,1.580078125,derivative_excluded
1.5791015625,1.57958984375,derivative_excluded
1.57861328125,1.5791015625,derivative_excluded
1.578125,1.57861328125,derivative_excluded
1.57763671875,1.578125,derivative_excluded
1.5771484375,1.57763671875,derivative_excluded
1.57666015625,1.5771484375,derivative_excluded
1.576171875,1.57666015625,derivative_excluded
1.57568359375,1.576171875,derivative_excluded
1.5751953125,1.57568359375,derivative_excluded
1.57470703125,1.5751953125,derivative_excluded
1.57421875,1.57470703125,derivative_excluded
1.57373046875,1.57421875,derivative_excluded
1.5732421875,1.57373046875,derivative_excluded
1.57275390625,1.5732421875,derivative_excluded
1.572265625,1.57275390625,derivative_excluded
1.57177734375,1.572265625,derivative_excluded
1.5712890625,1.57177734375,derivative_excluded
1.57080078125,1.5712890625,derivative_excluded
1.5703125,1.57080078125,derivative_excluded
1.56982421875,1.5703125,derivative_excluded
1.5693359375,1.56982421875,derivative_excluded
1.56884765625,1.5693359375,derivative_excluded
1.568359375,1.56884765625,derivative_excluded
1.56787109375,1.568359375,derivative_excluded
1.5673828125,1.56787109375,derivative_excluded
1.56689453125,1.5673828125,derivative_excluded
1.56640625,1.56689453125,derivative_excluded
1.56591796875,1.56640625,derivative_excluded
1.5654296875,1.56591796875,derivative_excluded
1.56494140625,1.5654296875,derivative_excluded
1.564453125,1.56494140625,derivative_excluded
1.56396484375,1.564453125,derivative_excluded
1.5634765625,1.56396484375,derivative_excluded
1.56298828125,1.5634765625,derivative_excluded
1.5625,1.56298828125,derivative_excluded
1.56201171875,1.5625,derivative_excluded
1.5615234375,1.56201171875,derivative_excluded
1.56103515625,1.5615234375,derivative_excluded
1.560546875,1.56103515625,derivative_excluded
1.56005859375,1.560546875,derivative_excluded
1.5595703125,1.56005859375,derivative_excluded
1.55908203125,1.5595703125,derivative_excluded
1.55859375,1.55908203125,derivative_excluded
1.55810546875,1.55859375,derivative_excluded
1.5576171875,1.55810546875,derivative_excluded
1.55712890625,1.5576171875,derivative_excluded
1.556640625,1.55712890625,derivative_excluded
1.55615234375,1.556640625,derivative_excluded
1.5556640625,1.55615234375,derivative_excluded
1.55517578125,1.5556640625,derivative_excluded
1.5546875,1.55517578125,derivative_excluded
1.55419921875,1.5546875,derivative_excluded
1.5537109375,1.55419921875,derivative_excluded
1.55322265625,1.5537109375,derivative_excluded
1.552734375,1.55322265625,derivative_excluded
1.55224609375,1.552734375,derivative_excluded
1.5517578125,1.55224609375,derivative_excluded
1.55126953125,1.5517578125,derivative_excluded
1.55078125,1.55126953125,derivative_excluded
1.55029296875,1.55078125,derivative_excluded
1.5498046875,1.55029296875,derivative_excluded
1.54931640625,1.5498046875,derivative_excluded
1.548828125,1.54931640625,derivative_excluded
1.54833984375,1.548828125,derivative_excluded
1.5478515625,1.54833984375,derivative_excluded
1.54736328125,1.5478515625,derivative_excluded
1.546875,1.54736328125,derivative_excluded
1.54638671875,1.546875,derivative_excluded
1.5458984375,1.54638671875,derivative_excluded
1.54541015625,1.5458984375,derivative_excluded
1.544921875,1.54541015625,derivative_excluded
1.54443359375,1.544921875,derivative_excluded
1.5439453125,1.54443359375,derivative_excluded
1.54345703125,1.5439453125,derivative_excluded
1.54296875,1.54345703125,derivative_excluded
1.54248046875,1.54296875,derivative_excluded
1.5419921875,1.54248046875,derivative_excluded
1.54150390625,1.5419921875,derivative_excluded
1.541015625,1.54150390625,derivative_excluded
1.54052734375,1.541015625,derivative_excluded
1.5400390625,1.54052734375,derivative_excluded
1.53955078125,1.5400390625,derivative_excluded
1.5390625,1.53955078125,derivative_excluded
1.53857421875,1.5390625,derivative_excluded
1.5380859375,1.53857421875,derivative_excluded
1.53759765625,1.5380859375,derivative_excluded
1.537109375,1.53759765625,derivative_excluded
1.53662109375,1.537109375,derivative_excluded
1.5361328125,1.53662109375,derivative_excluded
1.53564453125,1.5361328125,derivative_excluded
1.53515625,1.53564453125,derivative_excluded
1.53466796875,1.53515625,derivative_excluded
1.5341796875,1.53466796875,derivative_excluded
1.53369140625,1.5341796875,derivative_excluded
1.533203125,1.53369140625,derivative_excluded
1.53271484375,1.533203125,derivative_excluded
1.5322265625,1.53271484375,derivative_excluded
1.53173828125,1.5322265625,derivative_excluded
1.53125,1.53173828125,derivative_excluded
1.53076171875,1.53125,derivative_excluded
1.5302734375,1.53076171875,derivative_excluded
1.52978515625,1.5302734375,derivative_excluded
1.529296875,1.52978515625,derivative_excluded
1.52880859375,1.529296875,derivative_excluded
1.5283203125,1.52880859375,derivative_excluded
1.52783203125,1.5283203125,derivative_excluded
1.52734375,1.52783203125,derivative_excluded
1.52685546875,1.52734375,derivative_excluded
1.5263671875,1.52685546875,derivative_excluded
1.52587890625,1.5263671875,derivative_excluded
1.525390625,1.52587890625,derivative_excluded
1.52490234375,1.525390625,derivative_excluded
1.5244140625,1.52490234375,derivative_excluded
1.52392578125,1.5244140625,derivative_excluded
1.5234375,1.52392578125,derivative_excluded
1.52294921875,1.5234375,derivative_excluded
1.5224609375,1.52294921875,derivative_excluded
1.52197265625,1.5224609375,derivative_excluded
1.521484375,1.52197265625,derivative_excluded
1.52099609375,1.521484375,derivative_excluded
1.5205078125,1.52099609375,derivative_excluded
1.52001953125,1.5205078125,derivative_excluded
1.51953125,1.52001953125,derivative_excluded
1.51904296875,1.51953125,derivative_excluded
1.5185546875,1.51904296875,derivative_excluded
1.51806640625,1.5185546875,derivative_excluded
1.517578125,1.51806640625,derivative_excluded
1.51708984375,1.517578125,derivative_excluded
1.5166015625,1.51708984375,derivative_excluded
1.51611328125,1.5166015625,derivative_excluded
1.515625,1.51611328125,derivative_excluded
1.51513671875,1.515625,derivative_excluded
1.5146484375,1.51513671875,derivative_excluded
1.51416015625,1.5146484375,derivative_excluded
1.513671875,1.51416015625,derivative_excluded
1.51318359375,1.513671875,derivative_excluded
1.5126953125,1.51318359375,derivative_excluded
1.51220703125,1.5126953125,derivative_excluded
1.51171875,1.51220703125,derivative_excluded
1.51123046875,1.51171875,derivative_excluded
1.5107421875,1.51123046875,derivative_excluded
1.51025390625,1.5107421875,derivative_excluded
1.509765625,1.51025390625,derivative_excluded
1.50927734375,1.509765625,derivative_excluded
1.5087890625,1.50927734375,derivative_excluded
1.50830078125,1.5087890625,derivative_excluded
1.5078125,1.50830078125,derivative_excluded
1.50732421875,1.5078125,derivative_excluded
1.5068359375,1.50732421875,derivative_excluded
1.50634765625,1.5068359375,derivative_excluded
1.505859375,1.50634765625,derivative_excluded
1.50537109375,1.505859375,derivative_excluded
1.5048828125,1.50537109375,derivative_excluded
1.50439453125,1.5048828125,derivative_excluded
1.50390625,1.50439453125,derivative_excluded
1.50341796875,1.50390625,derivative_excluded
1.5029296875,1.50341796875,derivative_excluded
1.50244140625,1.5029296875,derivative_excluded
1.501953125,1.50244140625,derivative_excluded
1.50146484375,1.501953125,derivative_excluded
1.5009765625,1.50146484375,derivative_excluded
1.50048828125,1.5009765625,derivative_excluded
1.5,1.50048828125,derivative_excluded
1.49951171875,1.5,derivative_excluded
1.4990234375,1.49951171875,derivative_excluded
1.49853515625,1.4990234375,derivative_excluded
1.498046875,1.49853515625,derivative_excluded
1.49755859375,1.498046875,derivative_excluded
1.4970703125,1.49755859375,derivative_excluded
1.49658203125,1.4970703125,derivative_excluded
1.49609375,1.49658203125,derivative_excluded
1.49560546875,1.49609375,derivative_excluded
1.4951171875,1.49560546875,derivative_excluded
1.49462890625,1.4951171875,derivative_excluded
1.494140625,1.49462890625,derivative_excluded
1.49365234375,1.494140625,derivative_excluded
1.4931640625,1.49365234375,derivative_excluded
1.49267578125,1.4931640625,derivative_excluded
1.4921875,1.49267578125,derivative_excluded
1.49169921875,1.4921875,derivative_excluded
1.4912109375,1.49169921875,derivative_excluded
1.49072265625,1.4912109375,derivative_excluded
1.490234375,1.49072265625,derivative_excluded
1.48974609375,1.490234375,derivative_excluded
1.4892578125,1.48974609375,derivative_excluded
1.48876953125,1.4892578125,derivative_excluded
1.48828125,1.48876953125,derivative_excluded
1.48779296875,1.48828125,derivative_excluded
1.4873046875,1.48779296875,derivative_excluded
1.48681640625,1.4873046875,derivative_excluded
1.486328125,1.48681640625,derivative_excluded
1.48583984375,1.486328125,derivative_excluded
1.4853515625,1.48583984375,derivative_excluded
1.48486328125,1.4853515625,derivative_excluded
1.484375,1.48486328125,derivative_excluded
1.48388671875,1.484375,derivative_excluded
1.4833984375,1.48388671875,derivative_excluded
1.48291015625,1.4833984375,derivative_excluded
1.482421875,1.48291015625,derivative_excluded
1.48193359375,1.482421875,derivative_excluded
1.4814453125,1.48193359375,derivative_excluded
1.48095703125,1.4814453125,derivative_excluded
1.48046875,1.48095703125,derivative_excluded
1.47998046875,1.48046875,derivative_excluded
1.4794921875,1.47998046875,derivative_excluded
1.47900390625,1.4794921875,derivative_excluded
1.478515625,1.47900390625,derivative_excluded
1.47802734375,1.478515625,derivative_excluded
1.4775390625,1.47802734375,derivative_excluded
1.47705078125,1.4775390625,derivative_excluded
1.4765625,1.47705078125,derivative_excluded
1.47607421875,1.4765625,derivative_excluded
1.4755859375,1.47607421875,derivative_excluded
1.47509765625,1.4755859375,derivative_excluded
1.474609375,1.47509765625,derivative_excluded
1.47412109375,1.474609375,derivative_excluded
1.4736328125,1.47412109375,derivative_excluded
1.47314453125,1.4736328125,derivative_excluded
1.47265625,1.47314453125,derivative_excluded
1.47216796875,1.47265625,derivative_excluded
1.4716796875,1.47216796875,derivative_excluded
1.47119140625,1.4716796875,derivative_excluded
1.470703125,1.47119140625,derivative_excluded
1.47021484375,1.470703125,derivative_excluded
1.4697265625,1.47021484375,derivative_excluded
1.46923828125,1.4697265625,derivative_excluded
1.46875,1.46923828125,derivative_excluded
1.46826171875,1.46875,derivative_excluded
1.4677734375,1.46826171875,derivative_excluded
1.46728515625,1.4677734375,derivative_excluded
1.466796875,1.46728515625,derivative_excluded
1.46630859375,1.466796875,derivative_excluded
1.4658203125,1.46630859375,derivative_excluded
1.46533203125,1.4658203125,derivative_excluded
1.46484375,1.46533203125,derivative_excluded
1.46435546875,1.46484375,derivative_excluded
1.4638671875,1.46435546875,derivative_excluded
1.46337890625,1.4638671875,derivative_excluded
1.462890625,1.46337890625,derivative_excluded
1.46240234375,1.462890625,derivative_excluded
1.4619140625,1.46240234375,derivative_excluded
1.46142578125,1.4619140625,derivative_excluded
1.4609375,1.46142578125,derivative_excluded
1.46044921875,1.4609375,derivative_excluded
1.4599609375,1.46044921875,derivative_excluded
1.45947265625,1.4599609375,derivative_excluded
1.458984375,1.45947265625,derivative_excluded
1.45849609375,1.458984375,derivative_excluded
1.4580078125,1.45849609375,derivative_excluded
1.45751953125,1.4580078125,derivative_excluded
1.45703125,1.45751953125,derivative_excluded
1.45654296875,1.45703125,derivative_excluded
1.4560546875,1.45654296875,derivative_excluded
1.45556640625,1.4560546875,derivative_excluded
1.455078125,1.45556640625,derivative_excluded
1.45458984375,1.455078125,derivative_excluded
1.4541015625,1.45458984375,derivative_excluded
1.45361328125,1.4541015625,derivative_excluded
1.453125,1.45361328125,derivative_excluded
1.45263671875,1.453125,derivative_excluded
1.4521484375,1.45263671875,derivative_excluded
1.45166015625,1.4521484375,derivative_excluded
1.451171875,1.45166015625,derivative_excluded
1.45068359375,1.451171875,derivative_excluded
1.4501953125,1.45068359375,derivative_excluded
1.44970703125,1.4501953125,derivative_excluded
1.44921875,1.44970703125,derivative_excluded
1.44873046875,1.44921875,derivative_excluded
1.4482421875,1.44873046875,derivative_excluded
1.44775390625,1.4482421875,derivative_excluded
1.447265625,1.44775390625,derivative_excluded
1.44677734375,1.447265625,derivative_excluded
1.4462890625,1.44677734375,derivative_excluded
1.44580078125,1.4462890625,derivative_excluded
1.4453125,1.44580078125,derivative_excluded
1.44482421875,1.4453125,derivative_excluded
1.4443359375,1.44482421875,derivative_excluded
1.44384765625,1.4443359375,derivative_excluded
1.443359375,1.44384765625,derivative_excluded
1.44287109375,1.443359375,derivative_excluded
1.4423828125,1.44287109375,derivative_excluded
1.44189453125,1.4423828125,derivative_excluded
1.44140625,1.44189453125,derivative_excluded
1.44091796875,1.44140625,derivative_excluded
1.4404296875,1.44091796875,derivative_excluded
1.43994140625,1.4404296875,derivative_excluded
1.439453125,1.43994140625,derivative_excluded
1.43896484375,1.439453125,derivative_excluded
1.4384765625,1.43896484375,derivative_excluded
1.43798828125,1.4384765625,derivative_excluded
1.4375,1.43798828125,derivative_excluded
1.43701171875,1.4375,derivative_excluded
1.4365234375,1.43701171875,derivative_excluded
1.43603515625,1.4365234375,derivative_excluded
1.435546875,1.43603515625,derivative_excluded
1.43505859375,1.435546875,derivative_excluded
1.4345703125,1.43505859375,derivative_excluded
1.43408203125,1.4345703125,derivative_excluded
1.43359375,1.43408203125,derivative_excluded
1.43310546875,1.43359375,derivative_excluded
1.4326171875,1.43310546875,derivative_excluded
1.43212890625,1.4326171875,derivative_excluded
1.431640625,1.43212890625,derivative_excluded
1.43115234375,1.431640625,derivative_excluded
1.4306640625,1.43115234375,derivative_excluded
1.43017578125,1.4306640625,derivative_excluded
1.4296875,1.43017578125,derivative_excluded
1.42919921875,1.4296875,derivative_excluded
1.4287109375,1.42919921875,derivative_excluded
1.42822265625,1.4287109375,derivative_excluded
1.427734375,1.42822265625,derivative_excluded
1.42724609375,1.427734375,derivative_excluded
1.4267578125,1.42724609375,derivative_excluded
1.42626953125,1.4267578125,derivative_excluded
1.42578125,1.42626953125,derivative_excluded
1.42529296875,1.42578125,derivative_excluded
1.4248046875,1.42529296875,derivative_excluded
1.42431640625,1.4248046875,derivative_excluded
1.423828125,1.42431640625,derivative_excluded
1.42333984375,1.423828125,derivative_excluded
1.4228515625,1.42333984375,derivative_excluded
1.42236328125,1.4228515625,derivative_excluded
1.421875,1.42236328125,derivative_excluded
1.42138671875,1.421875,derivative_excluded
1.4208984375,1.42138671875,derivative_excluded
1.42041015625,1.4208984375,derivative_excluded
1.419921875,1.42041015625,derivative_excluded
1.41943359375,1.419921875,derivative_excluded
1.4189453125,1.41943359375,derivative_excluded
1.41845703125,1.4189453125,derivative_excluded
1.41796875,1.41845703125,derivative_excluded
1.41748046875,1.41796875,derivative_excluded
1.4169921875,1.41748046875,derivative_excluded
1.41650390625,1.4169921875,derivative_excluded
1.416015625,1.41650390625,derivative_excluded
1.41552734375,1.416015625,derivative_excluded
1.4150390625,1.41552734375,derivative_excluded
1.41455078125,1.4150390625,derivative_excluded
1.4140625,1.41455078125,derivative_excluded
1.41357421875,1.4140625,derivative_excluded
1.4130859375,1.41357421875,derivative_excluded
1.41259765625,1.4130859375,derivative_excluded
1.412109375,1.41259765625,derivative_excluded
1.41162109375,1.412109375,derivative_excluded
1.4111328125,1.41162109375,derivative_excluded
1.41064453125,1.4111328125,derivative_excluded
1.41015625,1.41064453125,derivative_excluded
1.40966796875,1.41015625,derivative_excluded
1.4091796875,1.40966796875,derivative_excluded
1.40869140625,1.4091796875,derivative_excluded
1.408447265625,1.40869140625,derivative_excluded
1.408203125,1.408447265625,derivative_excluded
1.407958984375,1.408203125,derivative_excluded
1.40771484375,1.407958984375,derivative_excluded
1.407470703125,1.40771484375,derivative_excluded
1.4072265625,1.407470703125,derivative_excluded
1.406982421875,1.4072265625,derivative_excluded
1.40673828125,1.406982421875,derivative_excluded
1.406494140625,1.40673828125,derivative_excluded
1.40625,1.406494140625,derivative_excluded
1.406005859375,1.40625,derivative_excluded
1.40576171875,1.406005859375,derivative_excluded
1.405517578125,1.40576171875,derivative_excluded
1.4052734375,1.405517578125,derivative_excluded
1.405029296875,1.4052734375,derivative_excluded
1.40478515625,1.405029296875,derivative_excluded
1.404541015625,1.40478515625,derivative_excluded
1.404296875,1.404541015625,derivative_excluded
1.404052734375,1.404296875,derivative_excluded
1.40380859375,1.404052734375,derivative_excluded
1.403564453125,1.40380859375,derivative_excluded
1.4033203125,1.403564453125,derivative_excluded
1.403076171875,1.4033203125,derivative_excluded
1.40283203125,1.403076171875,derivative_excluded
1.402587890625,1.40283203125,derivative_excluded
1.40234375,1.402587890625,derivative_excluded
1.402099609375,1.40234375,derivative_excluded
1.40185546875,1.402099609375,derivative_excluded
1.401611328125,1.40185546875,derivative_excluded
1.4013671875,1.401611328125,derivative_excluded
1.401123046875,1.4013671875,derivative_excluded
1.40087890625,1.401123046875,derivative_excluded
1.400634765625,1.40087890625,derivative_excluded
1.400390625,1.400634765625,derivative_excluded
1.400146484375,1.400390625,derivative_excluded
1.39990234375,1.400146484375,derivative_excluded
1.399658203125,1.39990234375,derivative_excluded
1.3994140625,1.399658203125,derivative_excluded
1.399169921875,1.3994140625,derivative_excluded
1.39892578125,1.399169921875,derivative_excluded
1.398681640625,1.39892578125,derivative_excluded
1.3984375,1.398681640625,derivative_excluded
1.398193359375,1.3984375,derivative_excluded
1.39794921875,1.398193359375,derivative_excluded
1.397705078125,1.39794921875,derivative_excluded
1.3974609375,1.397705078125,derivative_excluded
1.397216796875,1.3974609375,derivative_excluded
1.39697265625,1.397216796875,derivative_excluded
1.396728515625,1.39697265625,derivative_excluded
1.396484375,1.396728515625,derivative_excluded
1.396240234375,1.396484375,derivative_excluded
1.39599609375,1.396240234375,derivative_excluded
1.395751953125,1.39599609375,derivative_excluded
1.3955078125,1.395751953125,derivative_excluded
1.395263671875,1.3955078125,derivative_excluded
1.39501953125,1.395263671875,derivative_excluded
1.394775390625,1.39501953125,derivative_excluded
1.39453125,1.394775390625,derivative_excluded
1.394287109375,1.39453125,derivative_excluded
1.39404296875,1.394287109375,derivative_excluded
1.393798828125,1.39404296875,derivative_excluded
1.3935546875,1.393798828125,derivative_excluded
1.393310546875,1.3935546875,derivative_excluded
1.39306640625,1.393310546875,derivative_excluded
1.392822265625,1.39306640625,derivative_excluded
1.392578125,1.392822265625,derivative_excluded
1.392333984375,1.392578125,derivative_excluded
1.39208984375,1.392333984375,derivative_excluded
1.391845703125,1.39208984375,derivative_excluded
1.3916015625,1.391845703125,derivative_excluded
1.391357421875,1.3916015625,derivative_excluded
1.39111328125,1.391357421875,derivative_excluded
1.390869140625,1.39111328125,derivative_excluded
1.390625,1.390869140625,derivative_excluded
1.390380859375,1.390625,derivative_excluded
1.39013671875,1.390380859375,derivative_excluded
1.389892578125,1.39013671875,derivative_excluded
1.3896484375,1.389892578125,derivative_excluded
1.389404296875,1.3896484375,derivative_excluded
1.38916015625,1.389404296875,derivative_excluded
1.388916015625,1.38916015625,derivative_excluded
1.388671875,1.388916015625,derivative_excluded
1.388427734375,1.388671875,derivative_excluded
1.38818359375,1.388427734375,derivative_excluded
1.387939453125,1.38818359375,derivative_excluded
1.3876953125,1.387939453125,derivative_excluded
1.387451171875,1.3876953125,derivative_excluded
1.38720703125,1.387451171875,derivative_excluded
1.386962890625,1.38720703125,derivative_excluded
1.38671875,1.386962890625,derivative_excluded
1.386474609375,1.38671875,derivative_excluded
1.38623046875,1.386474609375,derivative_excluded
1.385986328125,1.38623046875,derivative_excluded
1.3857421875,1.385986328125,derivative_excluded
1.385498046875,1.3857421875,derivative_excluded
1.38525390625,1.385498046875,derivative_excluded
1.385009765625,1.38525390625,derivative_excluded
1.384765625,1.385009765625,derivative_excluded
1.384521484375,1.384765625,derivative_excluded
1.38427734375,1.384521484375,derivative_excluded
1.384033203125,1.38427734375,derivative_excluded
1.3837890625,1.384033203125,derivative_excluded
1.383544921875,1.3837890625,derivative_excluded
1.38330078125,1.383544921875,derivative_excluded
1.383056640625,1.38330078125,derivative_excluded
1.3828125,1.383056640625,derivative_excluded
1.382568359375,1.3828125,derivative_excluded
1.38232421875,1.382568359375,derivative_excluded
1.382080078125,1.38232421875,derivative_excluded
1.3818359375,1.382080078125,derivative_excluded
1.381591796875,1.3818359375,derivative_excluded
1.38134765625,1.381591796875,derivative_excluded
1.381103515625,1.38134765625,derivative_excluded
1.380859375,1.381103515625,derivative_excluded
1.380615234375,1.380859375,derivative_excluded
1.38037109375,1.380615234375,derivative_excluded
1.380126953125,1.38037109375,derivative_excluded
1.3798828125,1.380126953125,derivative_excluded
1.379638671875,1.3798828125,derivative_excluded
1.37939453125,1.379638671875,derivative_excluded
1.379150390625,1.37939453125,derivative_excluded
1.37890625,1.379150390625,derivative_excluded
1.378662109375,1.37890625,derivative_excluded
1.37841796875,1.378662109375,derivative_excluded
1.378173828125,1.37841796875,derivative_excluded
1.3779296875,1.378173828125,derivative_excluded
1.377685546875,1.3779296875,derivative_excluded
1.37744140625,1.377685546875,derivative_excluded
1.377197265625,1.37744140625,derivative_excluded
1.376953125,1.377197265625,derivative_excluded
1.376708984375,1.376953125,derivative_excluded
1.37646484375,1.376708984375,derivative_excluded
1.376220703125,1.37646484375,derivative_excluded
1.3759765625,1.376220703125,derivative_excluded
1.375732421875,1.3759765625,derivative_excluded
1.37548828125,1.375732421875,derivative_excluded
1.375244140625,1.37548828125,derivative_excluded
1.375,1.375244140625,derivative_excluded
1.374755859375,1.375,derivative_excluded
1.37451171875,1.374755859375,derivative_excluded
1.374267578125,1.37451171875,derivative_excluded
1.3740234375,1.374267578125,derivative_excluded
1.373779296875,1.3740234375,derivative_excluded
1.37353515625,1.373779296875,derivative_excluded
1.373291015625,1.37353515625,derivative_excluded
1.373046875,1.373291015625,derivative_excluded
1.372802734375,1.373046875,derivative_excluded
1.37255859375,1.372802734375,derivative_excluded
1.372314453125,1.37255859375,derivative_excluded
1.3720703125,1.372314453125,derivative_excluded
1.371826171875,1.3720703125,derivative_excluded
1.37158203125,1.371826171875,derivative_excluded
1.371337890625,1.37158203125,derivative_excluded
1.37109375,1.371337890625,derivative_excluded
1.370849609375,1.37109375,derivative_excluded
1.37060546875,1.370849609375,derivative_excluded
1.370361328125,1.37060546875,derivative_excluded
1.3701171875,1.370361328125,derivative_excluded
1.369873046875,1.3701171875,derivative_excluded
1.36962890625,1.369873046875,derivative_excluded
1.369384765625,1.36962890625,derivative_excluded
1.369140625,1.369384765625,derivative_excluded
1.368896484375,1.369140625,derivative_excluded
1.36865234375,1.368896484375,derivative_excluded
1.368408203125,1.36865234375,derivative_excluded
1.3681640625,1.368408203125,derivative_excluded
1.367919921875,1.3681640625,derivative_excluded
1.36767578125,1.367919921875,derivative_excluded
1.367431640625,1.36767578125,derivative_excluded
1.3671875,1.367431640625,derivative_excluded
1.366943359375,1.3671875,derivative_excluded
1.36669921875,1.366943359375,derivative_excluded
1.366455078125,1.36669921875,derivative_excluded
1.3662109375,1.366455078125,derivative_excluded
1.365966796875,1.3662109375,derivative_excluded
1.36572265625,1.365966796875,derivative_excluded
1.365478515625,1.36572265625,derivative_excluded
1.365234375,1.365478515625,derivative_excluded
1.364990234375,1.365234375,derivative_excluded
1.36474609375,1.364990234375,derivative_excluded
1.364501953125,1.36474609375,derivative_excluded
1.3642578125,1.364501953125,derivative_excluded
1.364013671875,1.3642578125,derivative_excluded
1.36376953125,1.364013671875,derivative_excluded
1.363525390625,1.36376953125,derivative_excluded
1.36328125,1.363525390625,derivative_excluded
1.363037109375,1.36328125,derivative_excluded
1.36279296875,1.363037109375,derivative_excluded
1.362548828125,1.36279296875,derivative_excluded
1.3623046875,1.362548828125,derivative_excluded
1.362060546875,1.3623046875,derivative_excluded
1.36181640625,1.362060546875,derivative_excluded
1.361572265625,1.36181640625,derivative_excluded
1.361328125,1.361572265625,derivative_excluded
1.361083984375,1.361328125,derivative_excluded
1.36083984375,1.361083984375,derivative_excluded
1.360595703125,1.36083984375,derivative_excluded
1.3603515625,1.360595703125,derivative_excluded
1.360107421875,1.3603515625,derivative_excluded
1.35986328125,1.360107421875,derivative_excluded
1.359619140625,1.35986328125,derivative_excluded
1.359375,1.359619140625,derivative_excluded
1.359130859375,1.359375,derivative_excluded
1.35888671875,1.359130859375,derivative_excluded
1.358642578125,1.35888671875,derivative_excluded
1.3583984375,1.358642578125,derivative_excluded
1.358154296875,1.3583984375,derivative_excluded
1.35791015625,1.358154296875,derivative_excluded
1.357666015625,1.35791015625,derivative_excluded
1.357421875,1.357666015625,derivative_excluded
1.357177734375,1.357421875,derivative_excluded
1.35693359375,1.357177734375,derivative_excluded
1.356689453125,1.35693359375,derivative_excluded
1.3564453125,1.356689453125,derivative_excluded
1.356201171875,1.3564453125,derivative_excluded
1.35595703125,1.356201171875,derivative_excluded
1.355712890625,1.35595703125,derivative_excluded
1.35546875,1.355712890625,derivative_excluded
1.355224609375,1.35546875,derivative_excluded
1.35498046875,1.355224609375,derivative_excluded
1.354736328125,1.35498046875,derivative_excluded
1.3544921875,1.354736328125,derivative_excluded
1.354248046875,1.3544921875,derivative_excluded
1.35400390625,1.354248046875,derivative_excluded
1.353759765625,1.35400390625,derivative_excluded
1.353515625,1.353759765625,derivative_excluded
1.353271484375,1.353515625,derivative_excluded
1.35302734375,1.353271484375,derivative_excluded
1.352783203125,1.35302734375,derivative_excluded
1.3525390625,1.352783203125,derivative_excluded
1.352294921875,1.3525390625,derivative_excluded
1.35205078125,1.352294921875,derivative_excluded
1.351806640625,1.35205078125,derivative_excluded
1.3515625,1.351806640625,derivative_excluded
1.351318359375,1.3515625,derivative_excluded
1.35107421875,1.351318359375,derivative_excluded
1.350830078125,1.35107421875,derivative_excluded
1.3505859375,1.350830078125,derivative_excluded
1.350341796875,1.3505859375,derivative_excluded
1.35009765625,1.350341796875,derivative_excluded
1.349853515625,1.35009765625,derivative_excluded
1.349609375,1.349853515625,derivative_excluded
1.349365234375,1.349609375,derivative_excluded
1.34912109375,1.349365234375,derivative_excluded
1.348876953125,1.34912109375,derivative_excluded
1.3486328125,1.348876953125,derivative_excluded
1.348388671875,1.3486328125,derivative_excluded
1.34814453125,1.348388671875,derivative_excluded
1.347900390625,1.34814453125,derivative_excluded
1.34765625,1.347900390625,derivative_excluded
1.347412109375,1.34765625,derivative_excluded
1.34716796875,1.347412109375,derivative_excluded
1.346923828125,1.34716796875,derivative_excluded
1.3466796875,1.346923828125,derivative_excluded
1.346435546875,1.3466796875,derivative_excluded
1.34619140625,1.346435546875,derivative_excluded
1.345947265625,1.34619140625,derivative_excluded
1.345703125,1.345947265625,derivative_excluded
1.345458984375,1.345703125,derivative_excluded
1.34521484375,1.345458984375,derivative_excluded
1.344970703125,1.34521484375,derivative_excluded
1.3447265625,1.344970703125,derivative_excluded
1.344482421875,1.3447265625,derivative_excluded
1.34423828125,1.344482421875,derivative_excluded
1.343994140625,1.34423828125,derivative_excluded
1.34375,1.343994140625,derivative_excluded
1.343505859375,1.34375,derivative_excluded
1.34326171875,1.343505859375,derivative_excluded
1.343017578125,1.34326171875,derivative_excluded
1.3427734375,1.343017578125,derivative_excluded
1.342529296875,1.3427734375,derivative_excluded
1.34228515625,1.342529296875,derivative_excluded
1.342041015625,1.34228515625,derivative_excluded
1.341796875,1.342041015625,derivative_excluded
1.341552734375,1.341796875,derivative_excluded
1.34130859375,1.341552734375,derivative_excluded
1.341064453125,1.34130859375,derivative_excluded
1.3408203125,1.341064453125,derivative_excluded
1.340576171875,1.3408203125,derivative_excluded
1.34033203125,1.340576171875,derivative_excluded
1.340087890625,1.34033203125,derivative_excluded
1.33984375,1.340087890625,derivative_excluded
1.339599609375,1.33984375,derivative_excluded
1.33935546875,1.339599609375,derivative_excluded
1.339111328125,1.33935546875,derivative_excluded
1.3388671875,1.339111328125,derivative_excluded
1.338623046875,1.3388671875,derivative_excluded
1.33837890625,1.338623046875,derivative_excluded
1.338134765625,1.33837890625,derivative_excluded
1.337890625,1.338134765625,derivative_excluded
1.337646484375,1.337890625,derivative_excluded
1.33740234375,1.337646484375,derivative_excluded
1.337158203125,1.33740234375,derivative_excluded
1.3369140625,1.337158203125,derivative_excluded
1.336669921875,1.3369140625,derivative_excluded
1.33642578125,1.336669921875,derivative_excluded
1.336181640625,1.33642578125,derivative_excluded
1.3359375,1.336181640625,derivative_excluded
1.335693359375,1.3359375,derivative_excluded
1.33544921875,1.335693359375,derivative_excluded
1.335205078125,1.33544921875,derivative_excluded
1.3349609375,1.335205078125,derivative_excluded
1.334716796875,1.3349609375,derivative_excluded
1.33447265625,1.334716796875,derivative_excluded
1.334228515625,1.33447265625,derivative_excluded
1.333984375,1.334228515625,derivative_excluded
1.333740234375,1.333984375,derivative_excluded
1.33349609375,1.333740234375,derivative_excluded
1.333251953125,1.33349609375,derivative_excluded
1.3330078125,1.333251953125,derivative_excluded
1.332763671875,1.3330078125,derivative_excluded
1.33251953125,1.332763671875,derivative_excluded
1.332275390625,1.33251953125,derivative_excluded
1.33203125,1.332275390625,derivative_excluded
1.331787109375,1.33203125,derivative_excluded
1.33154296875,1.331787109375,derivative_excluded
1.331298828125,1.33154296875,derivative_excluded
1.3310546875,1.331298828125,derivative_excluded
1.330810546875,1.3310546875,derivative_excluded
1.33056640625,1.330810546875,derivative_excluded
1.330322265625,1.33056640625,derivative_excluded
1.330078125,1.330322265625,derivative_excluded
1.329833984375,1.330078125,derivative_excluded
1.32958984375,1.329833984375,derivative_excluded
1.329345703125,1.32958984375,derivative_excluded
1.3291015625,1.329345703125,derivative_excluded
1.328857421875,1.3291015625,derivative_excluded
1.32861328125,1.328857421875,derivative_excluded
1.328369140625,1.32861328125,derivative_excluded
1.328125,1.328369140625,derivative_excluded
1.327880859375,1.328125,derivative_excluded
1.32763671875,1.327880859375,derivative_excluded
1.327392578125,1.32763671875,derivative_excluded
1.3271484375,1.327392578125,derivative_excluded
1.326904296875,1.3271484375,derivative_excluded
1.32666015625,1.326904296875,derivative_excluded
1.326416015625,1.32666015625,derivative_excluded
1.326171875,1.326416015625,derivative_excluded
1.325927734375,1.326171875,derivative_excluded
1.32568359375,1.325927734375,derivative_excluded
1.325439453125,1.32568359375,derivative_excluded
1.3251953125,1.325439453125,derivative_excluded
1.324951171875,1.3251953125,derivative_excluded
1.32470703125,1.324951171875,derivative_excluded
1.324462890625,1.32470703125,derivative_excluded
1.32421875,1.324462890625,derivative_excluded
1.323974609375,1.32421875,derivative_excluded
1.32373046875,1.323974609375,derivative_excluded
1.323486328125,1.32373046875,derivative_excluded
1.3232421875,1.323486328125,derivative_excluded
1.322998046875,1.3232421875,derivative_excluded
1.32275390625,1.322998046875,derivative_excluded
1.322509765625,1.32275390625,derivative_excluded
1.322265625,1.322509765625,derivative_excluded
1.322021484375,1.322265625,derivative_excluded
1.32177734375,1.322021484375,derivative_excluded
1.321533203125,1.32177734375,derivative_excluded
1.3212890625,1.321533203125,derivative_excluded
1.321044921875,1.3212890625,derivative_excluded
1.32080078125,1.321044921875,derivative_excluded
1.320556640625,1.32080078125,derivative_excluded
1.3203125,1.320556640625,derivative_excluded
1.320068359375,1.3203125,derivative_excluded
1.31982421875,1.320068359375,derivative_excluded
1.319580078125,1.31982421875,derivative_excluded
1.3193359375,1.319580078125,derivative_excluded
1.319091796875,1.3193359375,derivative_excluded
1.31884765625,1.319091796875,derivative_excluded
1.318603515625,1.31884765625,derivative_excluded
1.318359375,1.318603515625,derivative_excluded
1.318115234375,1.318359375,derivative_excluded
1.31787109375,1.318115234375,derivative_excluded
1.317626953125,1.31787109375,derivative_excluded
1.3173828125,1.317626953125,derivative_excluded
1.317138671875,1.3173828125,derivative_excluded
1.31689453125,1.317138671875,derivative_excluded
1.316650390625,1.31689453125,derivative_excluded
1.31640625,1.316650390625,derivative_excluded
1.316162109375,1.31640625,derivative_excluded
1.31591796875,1.316162109375,derivative_excluded
1.315673828125,1.31591796875,derivative_excluded
1.3154296875,1.315673828125,derivative_excluded
1.315185546875,1.3154296875,derivative_excluded
1.31494140625,1.315185546875,derivative_excluded
1.314697265625,1.31494140625,derivative_excluded
1.314453125,1.314697265625,derivative_excluded
1.314208984375,1.314453125,derivative_excluded
1.31396484375,1.314208984375,derivative_excluded
1.313720703125,1.31396484375,derivative_excluded
1.3134765625,1.313720703125,derivative_excluded
1.313232421875,1.3134765625,derivative_excluded
1.31298828125,1.313232421875,derivative_excluded
1.312744140625,1.31298828125,derivative_excluded
1.3125,1.312744140625,derivative_excluded
1.312255859375,1.3125,derivative_excluded
1.31201171875,1.312255859375,derivative_excluded
1.311767578125,1.31201171875,derivative_excluded
1.3115234375,1.311767578125,derivative_excluded
1.311279296875,1.3115234375,derivative_excluded
1.31103515625,1.311279296875,derivative_excluded
1.310791015625,1.31103515625,derivative_excluded
1.310546875,1.310791015625,derivative_excluded
1.310302734375,1.310546875,derivative_excluded
1.31005859375,1.310302734375,derivative_excluded
1.309814453125,1.31005859375,derivative_excluded
1.3095703125,1.309814453125,derivative_excluded
1.309326171875,1.3095703125,derivative_excluded
1.30908203125,1.309326171875,derivative_excluded
1.308837890625,1.30908203125,derivative_excluded
1.30859375,1.308837890625,derivative_excluded
1.308349609375,1.30859375,derivative_excluded
1.30810546875,1.308349609375,derivative_excluded
1.307861328125,1.30810546875,derivative_excluded
1.3076171875,1.307861328125,derivative_excluded
1.307373046875,1.3076171875,derivative_excluded
1.30712890625,1.307373046875,derivative_excluded
1.306884765625,1.30712890625,derivative_excluded
1.306640625,1.306884765625,derivative_excluded
1.306396484375,1.306640625,derivative_excluded
1.30615234375,1.306396484375,derivative_excluded
1.305908203125,1.30615234375,derivative_excluded
1.3056640625,1.305908203125,derivative_excluded
1.305419921875,1.3056640625,derivative_excluded
1.30517578125,1.305419921875,derivative_excluded
1.304931640625,1.30517578125,derivative_excluded
1.3046875,1.304931640625,derivative_excluded
1.304443359375,1.3046875,derivative_excluded
1.30419921875,1.304443359375,derivative_excluded
1.303955078125,1.30419921875,derivative_excluded
1.3037109375,1.303955078125,derivative_excluded
1.303466796875,1.3037109375,derivative_excluded
1.30322265625,1.303466796875,derivative_excluded
1.302978515625,1.30322265625,derivative_excluded
1.302734375,1.302978515625,derivative_excluded
1.302490234375,1.302734375,derivative_excluded
1.30224609375,1.302490234375,derivative_excluded
1.302001953125,1.30224609375,derivative_excluded
1.3017578125,1.302001953125,derivative_excluded
1.301513671875,1.3017578125,derivative_excluded
1.30126953125,1.301513671875,derivative_excluded
1.301025390625,1.30126953125,derivative_excluded
1.30078125,1.301025390625,derivative_excluded
1.300537109375,1.30078125,derivative_excluded
1.30029296875,1.300537109375,derivative_excluded
1.300048828125,1.30029296875,derivative_excluded
1.2998046875,1.300048828125,derivative_excluded
1.299560546875,1.2998046875,derivative_excluded
1.29931640625,1.299560546875,derivative_excluded
1.299072265625,1.29931640625,derivative_excluded
1.298828125,1.299072265625,derivative_excluded
1.298583984375,1.298828125,derivative_excluded
1.29833984375,1.298583984375,derivative_excluded
1.298095703125,1.29833984375,derivative_excluded
1.2978515625,1.298095703125,derivative_excluded
1.297607421875,1.2978515625,derivative_excluded
1.29736328125,1.297607421875,derivative_excluded
1.297119140625,1.29736328125,derivative_excluded
1.296875,1.297119140625,derivative_excluded
1.296630859375,1.296875,derivative_excluded
1.29638671875,1.296630859375,derivative_excluded
1.296142578125,1.29638671875,derivative_excluded
1.2958984375,1.296142578125,derivative_excluded
1.295654296875,1.2958984375,derivative_excluded
1.29541015625,1.295654296875,derivative_excluded
1.295166015625,1.29541015625,derivative_excluded
1.294921875,1.295166015625,derivative_excluded
1.294677734375,1.294921875,derivative_excluded
1.29443359375,1.294677734375,derivative_excluded
1.294189453125,1.29443359375,derivative_excluded
1.2939453125,1.294189453125,derivative_excluded
1.293701171875,1.2939453125,derivative_excluded
1.29345703125,1.293701171875,derivative_excluded
1.293212890625,1.29345703125,derivative_excluded
1.29296875,1.293212890625,derivative_excluded
1.292724609375,1.29296875,derivative_excluded
1.29248046875,1.292724609375,derivative_excluded
1.292236328125,1.29248046875,derivative_excluded
1.2919921875,1.292236328125,derivative_excluded
1.291748046875,1.2919921875,derivative_excluded
1.29150390625,1.291748046875,derivative_excluded
1.291259765625,1.29150390625,derivative_excluded
1.291015625,1.291259765625,derivative_excluded
1.290771484375,1.291015625,derivative_excluded
1.29052734375,1.290771484375,derivative_excluded
1.290283203125,1.29052734375,derivative_excluded
1.2900390625,1.290283203125,derivative_excluded
1.289794921875,1.2900390625,derivative_excluded
1.28955078125,1.289794921875,derivative_excluded
1.289306640625,1.28955078125,derivative_excluded
1.2890625,1.289306640625,derivative_excluded
1.288818359375,1.2890625,derivative_excluded
1.28857421875,1.288818359375,derivative_excluded
1.288330078125,1.28857421875,derivative_excluded
1.2880859375,1.288330078125,derivative_excluded
1.287841796875,1.2880859375,derivative_excluded
1.28759765625,1.287841796875,derivative_excluded
1.287353515625,1.28759765625,derivative_excluded
1.287109375,1.287353515625,derivative_excluded
1.286865234375,1.287109375,derivative_excluded
1.28662109375,1.286865234375,derivative_excluded
1.286376953125,1.28662109375,derivative_excluded
1.2861328125,1.286376953125,derivative_excluded
1.285888671875,1.2861328125,derivative_excluded
1.28564453125,1.285888671875,derivative_excluded
1.285400390625,1.28564453125,derivative_excluded
1.28515625,1.285400390625,derivative_excluded
1.284912109375,1.28515625,derivative_excluded
1.28466796875,1.284912109375,derivative_excluded
1.284423828125,1.28466796875,derivative_excluded
1.2841796875,1.284423828125,derivative_excluded
1.283935546875,1.2841796875,derivative_excluded
1.28369140625,1.283935546875,derivative_excluded
1.283447265625,1.28369140625,derivative_excluded
1.283203125,1.283447265625,derivative_excluded
1.282958984375,1.283203125,derivative_excluded
1.28271484375,1.282958984375,derivative_excluded
1.282470703125,1.28271484375,derivative_excluded
1.2822265625,1.282470703125,derivative_excluded
1.281982421875,1.2822265625,derivative_excluded
1.28173828125,1.281982421875,derivative_excluded
1.281494140625,1.28173828125,derivative_excluded
1.28125,1.281494140625,derivative_excluded
1.281005859375,1.28125,derivative_excluded
1.28076171875,1.281005859375,derivative_excluded
1.280517578125,1.28076171875,derivative_excluded
1.2802734375,1.280517578125,derivative_excluded
1.280029296875,1.2802734375,derivative_excluded
1.27978515625,1.280029296875,derivative_excluded
1.279541015625,1.27978515625,derivative_excluded
1.279296875,1.279541015625,derivative_excluded
1.279052734375,1.279296875,derivative_excluded
1.27880859375,1.279052734375,derivative_excluded
1.278564453125,1.27880859375,derivative_excluded
1.2783203125,1.278564453125,derivative_excluded
1.278076171875,1.2783203125,derivative_excluded
1.27783203125,1.278076171875,derivative_excluded
1.277587890625,1.27783203125,derivative_excluded
1.27734375,1.277587890625,derivative_excluded
1.277099609375,1.27734375,derivative_excluded
1.27685546875,1.277099609375,derivative_excluded
1.276611328125,1.27685546875,derivative_excluded
1.2763671875,1.276611328125,derivative_excluded
1.276123046875,1.2763671875,derivative_excluded
1.27587890625,1.276123046875,derivative_excluded
1.275634765625,1.27587890625,derivative_excluded
1.275390625,1.275634765625,derivative_excluded
1.275146484375,1.275390625,derivative_excluded
1.27490234375,1.275146484375,derivative_excluded
1.274658203125,1.27490234375,derivative_excluded
1.2744140625,1.274658203125,derivative_excluded
1.274169921875,1.2744140625,derivative_excluded
1.27392578125,1.274169921875,derivative_excluded
1.273681640625,1.27392578125,derivative_excluded
1.2734375,1.273681640625,derivative_excluded
1.273193359375,1.2734375,derivative_excluded
1.27294921875,1.273193359375,derivative_excluded
1.272705078125,1.27294921875,derivative_excluded
1.2724609375,1.272705078125,derivative_excluded
1.272216796875,1.2724609375,derivative_excluded
1.27197265625,1.272216796875,derivative_excluded
1.271728515625,1.27197265625,derivative_excluded
1.271484375,1.271728515625,derivative_excluded
1.271240234375,1.271484375,derivative_excluded
1.27099609375,1.271240234375,derivative_excluded
1.270751953125,1.27099609375,derivative_excluded
1.2705078125,1.270751953125,derivative_excluded
1.270263671875,1.2705078125,derivative_excluded
1.27001953125,1.270263671875,derivative_excluded
1.269775390625,1.27001953125,derivative_excluded
1.26953125,1.269775390625,derivative_excluded
1.269287109375,1.26953125,derivative_excluded
1.26904296875,1.269287109375,derivative_excluded
1.268798828125,1.26904296875,derivative_excluded
1.2685546875,1.268798828125,derivative_excluded
1.268310546875,1.2685546875,derivative_excluded
1.26806640625,1.268310546875,derivative_excluded
1.267822265625,1.26806640625,derivative_excluded
1.267578125,1.267822265625,derivative_excluded
1.267333984375,1.267578125,derivative_excluded
1.26708984375,1.267333984375,derivative_excluded
1.266845703125,1.26708984375,derivative_excluded
1.2666015625,1.266845703125,derivative_excluded
1.266357421875,1.2666015625,derivative_excluded
1.26611328125,1.266357421875,derivative_excluded
1.265869140625,1.26611328125,derivative_excluded
1.265625,1.265869140625,derivative_excluded
1.265380859375,1.265625,derivative_excluded
1.26513671875,1.265380859375,derivative_excluded
1.264892578125,1.26513671875,derivative_excluded
1.2646484375,1.264892578125,derivative_excluded
1.264404296875,1.2646484375,derivative_excluded
1.26416015625,1.264404296875,derivative_excluded
1.263916015625,1.26416015625,derivative_excluded
1.263671875,1.263916015625,derivative_excluded
1.263427734375,1.263671875,derivative_excluded
1.26318359375,1.263427734375,derivative_excluded
1.262939453125,1.26318359375,derivative_excluded
1.2626953125,1.262939453125,derivative_excluded
1.262451171875,1.2626953125,derivative_excluded
1.26220703125,1.262451171875,derivative_excluded
1.261962890625,1.26220703125,derivative_excluded
1.26171875,1.261962890625,derivative_excluded
1.261474609375,1.26171875,derivative_excluded
1.26123046875,1.261474609375,derivative_excluded
1.260986328125,1.26123046875,derivative_excluded
1.2607421875,1.260986328125,derivative_excluded
1.260498046875,1.2607421875,derivative_excluded
1.26025390625,1.260498046875,derivative_excluded
1.260009765625,1.26025390625,derivative_excluded
1.259765625,1.260009765625,derivative_excluded
1.259521484375,1.259765625,derivative_excluded
1.25927734375,1.259521484375,derivative_excluded
1.259033203125,1.25927734375,derivative_excluded
1.2587890625,1.259033203125,derivative_excluded
1.258544921875,1.2587890625,derivative_excluded
1.25830078125,1.258544921875,derivative_excluded
1.258056640625,1.25830078125,derivative_excluded
1.2578125,1.258056640625,derivative_excluded
1.257568359375,1.2578125,derivative_excluded
1.25732421875,1.257568359375,derivative_excluded
1.257080078125,1.25732421875,derivative_excluded
1.2568359375,1.257080078125,derivative_excluded
1.256591796875,1.2568359375,derivative_excluded
1.25634765625,1.256591796875,derivative_excluded
1.256103515625,1.25634765625,derivative_excluded
1.255859375,1.256103515625,derivative_excluded
1.255615234375,1.255859375,derivative_excluded
1.25537109375,1.255615234375,derivative_excluded
1.255126953125,1.25537109375,derivative_excluded
1.2548828125,1.255126953125,derivative_excluded
1.254638671875,1.2548828125,derivative_excluded
1.25439453125,1.254638671875,derivative_excluded
1.254150390625,1.25439453125,derivative_excluded
1.25390625,1.254150390625,derivative_excluded
1.253662109375,1.25390625,derivative_excluded
1.25341796875,1.253662109375,derivative_excluded
1.253173828125,1.25341796875,derivative_excluded
1.2529296875,1.253173828125,derivative_excluded
1.252685546875,1.2529296875,derivative_excluded
1.25244140625,1.252685546875,derivative_excluded
1.252197265625,1.25244140625,derivative_excluded
1.251953125,1.252197265625,derivative_excluded
1.251708984375,1.251953125,derivative_excluded
1.25146484375,1.251708984375,derivative_excluded
1.251220703125,1.25146484375,derivative_excluded
1.2509765625,1.251220703125,derivative_excluded
1.250732421875,1.2509765625,derivative_excluded
1.25048828125,1.250732421875,derivative_excluded
1.250244140625,1.25048828125,derivative_excluded
1.25,1.250244140625,derivative_excluded
1.249755859375,1.25,derivative_excluded
1.24951171875,1.249755859375,derivative_excluded
1.249267578125,1.24951171875,derivative_excluded
1.2490234375,1.249267578125,derivative_excluded
1.248779296875,1.2490234375,derivative_excluded
1.24853515625,1.248779296875,derivative_excluded
1.248291015625,1.24853515625,derivative_excluded
1.248046875,1.248291015625,derivative_excluded
1.247802734375,1.248046875,derivative_excluded
1.24755859375,1.247802734375,derivative_excluded
1.247314453125,1.24755859375,derivative_excluded
1.2470703125,1.247314453125,derivative_excluded
1.246826171875,1.2470703125,derivative_excluded
1.24658203125,1.246826171875,derivative_excluded
1.246337890625,1.24658203125,derivative_excluded
1.24609375,1.246337890625,derivative_excluded
1.245849609375,1.24609375,derivative_excluded
1.24560546875,1.245849609375,derivative_excluded
1.245361328125,1.24560546875,derivative_excluded
1.2451171875,1.245361328125,derivative_excluded
1.244873046875,1.2451171875,derivative_excluded
1.24462890625,1.244873046875,derivative_excluded
1.244384765625,1.24462890625,derivative_excluded
1.244140625,1.244384765625,derivative_excluded
1.243896484375,1.244140625,derivative_excluded
1.24365234375,1.243896484375,derivative_excluded
1.243408203125,1.24365234375,derivative_excluded
1.2431640625,1.243408203125,derivative_excluded
1.242919921875,1.2431640625,derivative_excluded
1.24267578125,1.242919921875,derivative_excluded
1.242431640625,1.24267578125,derivative_excluded
1.2421875,1.242431640625,derivative_excluded
1.241943359375,1.2421875,derivative_excluded
1.24169921875,1.241943359375,derivative_excluded
1.241455078125,1.24169921875,derivative_excluded
1.2412109375,1.241455078125,derivative_excluded
1.240966796875,1.2412109375,derivative_excluded
1.24072265625,1.240966796875,derivative_excluded
1.240478515625,1.24072265625,derivative_excluded
1.240234375,1.240478515625,derivative_excluded
1.239990234375,1.240234375,derivative_excluded
1.23974609375,1.239990234375,derivative_excluded
1.239501953125,1.23974609375,derivative_excluded
1.2392578125,1.239501953125,derivative_excluded
1.239013671875,1.2392578125,derivative_excluded
1.23876953125,1.239013671875,derivative_excluded
1.238525390625,1.23876953125,derivative_excluded
1.23828125,1.238525390625,derivative_excluded
1.238037109375,1.23828125,derivative_excluded
1.23779296875,1.238037109375,derivative_excluded
1.237548828125,1.23779296875,derivative_excluded
1.2373046875,1.237548828125,derivative_excluded
1.237060546875,1.2373046875,derivative_excluded
1.23681640625,1.237060546875,derivative_excluded
1.236572265625,1.23681640625,derivative_excluded
1.236328125,1.236572265625,derivative_excluded
1.236083984375,1.236328125,derivative_excluded
1.23583984375,1.236083984375,derivative_excluded
1.235595703125,1.23583984375,derivative_excluded
1.2353515625,1.235595703125,derivative_excluded
1.235107421875,1.2353515625,derivative_excluded
1.23486328125,1.235107421875,derivative_excluded
1.234619140625,1.23486328125,derivative_excluded
1.234375,1.234619140625,derivative_excluded
1.234130859375,1.234375,derivative_excluded
1.23388671875,1.234130859375,derivative_excluded
1.233642578125,1.23388671875,derivative_excluded
1.2333984375,1.233642578125,derivative_excluded
1.233154296875,1.2333984375,derivative_excluded
1.23291015625,1.233154296875,derivative_excluded
1.232666015625,1.23291015625,derivative_excluded
1.232421875,1.232666015625,derivative_excluded
1.232177734375,1.232421875,derivative_excluded
1.23193359375,1.232177734375,derivative_excluded
1.231689453125,1.23193359375,derivative_excluded
1.2314453125,1.231689453125,derivative_excluded
1.231201171875,1.2314453125,derivative_excluded
1.23095703125,1.231201171875,derivative_excluded
1.230712890625,1.23095703125,derivative_excluded
1.23046875,1.230712890625,derivative_excluded
1.230224609375,1.23046875,derivative_excluded
1.22998046875,1.230224609375,derivative_excluded
1.229736328125,1.22998046875,derivative_excluded
1.2294921875,1.229736328125,derivative_excluded
1.229248046875,1.2294921875,derivative_excluded
1.22900390625,1.229248046875,derivative_excluded
1.228759765625,1.22900390625,derivative_excluded
1.228515625,1.228759765625,derivative_excluded
1.228271484375,1.228515625,derivative_excluded
1.22802734375,1.228271484375,derivative_excluded
1.227783203125,1.22802734375,derivative_excluded
1.2275390625,1.227783203125,derivative_excluded
1.227294921875,1.2275390625,derivative_excluded
1.22705078125,1.227294921875,derivative_excluded
1.226806640625,1.22705078125,derivative_excluded
1.2265625,1.226806640625,derivative_excluded
1.226318359375,1.2265625,derivative_excluded
1.22607421875,1.226318359375,derivative_excluded
1.225830078125,1.22607421875,derivative_excluded
1.2255859375,1.225830078125,derivative_excluded
1.225341796875,1.2255859375,derivative_excluded
1.22509765625,1.225341796875,derivative_excluded
1.224853515625,1.22509765625,derivative_excluded
1.224609375,1.224853515625,derivative_excluded
1.224365234375,1.224609375,derivative_excluded
1.22412109375,1.224365234375,derivative_excluded
1.223876953125,1.22412109375,derivative_excluded
1.2236328125,1.223876953125,derivative_excluded
1.223388671875,1.2236328125,derivative_excluded
1.22314453125,1.223388671875,derivative_excluded
1.222900390625,1.22314453125,derivative_excluded
1.22265625,1.222900390625,derivative_excluded
1.222412109375,1.22265625,derivative_excluded
1.22216796875,1.222412109375,derivative_excluded
1.221923828125,1.22216796875,derivative_excluded
1.2216796875,1.221923828125,derivative_excluded
1.221435546875,1.2216796875,derivative_excluded
1.22119140625,1.221435546875,derivative_excluded
1.220947265625,1.22119140625,derivative_excluded
1.220703125,1.220947265625,derivative_excluded
1.220458984375,1.220703125,derivative_excluded
1.22021484375,1.220458984375,derivative_excluded
1.219970703125,1.22021484375,derivative_excluded
1.2197265625,1.219970703125,derivative_excluded
1.219482421875,1.2197265625,derivative_excluded
1.21923828125,1.219482421875,derivative_excluded
1.218994140625,1.21923828125,derivative_excluded
1.21875,1.218994140625,derivative_excluded
1.218505859375,1.21875,derivative_excluded
1.21826171875,1.218505859375,derivative_excluded
1.218017578125,1.21826171875,derivative_excluded
1.2177734375,1.218017578125,derivative_excluded
1.217529296875,1.2177734375,derivative_excluded
1.21728515625,1.217529296875,derivative_excluded
1.217041015625,1.21728515625,derivative_excluded
1.216796875,1.217041015625,derivative_excluded
1.216552734375,1.216796875,derivative_excluded
1.21630859375,1.216552734375,derivative_excluded
1.216064453125,1.21630859375,derivative_excluded
1.2158203125,1.216064453125,derivative_excluded
1.215576171875,1.2158203125,derivative_excluded
1.21533203125,1.215576171875,derivative_excluded
1.215087890625,1.21533203125,derivative_excluded
1.21484375,1.215087890625,derivative_excluded
1.214599609375,1.21484375,derivative_excluded
1.21435546875,1.214599609375,derivative_excluded
1.214111328125,1.21435546875,derivative_excluded
1.2138671875,1.214111328125,derivative_excluded
1.213623046875,1.2138671875,derivative_excluded
1.21337890625,1.213623046875,derivative_excluded
1.213134765625,1.21337890625,derivative_excluded
1.212890625,1.213134765625,derivative_excluded
1.212646484375,1.212890625,derivative_excluded
1.21240234375,1.212646484375,derivative_excluded
1.212158203125,1.21240234375,derivative_excluded
1.2119140625,1.212158203125,derivative_excluded
1.211669921875,1.2119140625,derivative_excluded
1.21142578125,1.211669921875,derivative_excluded
1.211181640625,1.21142578125,derivative_excluded
1.2109375,1.211181640625,derivative_excluded
1.210693359375,1.2109375,derivative_excluded
1.21044921875,1.210693359375,derivative_excluded
1.210205078125,1.21044921875,derivative_excluded
1.2099609375,1.210205078125,derivative_excluded
1.209716796875,1.2099609375,derivative_excluded
1.20947265625,1.209716796875,derivative_excluded
1.209228515625,1.20947265625,derivative_excluded
1.208984375,1.209228515625,derivative_excluded
1.208740234375,1.208984375,derivative_excluded
1.20849609375,1.208740234375,derivative_excluded
1.208251953125,1.20849609375,derivative_excluded
1.2080078125,1.208251953125,derivative_excluded
1.207763671875,1.2080078125,derivative_excluded
1.20751953125,1.207763671875,derivative_excluded
1.207275390625,1.20751953125,derivative_excluded
1.20703125,1.207275390625,derivative_excluded
1.206787109375,1.20703125,derivative_excluded
1.20654296875,1.206787109375,derivative_excluded
1.206298828125,1.20654296875,derivative_excluded
1.2060546875,1.206298828125,derivative_excluded
1.205810546875,1.2060546875,derivative_excluded
1.20556640625,1.205810546875,derivative_excluded
1.205322265625,1.20556640625,derivative_excluded
1.205078125,1.205322265625,derivative_excluded
1.204833984375,1.205078125,derivative_excluded
1.2047119140625,1.204833984375,derivative_excluded
1.20458984375,1.2047119140625,derivative_excluded
1.2044677734375,1.20458984375,derivative_excluded
1.204345703125,1.2044677734375,derivative_excluded
1.2042236328125,1.204345703125,derivative_excluded
1.2041015625,1.2042236328125,derivative_excluded
1.2039794921875,1.2041015625,derivative_excluded
1.203857421875,1.2039794921875,derivative_excluded
1.2037353515625,1.203857421875,derivative_excluded
1.20361328125,1.2037353515625,derivative_excluded
1.2034912109375,1.20361328125,derivative_excluded
1.203369140625,1.2034912109375,derivative_excluded
1.2032470703125,1.203369140625,derivative_excluded
1.203125,1.2032470703125,derivative_excluded
1.2030029296875,1.203125,derivative_excluded
1.202880859375,1.2030029296875,derivative_excluded
1.2027587890625,1.202880859375,derivative_excluded
1.20263671875,1.2027587890625,derivative_excluded
1.2025146484375,1.20263671875,derivative_excluded
1.202392578125,1.2025146484375,derivative_excluded
1.2022705078125,1.202392578125,derivative_excluded
1.2021484375,1.2022705078125,derivative_excluded
1.2020263671875,1.2021484375,derivative_excluded
1.201904296875,1.2020263671875,derivative_excluded
1.2017822265625,1.201904296875,derivative_excluded
1.20166015625,1.2017822265625,derivative_excluded
1.2015380859375,1.20166015625,derivative_excluded
1.201416015625,1.2015380859375,derivative_excluded
1.2012939453125,1.201416015625,derivative_excluded
1.201171875,1.2012939453125,derivative_excluded
1.2010498046875,1.201171875,derivative_excluded
1.200927734375,1.2010498046875,derivative_excluded
1.2008056640625,1.200927734375,derivative_excluded
1.20068359375,1.2008056640625,derivative_excluded
1.2005615234375,1.20068359375,derivative_excluded
1.200439453125,1.2005615234375,derivative_excluded
1.2003173828125,1.200439453125,derivative_excluded
1.2001953125,1.2003173828125,derivative_excluded
1.2000732421875,1.2001953125,derivative_excluded
1.199951171875,1.2000732421875,derivative_excluded
1.1998291015625,1.199951171875,derivative_excluded
1.19970703125,1.1998291015625,derivative_excluded
1.1995849609375,1.19970703125,derivative_excluded
1.199462890625,1.1995849609375,derivative_excluded
1.1993408203125,1.199462890625,derivative_excluded
1.19921875,1.1993408203125,derivative_excluded
1.1990966796875,1.19921875,derivative_excluded
1.198974609375,1.1990966796875,derivative_excluded
1.1988525390625,1.198974609375,derivative_excluded
1.19873046875,1.1988525390625,derivative_excluded
1.1986083984375,1.19873046875,derivative_excluded
1.198486328125,1.1986083984375,derivative_excluded
1.1983642578125,1.198486328125,derivative_excluded
1.1982421875,1.1983642578125,derivative_excluded
1.1981201171875,1.1982421875,derivative_excluded
1.197998046875,1.1981201171875,derivative_excluded
1.1978759765625,1.197998046875,derivative_excluded
1.19775390625,1.1978759765625,derivative_excluded
1.1976318359375,1.19775390625,derivative_excluded
1.197509765625,1.1976318359375,derivative_excluded
1.1973876953125,1.197509765625,derivative_excluded
1.197265625,1.1973876953125,derivative_excluded
1.1971435546875,1.197265625,derivative_excluded
1.197021484375,1.1971435546875,derivative_excluded
1.1968994140625,1.197021484375,derivative_excluded
1.19677734375,1.1968994140625,derivative_excluded
1.1966552734375,1.19677734375,derivative_excluded
1.196533203125,1.1966552734375,derivative_excluded
1.1964111328125,1.196533203125,derivative_excluded
1.1962890625,1.1964111328125,derivative_excluded
1.1961669921875,1.1962890625,derivative_excluded
1.196044921875,1.1961669921875,derivative_excluded
1.1959228515625,1.196044921875,derivative_excluded
1.19580078125,1.1959228515625,derivative_excluded
1.1956787109375,1.19580078125,derivative_excluded
1.195556640625,1.1956787109375,derivative_excluded
1.1954345703125,1.195556640625,derivative_excluded
1.1953125,1.1954345703125,derivative_excluded
1.1951904296875,1.1953125,derivative_excluded
1.195068359375,1.1951904296875,derivative_excluded
1.1949462890625,1.195068359375,derivative_excluded
1.19482421875,1.1949462890625,derivative_excluded
1.1947021484375,1.19482421875,derivative_excluded
1.194580078125,1.1947021484375,derivative_excluded
1.1944580078125,1.194580078125,derivative_excluded
1.1943359375,1.1944580078125,derivative_excluded
1.1942138671875,1.1943359375,derivative_excluded
1.194091796875,1.1942138671875,derivative_excluded
1.1939697265625,1.194091796875,derivative_excluded
1.19384765625,1.1939697265625,derivative_excluded
1.1937255859375,1.19384765625,derivative_excluded
1.193603515625,1.1937255859375,derivative_excluded
1.1934814453125,1.193603515625,derivative_excluded
1.193359375,1.1934814453125,derivative_excluded
1.1932373046875,1.193359375,derivative_excluded
1.193115234375,1.1932373046875,derivative_excluded
1.1929931640625,1.193115234375,derivative_excluded
1.19287109375,1.1929931640625,derivative_excluded
1.1927490234375,1.19287109375,derivative_excluded
1.192626953125,1.1927490234375,derivative_excluded
1.1925048828125,1.192626953125,derivative_excluded
1.1923828125,1.1925048828125,derivative_excluded
1.1922607421875,1.1923828125,derivative_excluded
1.192138671875,1.1922607421875,derivative_excluded
1.1920166015625,1.192138671875,derivative_excluded
1.19189453125,1.1920166015625,derivative_excluded
1.1917724609375,1.19189453125,derivative_excluded
1.191650390625,1.1917724609375,derivative_excluded
1.1915283203125,1.191650390625,derivative_excluded
1.19140625,1.1915283203125,derivative_excluded
1.1912841796875,1.19140625,derivative_excluded
1.191162109375,1.1912841796875,derivative_excluded
1.1910400390625,1.191162109375,derivative_excluded
1.19091796875,1.1910400390625,derivative_excluded
1.1907958984375,1.19091796875,derivative_excluded
1.190673828125,1.1907958984375,derivative_excluded
1.1905517578125,1.190673828125,derivative_excluded
1.1904296875,1.1905517578125,derivative_excluded
1.1903076171875,1.1904296875,derivative_excluded
1.190185546875,1.1903076171875,derivative_excluded
1.1900634765625,1.190185546875,derivative_excluded
1.18994140625,1.1900634765625,derivative_excluded
1.1898193359375,1.18994140625,derivative_excluded
1.189697265625,1.1898193359375,derivative_excluded
1.1895751953125,1.189697265625,derivative_excluded
1.189453125,1.1895751953125,derivative_excluded
1.1893310546875,1.189453125,derivative_excluded
1.189208984375,1.1893310546875,derivative_excluded
1.1890869140625,1.189208984375,derivative_excluded
1.18896484375,1.1890869140625,derivative_excluded
1.1888427734375,1.18896484375,derivative_excluded
1.188720703125,1.1888427734375,derivative_excluded
1.1885986328125,1.188720703125,derivative_excluded
1.1884765625,1.1885986328125,derivative_excluded
1.1883544921875,1.1884765625,derivative_excluded
1.188232421875,1.1883544921875,derivative_excluded
1.1881103515625,1.188232421875,derivative_excluded
1.18798828125,1.1881103515625,derivative_excluded
1.1878662109375,1.18798828125,derivative_excluded
1.187744140625,1.1878662109375,derivative_excluded
1.1876220703125,1.187744140625,derivative_excluded
1.1875,1.1876220703125,derivative_excluded
1.1873779296875,1.1875,derivative_excluded
1.187255859375,1.1873779296875,derivative_excluded
1.1871337890625,1.187255859375,derivative_excluded
1.18701171875,1.1871337890625,derivative_excluded
1.1868896484375,1.18701171875,derivative_excluded
1.186767578125,1.1868896484375,derivative_excluded
1.1866455078125,1.186767578125,derivative_excluded
1.1865234375,1.1866455078125,derivative_excluded
1.1864013671875,1.1865234375,derivative_excluded
1.186279296875,1.1864013671875,derivative_excluded
1.1861572265625,1.186279296875,derivative_excluded
1.18603515625,1.1861572265625,derivative_excluded
1.1859130859375,1.18603515625,derivative_excluded
1.185791015625,1.1859130859375,derivative_excluded
1.1856689453125,1.185791015625,derivative_excluded
1.185546875,1.1856689453125,derivative_excluded
1.1854248046875,1.185546875,derivative_excluded
1.185302734375,1.1854248046875,derivative_excluded
1.1851806640625,1.185302734375,derivative_excluded
1.18505859375,1.1851806640625,derivative_excluded
1.1849365234375,1.18505859375,derivative_excluded
1.184814453125,1.1849365234375,derivative_excluded
1.1846923828125,1.184814453125,derivative_excluded
1.1845703125,1.1846923828125,derivative_excluded
1.1844482421875,1.1845703125,derivative_excluded
1.184326171875,1.1844482421875,derivative_excluded
1.1842041015625,1.184326171875,derivative_excluded
1.18408203125,1.1842041015625,derivative_excluded
1.1839599609375,1.18408203125,derivative_excluded
1.183837890625,1.1839599609375,derivative_excluded
1.1837158203125,1.183837890625,derivative_excluded
1.18359375,1.1837158203125,derivative_excluded
1.1834716796875,1.18359375,derivative_excluded
1.183349609375,1.1834716796875,derivative_excluded
1.1832275390625,1.183349609375,derivative_excluded
1.18310546875,1.1832275390625,derivative_excluded
1.1829833984375,1.18310546875,derivative_excluded
1.182861328125,1.1829833984375,derivative_excluded
1.1827392578125,1.182861328125,derivative_excluded
1.1826171875,1.1827392578125,derivative_excluded
1.1824951171875,1.1826171875,derivative_excluded
1.182373046875,1.1824951171875,derivative_excluded
1.1822509765625,1.182373046875,derivative_excluded
1.18212890625,1.1822509765625,derivative_excluded
1.1820068359375,1.18212890625,derivative_excluded
1.181884765625,1.1820068359375,derivative_excluded
1.1817626953125,1.181884765625,derivative_excluded
1.181640625,1.1817626953125,derivative_excluded
1.1815185546875,1.181640625,derivative_excluded
1.181396484375,1.1815185546875,derivative_excluded
1.1812744140625,1.181396484375,derivative_excluded
1.18115234375,1.1812744140625,derivative_excluded
1.1810302734375,1.18115234375,derivative_excluded
1.180908203125,1.1810302734375,derivative_excluded
1.1807861328125,1.180908203125,derivative_excluded
1.1806640625,1.1807861328125,derivative_excluded
1.1805419921875,1.1806640625,derivative_excluded
1.180419921875,1.1805419921875,derivative_excluded
1.1802978515625,1.180419921875,derivative_excluded
1.18017578125,1.1802978515625,derivative_excluded
1.1800537109375,1.18017578125,derivative_excluded
1.179931640625,1.1800537109375,derivative_excluded
1.1798095703125,1.179931640625,derivative_excluded
1.1796875,1.1798095703125,derivative_excluded
1.1795654296875,1.1796875,derivative_excluded
1.179443359375,1.1795654296875,derivative_excluded
1.1793212890625,1.179443359375,derivative_excluded
1.17919921875,1.1793212890625,derivative_excluded
1.1790771484375,1.17919921875,derivative_excluded
1.178955078125,1.1790771484375,derivative_excluded
1.1788330078125,1.178955078125,derivative_excluded
1.1787109375,1.1788330078125,derivative_excluded
1.1785888671875,1.1787109375,derivative_excluded
1.178466796875,1.1785888671875,derivative_excluded
1.1783447265625,1.178466796875,derivative_excluded
1.17822265625,1.1783447265625,derivative_excluded
1.1781005859375,1.17822265625,derivative_excluded
1.177978515625,1.1781005859375,derivative_excluded
1.1778564453125,1.177978515625,derivative_excluded
1.177734375,1.1778564453125,derivative_excluded
1.1776123046875,1.177734375,derivative_excluded
1.177490234375,1.1776123046875,derivative_excluded
1.1773681640625,1.177490234375,derivative_excluded
1.17724609375,1.1773681640625,derivative_excluded
1.1771240234375,1.17724609375,derivative_excluded
1.177001953125,1.1771240234375,derivative_excluded
1.1768798828125,1.177001953125,derivative_excluded
1.1767578125,1.1768798828125,derivative_excluded
1.1766357421875,1.1767578125,derivative_excluded
1.176513671875,1.1766357421875,derivative_excluded
1.1763916015625,1.176513671875,derivative_excluded
1.17626953125,1.1763916015625,derivative_excluded
1.1761474609375,1.17626953125,derivative_excluded
1.176025390625,1.1761474609375,derivative_excluded
1.1759033203125,1.176025390625,derivative_excluded
1.17578125,1.1759033203125,derivative_excluded
1.1756591796875,1.17578125,derivative_excluded
1.175537109375,1.1756591796875,derivative_excluded
1.1754150390625,1.175537109375,derivative_excluded
1.17529296875,1.1754150390625,derivative_excluded
1.1751708984375,1.17529296875,derivative_excluded
1.175048828125,1.1751708984375,derivative_excluded
1.1749267578125,1.175048828125,derivative_excluded
1.1748046875,1.1749267578125,derivative_excluded
1.1746826171875,1.1748046875,derivative_excluded
1.174560546875,1.1746826171875,derivative_excluded
1.1744384765625,1.174560546875,derivative_excluded
1.17431640625,1.1744384765625,derivative_excluded
1.1741943359375,1.17431640625,derivative_excluded
1.174072265625,1.1741943359375,derivative_excluded
1.1739501953125,1.174072265625,derivative_excluded
1.173828125,1.1739501953125,derivative_excluded
1.1737060546875,1.173828125,derivative_excluded
1.173583984375,1.1737060546875,derivative_excluded
1.1734619140625,1.173583984375,derivative_excluded
1.17333984375,1.1734619140625,derivative_excluded
1.1732177734375,1.17333984375,derivative_excluded
1.173095703125,1.1732177734375,derivative_excluded
1.1729736328125,1.173095703125,derivative_excluded
1.1728515625,1.1729736328125,derivative_excluded
1.1727294921875,1.1728515625,derivative_excluded
1.172607421875,1.1727294921875,derivative_excluded
1.1724853515625,1.172607421875,derivative_excluded
1.17236328125,1.1724853515625,derivative_excluded
1.1722412109375,1.17236328125,derivative_excluded
1.172119140625,1.1722412109375,derivative_excluded
1.1719970703125,1.172119140625,derivative_excluded
1.171875,1.1719970703125,derivative_excluded
1.1717529296875,1.171875,derivative_excluded
1.171630859375,1.1717529296875,derivative_excluded
1.1715087890625,1.171630859375,derivative_excluded
1.17138671875,1.1715087890625,derivative_excluded
1.1712646484375,1.17138671875,derivative_excluded
1.171142578125,1.1712646484375,derivative_excluded
1.1710205078125,1.171142578125,derivative_excluded
1.1708984375,1.1710205078125,derivative_excluded
1.1707763671875,1.1708984375,derivative_excluded
1.170654296875,1.1707763671875,derivative_excluded
1.1705322265625,1.170654296875,derivative_excluded
1.17041015625,1.1705322265625,derivative_excluded
1.1702880859375,1.17041015625,derivative_excluded
1.170166015625,1.1702880859375,derivative_excluded
1.1700439453125,1.170166015625,derivative_excluded
1.169921875,1.1700439453125,derivative_excluded
1.1697998046875,1.169921875,derivative_excluded
1.169677734375,1.1697998046875,derivative_excluded
1.1695556640625,1.169677734375,derivative_excluded
1.16943359375,1.1695556640625,derivative_excluded
1.1693115234375,1.16943359375,derivative_excluded
1.169189453125,1.1693115234375,derivative_excluded
1.1690673828125,1.169189453125,derivative_excluded
1.1689453125,1.1690673828125,derivative_excluded
1.1688232421875,1.1689453125,derivative_excluded
1.168701171875,1.1688232421875,derivative_excluded
1.1685791015625,1.168701171875,derivative_excluded
1.16845703125,1.1685791015625,derivative_excluded
1.1683349609375,1.16845703125,derivative_excluded
1.168212890625,1.1683349609375,derivative_excluded
1.1680908203125,1.168212890625,derivative_excluded
1.16796875,1.1680908203125,derivative_excluded
1.1678466796875,1.16796875,derivative_excluded
1.167724609375,1.1678466796875,derivative_excluded
1.1676025390625,1.167724609375,derivative_excluded
1.16748046875,1.1676025390625,derivative_excluded
1.1673583984375,1.16748046875,derivative_excluded
1.167236328125,1.1673583984375,derivative_excluded
1.1671142578125,1.167236328125,derivative_excluded
1.1669921875,1.1671142578125,derivative_excluded
1.1668701171875,1.1669921875,derivative_excluded
1.166748046875,1.1668701171875,derivative_excluded
1.1666259765625,1.166748046875,derivative_excluded
1.16650390625,1.1666259765625,derivative_excluded
1.1663818359375,1.16650390625,derivative_excluded
1.166259765625,1.1663818359375,derivative_excluded
1.1661376953125,1.166259765625,derivative_excluded
1.166015625,1.1661376953125,derivative_excluded
1.1658935546875,1.166015625,derivative_excluded
1.165771484375,1.1658935546875,derivative_excluded
1.1656494140625,1.165771484375,derivative_excluded
1.16552734375,1.1656494140625,derivative_excluded
1.1654052734375,1.16552734375,derivative_excluded
1.165283203125,1.1654052734375,derivative_excluded
1.1651611328125,1.165283203125,derivative_excluded
1.1650390625,1.1651611328125,derivative_excluded
1.1649169921875,1.1650390625,derivative_excluded
1.164794921875,1.1649169921875,derivative_excluded
1.1646728515625,1.164794921875,derivative_excluded
1.16455078125,1.1646728515625,derivative_excluded
1.1644287109375,1.16455078125,derivative_excluded
1.164306640625,1.1644287109375,derivative_excluded
1.1641845703125,1.164306640625,derivative_excluded
1.1640625,1.1641845703125,derivative_excluded
1.1639404296875,1.1640625,derivative_excluded
1.163818359375,1.1639404296875,derivative_excluded
1.1636962890625,1.163818359375,derivative_excluded
1.16357421875,1.1636962890625,derivative_excluded
1.1634521484375,1.16357421875,derivative_excluded
1.163330078125,1.1634521484375,derivative_excluded
1.1632080078125,1.163330078125,derivative_excluded
1.1630859375,1.1632080078125,derivative_excluded
1.1629638671875,1.1630859375,derivative_excluded
1.162841796875,1.1629638671875,derivative_excluded
1.1627197265625,1.162841796875,derivative_excluded
1.16259765625,1.1627197265625,derivative_excluded
1.1624755859375,1.16259765625,derivative_excluded
1.162353515625,1.1624755859375,derivative_excluded
1.1622314453125,1.162353515625,derivative_excluded
1.162109375,1.1622314453125,derivative_excluded
1.1619873046875,1.162109375,derivative_excluded
1.161865234375,1.1619873046875,derivative_excluded
1.1617431640625,1.161865234375,derivative_excluded
1.16162109375,1.1617431640625,derivative_excluded
1.1614990234375,1.16162109375,derivative_excluded
1.161376953125,1.1614990234375,derivative_excluded
1.1612548828125,1.161376953125,derivative_excluded
1.1611328125,1.1612548828125,derivative_excluded
1.1610107421875,1.1611328125,derivative_excluded
1.160888671875,1.1610107421875,derivative_excluded
1.1607666015625,1.160888671875,derivative_excluded
1.16064453125,1.1607666015625,derivative_excluded
1.1605224609375,1.16064453125,derivative_excluded
1.160400390625,1.1605224609375,derivative_excluded
1.1602783203125,1.160400390625,derivative_excluded
1.16015625,1.1602783203125,derivative_excluded
1.1600341796875,1.16015625,derivative_excluded
1.159912109375,1.1600341796875,derivative_excluded
1.1597900390625,1.159912109375,derivative_excluded
1.15966796875,1.1597900390625,derivative_excluded
1.1595458984375,1.15966796875,derivative_excluded
1.159423828125,1.1595458984375,derivative_excluded
1.1593017578125,1.159423828125,derivative_excluded
1.1591796875,1.1593017578125,derivative_excluded
1.1590576171875,1.1591796875,derivative_excluded
1.158935546875,1.1590576171875,derivative_excluded
1.1588134765625,1.158935546875,derivative_excluded
1.15869140625,1.1588134765625,derivative_excluded
1.1585693359375,1.15869140625,derivative_excluded
1.158447265625,1.1585693359375,derivative_excluded
1.1583251953125,1.158447265625,derivative_excluded
1.158203125,1.1583251953125,derivative_excluded
1.1580810546875,1.158203125,derivative_excluded
1.157958984375,1.1580810546875,derivative_excluded
1.1578369140625,1.157958984375,derivative_excluded
1.15771484375,1.1578369140625,derivative_excluded
1.1575927734375,1.15771484375,derivative_excluded
1.157470703125,1.1575927734375,derivative_excluded
1.1573486328125,1.157470703125,derivative_excluded
1.1572265625,1.1573486328125,derivative_excluded
1.1571044921875,1.1572265625,derivative_excluded
1.156982421875,1.1571044921875,derivative_excluded
1.1568603515625,1.156982421875,derivative_excluded
1.15673828125,1.1568603515625,derivative_excluded
1.1566162109375,1.15673828125,derivative_excluded
1.156494140625,1.1566162109375,derivative_excluded
1.1563720703125,1.156494140625,derivative_excluded
1.15625,1.1563720703125,derivative_excluded
1.1561279296875,1.15625,derivative_excluded
1.156005859375,1.1561279296875,derivative_excluded
1.1558837890625,1.156005859375,derivative_excluded
1.15576171875,1.1558837890625,derivative_excluded
1.1556396484375,1.15576171875,derivative_excluded
1.155517578125,1.1556396484375,derivative_excluded
1.1553955078125,1.155517578125,derivative_excluded
1.1552734375,1.1553955078125,derivative_excluded
1.1551513671875,1.1552734375,derivative_excluded
1.155029296875,1.1551513671875,derivative_excluded
1.1549072265625,1.155029296875,derivative_excluded
1.15478515625,1.1549072265625,derivative_excluded
1.1546630859375,1.15478515625,derivative_excluded
1.154541015625,1.1546630859375,derivative_excluded
1.1544189453125,1.154541015625,derivative_excluded
1.154296875,1.1544189453125,derivative_excluded
1.1541748046875,1.154296875,derivative_excluded
1.154052734375,1.1541748046875,derivative_excluded
1.1539306640625,1.154052734375,derivative_excluded
1.15380859375,1.1539306640625,derivative_excluded
1.1536865234375,1.15380859375,derivative_excluded
1.153564453125,1.1536865234375,derivative_excluded
1.1534423828125,1.153564453125,derivative_excluded
1.1533203125,1.1534423828125,derivative_excluded
1.1531982421875,1.1533203125,derivative_excluded
1.153076171875,1.1531982421875,derivative_excluded
1.1529541015625,1.153076171875,derivative_excluded
1.15283203125,1.1529541015625,derivative_excluded
1.1527099609375,1.15283203125,derivative_excluded
1.152587890625,1.1527099609375,derivative_excluded
1.1524658203125,1.152587890625,derivative_excluded
1.15234375,1.1524658203125,derivative_excluded
1.1522216796875,1.15234375,derivative_excluded
1.152099609375,1.1522216796875,derivative_excluded
1.1519775390625,1.152099609375,derivative_excluded
1.15185546875,1.1519775390625,derivative_excluded
1.1517333984375,1.15185546875,derivative_excluded
1.151611328125,1.1517333984375,derivative_excluded
1.1514892578125,1.151611328125,derivative_excluded
1.1513671875,1.1514892578125,derivative_excluded
1.1512451171875,1.1513671875,derivative_excluded
1.151123046875,1.1512451171875,derivative_excluded
1.1510009765625,1.151123046875,derivative_excluded
1.15087890625,1.1510009765625,derivative_excluded
1.1507568359375,1.15087890625,derivative_excluded
1.150634765625,1.1507568359375,derivative_excluded
1.1505126953125,1.150634765625,derivative_excluded
1.150390625,1.1505126953125,derivative_excluded
1.1502685546875,1.150390625,derivative_excluded
1.150146484375,1.1502685546875,derivative_excluded
1.1500244140625,1.150146484375,derivative_excluded
1.14990234375,1.1500244140625,derivative_excluded
1.1497802734375,1.14990234375,derivative_excluded
1.149658203125,1.1497802734375,derivative_excluded
1.1495361328125,1.149658203125,derivative_excluded
1.1494140625,1.1495361328125,derivative_excluded
1.1492919921875,1.1494140625,derivative_excluded
1.149169921875,1.1492919921875,derivative_excluded
1.1490478515625,1.149169921875,derivative_excluded
1.14892578125,1.1490478515625,derivative_excluded
1.1488037109375,1.14892578125,derivative_excluded
1.148681640625,1.1488037109375,derivative_excluded
1.1485595703125,1.148681640625,derivative_excluded
1.1484375,1.1485595703125,derivative_excluded
1.1483154296875,1.1484375,derivative_excluded
1.148193359375,1.1483154296875,derivative_excluded
1.1480712890625,1.148193359375,derivative_excluded
1.14794921875,1.1480712890625,derivative_excluded
1.1478271484375,1.14794921875,derivative_excluded
1.147705078125,1.1478271484375,derivative_excluded
1.1475830078125,1.147705078125,derivative_excluded
1.1474609375,1.1475830078125,derivative_excluded
1.1473388671875,1.1474609375,derivative_excluded
1.147216796875,1.1473388671875,derivative_excluded
1.1470947265625,1.147216796875,derivative_excluded
1.14697265625,1.1470947265625,derivative_excluded
1.1468505859375,1.14697265625,derivative_excluded
1.146728515625,1.1468505859375,derivative_excluded
1.1466064453125,1.146728515625,derivative_excluded
1.146484375,1.1466064453125,derivative_excluded
1.1463623046875,1.146484375,derivative_excluded
1.146240234375,1.1463623046875,derivative_excluded
1.1461181640625,1.146240234375,derivative_excluded
1.14599609375,1.1461181640625,derivative_excluded
1.1458740234375,1.14599609375,derivative_excluded
1.145751953125,1.1458740234375,derivative_excluded
1.1456298828125,1.145751953125,derivative_excluded
1.1455078125,1.1456298828125,derivative_excluded
1.1453857421875,1.1455078125,derivative_excluded
1.145263671875,1.1453857421875,derivative_excluded
1.1451416015625,1.145263671875,derivative_excluded
1.14501953125,1.1451416015625,derivative_excluded
1.1448974609375,1.14501953125,derivative_excluded
1.144775390625,1.1448974609375,derivative_excluded
1.1446533203125,1.144775390625,derivative_excluded
1.14453125,1.1446533203125,derivative_excluded
1.1444091796875,1.14453125,derivative_excluded
1.144287109375,1.1444091796875,derivative_excluded
1.1441650390625,1.144287109375,derivative_excluded
1.14404296875,1.1441650390625,derivative_excluded
1.1439208984375,1.14404296875,derivative_excluded
1.143798828125,1.1439208984375,derivative_excluded
1.1436767578125,1.143798828125,derivative_excluded
1.1435546875,1.1436767578125,derivative_excluded
1.1434326171875,1.1435546875,derivative_excluded
1.143310546875,1.1434326171875,derivative_excluded
1.1431884765625,1.143310546875,derivative_excluded
1.14306640625,1.1431884765625,derivative_excluded
1.1429443359375,1.14306640625,derivative_excluded
1.142822265625,1.1429443359375,derivative_excluded
1.1427001953125,1.142822265625,derivative_excluded
1.142578125,1.1427001953125,derivative_excluded
1.1424560546875,1.142578125,derivative_excluded
1.142333984375,1.1424560546875,derivative_excluded
1.1422119140625,1.142333984375,derivative_excluded
1.14208984375,1.1422119140625,derivative_excluded
1.1419677734375,1.14208984375,derivative_excluded
1.141845703125,1.1419677734375,derivative_excluded
1.1417236328125,1.141845703125,derivative_excluded
1.1416015625,1.1417236328125,derivative_excluded
1.1414794921875,1.1416015625,derivative_excluded
1.141357421875,1.1414794921875,derivative_excluded
1.1412353515625,1.141357421875,derivative_excluded
1.14111328125,1.1412353515625,derivative_excluded
1.1409912109375,1.14111328125,derivative_excluded
1.140869140625,1.1409912109375,derivative_excluded
1.1407470703125,1.140869140625,derivative_excluded
1.140625,1.1407470703125,derivative_excluded
1.1405029296875,1.140625,derivative_excluded
1.140380859375,1.1405029296875,derivative_excluded
1.1402587890625,1.140380859375,derivative_excluded
1.14013671875,1.1402587890625,derivative_excluded
1.1400146484375,1.14013671875,derivative_excluded
1.139892578125,1.1400146484375,derivative_excluded
1.1397705078125,1.139892578125,derivative_excluded
1.1396484375,1.1397705078125,derivative_excluded
1.1395263671875,1.1396484375,derivative_excluded
1.139404296875,1.1395263671875,derivative_excluded
1.1392822265625,1.139404296875,derivative_excluded
1.13916015625,1.1392822265625,derivative_excluded
1.1390380859375,1.13916015625,derivative_excluded
1.138916015625,1.1390380859375,derivative_excluded
1.1387939453125,1.138916015625,derivative_excluded
1.138671875,1.1387939453125,derivative_excluded
1.1385498046875,1.138671875,derivative_excluded
1.138427734375,1.1385498046875,derivative_excluded
1.1383056640625,1.138427734375,derivative_excluded
1.13818359375,1.1383056640625,derivative_excluded
1.1380615234375,1.13818359375,derivative_excluded
1.137939453125,1.1380615234375,derivative_excluded
1.1378173828125,1.137939453125,derivative_excluded
1.1376953125,1.1378173828125,derivative_excluded
1.1375732421875,1.1376953125,derivative_excluded
1.137451171875,1.1375732421875,derivative_excluded
1.1373291015625,1.137451171875,derivative_excluded
1.13720703125,1.1373291015625,derivative_excluded
1.1370849609375,1.13720703125,derivative_excluded
1.136962890625,1.1370849609375,derivative_excluded
1.1368408203125,1.136962890625,derivative_excluded
1.13671875,1.1368408203125,derivative_excluded
1.1365966796875,1.13671875,derivative_excluded
1.136474609375,1.1365966796875,derivative_excluded
1.1363525390625,1.136474609375,derivative_excluded
1.13623046875,1.1363525390625,derivative_excluded
1.1361083984375,1.13623046875,derivative_excluded
1.135986328125,1.1361083984375,derivative_excluded
1.1358642578125,1.135986328125,derivative_excluded
1.1357421875,1.1358642578125,derivative_excluded
1.1356201171875,1.1357421875,derivative_excluded
1.135498046875,1.1356201171875,derivative_excluded
1.1353759765625,1.135498046875,derivative_excluded
1.13525390625,1.1353759765625,derivative_excluded
1.1351318359375,1.13525390625,derivative_excluded
1.135009765625,1.1351318359375,derivative_excluded
1.1348876953125,1.135009765625,derivative_excluded
1.134765625,1.1348876953125,derivative_excluded
1.1346435546875,1.134765625,derivative_excluded
1.134521484375,1.1346435546875,derivative_excluded
1.1343994140625,1.134521484375,derivative_excluded
1.13427734375,1.1343994140625,derivative_excluded
1.1341552734375,1.13427734375,derivative_excluded
1.134033203125,1.1341552734375,derivative_excluded
1.1339111328125,1.134033203125,derivative_excluded
1.1337890625,1.1339111328125,derivative_excluded
1.1336669921875,1.1337890625,derivative_excluded
1.133544921875,1.1336669921875,derivative_excluded
1.1334228515625,1.133544921875,derivative_excluded
1.13330078125,1.1334228515625,derivative_excluded
1.1331787109375,1.13330078125,derivative_excluded
1.133056640625,1.1331787109375,derivative_excluded
1.1329345703125,1.133056640625,derivative_excluded
1.1328125,1.1329345703125,derivative_excluded
1.1326904296875,1.1328125,derivative_excluded
1.132568359375,1.1326904296875,derivative_excluded
1.1324462890625,1.132568359375,derivative_excluded
1.13232421875,1.1324462890625,derivative_excluded
1.1322021484375,1.13232421875,derivative_excluded
1.132080078125,1.1322021484375,derivative_excluded
1.1319580078125,1.132080078125,derivative_excluded
1.1318359375,1.1319580078125,derivative_excluded
1.1317138671875,1.1318359375,derivative_excluded
1.131591796875,1.1317138671875,derivative_excluded
1.1314697265625,1.131591796875,derivative_excluded
1.13134765625,1.1314697265625,derivative_excluded
1.1312255859375,1.13134765625,derivative_excluded
1.131103515625,1.1312255859375,derivative_excluded
1.1309814453125,1.131103515625,derivative_excluded
1.130859375,1.1309814453125,derivative_excluded
1.1307373046875,1.130859375,derivative_excluded
1.130615234375,1.1307373046875,derivative_excluded
1.1304931640625,1.130615234375,derivative_excluded
1.13037109375,1.1304931640625,derivative_excluded
1.1302490234375,1.13037109375,derivative_excluded
1.130126953125,1.1302490234375,derivative_excluded
1.1300048828125,1.130126953125,derivative_excluded
1.1298828125,1.1300048828125,derivative_excluded
1.1297607421875,1.1298828125,derivative_excluded
1.129638671875,1.1297607421875,derivative_excluded
1.1295166015625,1.129638671875,derivative_excluded
1.12939453125,1.1295166015625,derivative_excluded
1.1292724609375,1.12939453125,derivative_excluded
1.129150390625,1.1292724609375,derivative_excluded
1.1290283203125,1.129150390625,derivative_excluded
1.12890625,1.1290283203125,derivative_excluded
1.1287841796875,1.12890625,derivative_excluded
1.128662109375,1.1287841796875,derivative_excluded
1.1285400390625,1.128662109375,derivative_excluded
1.12841796875,1.1285400390625,derivative_excluded
1.1282958984375,1.12841796875,derivative_excluded
1.128173828125,1.1282958984375,derivative_excluded
1.1280517578125,1.128173828125,derivative_excluded
1.1279296875,1.1280517578125,derivative_excluded
1.1278076171875,1.1279296875,derivative_excluded
1.127685546875,1.1278076171875,derivative_excluded
1.1275634765625,1.127685546875,derivative_excluded
1.12744140625,1.1275634765625,derivative_excluded
1.1273193359375,1.12744140625,derivative_excluded
1.127197265625,1.1273193359375,derivative_excluded
1.1270751953125,1.127197265625,derivative_excluded
1.126953125,1.1270751953125,derivative_excluded
1.1268310546875,1.126953125,derivative_excluded
1.126708984375,1.1268310546875,derivative_excluded
1.1265869140625,1.126708984375,derivative_excluded
1.12646484375,1.1265869140625,derivative_excluded
1.1263427734375,1.12646484375,derivative_excluded
1.126220703125,1.1263427734375,derivative_excluded
1.1260986328125,1.126220703125,derivative_excluded
1.1259765625,1.1260986328125,derivative_excluded
1.1258544921875,1.1259765625,derivative_excluded
1.125732421875,1.1258544921875,derivative_excluded
1.1256103515625,1.125732421875,derivative_excluded
1.12548828125,1.1256103515625,derivative_excluded
1.1253662109375,1.12548828125,derivative_excluded
1.125244140625,1.1253662109375,derivative_excluded
1.1251220703125,1.125244140625,derivative_excluded
1.125,1.1251220703125,derivative_excluded
1.1248779296875,1.125,derivative_excluded
1.124755859375,1.1248779296875,derivative_excluded
1.1246337890625,1.124755859375,derivative_excluded
1.12451171875,1.1246337890625,derivative_excluded
1.1243896484375,1.12451171875,derivative_excluded
1.124267578125,1.1243896484375,derivative_excluded
1.1241455078125,1.124267578125,derivative_excluded
1.1240234375,1.1241455078125,derivative_excluded
1.1239013671875,1.1240234375,derivative_excluded
1.123779296875,1.1239013671875,derivative_excluded
1.1236572265625,1.123779296875,derivative_excluded
1.12353515625,1.1236572265625,derivative_excluded
1.1234130859375,1.12353515625,derivative_excluded
1.123291015625,1.1234130859375,derivative_excluded
1.1231689453125,1.123291015625,derivative_excluded
1.123046875,1.1231689453125,derivative_excluded
1.1229248046875,1.123046875,derivative_excluded
1.122802734375,1.1229248046875,derivative_excluded
1.1226806640625,1.122802734375,derivative_excluded
1.12255859375,1.1226806640625,derivative_excluded
1.1224365234375,1.12255859375,derivative_excluded
1.122314453125,1.1224365234375,derivative_excluded
1.1221923828125,1.122314453125,derivative_excluded
1.1220703125,1.1221923828125,derivative_excluded
1.1219482421875,1.1220703125,derivative_excluded
1.121826171875,1.1219482421875,derivative_excluded
1.1217041015625,1.121826171875,derivative_excluded
1.12158203125,1.1217041015625,derivative_excluded
1.1214599609375,1.12158203125,derivative_excluded
1.121337890625,1.1214599609375,derivative_excluded
1.1212158203125,1.121337890625,derivative_excluded
1.12109375,1.1212158203125,derivative_excluded
1.1209716796875,1.12109375,derivative_excluded
1.120849609375,1.1209716796875,derivative_excluded
1.1207275390625,1.120849609375,derivative_excluded
1.12060546875,1.1207275390625,derivative_excluded
1.1204833984375,1.12060546875,derivative_excluded
1.120361328125,1.1204833984375,derivative_excluded
1.1202392578125,1.120361328125,derivative_excluded
1.1201171875,1.1202392578125,derivative_excluded
1.1199951171875,1.1201171875,derivative_excluded
1.119873046875,1.1199951171875,derivative_excluded
1.1197509765625,1.119873046875,derivative_excluded
1.11962890625,1.1197509765625,derivative_excluded
1.1195068359375,1.11962890625,derivative_excluded
1.119384765625,1.1195068359375,derivative_excluded
1.1192626953125,1.119384765625,derivative_excluded
1.119140625,1.1192626953125,derivative_excluded
1.1190185546875,1.119140625,derivative_excluded
1.118896484375,1.1190185546875,derivative_excluded
1.1187744140625,1.118896484375,derivative_excluded
1.11865234375,1.1187744140625,derivative_excluded
1.1185302734375,1.11865234375,derivative_excluded
1.118408203125,1.1185302734375,derivative_excluded
1.1182861328125,1.118408203125,derivative_excluded
1.1181640625,1.1182861328125,derivative_excluded
1.1180419921875,1.1181640625,derivative_excluded
1.117919921875,1.1180419921875,derivative_excluded
1.1177978515625,1.117919921875,derivative_excluded
1.11767578125,1.1177978515625,derivative_excluded
1.1175537109375,1.11767578125,derivative_excluded
1.117431640625,1.1175537109375,derivative_excluded
1.1173095703125,1.117431640625,derivative_excluded
1.1171875,1.1173095703125,derivative_excluded
1.1170654296875,1.1171875,derivative_excluded
1.116943359375,1.1170654296875,derivative_excluded
1.1168212890625,1.116943359375,derivative_excluded
1.11669921875,1.1168212890625,derivative_excluded
1.1165771484375,1.11669921875,derivative_excluded
1.116455078125,1.1165771484375,derivative_excluded
1.1163330078125,1.116455078125,derivative_excluded
1.1162109375,1.1163330078125,derivative_excluded
1.1160888671875,1.1162109375,derivative_excluded
1.115966796875,1.1160888671875,derivative_excluded
1.1158447265625,1.115966796875,derivative_excluded
1.11572265625,1.1158447265625,derivative_excluded
1.1156005859375,1.11572265625,derivative_excluded
1.115478515625,1.1156005859375,derivative_excluded
1.1153564453125,1.115478515625,derivative_excluded
1.115234375,1.1153564453125,derivative_excluded
1.1151123046875,1.115234375,derivative_excluded
1.114990234375,1.1151123046875,derivative_excluded
1.1148681640625,1.114990234375,derivative_excluded
1.11474609375,1.1148681640625,derivative_excluded
1.1146240234375,1.11474609375,derivative_excluded
1.114501953125,1.1146240234375,derivative_excluded
1.1143798828125,1.114501953125,derivative_excluded
1.1142578125,1.1143798828125,derivative_excluded
1.1141357421875,1.1142578125,derivative_excluded
1.114013671875,1.1141357421875,derivative_excluded
1.1138916015625,1.114013671875,derivative_excluded
1.11376953125,1.1138916015625,derivative_excluded
1.1136474609375,1.11376953125,derivative_excluded
1.113525390625,1.1136474609375,derivative_excluded
1.1134033203125,1.113525390625,derivative_excluded
1.11328125,1.1134033203125,derivative_excluded
1.1131591796875,1.11328125,derivative_excluded
1.113037109375,1.1131591796875,derivative_excluded
1.1129150390625,1.113037109375,derivative_excluded
1.11279296875,1.1129150390625,derivative_excluded
1.1126708984375,1.11279296875,derivative_excluded
1.112548828125,1.1126708984375,derivative_excluded
1.1124267578125,1.112548828125,derivative_excluded
1.1123046875,1.1124267578125,derivative_excluded
1.1121826171875,1.1123046875,derivative_excluded
1.112060546875,1.1121826171875,derivative_excluded
1.1119384765625,1.112060546875,derivative_excluded
1.11181640625,1.1119384765625,derivative_excluded
1.1116943359375,1.11181640625,derivative_excluded
1.111572265625,1.1116943359375,derivative_excluded
1.1114501953125,1.111572265625,derivative_excluded
1.111328125,1.1114501953125,derivative_excluded
1.1112060546875,1.111328125,derivative_excluded
1.111083984375,1.1112060546875,derivative_excluded
1.1109619140625,1.111083984375,derivative_excluded
1.11083984375,1.1109619140625,derivative_excluded
1.1107177734375,1.11083984375,derivative_excluded
1.110595703125,1.1107177734375,derivative_excluded
1.1104736328125,1.110595703125,derivative_excluded
1.1103515625,1.1104736328125,derivative_excluded
1.1102294921875,1.1103515625,derivative_excluded
1.110107421875,1.1102294921875,derivative_excluded
1.1099853515625,1.110107421875,derivative_excluded
1.10986328125,1.1099853515625,derivative_excluded
1.1097412109375,1.10986328125,derivative_excluded
1.109619140625,1.1097412109375,derivative_excluded
1.1094970703125,1.109619140625,derivative_excluded
1.109375,1.1094970703125,derivative_excluded
1.1092529296875,1.109375,derivative_excluded
1.109130859375,1.1092529296875,derivative_excluded
1.1090087890625,1.109130859375,derivative_excluded
1.10888671875,1.1090087890625,derivative_excluded
1.1087646484375,1.10888671875,derivative_excluded
1.108642578125,1.1087646484375,derivative_excluded
1.1085205078125,1.108642578125,derivative_excluded
1.1083984375,1.1085205078125,derivative_excluded
1.1082763671875,1.1083984375,derivative_excluded
1.108154296875,1.1082763671875,derivative_excluded
1.1080322265625,1.108154296875,derivative_excluded
1.10791015625,1.1080322265625,derivative_excluded
1.1077880859375,1.10791015625,derivative_excluded
1.107666015625,1.1077880859375,derivative_excluded
1.1075439453125,1.107666015625,derivative_excluded
1.107421875,1.1075439453125,derivative_excluded
1.1072998046875,1.107421875,derivative_excluded
1.107177734375,1.1072998046875,derivative_excluded
1.1070556640625,1.107177734375,derivative_excluded
1.10693359375,1.1070556640625,derivative_excluded
1.1068115234375,1.10693359375,derivative_excluded
1.106689453125,1.1068115234375,derivative_excluded
1.1065673828125,1.106689453125,derivative_excluded
1.1064453125,1.1065673828125,derivative_excluded
1.1063232421875,1.1064453125,derivative_excluded
1.106201171875,1.1063232421875,derivative_excluded
1.1060791015625,1.106201171875,derivative_excluded
1.10595703125,1.1060791015625,derivative_excluded
1.1058349609375,1.10595703125,derivative_excluded
1.105712890625,1.1058349609375,derivative_excluded
1.1055908203125,1.105712890625,derivative_excluded
1.10546875,1.1055908203125,derivative_excluded
1.1053466796875,1.10546875,derivative_excluded
1.105224609375,1.1053466796875,derivative_excluded
1.1051025390625,1.105224609375,derivative_excluded
1.10498046875,1.1051025390625,derivative_excluded
1.1048583984375,1.10498046875,derivative_excluded
1.104736328125,1.1048583984375,derivative_excluded
1.1046142578125,1.104736328125,derivative_excluded
1.1044921875,1.1046142578125,derivative_excluded
1.1043701171875,1.1044921875,derivative_excluded
1.104248046875,1.1043701171875,derivative_excluded
1.1041259765625,1.104248046875,derivative_excluded
1.10400390625,1.1041259765625,derivative_excluded
1.1038818359375,1.10400390625,derivative_excluded
1.103759765625,1.1038818359375,derivative_excluded
1.1036376953125,1.103759765625,derivative_excluded
1.103515625,1.1036376953125,derivative_excluded
1.1033935546875,1.103515625,derivative_excluded
1.103271484375,1.1033935546875,derivative_excluded
1.1031494140625,1.103271484375,derivative_excluded
1.10302734375,1.1031494140625,derivative_excluded
1.1029052734375,1.10302734375,derivative_excluded
1.102783203125,1.1029052734375,derivative_excluded
1.1026611328125,1.102783203125,derivative_excluded
1.1025390625,1.1026611328125,derivative_excluded
1.1024169921875,1.1025390625,derivative_excluded
1.102294921875,1.1024169921875,derivative_excluded
1.1021728515625,1.102294921875,derivative_excluded
1.10205078125,1.1021728515625,derivative_excluded
1.1019287109375,1.10205078125,derivative_excluded
1.101806640625,1.1019287109375,derivative_excluded
1.1016845703125,1.101806640625,derivative_excluded
1.1015625,1.1016845703125,derivative_excluded
1.1014404296875,1.1015625,derivative_excluded
1.101318359375,1.1014404296875,derivative_excluded
1.1011962890625,1.101318359375,derivative_excluded
1.10107421875,1.1011962890625,derivative_excluded
1.1009521484375,1.10107421875,derivative_excluded
1.100830078125,1.1009521484375,derivative_excluded
1.1007080078125,1.100830078125,derivative_excluded
1.1005859375,1.1007080078125,derivative_excluded
1.1004638671875,1.1005859375,derivative_excluded
1.100341796875,1.1004638671875,derivative_excluded
1.1002197265625,1.100341796875,derivative_excluded
1.10009765625,1.1002197265625,derivative_excluded
1.0999755859375,1.10009765625,derivative_excluded
1.099853515625,1.0999755859375,derivative_excluded
1.0997314453125,1.099853515625,derivative_excluded
1.099609375,1.0997314453125,derivative_excluded
1.0994873046875,1.099609375,derivative_excluded
1.099365234375,1.0994873046875,derivative_excluded
1.0992431640625,1.099365234375,derivative_excluded
1.09912109375,1.0992431640625,derivative_excluded
1.0989990234375,1.09912109375,derivative_excluded
1.098876953125,1.0989990234375,derivative_excluded
1.0987548828125,1.098876953125,derivative_excluded
1.0986328125,1.0987548828125,derivative_excluded
1.0985107421875,1.0986328125,derivative_excluded
1.098388671875,1.0985107421875,derivative_excluded
1.0982666015625,1.098388671875,derivative_excluded
1.09814453125,1.0982666015625,derivative_excluded
1.0980224609375,1.09814453125,derivative_excluded
1.097900390625,1.0980224609375,derivative_excluded
1.0977783203125,1.097900390625,derivative_excluded
1.09765625,1.0977783203125,derivative_excluded
1.0975341796875,1.09765625,derivative_excluded
1.097412109375,1.0975341796875,derivative_excluded
1.0972900390625,1.097412109375,derivative_excluded
1.09716796875,1.0972900390625,derivative_excluded
1.0970458984375,1.09716796875,derivative_excluded
1.096923828125,1.0970458984375,derivative_excluded
1.0968017578125,1.096923828125,derivative_excluded
1.0966796875,1.0968017578125,derivative_excluded
1.0965576171875,1.0966796875,derivative_excluded
1.096435546875,1.0965576171875,derivative_excluded
1.0963134765625,1.096435546875,derivative_excluded
1.09619140625,1.0963134765625,derivative_excluded
1.0960693359375,1.09619140625,derivative_excluded
1.095947265625,1.0960693359375,derivative_excluded
1.0958251953125,1.095947265625,derivative_excluded
1.095703125,1.0958251953125,derivative_excluded
1.0955810546875,1.095703125,derivative_excluded
1.095458984375,1.0955810546875,derivative_excluded
1.0953369140625,1.095458984375,derivative_excluded
1.09521484375,1.0953369140625,derivative_excluded
1.0950927734375,1.09521484375,derivative_excluded
1.094970703125,1.0950927734375,derivative_excluded
1.0948486328125,1.094970703125,derivative_excluded
1.0947265625,1.0948486328125,derivative_excluded
1.0946044921875,1.0947265625,derivative_excluded
1.094482421875,1.0946044921875,derivative_excluded
1.0943603515625,1.094482421875,derivative_excluded
1.09423828125,1.0943603515625,derivative_excluded
1.0941162109375,1.09423828125,derivative_excluded
1.093994140625,1.0941162109375,derivative_excluded
1.0938720703125,1.093994140625,derivative_excluded
1.09375,1.0938720703125,derivative_excluded
1.0936279296875,1.09375,derivative_excluded
1.093505859375,1.0936279296875,derivative_excluded
1.0933837890625,1.093505859375,derivative_excluded
1.09326171875,1.0933837890625,derivative_excluded
1.0931396484375,1.09326171875,derivative_excluded
1.093017578125,1.0931396484375,derivative_excluded
1.0928955078125,1.093017578125,derivative_excluded
1.0927734375,1.0928955078125,derivative_excluded
1.0926513671875,1.0927734375,derivative_excluded
1.092529296875,1.0926513671875,derivative_excluded
1.0924072265625,1.092529296875,derivative_excluded
1.09228515625,1.0924072265625,derivative_excluded
1.0921630859375,1.09228515625,derivative_excluded
1.092041015625,1.0921630859375,derivative_excluded
1.0919189453125,1.092041015625,derivative_excluded
1.091796875,1.0919189453125,derivative_excluded
1.0916748046875,1.091796875,derivative_excluded
1.091552734375,1.0916748046875,derivative_excluded
1.0914306640625,1.091552734375,derivative_excluded
1.09130859375,1.0914306640625,derivative_excluded
1.0911865234375,1.09130859375,derivative_excluded
1.091064453125,1.0911865234375,derivative_excluded
1.0909423828125,1.091064453125,derivative_excluded
1.0908203125,1.0909423828125,derivative_excluded
1.0906982421875,1.0908203125,derivative_excluded
1.090576171875,1.0906982421875,derivative_excluded
1.0904541015625,1.090576171875,derivative_excluded
1.09033203125,1.0904541015625,derivative_excluded
1.0902099609375,1.09033203125,derivative_excluded
1.090087890625,1.0902099609375,derivative_excluded
1.0899658203125,1.090087890625,derivative_excluded
1.08984375,1.0899658203125,derivative_excluded
1.0897216796875,1.08984375,derivative_excluded
1.089599609375,1.0897216796875,derivative_excluded
1.0894775390625,1.089599609375,derivative_excluded
1.08935546875,1.0894775390625,derivative_excluded
1.0892333984375,1.08935546875,derivative_excluded
1.089111328125,1.0892333984375,derivative_excluded
1.0889892578125,1.089111328125,derivative_excluded
1.0888671875,1.0889892578125,derivative_excluded
1.0887451171875,1.0888671875,derivative_excluded
1.088623046875,1.0887451171875,derivative_excluded
1.0885009765625,1.088623046875,derivative_excluded
1.08837890625,1.0885009765625,derivative_excluded
1.0882568359375,1.08837890625,derivative_excluded
1.088134765625,1.0882568359375,derivative_excluded
1.0880126953125,1.088134765625,derivative_excluded
1.087890625,1.0880126953125,derivative_excluded
1.0877685546875,1.087890625,derivative_excluded
1.087646484375,1.0877685546875,derivative_excluded
1.0875244140625,1.087646484375,derivative_excluded
1.08740234375,1.0875244140625,derivative_excluded
1.0872802734375,1.08740234375,derivative_excluded
1.087158203125,1.0872802734375,derivative_excluded
1.0870361328125,1.087158203125,derivative_excluded
1.0869140625,1.0870361328125,derivative_excluded
1.0867919921875,1.0869140625,derivative_excluded
1.086669921875,1.0867919921875,derivative_excluded
1.0865478515625,1.086669921875,derivative_excluded
1.08642578125,1.0865478515625,derivative_excluded
1.0863037109375,1.08642578125,derivative_excluded
1.086181640625,1.0863037109375,derivative_excluded
1.0860595703125,1.086181640625,derivative_excluded
1.0859375,1.0860595703125,derivative_excluded
1.0858154296875,1.0859375,derivative_excluded
1.085693359375,1.0858154296875,derivative_excluded
1.0855712890625,1.085693359375,derivative_excluded
1.08544921875,1.0855712890625,derivative_excluded
1.0853271484375,1.08544921875,derivative_excluded
1.085205078125,1.0853271484375,derivative_excluded
1.0850830078125,1.085205078125,derivative_excluded
1.0849609375,1.0850830078125,derivative_excluded
1.0848388671875,1.0849609375,derivative_excluded
1.084716796875,1.0848388671875,derivative_excluded
1.0845947265625,1.084716796875,derivative_excluded
1.08447265625,1.0845947265625,derivative_excluded
1.0843505859375,1.08447265625,derivative_excluded
1.084228515625,1.0843505859375,derivative_excluded
1.0841064453125,1.084228515625,derivative_excluded
1.083984375,1.0841064453125,derivative_excluded
1.0838623046875,1.083984375,derivative_excluded
1.083740234375,1.0838623046875,derivative_excluded
1.0836181640625,1.083740234375,derivative_excluded
1.08349609375,1.0836181640625,derivative_excluded
1.0833740234375,1.08349609375,derivative_excluded
1.083251953125,1.0833740234375,derivative_excluded
1.0831298828125,1.083251953125,derivative_excluded
1.0830078125,1.0831298828125,derivative_excluded
1.0828857421875,1.0830078125,derivative_excluded
1.082763671875,1.0828857421875,derivative_excluded
1.0826416015625,1.082763671875,derivative_excluded
1.08251953125,1.0826416015625,derivative_excluded
1.0823974609375,1.08251953125,derivative_excluded
1.082275390625,1.0823974609375,derivative_excluded
1.0821533203125,1.082275390625,derivative_excluded
1.08203125,1.0821533203125,derivative_excluded
1.0819091796875,1.08203125,derivative_excluded
1.081787109375,1.0819091796875,derivative_excluded
1.0816650390625,1.081787109375,derivative_excluded
1.08154296875,1.0816650390625,derivative_excluded
1.0814208984375,1.08154296875,derivative_excluded
1.081298828125,1.0814208984375,derivative_excluded
1.0811767578125,1.081298828125,derivative_excluded
1.0810546875,1.0811767578125,derivative_excluded
1.0809326171875,1.0810546875,derivative_excluded
1.080810546875,1.0809326171875,derivative_excluded
1.0806884765625,1.080810546875,derivative_excluded
1.08056640625,1.0806884765625,derivative_excluded
1.0804443359375,1.08056640625,derivative_excluded
1.080322265625,1.0804443359375,derivative_excluded
1.0802001953125,1.080322265625,derivative_excluded
1.080078125,1.0802001953125,derivative_excluded
1.0799560546875,1.080078125,derivative_excluded
1.079833984375,1.0799560546875,derivative_excluded
1.0797119140625,1.079833984375,derivative_excluded
1.07958984375,1.0797119140625,derivative_excluded
1.0794677734375,1.07958984375,derivative_excluded
1.079345703125,1.0794677734375,derivative_excluded
1.0792236328125,1.079345703125,derivative_excluded
1.0791015625,1.0792236328125,derivative_excluded
1.0789794921875,1.0791015625,derivative_excluded
1.078857421875,1.0789794921875,derivative_excluded
1.0787353515625,1.078857421875,derivative_excluded
1.07861328125,1.0787353515625,derivative_excluded
1.0784912109375,1.07861328125,derivative_excluded
1.078369140625,1.0784912109375,derivative_excluded
1.0782470703125,1.078369140625,derivative_excluded
1.078125,1.0782470703125,derivative_excluded
1.0780029296875,1.078125,derivative_excluded
1.077880859375,1.0780029296875,derivative_excluded
1.0777587890625,1.077880859375,derivative_excluded
1.07763671875,1.0777587890625,derivative_excluded
1.0775146484375,1.07763671875,derivative_excluded
1.077392578125,1.0775146484375,derivative_excluded
1.0772705078125,1.077392578125,derivative_excluded
1.0771484375,1.0772705078125,derivative_excluded
1.0770263671875,1.0771484375,derivative_excluded
1.076904296875,1.0770263671875,derivative_excluded
1.0767822265625,1.076904296875,derivative_excluded
1.07666015625,1.0767822265625,derivative_excluded
1.0765380859375,1.07666015625,derivative_excluded
1.076416015625,1.0765380859375,derivative_excluded
1.0762939453125,1.076416015625,derivative_excluded
1.076171875,1.0762939453125,derivative_excluded
1.0760498046875,1.076171875,derivative_excluded
1.075927734375,1.0760498046875,derivative_excluded
1.0758056640625,1.075927734375,derivative_excluded
1.07568359375,1.0758056640625,derivative_excluded
1.0755615234375,1.07568359375,derivative_excluded
1.075439453125,1.0755615234375,derivative_excluded
1.0753173828125,1.075439453125,derivative_excluded
1.0751953125,1.0753173828125,derivative_excluded
1.0750732421875,1.0751953125,derivative_excluded
1.074951171875,1.0750732421875,derivative_excluded
1.0748291015625,1.074951171875,derivative_excluded
1.07470703125,1.0748291015625,derivative_excluded
1.0745849609375,1.07470703125,derivative_excluded
1.074462890625,1.0745849609375,derivative_excluded
1.0743408203125,1.074462890625,derivative_excluded
1.07421875,1.0743408203125,derivative_excluded
1.0740966796875,1.07421875,derivative_excluded
1.073974609375,1.0740966796875,derivative_excluded
1.0738525390625,1.073974609375,derivative_excluded
1.07373046875,1.0738525390625,derivative_excluded
1.0736083984375,1.07373046875,derivative_excluded
1.073486328125,1.0736083984375,derivative_excluded
1.0733642578125,1.073486328125,derivative_excluded
1.0732421875,1.0733642578125,derivative_excluded
1.0731201171875,1.0732421875,derivative_excluded
1.072998046875,1.0731201171875,derivative_excluded
1.0728759765625,1.072998046875,derivative_excluded
1.07275390625,1.0728759765625,derivative_excluded
1.0726318359375,1.07275390625,derivative_excluded
1.072509765625,1.0726318359375,derivative_excluded
1.0723876953125,1.072509765625,derivative_excluded
1.072265625,1.0723876953125,derivative_excluded
1.0721435546875,1.072265625,derivative_excluded
1.072021484375,1.0721435546875,derivative_excluded
1.0718994140625,1.072021484375,derivative_excluded
1.07177734375,1.0718994140625,derivative_excluded
1.0716552734375,1.07177734375,derivative_excluded
1.071533203125,1.0716552734375,derivative_excluded
1.0714111328125,1.071533203125,derivative_excluded
1.0712890625,1.0714111328125,derivative_excluded
1.0711669921875,1.0712890625,derivative_excluded
1.071044921875,1.0711669921875,derivative_excluded
1.0709228515625,1.071044921875,derivative_excluded
1.07080078125,1.0709228515625,derivative_excluded
1.0706787109375,1.07080078125,derivative_excluded
1.070556640625,1.0706787109375,derivative_excluded
1.0704345703125,1.070556640625,derivative_excluded
1.0703125,1.0704345703125,derivative_excluded
1.0701904296875,1.0703125,derivative_excluded
1.070068359375,1.0701904296875,derivative_excluded
1.0699462890625,1.070068359375,derivative_excluded
1.06982421875,1.0699462890625,derivative_excluded
1.0697021484375,1.06982421875,derivative_excluded
1.069580078125,1.0697021484375,derivative_excluded
1.0694580078125,1.069580078125,derivative_excluded
1.0693359375,1.0694580078125,derivative_excluded
1.0692138671875,1.0693359375,derivative_excluded
1.069091796875,1.0692138671875,derivative_excluded
1.0689697265625,1.069091796875,derivative_excluded
1.06884765625,1.0689697265625,derivative_excluded
1.0687255859375,1.06884765625,derivative_excluded
1.068603515625,1.0687255859375,derivative_excluded
1.0684814453125,1.068603515625,derivative_excluded
1.068359375,1.0684814453125,derivative_excluded
1.0682373046875,1.068359375,derivative_excluded
1.068115234375,1.0682373046875,derivative_excluded
1.0679931640625,1.068115234375,derivative_excluded
1.06787109375,1.0679931640625,derivative_excluded
1.0677490234375,1.06787109375,derivative_excluded
1.067626953125,1.0677490234375,derivative_excluded
1.0675048828125,1.067626953125,derivative_excluded
1.0673828125,1.0675048828125,derivative_excluded
1.0672607421875,1.0673828125,derivative_excluded
1.067138671875,1.0672607421875,derivative_excluded
1.0670166015625,1.067138671875,derivative_excluded
1.06689453125,1.0670166015625,derivative_excluded
1.0667724609375,1.06689453125,derivative_excluded
1.066650390625,1.0667724609375,derivative_excluded
1.0665283203125,1.066650390625,derivative_excluded
1.06640625,1.0665283203125,derivative_excluded
1.0662841796875,1.06640625,derivative_excluded
1.066162109375,1.0662841796875,derivative_excluded
1.0660400390625,1.066162109375,derivative_excluded
1.06591796875,1.0660400390625,derivative_excluded
1.0657958984375,1.06591796875,derivative_excluded
1.065673828125,1.0657958984375,derivative_excluded
1.0655517578125,1.065673828125,derivative_excluded
1.0654296875,1.0655517578125,derivative_excluded
1.0653076171875,1.0654296875,derivative_excluded
1.065185546875,1.0653076171875,derivative_excluded
1.0650634765625,1.065185546875,derivative_excluded
1.06494140625,1.0650634765625,derivative_excluded
1.0648193359375,1.06494140625,derivative_excluded
1.064697265625,1.0648193359375,derivative_excluded
1.0645751953125,1.064697265625,derivative_excluded
1.064453125,1.0645751953125,derivative_excluded
1.0643310546875,1.064453125,derivative_excluded
1.064208984375,1.0643310546875,derivative_excluded
1.0640869140625,1.064208984375,derivative_excluded
1.06396484375,1.0640869140625,derivative_excluded
1.0638427734375,1.06396484375,derivative_excluded
1.063720703125,1.0638427734375,derivative_excluded
1.0635986328125,1.063720703125,derivative_excluded
1.0634765625,1.0635986328125,derivative_excluded
1.0633544921875,1.0634765625,derivative_excluded
1.063232421875,1.0633544921875,derivative_excluded
1.0631103515625,1.063232421875,derivative_excluded
1.06298828125,1.0631103515625,derivative_excluded
1.0628662109375,1.06298828125,derivative_excluded
1.062744140625,1.0628662109375,derivative_excluded
1.0626220703125,1.062744140625,derivative_excluded
1.0625,1.0626220703125,derivative_excluded
1.0623779296875,1.0625,derivative_excluded
1.062255859375,1.0623779296875,derivative_excluded
1.0621337890625,1.062255859375,derivative_excluded
1.06201171875,1.0621337890625,derivative_excluded
1.0618896484375,1.06201171875,derivative_excluded
1.061767578125,1.0618896484375,derivative_excluded
1.0616455078125,1.061767578125,derivative_excluded
1.0615234375,1.0616455078125,derivative_excluded
1.0614013671875,1.0615234375,derivative_excluded
1.061279296875,1.0614013671875,derivative_excluded
1.0611572265625,1.061279296875,derivative_excluded
1.06103515625,1.0611572265625,derivative_excluded
1.0609130859375,1.06103515625,derivative_excluded
1.060791015625,1.0609130859375,derivative_excluded
1.0606689453125,1.060791015625,derivative_excluded
1.060546875,1.0606689453125,derivative_excluded
1.0604248046875,1.060546875,derivative_excluded
1.060302734375,1.0604248046875,derivative_excluded
1.0601806640625,1.060302734375,derivative_excluded
1.06005859375,1.0601806640625,derivative_excluded
1.0599365234375,1.06005859375,derivative_excluded
1.059814453125,1.0599365234375,derivative_excluded
1.0596923828125,1.059814453125,derivative_excluded
1.0595703125,1.0596923828125,derivative_excluded
1.0594482421875,1.0595703125,derivative_excluded
1.059326171875,1.0594482421875,derivative_excluded
1.0592041015625,1.059326171875,derivative_excluded
1.05908203125,1.0592041015625,derivative_excluded
1.0589599609375,1.05908203125,derivative_excluded
1.058837890625,1.0589599609375,derivative_excluded
1.0587158203125,1.058837890625,derivative_excluded
1.05859375,1.0587158203125,derivative_excluded
1.0584716796875,1.05859375,derivative_excluded
1.058349609375,1.0584716796875,derivative_excluded
1.0582275390625,1.058349609375,derivative_excluded
1.05810546875,1.0582275390625,derivative_excluded
1.0579833984375,1.05810546875,derivative_excluded
1.057861328125,1.0579833984375,derivative_excluded
1.0577392578125,1.057861328125,derivative_excluded
1.0576171875,1.0577392578125,derivative_excluded
1.0574951171875,1.0576171875,derivative_excluded
1.057373046875,1.0574951171875,derivative_excluded
1.0572509765625,1.057373046875,derivative_excluded
1.05712890625,1.0572509765625,derivative_excluded
1.0570068359375,1.05712890625,derivative_excluded
1.056884765625,1.0570068359375,derivative_excluded
1.0567626953125,1.056884765625,derivative_excluded
1.056640625,1.0567626953125,derivative_excluded
1.0565185546875,1.056640625,derivative_excluded
1.056396484375,1.0565185546875,derivative_excluded
1.0562744140625,1.056396484375,derivative_excluded
1.05615234375,1.0562744140625,derivative_excluded
1.0560302734375,1.05615234375,derivative_excluded
1.055908203125,1.0560302734375,derivative_excluded
1.0557861328125,1.055908203125,derivative_excluded
1.0556640625,1.0557861328125,derivative_excluded
1.0555419921875,1.0556640625,derivative_excluded
1.055419921875,1.0555419921875,derivative_excluded
1.0552978515625,1.055419921875,derivative_excluded
1.05517578125,1.0552978515625,derivative_excluded
1.0550537109375,1.05517578125,derivative_excluded
1.054931640625,1.0550537109375,derivative_excluded
1.0548095703125,1.054931640625,derivative_excluded
1.0546875,1.0548095703125,derivative_excluded
1.0545654296875,1.0546875,derivative_excluded
1.054443359375,1.0545654296875,derivative_excluded
1.0543212890625,1.054443359375,derivative_excluded
1.05419921875,1.0543212890625,derivative_excluded
1.0540771484375,1.05419921875,derivative_excluded
1.053955078125,1.0540771484375,derivative_excluded
1.0538330078125,1.053955078125,derivative_excluded
1.0537109375,1.0538330078125,derivative_excluded
1.0535888671875,1.0537109375,derivative_excluded
1.053466796875,1.0535888671875,derivative_excluded
1.0533447265625,1.053466796875,derivative_excluded
1.05322265625,1.0533447265625,derivative_excluded
1.0531005859375,1.05322265625,derivative_excluded
1.052978515625,1.0531005859375,derivative_excluded
1.0528564453125,1.052978515625,derivative_excluded
1.052734375,1.0528564453125,derivative_excluded
1.0526123046875,1.052734375,derivative_excluded
1.052490234375,1.0526123046875,derivative_excluded
1.0523681640625,1.052490234375,derivative_excluded
1.05224609375,1.0523681640625,derivative_excluded
1.0521240234375,1.05224609375,derivative_excluded
1.052001953125,1.0521240234375,derivative_excluded
1.0518798828125,1.052001953125,derivative_excluded
1.0517578125,1.0518798828125,derivative_excluded
1.0516357421875,1.0517578125,derivative_excluded
1.051513671875,1.0516357421875,derivative_excluded
1.0513916015625,1.051513671875,derivative_excluded
1.05126953125,1.0513916015625,derivative_excluded
1.0511474609375,1.05126953125,derivative_excluded
1.051025390625,1.0511474609375,derivative_excluded
1.0509033203125,1.051025390625,derivative_excluded
1.05078125,1.0509033203125,derivative_excluded
1.0506591796875,1.05078125,derivative_excluded
1.050537109375,1.0506591796875,derivative_excluded
1.0504150390625,1.050537109375,derivative_excluded
1.05029296875,1.0504150390625,derivative_excluded
1.0501708984375,1.05029296875,derivative_excluded
1.050048828125,1.0501708984375,derivative_excluded
1.0499267578125,1.050048828125,derivative_excluded
1.0498046875,1.0499267578125,derivative_excluded
1.0496826171875,1.0498046875,derivative_excluded
1.049560546875,1.0496826171875,derivative_excluded
1.0494384765625,1.049560546875,derivative_excluded
1.04931640625,1.0494384765625,derivative_excluded
1.0491943359375,1.04931640625,derivative_excluded
1.049072265625,1.0491943359375,derivative_excluded
1.0489501953125,1.049072265625,derivative_excluded
1.048828125,1.0489501953125,derivative_excluded
1.0487060546875,1.048828125,derivative_excluded
1.048583984375,1.0487060546875,derivative_excluded
1.0484619140625,1.048583984375,derivative_excluded
1.04833984375,1.0484619140625,derivative_excluded
1.0482177734375,1.04833984375,derivative_excluded
1.048095703125,1.0482177734375,derivative_excluded
1.0479736328125,1.048095703125,derivative_excluded
1.0478515625,1.0479736328125,derivative_excluded
1.0477294921875,1.0478515625,derivative_excluded
1.047607421875,1.0477294921875,derivative_excluded
1.0474853515625,1.047607421875,derivative_excluded
1.04736328125,1.0474853515625,derivative_excluded
1.0472412109375,1.04736328125,derivative_excluded
1.047119140625,1.0472412109375,derivative_excluded
1.0469970703125,1.047119140625,derivative_excluded
1.046875,1.0469970703125,derivative_excluded
1.0467529296875,1.046875,derivative_excluded
1.046630859375,1.0467529296875,derivative_excluded
1.0465087890625,1.046630859375,derivative_excluded
1.04638671875,1.0465087890625,derivative_excluded
1.0462646484375,1.04638671875,derivative_excluded
1.046142578125,1.0462646484375,derivative_excluded
1.0460205078125,1.046142578125,derivative_excluded
1.0458984375,1.0460205078125,derivative_excluded
1.0457763671875,1.0458984375,derivative_excluded
1.045654296875,1.0457763671875,derivative_excluded
1.0455322265625,1.045654296875,derivative_excluded
1.04541015625,1.0455322265625,derivative_excluded
1.0452880859375,1.04541015625,derivative_excluded
1.045166015625,1.0452880859375,derivative_excluded
1.0450439453125,1.045166015625,derivative_excluded
1.044921875,1.0450439453125,derivative_excluded
1.0447998046875,1.044921875,derivative_excluded
1.044677734375,1.0447998046875,derivative_excluded
1.0445556640625,1.044677734375,derivative_excluded
1.04443359375,1.0445556640625,derivative_excluded
1.0443115234375,1.04443359375,derivative_excluded
1.044189453125,1.0443115234375,derivative_excluded
1.0440673828125,1.044189453125,derivative_excluded
1.0439453125,1.0440673828125,derivative_excluded
1.0438232421875,1.0439453125,derivative_excluded
1.043701171875,1.0438232421875,derivative_excluded
1.0435791015625,1.043701171875,derivative_excluded
1.04345703125,1.0435791015625,derivative_excluded
1.0433349609375,1.04345703125,derivative_excluded
1.043212890625,1.0433349609375,derivative_excluded
1.0430908203125,1.043212890625,derivative_excluded
1.04296875,1.0430908203125,derivative_excluded
1.0428466796875,1.04296875,derivative_excluded
1.042724609375,1.0428466796875,derivative_excluded
1.0426025390625,1.042724609375,derivative_excluded
1.04248046875,1.0426025390625,derivative_excluded
1.0423583984375,1.04248046875,derivative_excluded
1.042236328125,1.0423583984375,derivative_excluded
1.0421142578125,1.042236328125,derivative_excluded
1.0419921875,1.0421142578125,derivative_excluded
1.0418701171875,1.0419921875,derivative_excluded
1.041748046875,1.0418701171875,derivative_excluded
1.0416259765625,1.041748046875,derivative_excluded
1.04150390625,1.0416259765625,derivative_excluded
1.0413818359375,1.04150390625,derivative_excluded
1.041259765625,1.0413818359375,derivative_excluded
1.0411376953125,1.041259765625,derivative_excluded
1.041015625,1.0411376953125,derivative_excluded
1.0408935546875,1.041015625,derivative_excluded
1.040771484375,1.0408935546875,derivative_excluded
1.0406494140625,1.040771484375,derivative_excluded
1.04052734375,1.0406494140625,derivative_excluded
1.0404052734375,1.04052734375,derivative_excluded
1.040283203125,1.0404052734375,derivative_excluded
1.0401611328125,1.040283203125,derivative_excluded
1.0400390625,1.0401611328125,derivative_excluded
1.0399169921875,1.0400390625,derivative_excluded
1.039794921875,1.0399169921875,derivative_excluded
1.0396728515625,1.039794921875,derivative_excluded
1.03955078125,1.0396728515625,derivative_excluded
1.0394287109375,1.03955078125,derivative_excluded
1.039306640625,1.0394287109375,derivative_excluded
1.0391845703125,1.039306640625,derivative_excluded
1.0390625,1.0391845703125,derivative_excluded
1.0389404296875,1.0390625,derivative_excluded
1.038818359375,1.0389404296875,derivative_excluded
1.0386962890625,1.038818359375,derivative_excluded
1.03857421875,1.0386962890625,derivative_excluded
1.0384521484375,1.03857421875,derivative_excluded
1.038330078125,1.0384521484375,derivative_excluded
1.0382080078125,1.038330078125,derivative_excluded
1.0380859375,1.0382080078125,derivative_excluded
1.0379638671875,1.0380859375,derivative_excluded
1.037841796875,1.0379638671875,derivative_excluded
1.0377197265625,1.037841796875,derivative_excluded
1.03759765625,1.0377197265625,derivative_excluded
1.0374755859375,1.03759765625,derivative_excluded
1.037353515625,1.0374755859375,derivative_excluded
1.0372314453125,1.037353515625,derivative_excluded
1.037109375,1.0372314453125,derivative_excluded
1.0369873046875,1.037109375,derivative_excluded
1.036865234375,1.0369873046875,derivative_excluded
1.0367431640625,1.036865234375,derivative_excluded
1.03662109375,1.0367431640625,derivative_excluded
1.0364990234375,1.03662109375,derivative_excluded
1.036376953125,1.0364990234375,derivative_excluded
1.0362548828125,1.036376953125,derivative_excluded
1.0361328125,1.0362548828125,derivative_excluded
1.0360107421875,1.0361328125,derivative_excluded
1.035888671875,1.0360107421875,derivative_excluded
1.0357666015625,1.035888671875,derivative_excluded
1.03564453125,1.0357666015625,derivative_excluded
1.0355224609375,1.03564453125,derivative_excluded
1.035400390625,1.0355224609375,derivative_excluded
1.0352783203125,1.035400390625,derivative_excluded
1.03515625,1.0352783203125,derivative_excluded
1.0350341796875,1.03515625,derivative_excluded
1.034912109375,1.0350341796875,derivative_excluded
1.0347900390625,1.034912109375,derivative_excluded
1.03466796875,1.0347900390625,derivative_excluded
1.0345458984375,1.03466796875,derivative_excluded
1.034423828125,1.0345458984375,derivative_excluded
1.0343017578125,1.034423828125,derivative_excluded
1.0341796875,1.0343017578125,derivative_excluded
1.0340576171875,1.0341796875,derivative_excluded
1.033935546875,1.0340576171875,derivative_excluded
1.0338134765625,1.033935546875,derivative_excluded
1.03369140625,1.0338134765625,derivative_excluded
1.0335693359375,1.03369140625,derivative_excluded
1.033447265625,1.0335693359375,derivative_excluded
1.0333251953125,1.033447265625,derivative_excluded
1.033203125,1.0333251953125,derivative_excluded
1.0330810546875,1.033203125,derivative_excluded
1.032958984375,1.0330810546875,derivative_excluded
1.0328369140625,1.032958984375,derivative_excluded
1.03271484375,1.0328369140625,derivative_excluded
1.0325927734375,1.03271484375,derivative_excluded
1.032470703125,1.0325927734375,derivative_excluded
1.0323486328125,1.032470703125,derivative_excluded
1.0322265625,1.0323486328125,derivative_excluded
1.0321044921875,1.0322265625,derivative_excluded
1.031982421875,1.0321044921875,derivative_excluded
1.0318603515625,1.031982421875,derivative_excluded
1.03173828125,1.0318603515625,derivative_excluded
1.0316162109375,1.03173828125,derivative_excluded
1.031494140625,1.0316162109375,derivative_excluded
1.0313720703125,1.031494140625,derivative_excluded
1.03125,1.0313720703125,derivative_excluded
1.0311279296875,1.03125,derivative_excluded
1.031005859375,1.0311279296875,derivative_excluded
1.0308837890625,1.031005859375,derivative_excluded
1.03076171875,1.0308837890625,derivative_excluded
1.0306396484375,1.03076171875,derivative_excluded
1.030517578125,1.0306396484375,derivative_excluded
1.0303955078125,1.030517578125,derivative_excluded
1.0302734375,1.0303955078125,derivative_excluded
1.0301513671875,1.0302734375,derivative_excluded
1.030029296875,1.0301513671875,derivative_excluded
1.0299072265625,1.030029296875,derivative_excluded
1.02978515625,1.0299072265625,derivative_excluded
1.0296630859375,1.02978515625,derivative_excluded
1.029541015625,1.0296630859375,derivative_excluded
1.0294189453125,1.029541015625,derivative_excluded
1.029296875,1.0294189453125,derivative_excluded
1.0291748046875,1.029296875,derivative_excluded
1.029052734375,1.0291748046875,derivative_excluded
1.0289306640625,1.029052734375,derivative_excluded
1.02880859375,1.0289306640625,derivative_excluded
1.0286865234375,1.02880859375,derivative_excluded
1.028564453125,1.0286865234375,derivative_excluded
1.0284423828125,1.028564453125,derivative_excluded
1.0283203125,1.0284423828125,derivative_excluded
1.0281982421875,1.0283203125,derivative_excluded
1.028076171875,1.0281982421875,derivative_excluded
1.0279541015625,1.028076171875,derivative_excluded
1.02783203125,1.0279541015625,derivative_excluded
1.02777099609375,1.02783203125,derivative_excluded
1.0277099609375,1.02777099609375,derivative_excluded
1.02764892578125,1.0277099609375,derivative_excluded
1.027587890625,1.02764892578125,derivative_excluded
1.02752685546875,1.027587890625,derivative_excluded
1.0274658203125,1.02752685546875,derivative_excluded
1.02740478515625,1.0274658203125,derivative_excluded
1.02734375,1.02740478515625,derivative_excluded
1.02728271484375,1.02734375,derivative_excluded
1.0272216796875,1.02728271484375,derivative_excluded
1.02716064453125,1.0272216796875,derivative_excluded
1.027099609375,1.02716064453125,derivative_excluded
1.02703857421875,1.027099609375,derivative_excluded
1.0269775390625,1.02703857421875,derivative_excluded
1.02691650390625,1.0269775390625,derivative_excluded
1.02685546875,1.02691650390625,derivative_excluded
1.02679443359375,1.02685546875,derivative_excluded
1.0267333984375,1.02679443359375,derivative_excluded
1.02667236328125,1.0267333984375,derivative_excluded
1.026611328125,1.02667236328125,derivative_excluded
1.02655029296875,1.026611328125,derivative_excluded
1.0264892578125,1.02655029296875,derivative_excluded
1.02642822265625,1.0264892578125,derivative_excluded
1.0263671875,1.02642822265625,derivative_excluded
1.02630615234375,1.0263671875,derivative_excluded
1.0262451171875,1.02630615234375,derivative_excluded
1.02618408203125,1.0262451171875,derivative_excluded
1.026123046875,1.02618408203125,derivative_excluded
1.02606201171875,1.026123046875,derivative_excluded
1.0260009765625,1.02606201171875,derivative_excluded
1.02593994140625,1.0260009765625,derivative_excluded
1.02587890625,1.02593994140625,derivative_excluded
1.02581787109375,1.02587890625,derivative_excluded
1.0257568359375,1.02581787109375,derivative_excluded
1.02569580078125,1.0257568359375,derivative_excluded
1.025634765625,1.02569580078125,derivative_excluded
1.02557373046875,1.025634765625,derivative_excluded
1.0255126953125,1.02557373046875,derivative_excluded
1.02545166015625,1.0255126953125,derivative_excluded
1.025390625,1.02545166015625,derivative_excluded
1.02532958984375,1.025390625,derivative_excluded
1.0252685546875,1.02532958984375,derivative_excluded
1.02520751953125,1.0252685546875,derivative_excluded
1.025146484375,1.02520751953125,derivative_excluded
1.02508544921875,1.025146484375,derivative_excluded
1.0250244140625,1.02508544921875,derivative_excluded
1.02496337890625,1.0250244140625,derivative_excluded
1.02490234375,1.02496337890625,derivative_excluded
1.02484130859375,1.02490234375,derivative_excluded
1.0247802734375,1.02484130859375,derivative_excluded
1.02471923828125,1.0247802734375,derivative_excluded
1.024658203125,1.02471923828125,derivative_excluded
1.02459716796875,1.024658203125,derivative_excluded
1.0245361328125,1.02459716796875,derivative_excluded
1.02447509765625,1.0245361328125,derivative_excluded
1.0244140625,1.02447509765625,derivative_excluded
1.02435302734375,1.0244140625,derivative_excluded
1.0242919921875,1.02435302734375,derivative_excluded
1.02423095703125,1.0242919921875,derivative_excluded
1.024169921875,1.02423095703125,derivative_excluded
1.02410888671875,1.024169921875,derivative_excluded
1.0240478515625,1.02410888671875,derivative_excluded
1.02398681640625,1.0240478515625,derivative_excluded
1.02392578125,1.02398681640625,derivative_excluded
1.02386474609375,1.02392578125,derivative_excluded
1.0238037109375,1.02386474609375,derivative_excluded
1.02374267578125,1.0238037109375,derivative_excluded
1.023681640625,1.02374267578125,derivative_excluded
1.02362060546875,1.023681640625,derivative_excluded
1.0235595703125,1.02362060546875,derivative_excluded
1.02349853515625,1.0235595703125,derivative_excluded
1.0234375,1.02349853515625,derivative_excluded
1.02337646484375,1.0234375,derivative_excluded
1.0233154296875,1.02337646484375,derivative_excluded
1.02325439453125,1.0233154296875,derivative_excluded
1.023193359375,1.02325439453125,derivative_excluded
1.02313232421875,1.023193359375,derivative_excluded
1.0230712890625,1.02313232421875,derivative_excluded
1.02301025390625,1.0230712890625,derivative_excluded
1.02294921875,1.02301025390625,derivative_excluded
1.02288818359375,1.02294921875,derivative_excluded
1.0228271484375,1.02288818359375,derivative_excluded
1.02276611328125,1.0228271484375,derivative_excluded
1.022705078125,1.02276611328125,derivative_excluded
1.02264404296875,1.022705078125,derivative_excluded
1.0225830078125,1.02264404296875,derivative_excluded
1.02252197265625,1.0225830078125,derivative_excluded
1.0224609375,1.02252197265625,derivative_excluded
1.02239990234375,1.0224609375,derivative_excluded
1.0223388671875,1.02239990234375,derivative_excluded
1.02227783203125,1.0223388671875,derivative_excluded
1.022216796875,1.02227783203125,derivative_excluded
1.02215576171875,1.022216796875,derivative_excluded
1.0220947265625,1.02215576171875,derivative_excluded
1.02203369140625,1.0220947265625,derivative_excluded
1.02197265625,1.02203369140625,derivative_excluded
1.02191162109375,1.02197265625,derivative_excluded
1.0218505859375,1.02191162109375,derivative_excluded
1.02178955078125,1.0218505859375,derivative_excluded
1.021728515625,1.02178955078125,derivative_excluded
1.02166748046875,1.021728515625,derivative_excluded
1.0216064453125,1.02166748046875,derivative_excluded
1.02154541015625,1.0216064453125,derivative_excluded
1.021484375,1.02154541015625,derivative_excluded
1.02142333984375,1.021484375,derivative_excluded
1.0213623046875,1.02142333984375,derivative_excluded
1.02130126953125,1.0213623046875,derivative_excluded
1.021240234375,1.02130126953125,derivative_excluded
1.02117919921875,1.021240234375,derivative_excluded
1.0211181640625,1.02117919921875,derivative_excluded
1.02105712890625,1.0211181640625,derivative_excluded
1.02099609375,1.02105712890625,derivative_excluded
1.02093505859375,1.02099609375,derivative_excluded
1.0208740234375,1.02093505859375,derivative_excluded
1.02081298828125,1.0208740234375,derivative_excluded
1.020751953125,1.02081298828125,derivative_excluded
1.02069091796875,1.020751953125,derivative_excluded
1.0206298828125,1.02069091796875,derivative_excluded
1.02056884765625,1.0206298828125,derivative_excluded
1.0205078125,1.02056884765625,derivative_excluded
1.02044677734375,1.0205078125,derivative_excluded
1.0203857421875,1.02044677734375,derivative_excluded
1.02032470703125,1.0203857421875,derivative_excluded
1.020263671875,1.02032470703125,derivative_excluded
1.02020263671875,1.020263671875,derivative_excluded
1.0201416015625,1.02020263671875,derivative_excluded
1.02008056640625,1.0201416015625,derivative_excluded
1.02001953125,1.02008056640625,derivative_excluded
1.01995849609375,1.02001953125,derivative_excluded
1.0198974609375,1.01995849609375,derivative_excluded
1.01983642578125,1.0198974609375,derivative_excluded
1.019775390625,1.01983642578125,derivative_excluded
1.01971435546875,1.019775390625,derivative_excluded
1.0196533203125,1.01971435546875,derivative_excluded
1.01959228515625,1.0196533203125,derivative_excluded
1.01953125,1.01959228515625,derivative_excluded
1.01947021484375,1.01953125,derivative_excluded
1.0194091796875,1.01947021484375,derivative_excluded
1.01934814453125,1.0194091796875,derivative_excluded
1.019287109375,1.01934814453125,derivative_excluded
1.01922607421875,1.019287109375,derivative_excluded
1.0191650390625,1.01922607421875,derivative_excluded
1.01910400390625,1.0191650390625,derivative_excluded
1.01904296875,1.01910400390625,derivative_excluded
1.01898193359375,1.01904296875,derivative_excluded
1.0189208984375,1.01898193359375,derivative_excluded
1.01885986328125,1.0189208984375,derivative_excluded
1.018798828125,1.01885986328125,derivative_excluded
1.01873779296875,1.018798828125,derivative_excluded
1.0186767578125,1.01873779296875,derivative_excluded
1.01861572265625,1.0186767578125,derivative_excluded
1.0185546875,1.01861572265625,derivative_excluded
1.01849365234375,1.0185546875,derivative_excluded
1.0184326171875,1.01849365234375,derivative_excluded
1.01837158203125,1.0184326171875,derivative_excluded
1.018310546875,1.01837158203125,derivative_excluded
1.01824951171875,1.018310546875,derivative_excluded
1.0181884765625,1.01824951171875,derivative_excluded
1.01812744140625,1.0181884765625,derivative_excluded
1.01806640625,1.01812744140625,derivative_excluded
1.01800537109375,1.01806640625,derivative_excluded
1.0179443359375,1.01800537109375,derivative_excluded
1.01788330078125,1.0179443359375,derivative_excluded
1.017822265625,1.01788330078125,derivative_excluded
1.01776123046875,1.017822265625,derivative_excluded
1.0177001953125,1.01776123046875,derivative_excluded
1.01763916015625,1.0177001953125,derivative_excluded
1.017578125,1.01763916015625,derivative_excluded
1.01751708984375,1.017578125,derivative_excluded
1.0174560546875,1.01751708984375,derivative_excluded
1.01739501953125,1.0174560546875,derivative_excluded
1.017333984375,1.01739501953125,derivative_excluded
1.01727294921875,1.017333984375,derivative_excluded
1.0172119140625,1.01727294921875,derivative_excluded
1.01715087890625,1.0172119140625,derivative_excluded
1.01708984375,1.01715087890625,derivative_excluded
1.01702880859375,1.01708984375,derivative_excluded
1.0169677734375,1.01702880859375,derivative_excluded
1.01690673828125,1.0169677734375,derivative_excluded
1.016845703125,1.01690673828125,derivative_excluded
1.01678466796875,1.016845703125,derivative_excluded
1.0167236328125,1.01678466796875,derivative_excluded
1.01666259765625,1.0167236328125,derivative_excluded
1.0166015625,1.01666259765625,derivative_excluded
1.01654052734375,1.0166015625,derivative_excluded
1.0164794921875,1.01654052734375,derivative_excluded
1.01641845703125,1.0164794921875,derivative_excluded
1.016357421875,1.01641845703125,derivative_excluded
1.01629638671875,1.016357421875,derivative_excluded
1.0162353515625,1.01629638671875,derivative_excluded
1.01617431640625,1.0162353515625,derivative_excluded
1.01611328125,1.01617431640625,derivative_excluded
1.01605224609375,1.01611328125,derivative_excluded
1.0159912109375,1.01605224609375,derivative_excluded
1.01593017578125,1.0159912109375,derivative_excluded
1.015869140625,1.01593017578125,derivative_excluded
1.01580810546875,1.015869140625,derivative_excluded
1.0157470703125,1.01580810546875,derivative_excluded
1.01568603515625,1.0157470703125,derivative_excluded
1.015625,1.01568603515625,derivative_excluded
1.01556396484375,1.015625,derivative_excluded
1.0155029296875,1.01556396484375,derivative_excluded
1.01544189453125,1.0155029296875,derivative_excluded
1.015380859375,1.01544189453125,derivative_excluded
1.01531982421875,1.015380859375,derivative_excluded
1.0152587890625,1.01531982421875,derivative_excluded
1.01519775390625,1.0152587890625,derivative_excluded
1.01513671875,1.01519775390625,derivative_excluded
1.01507568359375,1.01513671875,derivative_excluded
1.0150146484375,1.01507568359375,derivative_excluded
1.01495361328125,1.0150146484375,derivative_excluded
1.014892578125,1.01495361328125,derivative_excluded
1.01483154296875,1.014892578125,derivative_excluded
1.0147705078125,1.01483154296875,derivative_excluded
1.01470947265625,1.0147705078125,derivative_excluded
1.0146484375,1.01470947265625,derivative_excluded
1.01458740234375,1.0146484375,derivative_excluded
1.0145263671875,1.01458740234375,derivative_excluded
1.01446533203125,1.0145263671875,derivative_excluded
1.014404296875,1.01446533203125,derivative_excluded
1.01434326171875,1.014404296875,derivative_excluded
1.0142822265625,1.01434326171875,derivative_excluded
1.01422119140625,1.0142822265625,derivative_excluded
1.01416015625,1.01422119140625,derivative_excluded
1.01409912109375,1.01416015625,derivative_excluded
1.0140380859375,1.01409912109375,derivative_excluded
1.01397705078125,1.0140380859375,derivative_excluded
1.013916015625,1.01397705078125,derivative_excluded
1.01385498046875,1.013916015625,derivative_excluded
1.0137939453125,1.01385498046875,derivative_excluded
1.01373291015625,1.0137939453125,derivative_excluded
1.013671875,1.01373291015625,derivative_excluded
1.01361083984375,1.013671875,derivative_excluded
1.0135498046875,1.01361083984375,derivative_excluded
1.01348876953125,1.0135498046875,derivative_excluded
1.013427734375,1.01348876953125,derivative_excluded
1.01336669921875,1.013427734375,derivative_excluded
1.0133056640625,1.01336669921875,derivative_excluded
1.01324462890625,1.0133056640625,derivative_excluded
1.01318359375,1.01324462890625,derivative_excluded
1.01312255859375,1.01318359375,derivative_excluded
1.0130615234375,1.01312255859375,derivative_excluded
1.01300048828125,1.0130615234375,derivative_excluded
1.012939453125,1.01300048828125,derivative_excluded
1.01287841796875,1.012939453125,derivative_excluded
1.0128173828125,1.01287841796875,derivative_excluded
1.01275634765625,1.0128173828125,derivative_excluded
1.0126953125,1.01275634765625,derivative_excluded
1.01263427734375,1.0126953125,derivative_excluded
1.0125732421875,1.01263427734375,derivative_excluded
1.01251220703125,1.0125732421875,derivative_excluded
1.012451171875,1.01251220703125,derivative_excluded
1.01239013671875,1.012451171875,derivative_excluded
1.0123291015625,1.01239013671875,derivative_excluded
1.01226806640625,1.0123291015625,derivative_excluded
1.01220703125,1.01226806640625,derivative_excluded
1.01214599609375,1.01220703125,derivative_excluded
1.0120849609375,1.01214599609375,derivative_excluded
1.01202392578125,1.0120849609375,derivative_excluded
1.011962890625,1.01202392578125,derivative_excluded
1.01190185546875,1.011962890625,derivative_excluded
1.0118408203125,1.01190185546875,derivative_excluded
1.01177978515625,1.0118408203125,derivative_excluded
1.01171875,1.01177978515625,derivative_excluded
1.01165771484375,1.01171875,derivative_excluded
1.0115966796875,1.01165771484375,derivative_excluded
1.01153564453125,1.0115966796875,derivative_excluded
1.011474609375,1.01153564453125,derivative_excluded
1.01141357421875,1.011474609375,derivative_excluded
1.0113525390625,1.01141357421875,derivative_excluded
1.01129150390625,1.0113525390625,derivative_excluded
1.01123046875,1.01129150390625,derivative_excluded
1.01116943359375,1.01123046875,derivative_excluded
1.0111083984375,1.01116943359375,derivative_excluded
1.01104736328125,1.0111083984375,derivative_excluded
1.010986328125,1.01104736328125,derivative_excluded
1.01092529296875,1.010986328125,derivative_excluded
1.0108642578125,1.01092529296875,derivative_excluded
1.01080322265625,1.0108642578125,derivative_excluded
1.0107421875,1.01080322265625,derivative_excluded
1.01068115234375,1.0107421875,derivative_excluded
1.0106201171875,1.01068115234375,derivative_excluded
1.01055908203125,1.0106201171875,derivative_excluded
1.010498046875,1.01055908203125,derivative_excluded
1.01043701171875,1.010498046875,derivative_excluded
1.0103759765625,1.01043701171875,derivative_excluded
1.01031494140625,1.0103759765625,derivative_excluded
1.01025390625,1.01031494140625,derivative_excluded
1.01019287109375,1.01025390625,derivative_excluded
1.0101318359375,1.01019287109375,derivative_excluded
1.01007080078125,1.0101318359375,derivative_excluded
1.010009765625,1.01007080078125,derivative_excluded
1.00994873046875,1.010009765625,derivative_excluded
1.0098876953125,1.00994873046875,derivative_excluded
1.00982666015625,1.0098876953125,derivative_excluded
1.009765625,1.00982666015625,derivative_excluded
1.00970458984375,1.009765625,derivative_excluded
1.0096435546875,1.00970458984375,derivative_excluded
1.00958251953125,1.0096435546875,derivative_excluded
1.009521484375,1.00958251953125,derivative_excluded
1.00946044921875,1.009521484375,derivative_excluded
1.0093994140625,1.00946044921875,derivative_excluded
1.00933837890625,1.0093994140625,derivative_excluded
1.00927734375,1.00933837890625,derivative_excluded
1.00921630859375,1.00927734375,derivative_excluded
1.0091552734375,1.00921630859375,derivative_excluded
1.00909423828125,1.0091552734375,derivative_excluded
1.009033203125,1.00909423828125,derivative_excluded
1.00897216796875,1.009033203125,derivative_excluded
1.0089111328125,1.00897216796875,derivative_excluded
1.00885009765625,1.0089111328125,derivative_excluded
1.0087890625,1.00885009765625,derivative_excluded
1.00872802734375,1.0087890625,derivative_excluded
1.0086669921875,1.00872802734375,derivative_excluded
1.00860595703125,1.0086669921875,derivative_excluded
1.008544921875,1.00860595703125,derivative_excluded
1.00848388671875,1.008544921875,derivative_excluded
1.0084228515625,1.00848388671875,derivative_excluded
1.00836181640625,1.0084228515625,derivative_excluded
1.00830078125,1.00836181640625,derivative_excluded
1.00823974609375,1.00830078125,derivative_excluded
1.0081787109375,1.00823974609375,derivative_excluded
1.00811767578125,1.0081787109375,derivative_excluded
1.008056640625,1.00811767578125,derivative_excluded
1.00799560546875,1.008056640625,derivative_excluded
1.0079345703125,1.00799560546875,derivative_excluded
1.00787353515625,1.0079345703125,derivative_excluded
1.0078125,1.00787353515625,derivative_excluded
1.00775146484375,1.0078125,derivative_excluded
1.0076904296875,1.00775146484375,derivative_excluded
1.00762939453125,1.0076904296875,derivative_excluded
1.007568359375,1.00762939453125,derivative_excluded
1.00750732421875,1.007568359375,derivative_excluded
1.0074462890625,1.00750732421875,derivative_excluded
1.00738525390625,1.0074462890625,derivative_excluded
1.00732421875,1.00738525390625,derivative_excluded
1.00726318359375,1.00732421875,derivative_excluded
1.0072021484375,1.00726318359375,derivative_excluded
1.00714111328125,1.0072021484375,derivative_excluded
1.007080078125,1.00714111328125,derivative_excluded
1.00701904296875,1.007080078125,derivative_excluded
1.0069580078125,1.00701904296875,derivative_excluded
1.00689697265625,1.0069580078125,derivative_excluded
1.0068359375,1.00689697265625,derivative_excluded
1.00677490234375,1.0068359375,derivative_excluded
1.0067138671875,1.00677490234375,derivative_excluded
1.00665283203125,1.0067138671875,derivative_excluded
1.006591796875,1.00665283203125,derivative_excluded
1.00653076171875,1.006591796875,derivative_excluded
1.0064697265625,1.00653076171875,derivative_excluded
1.00640869140625,1.0064697265625,derivative_excluded
1.00634765625,1.00640869140625,derivative_excluded
1.00628662109375,1.00634765625,derivative_excluded
1.0062255859375,1.00628662109375,derivative_excluded
1.00616455078125,1.0062255859375,derivative_excluded
1.006103515625,1.00616455078125,derivative_excluded
1.00604248046875,1.006103515625,derivative_excluded
1.0059814453125,1.00604248046875,derivative_excluded
1.00592041015625,1.0059814453125,derivative_excluded
1.005859375,1.00592041015625,derivative_excluded
1.00579833984375,1.005859375,derivative_excluded
1.0057373046875,1.00579833984375,derivative_excluded
1.00567626953125,1.0057373046875,derivative_excluded
1.005615234375,1.00567626953125,derivative_excluded
1.00555419921875,1.005615234375,derivative_excluded
1.0054931640625,1.00555419921875,derivative_excluded
1.00543212890625,1.0054931640625,derivative_excluded
1.00537109375,1.00543212890625,derivative_excluded
1.00531005859375,1.00537109375,derivative_excluded
1.0052490234375,1.00531005859375,derivative_excluded
1.00518798828125,1.0052490234375,derivative_excluded
1.005126953125,1.00518798828125,derivative_excluded
1.00506591796875,1.005126953125,derivative_excluded
1.0050048828125,1.00506591796875,derivative_excluded
1.00494384765625,1.0050048828125,derivative_excluded
1.0048828125,1.00494384765625,derivative_excluded
1.00482177734375,1.0048828125,derivative_excluded
1.0047607421875,1.00482177734375,derivative_excluded
1.00469970703125,1.0047607421875,derivative_excluded
1.004638671875,1.00469970703125,derivative_excluded
1.00457763671875,1.004638671875,derivative_excluded
1.0045166015625,1.00457763671875,derivative_excluded
1.00445556640625,1.0045166015625,derivative_excluded
1.00439453125,1.00445556640625,derivative_excluded
1.00433349609375,1.00439453125,derivative_excluded
1.0042724609375,1.00433349609375,derivative_excluded
1.00421142578125,1.0042724609375,derivative_excluded
1.004150390625,1.00421142578125,derivative_excluded
1.00408935546875,1.004150390625,derivative_excluded
1.0040283203125,1.00408935546875,derivative_excluded
1.00396728515625,1.0040283203125,derivative_excluded
1.00390625,1.00396728515625,derivative_excluded
1.00384521484375,1.00390625,derivative_excluded
1.0037841796875,1.00384521484375,derivative_excluded
1.00372314453125,1.0037841796875,derivative_excluded
1.003662109375,1.00372314453125,derivative_excluded
1.00360107421875,1.003662109375,derivative_excluded
1.0035400390625,1.00360107421875,derivative_excluded
1.00347900390625,1.0035400390625,derivative_excluded
1.00341796875,1.00347900390625,derivative_excluded
1.00335693359375,1.00341796875,derivative_excluded
1.0032958984375,1.00335693359375,derivative_excluded
1.00323486328125,1.0032958984375,derivative_excluded
1.003173828125,1.00323486328125,derivative_excluded
1.00311279296875,1.003173828125,derivative_excluded
1.0030517578125,1.00311279296875,derivative_excluded
1.00299072265625,1.0030517578125,derivative_excluded
1.0029296875,1.00299072265625,derivative_excluded
1.00286865234375,1.0029296875,derivative_excluded
1.0028076171875,1.00286865234375,derivative_excluded
1.00274658203125,1.0028076171875,derivative_excluded
1.002685546875,1.00274658203125,derivative_excluded
1.00262451171875,1.002685546875,derivative_excluded
1.0025634765625,1.00262451171875,derivative_excluded
1.00250244140625,1.0025634765625,derivative_excluded
1.00244140625,1.00250244140625,derivative_excluded
1.00238037109375,1.00244140625,derivative_excluded
1.0023193359375,1.00238037109375,derivative_excluded
1.00225830078125,1.0023193359375,derivative_excluded
1.002197265625,1.00225830078125,derivative_excluded
1.00213623046875,1.002197265625,derivative_excluded
1.0020751953125,1.00213623046875,derivative_excluded
1.00201416015625,1.0020751953125,derivative_excluded
1.001953125,1.00201416015625,derivative_excluded
1.00189208984375,1.001953125,derivative_excluded
1.0018310546875,1.00189208984375,derivative_excluded
1.00177001953125,1.0018310546875,derivative_excluded
1.001708984375,1.00177001953125,derivative_excluded
1.00164794921875,1.001708984375,derivative_excluded
1.0015869140625,1.00164794921875,derivative_excluded
1.00152587890625,1.0015869140625,derivative_excluded
1.00146484375,1.00152587890625,derivative_excluded
1.00140380859375,1.00146484375,derivative_excluded
1.0013427734375,1.00140380859375,derivative_excluded
1.00128173828125,1.0013427734375,derivative_excluded
1.001220703125,1.00128173828125,derivative_excluded
1.00115966796875,1.001220703125,derivative_excluded
1.0010986328125,1.00115966796875,derivative_excluded
1.00103759765625,1.0010986328125,derivative_excluded
1.0009765625,1.00103759765625,derivative_excluded
1.00091552734375,1.0009765625,derivative_excluded
1.0008544921875,1.00091552734375,derivative_excluded
1.00079345703125,1.0008544921875,derivative_excluded
1.000732421875,1.00079345703125,derivative_excluded
1.00067138671875,1.000732421875,derivative_excluded
1.0006103515625,1.00067138671875,derivative_excluded
1.00054931640625,1.0006103515625,derivative_excluded
1.00048828125,1.00054931640625,derivative_excluded
1.00042724609375,1.00048828125,derivative_excluded
1.0003662109375,1.00042724609375,derivative_excluded
1.00030517578125,1.0003662109375,derivative_excluded
1.000244140625,1.00030517578125,derivative_excluded
1.00018310546875,1.000244140625,derivative_excluded
1.0001220703125,1.00018310546875,derivative_excluded
1.00006103515625,1.0001220703125,derivative_excluded
1.0,1.00006103515625,derivative_excluded
0.75,1.0,derivative_excluded
0.5,0.75,derivative_excluded
0.25,0.5,derivative_excluded
0.0,0.25,derivative_excluded
-0.25,0.0,derivative_excluded
-0.5,-0.25,derivative_excluded
-0.75,-0.5,derivative_excluded
-1.0,-0.75,derivative_excluded
-1.000030517578125,-1.0,derivative_excluded
-1.00006103515625,-1.000030517578125,derivative_excluded
-1.000091552734375,-1.00006103515625,derivative_excluded
-1.0001220703125,-1.000091552734375,derivative_excluded
-1.000152587890625,-1.0001220703125,derivative_excluded
-1.00018310546875,-1.000152587890625,derivative_excluded
-1.000213623046875,-1.00018310546875,derivative_excluded
-1.000244140625,-1.000213623046875,derivative_excluded
-1.000274658203125,-1.000244140625,derivative_excluded
-1.00030517578125,-1.000274658203125,derivative_excluded
-1.000335693359375,-1.00030517578125,derivative_excluded
-1.0003662109375,-1.000335693359375,derivative_excluded
-1.000396728515625,-1.0003662109375,derivative_excluded
-1.00042724609375,-1.000396728515625,derivative_excluded
-1.000457763671875,-1.00042724609375,derivative_excluded
-1.00048828125,-1.000457763671875,derivative_excluded
-1.000518798828125,-1.00048828125,derivative_excluded
-1.00054931640625,-1.000518798828125,derivative_excluded
-1.000579833984375,-1.00054931640625,derivative_excluded
-1.0006103515625,-1.000579833984375,derivative_excluded
-1.000640869140625,-1.0006103515625,derivative_excluded
-1.00067138671875,-1.000640869140625,derivative_excluded
-1.000701904296875,-1.00067138671875,derivative_excluded
-1.000732421875,-1.000701904296875,derivative_excluded
-1.000762939453125,-1.000732421875,derivative_excluded
-1.00079345703125,-1.000762939453125,derivative_excluded
-1.000823974609375,-1.00079345703125,derivative_excluded
-1.0008544921875,-1.000823974609375,derivative_excluded
-1.000885009765625,-1.0008544921875,derivative_excluded
-1.00091552734375,-1.000885009765625,derivative_excluded
-1.000946044921875,-1.00091552734375,derivative_excluded
-1.0009765625,-1.000946044921875,derivative_excluded
-1.001007080078125,-1.0009765625,derivative_excluded
-1.00103759765625,-1.001007080078125,derivative_excluded
-1.001068115234375,-1.00103759765625,derivative_excluded
-1.0010986328125,-1.001068115234375,derivative_excluded
-1.001129150390625,-1.0010986328125,derivative_excluded
-1.00115966796875,-1.001129150390625,derivative_excluded
-1.001190185546875,-1.00115966796875,derivative_excluded
-1.001220703125,-1.001190185546875,derivative_excluded
-1.001251220703125,-1.001220703125,derivative_excluded
-1.00128173828125,-1.001251220703125,derivative_excluded
-1.001312255859375,-1.00128173828125,derivative_excluded
-1.0013427734375,-1.001312255859375,derivative_excluded
-1.001373291015625,-1.0013427734375,derivative_excluded
-1.00140380859375,-1.001373291015625,derivative_excluded
-1.001434326171875,-1.00140380859375,derivative_excluded
-1.00146484375,-1.001434326171875,derivative_excluded
-1.001495361328125,-1.00146484375,derivative_excluded
-1.00152587890625,-1.001495361328125,derivative_excluded
-1.001556396484375,-1.00152587890625,derivative_excluded
-1.0015869140625,-1.001556396484375,derivative_excluded
-1.001617431640625,-1.0015869140625,derivative_excluded
-1.00164794921875,-1.001617431640625,derivative_excluded
-1.001678466796875,-1.00164794921875,derivative_excluded
-1.001708984375,-1.001678466796875,derivative_excluded
-1.001739501953125,-1.001708984375,derivative_excluded
-1.00177001953125,-1.001739501953125,derivative_excluded
-1.001800537109375,-1.00177001953125,derivative_excluded
-1.0018310546875,-1.001800537109375,derivative_excluded
-1.001861572265625,-1.0018310546875,derivative_excluded
-1.00189208984375,-1.001861572265625,derivative_excluded
-1.001922607421875,-1.00189208984375,derivative_excluded
-1.001953125,-1.001922607421875,derivative_excluded
-1.001983642578125,-1.001953125,derivative_excluded
-1.00201416015625,-1.001983642578125,derivative_excluded
-1.002044677734375,-1.00201416015625,derivative_excluded
-1.0020751953125,-1.002044677734375,derivative_excluded
-1.002105712890625,-1.0020751953125,derivative_excluded
-1.00213623046875,-1.002105712890625,derivative_excluded
-1.002166748046875,-1.00213623046875,derivative_excluded
-1.002197265625,-1.002166748046875,derivative_excluded
-1.002227783203125,-1.002197265625,derivative_excluded
-1.00225830078125,-1.002227783203125,derivative_excluded
-1.002288818359375,-1.00225830078125,derivative_excluded
-1.0023193359375,-1.002288818359375,derivative_excluded
-1.002349853515625,-1.0023193359375,derivative_excluded
-1.00238037109375,-1.002349853515625,derivative_excluded
-1.002410888671875,-1.00238037109375,derivative_excluded
-1.00244140625,-1.002410888671875,derivative_excluded
-1.002471923828125,-1.00244140625,derivative_excluded
-1.00250244140625,-1.002471923828125,derivative_excluded
-1.002532958984375,-1.00250244140625,derivative_excluded
-1.0025634765625,-1.002532958984375,derivative_excluded
-1.002593994140625,-1.0025634765625,derivative_excluded
-1.00262451171875,-1.002593994140625,derivative_excluded
-1.002655029296875,-1.00262451171875,derivative_excluded
-1.002685546875,-1.002655029296875,derivative_excluded
-1.002716064453125,-1.002685546875,derivative_excluded
-1.00274658203125,-1.002716064453125,derivative_excluded
-1.002777099609375,-1.00274658203125,derivative_excluded
-1.0028076171875,-1.002777099609375,derivative_excluded
-1.002838134765625,-1.0028076171875,derivative_excluded
-1.00286865234375,-1.002838134765625,derivative_excluded
-1.002899169921875,-1.00286865234375,derivative_excluded
-1.0029296875,-1.002899169921875,derivative_excluded
-1.002960205078125,-1.0029296875,derivative_excluded
-1.00299072265625,-1.002960205078125,derivative_excluded
-1.003021240234375,-1.00299072265625,derivative_excluded
-1.0030517578125,-1.003021240234375,derivative_excluded
-1.003082275390625,-1.0030517578125,derivative_excluded
-1.00311279296875,-1.003082275390625,derivative_excluded
-1.003143310546875,-1.00311279296875,derivative_excluded
-1.003173828125,-1.003143310546875,derivative_excluded
-1.003204345703125,-1.003173828125,derivative_excluded
-1.00323486328125,-1.003204345703125,derivative_excluded
-1.003265380859375,-1.00323486328125,derivative_excluded
-1.0032958984375,-1.003265380859375,derivative_excluded
-1.003326416015625,-1.0032958984375,derivative_excluded
-1.00335693359375,-1.003326416015625,derivative_excluded
-1.003387451171875,-1.00335693359375,derivative_excluded
-1.00341796875,-1.003387451171875,derivative_excluded
-1.003448486328125,-1.00341796875,derivative_excluded
-1.00347900390625,-1.003448486328125,derivative_excluded
-1.003509521484375,-1.00347900390625,derivative_excluded
-1.0035400390625,-1.003509521484375,derivative_excluded
-1.003570556640625,-1.0035400390625,derivative_excluded
-1.00360107421875,-1.003570556640625,derivative_excluded
-1.003631591796875,-1.00360107421875,derivative_excluded
-1.003662109375,-1.003631591796875,derivative_excluded
-1.003692626953125,-1.003662109375,derivative_excluded
-1.00372314453125,-1.003692626953125,derivative_excluded
-1.003753662109375,-1.00372314453125,derivative_excluded
-1.0037841796875,-1.003753662109375,derivative_excluded
-1.003814697265625,-1.0037841796875,derivative_excluded
-1.00384521484375,-1.003814697265625,derivative_excluded
-1.003875732421875,-1.00384521484375,derivative_excluded
-1.00390625,-1.003875732421875,derivative_excluded
-1.003936767578125,-1.00390625,derivative_excluded
-1.00396728515625,-1.003936767578125,derivative_excluded
-1.003997802734375,-1.00396728515625,derivative_excluded
-1.0040283203125,-1.003997802734375,derivative_excluded
-1.004058837890625,-1.0040283203125,derivative_excluded
-1.00408935546875,-1.004058837890625,derivative_excluded
-1.004119873046875,-1.00408935546875,derivative_excluded
-1.004150390625,-1.004119873046875,derivative_excluded
-1.004180908203125,-1.004150390625,derivative_excluded
-1.00421142578125,-1.004180908203125,derivative_excluded
-1.004241943359375,-1.00421142578125,derivative_excluded
-1.0042724609375,-1.004241943359375,derivative_excluded
-1.004302978515625,-1.0042724609375,derivative_excluded
-1.00433349609375,-1.004302978515625,derivative_excluded
-1.004364013671875,-1.00433349609375,derivative_excluded
-1.00439453125,-1.004364013671875,derivative_excluded
-1.004425048828125,-1.00439453125,derivative_excluded
-1.00445556640625,-1.004425048828125,derivative_excluded
-1.004486083984375,-1.00445556640625,derivative_excluded
-1.0045166015625,-1.004486083984375,derivative_excluded
-1.004547119140625,-1.0045166015625,derivative_excluded
-1.00457763671875,-1.004547119140625,derivative_excluded
-1.004608154296875,-1.00457763671875,derivative_excluded
-1.004638671875,-1.004608154296875,derivative_excluded
-1.004669189453125,-1.004638671875,derivative_excluded
-1.00469970703125,-1.004669189453125,derivative_excluded
-1.004730224609375,-1.00469970703125,derivative_excluded
-1.0047607421875,-1.004730224609375,derivative_excluded
-1.004791259765625,-1.0047607421875,derivative_excluded
-1.00482177734375,-1.004791259765625,derivative_excluded
-1.004852294921875,-1.00482177734375,derivative_excluded
-1.0048828125,-1.004852294921875,derivative_excluded
-1.004913330078125,-1.0048828125,derivative_excluded
-1.00494384765625,-1.004913330078125,derivative_excluded
-1.004974365234375,-1.00494384765625,derivative_excluded
-1.0050048828125,-1.004974365234375,derivative_excluded
-1.005035400390625,-1.0050048828125,derivative_excluded
-1.00506591796875,-1.005035400390625,derivative_excluded
-1.005096435546875,-1.00506591796875,derivative_excluded
-1.005126953125,-1.005096435546875,derivative_excluded
-1.005157470703125,-1.005126953125,derivative_excluded
-1.00518798828125,-1.005157470703125,derivative_excluded
-1.005218505859375,-1.00518798828125,derivative_excluded
-1.0052490234375,-1.005218505859375,derivative_excluded
-1.005279541015625,-1.0052490234375,derivative_excluded
-1.00531005859375,-1.005279541015625,derivative_excluded
-1.005340576171875,-1.00531005859375,derivative_excluded
-1.00537109375,-1.005340576171875,derivative_excluded
-1.005401611328125,-1.00537109375,derivative_excluded
-1.00543212890625,-1.005401611328125,derivative_excluded
-1.005462646484375,-1.00543212890625,derivative_excluded
-1.0054931640625,-1.005462646484375,derivative_excluded
-1.005523681640625,-1.0054931640625,derivative_excluded
-1.00555419921875,-1.005523681640625,derivative_excluded
-1.005584716796875,-1.00555419921875,derivative_excluded
-1.005615234375,-1.005584716796875,derivative_excluded
-1.005645751953125,-1.005615234375,derivative_excluded
-1.00567626953125,-1.005645751953125,derivative_excluded
-1.005706787109375,-1.00567626953125,derivative_excluded
-1.0057373046875,-1.005706787109375,derivative_excluded
-1.005767822265625,-1.0057373046875,derivative_excluded
-1.00579833984375,-1.005767822265625,derivative_excluded
-1.005828857421875,-1.00579833984375,derivative_excluded
-1.005859375,-1.005828857421875,derivative_excluded
-1.005889892578125,-1.005859375,derivative_excluded
-1.00592041015625,-1.005889892578125,derivative_excluded
-1.005950927734375,-1.00592041015625,derivative_excluded
-1.0059814453125,-1.005950927734375,derivative_excluded
-1.006011962890625,-1.0059814453125,derivative_excluded
-1.00604248046875,-1.006011962890625,derivative_excluded
-1.006072998046875,-1.00604248046875,derivative_excluded
-1.006103515625,-1.006072998046875,derivative_excluded
-1.006134033203125,-1.006103515625,derivative_excluded
-1.00616455078125,-1.006134033203125,derivative_excluded
-1.006195068359375,-1.00616455078125,derivative_excluded
-1.0062255859375,-1.006195068359375,derivative_excluded
-1.006256103515625,-1.0062255859375,derivative_excluded
-1.00628662109375,-1.006256103515625,derivative_excluded
-1.006317138671875,-1.00628662109375,derivative_excluded
-1.00634765625,-1.006317138671875,derivative_excluded
-1.006378173828125,-1.00634765625,derivative_excluded
-1.00640869140625,-1.006378173828125,derivative_excluded
-1.006439208984375,-1.00640869140625,derivative_excluded
-1.0064697265625,-1.006439208984375,derivative_excluded
-1.006500244140625,-1.0064697265625,derivative_excluded
-1.00653076171875,-1.006500244140625,derivative_excluded
-1.006561279296875,-1.00653076171875,derivative_excluded
-1.006591796875,-1.006561279296875,derivative_excluded
-1.006622314453125,-1.006591796875,derivative_excluded
-1.00665283203125,-1.006622314453125,derivative_excluded
-1.006683349609375,-1.00665283203125,derivative_excluded
-1.0067138671875,-1.006683349609375,derivative_excluded
-1.006744384765625,-1.0067138671875,derivative_excluded
-1.00677490234375,-1.006744384765625,derivative_excluded
-1.006805419921875,-1.00677490234375,derivative_excluded
-1.0068359375,-1.006805419921875,derivative_excluded
-1.006866455078125,-1.0068359375,derivative_excluded
-1.00689697265625,-1.006866455078125,derivative_excluded
-1.006927490234375,-1.00689697265625,derivative_excluded
-1.0069580078125,-1.006927490234375,derivative_excluded
-1.006988525390625,-1.0069580078125,derivative_excluded
-1.00701904296875,-1.006988525390625,derivative_excluded
-1.007049560546875,-1.00701904296875,derivative_excluded
-1.007080078125,-1.007049560546875,derivative_excluded
-1.007110595703125,-1.007080078125,derivative_excluded
-1.00714111328125,-1.007110595703125,derivative_excluded
-1.007171630859375,-1.00714111328125,derivative_excluded
-1.0072021484375,-1.007171630859375,derivative_excluded
-1.007232666015625,-1.0072021484375,derivative_excluded
-1.00726318359375,-1.007232666015625,derivative_excluded
-1.007293701171875,-1.00726318359375,derivative_excluded
-1.00732421875,-1.007293701171875,derivative_excluded
-1.007354736328125,-1.00732421875,derivative_excluded
-1.00738525390625,-1.007354736328125,derivative_excluded
-1.007415771484375,-1.00738525390625,derivative_excluded
-1.0074462890625,-1.007415771484375,derivative_excluded
-1.007476806640625,-1.0074462890625,derivative_excluded
-1.00750732421875,-1.007476806640625,derivative_excluded
-1.007537841796875,-1.00750732421875,derivative_excluded
-1.007568359375,-1.007537841796875,derivative_excluded
-1.007598876953125,-1.007568359375,derivative_excluded
-1.00762939453125,-1.007598876953125,derivative_excluded
-1.007659912109375,-1.00762939453125,derivative_excluded
-1.0076904296875,-1.007659912109375,derivative_excluded
-1.007720947265625,-1.0076904296875,derivative_excluded
-1.00775146484375,-1.007720947265625,derivative_excluded
-1.007781982421875,-1.00775146484375,derivative_excluded
-1.0078125,-1.007781982421875,derivative_excluded
-1.007843017578125,-1.0078125,derivative_excluded
-1.00787353515625,-1.007843017578125,derivative_excluded
-1.007904052734375,-1.00787353515625,derivative_excluded
-1.0079345703125,-1.007904052734375,derivative_excluded
-1.007965087890625,-1.0079345703125,derivative_excluded
-1.00799560546875,-1.007965087890625,derivative_excluded
-1.008026123046875,-1.00799560546875,derivative_excluded
-1.008056640625,-1.008026123046875,derivative_excluded
-1.008087158203125,-1.008056640625,derivative_excluded
-1.00811767578125,-1.008087158203125,derivative_excluded
-1.008148193359375,-1.00811767578125,derivative_excluded
-1.0081787109375,-1.008148193359375,derivative_excluded
-1.008209228515625,-1.0081787109375,derivative_excluded
-1.00823974609375,-1.008209228515625,derivative_excluded
-1.008270263671875,-1.00823974609375,derivative_excluded
-1.00830078125,-1.008270263671875,derivative_excluded
-1.008331298828125,-1.00830078125,derivative_excluded
-1.00836181640625,-1.008331298828125,derivative_excluded
-1.008392333984375,-1.00836181640625,derivative_excluded
-1.0084228515625,-1.008392333984375,derivative_excluded
-1.008453369140625,-1.0084228515625,derivative_excluded
-1.00848388671875,-1.008453369140625,derivative_excluded
-1.008514404296875,-1.00848388671875,derivative_excluded
-1.008544921875,-1.008514404296875,derivative_excluded
-1.008575439453125,-1.008544921875,derivative_excluded
-1.00860595703125,-1.008575439453125,derivative_excluded
-1.008636474609375,-1.00860595703125,derivative_excluded
-1.0086669921875,-1.008636474609375,derivative_excluded
-1.008697509765625,-1.0086669921875,derivative_excluded
-1.00872802734375,-1.008697509765625,derivative_excluded
-1.008758544921875,-1.00872802734375,derivative_excluded
-1.0087890625,-1.008758544921875,derivative_excluded
-1.008819580078125,-1.0087890625,derivative_excluded
-1.00885009765625,-1.008819580078125,derivative_excluded
-1.008880615234375,-1.00885009765625,derivative_excluded
-1.0089111328125,-1.008880615234375,derivative_excluded
-1.008941650390625,-1.0089111328125,derivative_excluded
-1.00897216796875,-1.008941650390625,derivative_excluded
-1.009002685546875,-1.00897216796875,derivative_excluded
-1.009033203125,-1.009002685546875,derivative_excluded
-1.009063720703125,-1.009033203125,derivative_excluded
-1.00909423828125,-1.009063720703125,derivative_excluded
-1.009124755859375,-1.00909423828125,derivative_excluded
-1.0091552734375,-1.009124755859375,derivative_excluded
-1.009185791015625,-1.0091552734375,derivative_excluded
-1.00921630859375,-1.009185791015625,derivative_excluded
-1.009246826171875,-1.00921630859375,derivative_excluded
-1.00927734375,-1.009246826171875,derivative_excluded
-1.009307861328125,-1.00927734375,derivative_excluded
-1.00933837890625,-1.009307861328125,derivative_excluded
-1.009368896484375,-1.00933837890625,derivative_excluded
-1.0093994140625,-1.009368896484375,derivative_excluded
-1.009429931640625,-1.0093994140625,derivative_excluded
-1.00946044921875,-1.009429931640625,derivative_excluded
-1.009490966796875,-1.00946044921875,derivative_excluded
-1.009521484375,-1.009490966796875,derivative_excluded
-1.009552001953125,-1.009521484375,derivative_excluded
-1.00958251953125,-1.009552001953125,derivative_excluded
-1.009613037109375,-1.00958251953125,derivative_excluded
-1.0096435546875,-1.009613037109375,derivative_excluded
-1.009674072265625,-1.0096435546875,derivative_excluded
-1.00970458984375,-1.009674072265625,derivative_excluded
-1.009735107421875,-1.00970458984375,derivative_excluded
-1.009765625,-1.009735107421875,derivative_excluded
-1.009796142578125,-1.009765625,derivative_excluded
-1.00982666015625,-1.009796142578125,derivative_excluded
-1.009857177734375,-1.00982666015625,derivative_excluded
-1.0098876953125,-1.009857177734375,derivative_excluded
-1.009918212890625,-1.0098876953125,derivative_excluded
-1.00994873046875,-1.009918212890625,derivative_excluded
-1.009979248046875,-1.00994873046875,derivative_excluded
-1.010009765625,-1.009979248046875,derivative_excluded
-1.010040283203125,-1.010009765625,derivative_excluded
-1.01007080078125,-1.010040283203125,derivative_excluded
-1.010101318359375,-1.01007080078125,derivative_excluded
-1.0101318359375,-1.010101318359375,derivative_excluded
-1.010162353515625,-1.0101318359375,derivative_excluded
-1.01019287109375,-1.010162353515625,derivative_excluded
-1.010223388671875,-1.01019287109375,derivative_excluded
-1.01025390625,-1.010223388671875,derivative_excluded
-1.010284423828125,-1.01025390625,derivative_excluded
-1.01031494140625,-1.010284423828125,derivative_excluded
-1.010345458984375,-1.01031494140625,derivative_excluded
-1.0103759765625,-1.010345458984375,derivative_excluded
-1.010406494140625,-1.0103759765625,derivative_excluded
-1.01043701171875,-1.010406494140625,derivative_excluded
-1.010467529296875,-1.01043701171875,derivative_excluded
-1.010498046875,-1.010467529296875,derivative_excluded
-1.010528564453125,-1.010498046875,derivative_excluded
-1.01055908203125,-1.010528564453125,derivative_excluded
-1.010589599609375,-1.01055908203125,derivative_excluded
-1.0106201171875,-1.010589599609375,derivative_excluded
-1.010650634765625,-1.0106201171875,derivative_excluded
-1.01068115234375,-1.010650634765625,derivative_excluded
-1.010711669921875,-1.01068115234375,derivative_excluded
-1.0107421875,-1.010711669921875,derivative_excluded
-1.010772705078125,-1.0107421875,derivative_excluded
-1.01080322265625,-1.010772705078125,derivative_excluded
-1.010833740234375,-1.01080322265625,derivative_excluded
-1.0108642578125,-1.010833740234375,derivative_excluded
-1.010894775390625,-1.0108642578125,derivative_excluded
-1.01092529296875,-1.010894775390625,derivative_excluded
-1.010955810546875,-1.01092529296875,derivative_excluded
-1.010986328125,-1.010955810546875,derivative_excluded
-1.011016845703125,-1.010986328125,derivative_excluded
-1.01104736328125,-1.011016845703125,derivative_excluded
-1.011077880859375,-1.01104736328125,derivative_excluded
-1.0111083984375,-1.011077880859375,derivative_excluded
-1.011138916015625,-1.0111083984375,derivative_excluded
-1.01116943359375,-1.011138916015625,derivative_excluded
-1.011199951171875,-1.01116943359375,derivative_excluded
-1.01123046875,-1.011199951171875,derivative_excluded
-1.011260986328125,-1.01123046875,derivative_excluded
-1.01129150390625,-1.011260986328125,derivative_excluded
-1.011322021484375,-1.01129150390625,derivative_excluded
-1.0113525390625,-1.011322021484375,derivative_excluded
-1.011383056640625,-1.0113525390625,derivative_excluded
-1.01141357421875,-1.011383056640625,derivative_excluded
-1.011444091796875,-1.01141357421875,derivative_excluded
-1.011474609375,-1.011444091796875,derivative_excluded
-1.011505126953125,-1.011474609375,derivative_excluded
-1.01153564453125,-1.011505126953125,derivative_excluded
-1.011566162109375,-1.01153564453125,derivative_excluded
-1.0115966796875,-1.011566162109375,derivative_excluded
-1.011627197265625,-1.0115966796875,derivative_excluded
-1.01165771484375,-1.011627197265625,derivative_excluded
-1.011688232421875,-1.01165771484375,derivative_excluded
-1.01171875,-1.011688232421875,derivative_excluded
-1.011749267578125,-1.01171875,derivative_excluded
-1.01177978515625,-1.011749267578125,derivative_excluded
-1.011810302734375,-1.01177978515625,derivative_excluded
-1.0118408203125,-1.011810302734375,derivative_excluded
-1.011871337890625,-1.0118408203125,derivative_excluded
-1.01190185546875,-1.011871337890625,derivative_excluded
-1.011932373046875,-1.01190185546875,derivative_excluded
-1.011962890625,-1.011932373046875,derivative_excluded
-1.011993408203125,-1.011962890625,derivative_excluded
-1.01202392578125,-1.011993408203125,derivative_excluded
-1.012054443359375,-1.01202392578125,derivative_excluded
-1.0120849609375,-1.012054443359375,derivative_excluded
-1.012115478515625,-1.0120849609375,derivative_excluded
-1.01214599609375,-1.012115478515625,derivative_excluded
-1.012176513671875,-1.01214599609375,derivative_excluded
-1.01220703125,-1.012176513671875,derivative_excluded
-1.012237548828125,-1.01220703125,derivative_excluded
-1.01226806640625,-1.012237548828125,derivative_excluded
-1.012298583984375,-1.01226806640625,derivative_excluded
-1.0123291015625,-1.012298583984375,derivative_excluded
-1.012359619140625,-1.0123291015625,derivative_excluded
-1.01239013671875,-1.012359619140625,derivative_excluded
-1.012420654296875,-1.01239013671875,derivative_excluded
-1.012451171875,-1.012420654296875,derivative_excluded
-1.012481689453125,-1.012451171875,derivative_excluded
-1.01251220703125,-1.012481689453125,derivative_excluded
-1.012542724609375,-1.01251220703125,derivative_excluded
-1.0125732421875,-1.012542724609375,derivative_excluded
-1.012603759765625,-1.0125732421875,derivative_excluded
-1.01263427734375,-1.012603759765625,derivative_excluded
-1.012664794921875,-1.01263427734375,derivative_excluded
-1.0126953125,-1.012664794921875,derivative_excluded
-1.012725830078125,-1.0126953125,derivative_excluded
-1.01275634765625,-1.012725830078125,derivative_excluded
-1.012786865234375,-1.01275634765625,derivative_excluded
-1.0128173828125,-1.012786865234375,derivative_excluded
-1.012847900390625,-1.0128173828125,derivative_excluded
-1.01287841796875,-1.012847900390625,derivative_excluded
-1.012908935546875,-1.01287841796875,derivative_excluded
-1.012939453125,-1.012908935546875,derivative_excluded
-1.012969970703125,-1.012939453125,derivative_excluded
-1.01300048828125,-1.012969970703125,derivative_excluded
-1.013031005859375,-1.01300048828125,derivative_excluded
-1.0130615234375,-1.013031005859375,derivative_excluded
-1.013092041015625,-1.0130615234375,derivative_excluded
-1.01312255859375,-1.013092041015625,derivative_excluded
-1.013153076171875,-1.01312255859375,derivative_excluded
-1.01318359375,-1.013153076171875,derivative_excluded
-1.013214111328125,-1.01318359375,derivative_excluded
-1.01324462890625,-1.013214111328125,derivative_excluded
-1.0133056640625,-1.01324462890625,derivative_excluded
-1.01336669921875,-1.0133056640625,derivative_excluded
-1.013427734375,-1.01336669921875,derivative_excluded
-1.01348876953125,-1.013427734375,derivative_excluded
-1.0135498046875,-1.01348876953125,derivative_excluded
-1.01361083984375,-1.0135498046875,derivative_excluded
-1.013671875,-1.01361083984375,derivative_excluded
-1.01373291015625,-1.013671875,derivative_excluded
-1.0137939453125,-1.01373291015625,derivative_excluded
-1.01385498046875,-1.0137939453125,derivative_excluded
-1.013916015625,-1.01385498046875,derivative_excluded
-1.01397705078125,-1.013916015625,derivative_excluded
-1.0140380859375,-1.01397705078125,derivative_excluded
-1.01409912109375,-1.0140380859375,derivative_excluded
-1.01416015625,-1.01409912109375,derivative_excluded
-1.01422119140625,-1.01416015625,derivative_excluded
-1.0142822265625,-1.01422119140625,derivative_excluded
-1.01434326171875,-1.0142822265625,derivative_excluded
-1.014404296875,-1.01434326171875,derivative_excluded
-1.01446533203125,-1.014404296875,derivative_excluded
-1.0145263671875,-1.01446533203125,derivative_excluded
-1.01458740234375,-1.0145263671875,derivative_excluded
-1.0146484375,-1.01458740234375,derivative_excluded
-1.01470947265625,-1.0146484375,derivative_excluded
-1.0147705078125,-1.01470947265625,derivative_excluded
-1.01483154296875,-1.0147705078125,derivative_excluded
-1.014892578125,-1.01483154296875,derivative_excluded
-1.01495361328125,-1.014892578125,derivative_excluded
-1.0150146484375,-1.01495361328125,derivative_excluded
-1.01507568359375,-1.0150146484375,derivative_excluded
-1.01513671875,-1.01507568359375,derivative_excluded
-1.01519775390625,-1.01513671875,derivative_excluded
-1.0152587890625,-1.01519775390625,derivative_excluded
-1.01531982421875,-1.0152587890625,derivative_excluded
-1.015380859375,-1.01531982421875,derivative_excluded
-1.01544189453125,-1.015380859375,derivative_excluded
-1.0155029296875,-1.01544189453125,derivative_excluded
-1.01556396484375,-1.0155029296875,derivative_excluded
-1.015625,-1.01556396484375,derivative_excluded
-1.01568603515625,-1.015625,derivative_excluded
-1.0157470703125,-1.01568603515625,derivative_excluded
-1.01580810546875,-1.0157470703125,derivative_excluded
-1.015869140625,-1.01580810546875,derivative_excluded
-1.01593017578125,-1.015869140625,derivative_excluded
-1.0159912109375,-1.01593017578125,derivative_excluded
-1.01605224609375,-1.0159912109375,derivative_excluded
-1.01611328125,-1.01605224609375,derivative_excluded
-1.01617431640625,-1.01611328125,derivative_excluded
-1.0162353515625,-1.01617431640625,derivative_excluded
-1.01629638671875,-1.0162353515625,derivative_excluded
-1.016357421875,-1.01629638671875,derivative_excluded
-1.01641845703125,-1.016357421875,derivative_excluded
-1.0164794921875,-1.01641845703125,derivative_excluded
-1.01654052734375,-1.0164794921875,derivative_excluded
-1.0166015625,-1.01654052734375,derivative_excluded
-1.01666259765625,-1.0166015625,derivative_excluded
-1.0167236328125,-1.01666259765625,derivative_excluded
-1.01678466796875,-1.0167236328125,derivative_excluded
-1.016845703125,-1.01678466796875,derivative_excluded
-1.01690673828125,-1.016845703125,derivative_excluded
-1.0169677734375,-1.01690673828125,derivative_excluded
-1.01702880859375,-1.0169677734375,derivative_excluded
-1.01708984375,-1.01702880859375,derivative_excluded
-1.01715087890625,-1.01708984375,derivative_excluded
-1.0172119140625,-1.01715087890625,derivative_excluded
-1.01727294921875,-1.0172119140625,derivative_excluded
-1.017333984375,-1.01727294921875,derivative_excluded
-1.01739501953125,-1.017333984375,derivative_excluded
-1.0174560546875,-1.01739501953125,derivative_excluded
-1.01751708984375,-1.0174560546875,derivative_excluded
-1.017578125,-1.01751708984375,derivative_excluded
-1.01763916015625,-1.017578125,derivative_excluded
-1.0177001953125,-1.01763916015625,derivative_excluded
-1.01776123046875,-1.0177001953125,derivative_excluded
-1.017822265625,-1.01776123046875,derivative_excluded
-1.01788330078125,-1.017822265625,derivative_excluded
-1.0179443359375,-1.01788330078125,derivative_excluded
-1.01800537109375,-1.0179443359375,derivative_excluded
-1.01806640625,-1.01800537109375,derivative_excluded
-1.01812744140625,-1.01806640625,derivative_excluded
-1.0181884765625,-1.01812744140625,derivative_excluded
-1.01824951171875,-1.0181884765625,derivative_excluded
-1.018310546875,-1.01824951171875,derivative_excluded
-1.01837158203125,-1.018310546875,derivative_excluded
-1.0184326171875,-1.01837158203125,derivative_excluded
-1.01849365234375,-1.0184326171875,derivative_excluded
-1.0185546875,-1.01849365234375,derivative_excluded
-1.01861572265625,-1.0185546875,derivative_excluded
-1.0186767578125,-1.01861572265625,derivative_excluded
-1.01873779296875,-1.0186767578125,derivative_excluded
-1.018798828125,-1.01873779296875,derivative_excluded
-1.01885986328125,-1.018798828125,derivative_excluded
-1.0189208984375,-1.01885986328125,derivative_excluded
-1.01898193359375,-1.0189208984375,derivative_excluded
-1.01904296875,-1.01898193359375,derivative_excluded
-1.01910400390625,-1.01904296875,derivative_excluded
-1.0191650390625,-1.01910400390625,derivative_excluded
-1.01922607421875,-1.0191650390625,derivative_excluded
-1.019287109375,-1.01922607421875,derivative_excluded
-1.01934814453125,-1.019287109375,derivative_excluded
-1.0194091796875,-1.01934814453125,derivative_excluded
-1.01947021484375,-1.0194091796875,derivative_excluded
-1.01953125,-1.01947021484375,derivative_excluded
-1.01959228515625,-1.01953125,derivative_excluded
-1.0196533203125,-1.01959228515625,derivative_excluded
-1.01971435546875,-1.0196533203125,derivative_excluded
-1.019775390625,-1.01971435546875,derivative_excluded
-1.01983642578125,-1.019775390625,derivative_excluded
-1.0198974609375,-1.01983642578125,derivative_excluded
-1.01995849609375,-1.0198974609375,derivative_excluded
-1.02001953125,-1.01995849609375,derivative_excluded
-1.02008056640625,-1.02001953125,derivative_excluded
-1.0201416015625,-1.02008056640625,derivative_excluded
-1.02020263671875,-1.0201416015625,derivative_excluded
-1.020263671875,-1.02020263671875,derivative_excluded
-1.02032470703125,-1.020263671875,derivative_excluded
-1.0203857421875,-1.02032470703125,derivative_excluded
-1.02044677734375,-1.0203857421875,derivative_excluded
-1.0205078125,-1.02044677734375,derivative_excluded
-1.02056884765625,-1.0205078125,derivative_excluded
-1.0206298828125,-1.02056884765625,derivative_excluded
-1.02069091796875,-1.0206298828125,derivative_excluded
-1.020751953125,-1.02069091796875,derivative_excluded
-1.02081298828125,-1.020751953125,derivative_excluded
-1.0208740234375,-1.02081298828125,derivative_excluded
-1.02093505859375,-1.0208740234375,derivative_excluded
-1.02099609375,-1.02093505859375,derivative_excluded
-1.02105712890625,-1.02099609375,derivative_excluded
-1.0211181640625,-1.02105712890625,derivative_excluded
-1.02117919921875,-1.0211181640625,derivative_excluded
-1.021240234375,-1.02117919921875,derivative_excluded
-1.02130126953125,-1.021240234375,derivative_excluded
-1.0213623046875,-1.02130126953125,derivative_excluded
-1.02142333984375,-1.0213623046875,derivative_excluded
-1.021484375,-1.02142333984375,derivative_excluded
-1.02154541015625,-1.021484375,derivative_excluded
-1.0216064453125,-1.02154541015625,derivative_excluded
-1.02166748046875,-1.0216064453125,derivative_excluded
-1.021728515625,-1.02166748046875,derivative_excluded
-1.02178955078125,-1.021728515625,derivative_excluded
-1.0218505859375,-1.02178955078125,derivative_excluded
-1.02191162109375,-1.0218505859375,derivative_excluded
-1.02197265625,-1.02191162109375,derivative_excluded
-1.02203369140625,-1.02197265625,derivative_excluded
-1.0220947265625,-1.02203369140625,derivative_excluded
-1.02215576171875,-1.0220947265625,derivative_excluded
-1.022216796875,-1.02215576171875,derivative_excluded
-1.02227783203125,-1.022216796875,derivative_excluded
-1.0223388671875,-1.02227783203125,derivative_excluded
-1.02239990234375,-1.0223388671875,derivative_excluded
-1.0224609375,-1.02239990234375,derivative_excluded
-1.02252197265625,-1.0224609375,derivative_excluded
-1.0225830078125,-1.02252197265625,derivative_excluded
-1.02264404296875,-1.0225830078125,derivative_excluded
-1.022705078125,-1.02264404296875,derivative_excluded
-1.02276611328125,-1.022705078125,derivative_excluded
-1.0228271484375,-1.02276611328125,derivative_excluded
-1.02288818359375,-1.0228271484375,derivative_excluded
-1.02294921875,-1.02288818359375,derivative_excluded
-1.02301025390625,-1.02294921875,derivative_excluded
-1.0230712890625,-1.02301025390625,derivative_excluded
-1.02313232421875,-1.0230712890625,derivative_excluded
-1.023193359375,-1.02313232421875,derivative_excluded
-1.02325439453125,-1.023193359375,derivative_excluded
-1.0233154296875,-1.02325439453125,derivative_excluded
-1.02337646484375,-1.0233154296875,derivative_excluded
-1.0234375,-1.02337646484375,derivative_excluded
-1.02349853515625,-1.0234375,derivative_excluded
-1.0235595703125,-1.02349853515625,derivative_excluded
-1.02362060546875,-1.0235595703125,derivative_excluded
-1.023681640625,-1.02362060546875,derivative_excluded
-1.02374267578125,-1.023681640625,derivative_excluded
-1.0238037109375,-1.02374267578125,derivative_excluded
-1.02386474609375,-1.0238037109375,derivative_excluded
-1.02392578125,-1.02386474609375,derivative_excluded
-1.02398681640625,-1.02392578125,derivative_excluded
-1.0240478515625,-1.02398681640625,derivative_excluded
-1.02410888671875,-1.0240478515625,derivative_excluded
-1.024169921875,-1.02410888671875,derivative_excluded
-1.02423095703125,-1.024169921875,derivative_excluded
-1.0242919921875,-1.02423095703125,derivative_excluded
-1.02435302734375,-1.0242919921875,derivative_excluded
-1.0244140625,-1.02435302734375,derivative_excluded
-1.02447509765625,-1.0244140625,derivative_excluded
-1.0245361328125,-1.02447509765625,derivative_excluded
-1.02459716796875,-1.0245361328125,derivative_excluded
-1.024658203125,-1.02459716796875,derivative_excluded
-1.02471923828125,-1.024658203125,derivative_excluded
-1.0247802734375,-1.02471923828125,derivative_excluded
-1.02484130859375,-1.0247802734375,derivative_excluded
-1.02490234375,-1.02484130859375,derivative_excluded
-1.02496337890625,-1.02490234375,derivative_excluded
-1.0250244140625,-1.02496337890625,derivative_excluded
-1.02508544921875,-1.0250244140625,derivative_excluded
-1.025146484375,-1.02508544921875,derivative_excluded
-1.02520751953125,-1.025146484375,derivative_excluded
-1.0252685546875,-1.02520751953125,derivative_excluded
-1.02532958984375,-1.0252685546875,derivative_excluded
-1.025390625,-1.02532958984375,derivative_excluded
-1.02545166015625,-1.025390625,derivative_excluded
-1.0255126953125,-1.02545166015625,derivative_excluded
-1.02557373046875,-1.0255126953125,derivative_excluded
-1.025634765625,-1.02557373046875,derivative_excluded
-1.02569580078125,-1.025634765625,derivative_excluded
-1.0257568359375,-1.02569580078125,derivative_excluded
-1.02581787109375,-1.0257568359375,derivative_excluded
-1.02587890625,-1.02581787109375,derivative_excluded
-1.02593994140625,-1.02587890625,derivative_excluded
-1.0260009765625,-1.02593994140625,derivative_excluded
-1.02606201171875,-1.0260009765625,derivative_excluded
-1.026123046875,-1.02606201171875,derivative_excluded
-1.02618408203125,-1.026123046875,derivative_excluded
-1.0262451171875,-1.02618408203125,derivative_excluded
-1.02630615234375,-1.0262451171875,derivative_excluded
-1.0263671875,-1.02630615234375,derivative_excluded
-1.02642822265625,-1.0263671875,derivative_excluded
-1.0264892578125,-1.02642822265625,derivative_excluded
-1.02655029296875,-1.0264892578125,derivative_excluded
-1.026611328125,-1.02655029296875,derivative_excluded
-1.02667236328125,-1.026611328125,derivative_excluded
-1.0267333984375,-1.02667236328125,derivative_excluded
-1.02679443359375,-1.0267333984375,derivative_excluded
-1.02685546875,-1.02679443359375,derivative_excluded
-1.02691650390625,-1.02685546875,derivative_excluded
-1.0269775390625,-1.02691650390625,derivative_excluded
-1.02703857421875,-1.0269775390625,derivative_excluded
-1.027099609375,-1.02703857421875,derivative_excluded
-1.02716064453125,-1.027099609375,derivative_excluded
-1.0272216796875,-1.02716064453125,derivative_excluded
-1.02728271484375,-1.0272216796875,derivative_excluded
-1.02734375,-1.02728271484375,derivative_excluded
-1.02740478515625,-1.02734375,derivative_excluded
-1.0274658203125,-1.02740478515625,derivative_excluded
-1.02752685546875,-1.0274658203125,derivative_excluded
-1.027587890625,-1.02752685546875,derivative_excluded
-1.02764892578125,-1.027587890625,derivative_excluded
-1.0277099609375,-1.02764892578125,derivative_excluded
-1.02777099609375,-1.0277099609375,derivative_excluded
-1.02783203125,-1.02777099609375,derivative_excluded
-1.02789306640625,-1.02783203125,derivative_excluded
-1.0279541015625,-1.02789306640625,derivative_excluded
-1.02801513671875,-1.0279541015625,derivative_excluded
-1.028076171875,-1.02801513671875,derivative_excluded
-1.02813720703125,-1.028076171875,derivative_excluded
-1.0281982421875,-1.02813720703125,derivative_excluded
-1.02825927734375,-1.0281982421875,derivative_excluded
-1.0283203125,-1.02825927734375,derivative_excluded
-1.02838134765625,-1.0283203125,derivative_excluded
-1.0284423828125,-1.02838134765625,derivative_excluded
-1.02850341796875,-1.0284423828125,derivative_excluded
-1.028564453125,-1.02850341796875,derivative_excluded
-1.02862548828125,-1.028564453125,derivative_excluded
-1.0286865234375,-1.02862548828125,derivative_excluded
-1.02874755859375,-1.0286865234375,derivative_excluded
-1.02880859375,-1.02874755859375,derivative_excluded
-1.02886962890625,-1.02880859375,derivative_excluded
-1.0289306640625,-1.02886962890625,derivative_excluded
-1.02899169921875,-1.0289306640625,derivative_excluded
-1.029052734375,-1.02899169921875,derivative_excluded
-1.02911376953125,-1.029052734375,derivative_excluded
-1.0291748046875,-1.02911376953125,derivative_excluded
-1.02923583984375,-1.0291748046875,derivative_excluded
-1.029296875,-1.02923583984375,derivative_excluded
-1.02935791015625,-1.029296875,derivative_excluded
-1.0294189453125,-1.02935791015625,derivative_excluded
-1.02947998046875,-1.0294189453125,derivative_excluded
-1.029541015625,-1.02947998046875,derivative_excluded
-1.02960205078125,-1.029541015625,derivative_excluded
-1.0296630859375,-1.02960205078125,derivative_excluded
-1.02972412109375,-1.0296630859375,derivative_excluded
-1.02978515625,-1.02972412109375,derivative_excluded
-1.02984619140625,-1.02978515625,derivative_excluded
-1.0299072265625,-1.02984619140625,derivative_excluded
-1.02996826171875,-1.0299072265625,derivative_excluded
-1.030029296875,-1.02996826171875,derivative_excluded
-1.03009033203125,-1.030029296875,derivative_excluded
-1.0301513671875,-1.03009033203125,derivative_excluded
-1.03021240234375,-1.0301513671875,derivative_excluded
-1.0302734375,-1.03021240234375,derivative_excluded
-1.03033447265625,-1.0302734375,derivative_excluded
-1.0303955078125,-1.03033447265625,derivative_excluded
-1.03045654296875,-1.0303955078125,derivative_excluded
-1.030517578125,-1.03045654296875,derivative_excluded
-1.03057861328125,-1.030517578125,derivative_excluded
-1.0306396484375,-1.03057861328125,derivative_excluded
-1.03070068359375,-1.0306396484375,derivative_excluded
-1.03076171875,-1.03070068359375,derivative_excluded
-1.03082275390625,-1.03076171875,derivative_excluded
-1.0308837890625,-1.03082275390625,derivative_excluded
-1.03094482421875,-1.0308837890625,derivative_excluded
-1.031005859375,-1.03094482421875,derivative_excluded
-1.03106689453125,-1.031005859375,derivative_excluded
-1.0311279296875,-1.03106689453125,derivative_excluded
-1.03118896484375,-1.0311279296875,derivative_excluded
-1.03125,-1.03118896484375,derivative_excluded
-1.03131103515625,-1.03125,derivative_excluded
-1.0313720703125,-1.03131103515625,derivative_excluded
-1.03143310546875,-1.0313720703125,derivative_excluded
-1.031494140625,-1.03143310546875,derivative_excluded
-1.03155517578125,-1.031494140625,derivative_excluded
-1.0316162109375,-1.03155517578125,derivative_excluded
-1.03167724609375,-1.0316162109375,derivative_excluded
-1.03173828125,-1.03167724609375,derivative_excluded
-1.03179931640625,-1.03173828125,derivative_excluded
-1.0318603515625,-1.03179931640625,derivative_excluded
-1.03192138671875,-1.0318603515625,derivative_excluded
-1.031982421875,-1.03192138671875,derivative_excluded
-1.03204345703125,-1.031982421875,derivative_excluded
-1.0321044921875,-1.03204345703125,derivative_excluded
-1.03216552734375,-1.0321044921875,derivative_excluded
-1.0322265625,-1.03216552734375,derivative_excluded
-1.03228759765625,-1.0322265625,derivative_excluded
-1.0323486328125,-1.03228759765625,derivative_excluded
-1.03240966796875,-1.0323486328125,derivative_excluded
-1.032470703125,-1.03240966796875,derivative_excluded
-1.03253173828125,-1.032470703125,derivative_excluded
-1.0325927734375,-1.03253173828125,derivative_excluded
-1.03265380859375,-1.0325927734375,derivative_excluded
-1.03271484375,-1.03265380859375,derivative_excluded
-1.03277587890625,-1.03271484375,derivative_excluded
-1.0328369140625,-1.03277587890625,derivative_excluded
-1.03289794921875,-1.0328369140625,derivative_excluded
-1.032958984375,-1.03289794921875,derivative_excluded
-1.03302001953125,-1.032958984375,derivative_excluded
-1.0330810546875,-1.03302001953125,derivative_excluded
-1.03314208984375,-1.0330810546875,derivative_excluded
-1.033203125,-1.03314208984375,derivative_excluded
-1.03326416015625,-1.033203125,derivative_excluded
-1.0333251953125,-1.03326416015625,derivative_excluded
-1.03338623046875,-1.0333251953125,derivative_excluded
-1.033447265625,-1.03338623046875,derivative_excluded
-1.03350830078125,-1.033447265625,derivative_excluded
-1.0335693359375,-1.03350830078125,derivative_excluded
-1.03363037109375,-1.0335693359375,derivative_excluded
-1.03369140625,-1.03363037109375,derivative_excluded
-1.03375244140625,-1.03369140625,derivative_excluded
-1.0338134765625,-1.03375244140625,derivative_excluded
-1.03387451171875,-1.0338134765625,derivative_excluded
-1.033935546875,-1.03387451171875,derivative_excluded
-1.03399658203125,-1.033935546875,derivative_excluded
-1.0340576171875,-1.03399658203125,derivative_excluded
-1.03411865234375,-1.0340576171875,derivative_excluded
-1.0341796875,-1.03411865234375,derivative_excluded
-1.03424072265625,-1.0341796875,derivative_excluded
-1.0343017578125,-1.03424072265625,derivative_excluded
-1.03436279296875,-1.0343017578125,derivative_excluded
-1.034423828125,-1.03436279296875,derivative_excluded
-1.03448486328125,-1.034423828125,derivative_excluded
-1.0345458984375,-1.03448486328125,derivative_excluded
-1.03460693359375,-1.0345458984375,derivative_excluded
-1.03466796875,-1.03460693359375,derivative_excluded
-1.03472900390625,-1.03466796875,derivative_excluded
-1.0347900390625,-1.03472900390625,derivative_excluded
-1.03485107421875,-1.0347900390625,derivative_excluded
-1.034912109375,-1.03485107421875,derivative_excluded
-1.03497314453125,-1.034912109375,derivative_excluded
-1.0350341796875,-1.03497314453125,derivative_excluded
-1.03509521484375,-1.0350341796875,derivative_excluded
-1.03515625,-1.03509521484375,derivative_excluded
-1.03521728515625,-1.03515625,derivative_excluded
-1.0352783203125,-1.03521728515625,derivative_excluded
-1.03533935546875,-1.0352783203125,derivative_excluded
-1.035400390625,-1.03533935546875,derivative_excluded
-1.03546142578125,-1.035400390625,derivative_excluded
-1.0355224609375,-1.03546142578125,derivative_excluded
-1.03558349609375,-1.0355224609375,derivative_excluded
-1.03564453125,-1.03558349609375,derivative_excluded
-1.03570556640625,-1.03564453125,derivative_excluded
-1.0357666015625,-1.03570556640625,derivative_excluded
-1.03582763671875,-1.0357666015625,derivative_excluded
-1.035888671875,-1.03582763671875,derivative_excluded
-1.03594970703125,-1.035888671875,derivative_excluded
-1.0360107421875,-1.03594970703125,derivative_excluded
-1.03607177734375,-1.0360107421875,derivative_excluded
-1.0361328125,-1.03607177734375,derivative_excluded
-1.03619384765625,-1.0361328125,derivative_excluded
-1.0362548828125,-1.03619384765625,derivative_excluded
-1.03631591796875,-1.0362548828125,derivative_excluded
-1.036376953125,-1.03631591796875,derivative_excluded
-1.03643798828125,-1.036376953125,derivative_excluded
-1.0364990234375,-1.03643798828125,derivative_excluded
-1.03656005859375,-1.0364990234375,derivative_excluded
-1.03662109375,-1.03656005859375,derivative_excluded
-1.03668212890625,-1.03662109375,derivative_excluded
-1.0367431640625,-1.03668212890625,derivative_excluded
-1.03680419921875,-1.0367431640625,derivative_excluded
-1.036865234375,-1.03680419921875,derivative_excluded
-1.03692626953125,-1.036865234375,derivative_excluded
-1.0369873046875,-1.03692626953125,derivative_excluded
-1.03704833984375,-1.0369873046875,derivative_excluded
-1.037109375,-1.03704833984375,derivative_excluded
-1.03717041015625,-1.037109375,derivative_excluded
-1.0372314453125,-1.03717041015625,derivative_excluded
-1.03729248046875,-1.0372314453125,derivative_excluded
-1.037353515625,-1.03729248046875,derivative_excluded
-1.03741455078125,-1.037353515625,derivative_excluded
-1.0374755859375,-1.03741455078125,derivative_excluded
-1.03753662109375,-1.0374755859375,derivative_excluded
-1.03759765625,-1.03753662109375,derivative_excluded
-1.03765869140625,-1.03759765625,derivative_excluded
-1.0377197265625,-1.03765869140625,derivative_excluded
-1.03778076171875,-1.0377197265625,derivative_excluded
-1.037841796875,-1.03778076171875,derivative_excluded
-1.03790283203125,-1.037841796875,derivative_excluded
-1.0379638671875,-1.03790283203125,derivative_excluded
-1.03802490234375,-1.0379638671875,derivative_excluded
-1.0380859375,-1.03802490234375,derivative_excluded
-1.03814697265625,-1.0380859375,derivative_excluded
-1.0382080078125,-1.03814697265625,derivative_excluded
-1.03826904296875,-1.0382080078125,derivative_excluded
-1.038330078125,-1.03826904296875,derivative_excluded
-1.03839111328125,-1.038330078125,derivative_excluded
-1.0384521484375,-1.03839111328125,derivative_excluded
-1.03851318359375,-1.0384521484375,derivative_excluded
-1.03857421875,-1.03851318359375,derivative_excluded
-1.03863525390625,-1.03857421875,derivative_excluded
-1.0386962890625,-1.03863525390625,derivative_excluded
-1.03875732421875,-1.0386962890625,derivative_excluded
-1.038818359375,-1.03875732421875,derivative_excluded
-1.03887939453125,-1.038818359375,derivative_excluded
-1.0389404296875,-1.03887939453125,derivative_excluded
-1.03900146484375,-1.0389404296875,derivative_excluded
-1.0390625,-1.03900146484375,derivative_excluded
-1.03912353515625,-1.0390625,derivative_excluded
-1.0391845703125,-1.03912353515625,derivative_excluded
-1.03924560546875,-1.0391845703125,derivative_excluded
-1.039306640625,-1.03924560546875,derivative_excluded
-1.03936767578125,-1.039306640625,derivative_excluded
-1.0394287109375,-1.03936767578125,derivative_excluded
-1.03948974609375,-1.0394287109375,derivative_excluded
-1.03955078125,-1.03948974609375,derivative_excluded
-1.03961181640625,-1.03955078125,derivative_excluded
-1.0396728515625,-1.03961181640625,derivative_excluded
-1.03973388671875,-1.0396728515625,derivative_excluded
-1.039794921875,-1.03973388671875,derivative_excluded
-1.03985595703125,-1.039794921875,derivative_excluded
-1.0399169921875,-1.03985595703125,derivative_excluded
-1.03997802734375,-1.0399169921875,derivative_excluded
-1.0400390625,-1.03997802734375,derivative_excluded
-1.04010009765625,-1.0400390625,derivative_excluded
-1.0401611328125,-1.04010009765625,derivative_excluded
-1.04022216796875,-1.0401611328125,derivative_excluded
-1.040283203125,-1.04022216796875,derivative_excluded
-1.04034423828125,-1.040283203125,derivative_excluded
-1.0404052734375,-1.04034423828125,derivative_excluded
-1.04046630859375,-1.0404052734375,derivative_excluded
-1.04052734375,-1.04046630859375,derivative_excluded
-1.04058837890625,-1.04052734375,derivative_excluded
-1.0406494140625,-1.04058837890625,derivative_excluded
-1.04071044921875,-1.0406494140625,derivative_excluded
-1.040771484375,-1.04071044921875,derivative_excluded
-1.04083251953125,-1.040771484375,derivative_excluded
-1.0408935546875,-1.04083251953125,derivative_excluded
-1.04095458984375,-1.0408935546875,derivative_excluded
-1.041015625,-1.04095458984375,derivative_excluded
-1.04107666015625,-1.041015625,derivative_excluded
-1.0411376953125,-1.04107666015625,derivative_excluded
-1.04119873046875,-1.0411376953125,derivative_excluded
-1.041259765625,-1.04119873046875,derivative_excluded
-1.04132080078125,-1.041259765625,derivative_excluded
-1.0413818359375,-1.04132080078125,derivative_excluded
-1.04144287109375,-1.0413818359375,derivative_excluded
-1.04150390625,-1.04144287109375,derivative_excluded
-1.04156494140625,-1.04150390625,derivative_excluded
-1.0416259765625,-1.04156494140625,derivative_excluded
-1.04168701171875,-1.0416259765625,derivative_excluded
-1.041748046875,-1.04168701171875,derivative_excluded
-1.04180908203125,-1.041748046875,derivative_excluded
-1.0418701171875,-1.04180908203125,derivative_excluded
-1.04193115234375,-1.0418701171875,derivative_excluded
-1.0419921875,-1.04193115234375,derivative_excluded
-1.04205322265625,-1.0419921875,derivative_excluded
-1.0421142578125,-1.04205322265625,derivative_excluded
-1.04217529296875,-1.0421142578125,derivative_excluded
-1.042236328125,-1.04217529296875,derivative_excluded
-1.04229736328125,-1.042236328125,derivative_excluded
-1.0423583984375,-1.04229736328125,derivative_excluded
-1.04241943359375,-1.0423583984375,derivative_excluded
-1.04248046875,-1.04241943359375,derivative_excluded
-1.04254150390625,-1.04248046875,derivative_excluded
-1.0426025390625,-1.04254150390625,derivative_excluded
-1.04266357421875,-1.0426025390625,derivative_excluded
-1.042724609375,-1.04266357421875,derivative_excluded
-1.04278564453125,-1.042724609375,derivative_excluded
-1.0428466796875,-1.04278564453125,derivative_excluded
-1.04290771484375,-1.0428466796875,derivative_excluded
-1.04296875,-1.04290771484375,derivative_excluded
-1.04302978515625,-1.04296875,derivative_excluded
-1.0430908203125,-1.04302978515625,derivative_excluded
-1.04315185546875,-1.0430908203125,derivative_excluded
-1.043212890625,-1.04315185546875,derivative_excluded
-1.04327392578125,-1.043212890625,derivative_excluded
-1.0433349609375,-1.04327392578125,derivative_excluded
-1.04339599609375,-1.0433349609375,derivative_excluded
-1.04345703125,-1.04339599609375,derivative_excluded
-1.04351806640625,-1.04345703125,derivative_excluded
-1.0435791015625,-1.04351806640625,derivative_excluded
-1.04364013671875,-1.0435791015625,derivative_excluded
-1.043701171875,-1.04364013671875,derivative_excluded
-1.04376220703125,-1.043701171875,derivative_excluded
-1.0438232421875,-1.04376220703125,derivative_excluded
-1.04388427734375,-1.0438232421875,derivative_excluded
-1.0439453125,-1.04388427734375,derivative_excluded
-1.04400634765625,-1.0439453125,derivative_excluded
-1.0440673828125,-1.04400634765625,derivative_excluded
-1.04412841796875,-1.0440673828125,derivative_excluded
-1.044189453125,-1.04412841796875,derivative_excluded
-1.04425048828125,-1.044189453125,derivative_excluded
-1.0443115234375,-1.04425048828125,derivative_excluded
-1.04437255859375,-1.0443115234375,derivative_excluded
-1.04443359375,-1.04437255859375,derivative_excluded
-1.04449462890625,-1.04443359375,derivative_excluded
-1.0445556640625,-1.04449462890625,derivative_excluded
-1.04461669921875,-1.0445556640625,derivative_excluded
-1.044677734375,-1.04461669921875,derivative_excluded
-1.04473876953125,-1.044677734375,derivative_excluded
-1.0447998046875,-1.04473876953125,derivative_excluded
-1.04486083984375,-1.0447998046875,derivative_excluded
-1.044921875,-1.04486083984375,derivative_excluded
-1.04498291015625,-1.044921875,derivative_excluded
-1.0450439453125,-1.04498291015625,derivative_excluded
-1.04510498046875,-1.0450439453125,derivative_excluded
-1.045166015625,-1.04510498046875,derivative_excluded
-1.04522705078125,-1.045166015625,derivative_excluded
-1.0452880859375,-1.04522705078125,derivative_excluded
-1.04534912109375,-1.0452880859375,derivative_excluded
-1.04541015625,-1.04534912109375,derivative_excluded
-1.04547119140625,-1.04541015625,derivative_excluded
-1.0455322265625,-1.04547119140625,derivative_excluded
-1.04559326171875,-1.0455322265625,derivative_excluded
-1.045654296875,-1.04559326171875,derivative_excluded
-1.04571533203125,-1.045654296875,derivative_excluded
-1.0457763671875,-1.04571533203125,derivative_excluded
-1.04583740234375,-1.0457763671875,derivative_excluded
-1.0458984375,-1.04583740234375,derivative_excluded
-1.04595947265625,-1.0458984375,derivative_excluded
-1.0460205078125,-1.04595947265625,derivative_excluded
-1.04608154296875,-1.0460205078125,derivative_excluded
-1.046142578125,-1.04608154296875,derivative_excluded
-1.04620361328125,-1.046142578125,derivative_excluded
-1.0462646484375,-1.04620361328125,derivative_excluded
-1.04632568359375,-1.0462646484375,derivative_excluded
-1.04638671875,-1.04632568359375,derivative_excluded
-1.04644775390625,-1.04638671875,derivative_excluded
-1.0465087890625,-1.04644775390625,derivative_excluded
-1.04656982421875,-1.0465087890625,derivative_excluded
-1.046630859375,-1.04656982421875,derivative_excluded
-1.04669189453125,-1.046630859375,derivative_excluded
-1.0467529296875,-1.04669189453125,derivative_excluded
-1.04681396484375,-1.0467529296875,derivative_excluded
-1.046875,-1.04681396484375,derivative_excluded
-1.04693603515625,-1.046875,derivative_excluded
-1.0469970703125,-1.04693603515625,derivative_excluded
-1.04705810546875,-1.0469970703125,derivative_excluded
-1.047119140625,-1.04705810546875,derivative_excluded
-1.04718017578125,-1.047119140625,derivative_excluded
-1.0472412109375,-1.04718017578125,derivative_excluded
-1.04730224609375,-1.0472412109375,derivative_excluded
-1.04736328125,-1.04730224609375,derivative_excluded
-1.04742431640625,-1.04736328125,derivative_excluded
-1.0474853515625,-1.04742431640625,derivative_excluded
-1.04754638671875,-1.0474853515625,derivative_excluded
-1.047607421875,-1.04754638671875,derivative_excluded
-1.04766845703125,-1.047607421875,derivative_excluded
-1.0477294921875,-1.04766845703125,derivative_excluded
-1.04779052734375,-1.0477294921875,derivative_excluded
-1.0478515625,-1.04779052734375,derivative_excluded
-1.04791259765625,-1.0478515625,derivative_excluded
-1.0479736328125,-1.04791259765625,derivative_excluded
-1.04803466796875,-1.0479736328125,derivative_excluded
-1.048095703125,-1.04803466796875,derivative_excluded
-1.04815673828125,-1.048095703125,derivative_excluded
-1.0482177734375,-1.04815673828125,derivative_excluded
-1.04827880859375,-1.0482177734375,derivative_excluded
-1.04833984375,-1.04827880859375,derivative_excluded
-1.04840087890625,-1.04833984375,derivative_excluded
-1.0484619140625,-1.04840087890625,derivative_excluded
-1.04852294921875,-1.0484619140625,derivative_excluded
-1.048583984375,-1.04852294921875,derivative_excluded
-1.04864501953125,-1.048583984375,derivative_excluded
-1.0487060546875,-1.04864501953125,derivative_excluded
-1.04876708984375,-1.0487060546875,derivative_excluded
-1.048828125,-1.04876708984375,derivative_excluded
-1.04888916015625,-1.048828125,derivative_excluded
-1.0489501953125,-1.04888916015625,derivative_excluded
-1.04901123046875,-1.0489501953125,derivative_excluded
-1.049072265625,-1.04901123046875,derivative_excluded
-1.04913330078125,-1.049072265625,derivative_excluded
-1.0491943359375,-1.04913330078125,derivative_excluded
-1.04925537109375,-1.0491943359375,derivative_excluded
-1.04931640625,-1.04925537109375,derivative_excluded
-1.04937744140625,-1.04931640625,derivative_excluded
-1.0494384765625,-1.04937744140625,derivative_excluded
-1.04949951171875,-1.0494384765625,derivative_excluded
-1.049560546875,-1.04949951171875,derivative_excluded
-1.04962158203125,-1.049560546875,derivative_excluded
-1.0496826171875,-1.04962158203125,derivative_excluded
-1.04974365234375,-1.0496826171875,derivative_excluded
-1.0498046875,-1.04974365234375,derivative_excluded
-1.04986572265625,-1.0498046875,derivative_excluded
-1.0499267578125,-1.04986572265625,derivative_excluded
-1.04998779296875,-1.0499267578125,derivative_excluded
-1.050048828125,-1.04998779296875,derivative_excluded
-1.05010986328125,-1.050048828125,derivative_excluded
-1.0501708984375,-1.05010986328125,derivative_excluded
-1.05023193359375,-1.0501708984375,derivative_excluded
-1.05029296875,-1.05023193359375,derivative_excluded
-1.05035400390625,-1.05029296875,derivative_excluded
-1.0504150390625,-1.05035400390625,derivative_excluded
-1.05047607421875,-1.0504150390625,derivative_excluded
-1.050537109375,-1.05047607421875,derivative_excluded
-1.05059814453125,-1.050537109375,derivative_excluded
-1.0506591796875,-1.05059814453125,derivative_excluded
-1.05072021484375,-1.0506591796875,derivative_excluded
-1.05078125,-1.05072021484375,derivative_excluded
-1.05084228515625,-1.05078125,derivative_excluded
-1.0509033203125,-1.05084228515625,derivative_excluded
-1.05096435546875,-1.0509033203125,derivative_excluded
-1.051025390625,-1.05096435546875,derivative_excluded
-1.05108642578125,-1.051025390625,derivative_excluded
-1.0511474609375,-1.05108642578125,derivative_excluded
-1.05120849609375,-1.0511474609375,derivative_excluded
-1.05126953125,-1.05120849609375,derivative_excluded
-1.05133056640625,-1.05126953125,derivative_excluded
-1.0513916015625,-1.05133056640625,derivative_excluded
-1.05145263671875,-1.0513916015625,derivative_excluded
-1.051513671875,-1.05145263671875,derivative_excluded
-1.05157470703125,-1.051513671875,derivative_excluded
-1.0516357421875,-1.05157470703125,derivative_excluded
-1.05169677734375,-1.0516357421875,derivative_excluded
-1.0517578125,-1.05169677734375,derivative_excluded
-1.05181884765625,-1.0517578125,derivative_excluded
-1.0518798828125,-1.05181884765625,derivative_excluded
-1.05194091796875,-1.0518798828125,derivative_excluded
-1.052001953125,-1.05194091796875,derivative_excluded
-1.05206298828125,-1.052001953125,derivative_excluded
-1.0521240234375,-1.05206298828125,derivative_excluded
-1.05218505859375,-1.0521240234375,derivative_excluded
-1.05224609375,-1.05218505859375,derivative_excluded
-1.05230712890625,-1.05224609375,derivative_excluded
-1.0523681640625,-1.05230712890625,derivative_excluded
-1.05242919921875,-1.0523681640625,derivative_excluded
-1.052490234375,-1.05242919921875,derivative_excluded
-1.05255126953125,-1.052490234375,derivative_excluded
-1.0526123046875,-1.05255126953125,derivative_excluded
-1.05267333984375,-1.0526123046875,derivative_excluded
-1.052734375,-1.05267333984375,derivative_excluded
-1.05279541015625,-1.052734375,derivative_excluded
-1.0528564453125,-1.05279541015625,derivative_excluded
-1.05291748046875,-1.0528564453125,derivative_excluded
-1.052978515625,-1.05291748046875,derivative_excluded
-1.05303955078125,-1.052978515625,derivative_excluded
-1.0531005859375,-1.05303955078125,derivative_excluded
-1.05316162109375,-1.0531005859375,derivative_excluded
-1.05322265625,-1.05316162109375,derivative_excluded
-1.05328369140625,-1.05322265625,derivative_excluded
-1.0533447265625,-1.05328369140625,derivative_excluded
-1.05340576171875,-1.0533447265625,derivative_excluded
-1.053466796875,-1.05340576171875,derivative_excluded
-1.05352783203125,-1.053466796875,derivative_excluded
-1.0535888671875,-1.05352783203125,derivative_excluded
-1.05364990234375,-1.0535888671875,derivative_excluded
-1.0537109375,-1.05364990234375,derivative_excluded
-1.05377197265625,-1.0537109375,derivative_excluded
-1.0538330078125,-1.05377197265625,derivative_excluded
-1.05389404296875,-1.0538330078125,derivative_excluded
-1.053955078125,-1.05389404296875,derivative_excluded
-1.05401611328125,-1.053955078125,derivative_excluded
-1.0540771484375,-1.05401611328125,derivative_excluded
-1.05413818359375,-1.0540771484375,derivative_excluded
-1.05419921875,-1.05413818359375,derivative_excluded
-1.05426025390625,-1.05419921875,derivative_excluded
-1.0543212890625,-1.05426025390625,derivative_excluded
-1.05438232421875,-1.0543212890625,derivative_excluded
-1.054443359375,-1.05438232421875,derivative_excluded
-1.05450439453125,-1.054443359375,derivative_excluded
-1.0545654296875,-1.05450439453125,derivative_excluded
-1.05462646484375,-1.0545654296875,derivative_excluded
-1.0546875,-1.05462646484375,derivative_excluded
-1.05474853515625,-1.0546875,derivative_excluded
-1.0548095703125,-1.05474853515625,derivative_excluded
-1.05487060546875,-1.0548095703125,derivative_excluded
-1.054931640625,-1.05487060546875,derivative_excluded
-1.05499267578125,-1.054931640625,derivative_excluded
-1.0550537109375,-1.05499267578125,derivative_excluded
-1.05511474609375,-1.0550537109375,derivative_excluded
-1.05517578125,-1.05511474609375,derivative_excluded
-1.05523681640625,-1.05517578125,derivative_excluded
-1.0552978515625,-1.05523681640625,derivative_excluded
-1.05535888671875,-1.0552978515625,derivative_excluded
-1.055419921875,-1.05535888671875,derivative_excluded
-1.05548095703125,-1.055419921875,derivative_excluded
-1.0555419921875,-1.05548095703125,derivative_excluded
-1.05560302734375,-1.0555419921875,derivative_excluded
-1.0556640625,-1.05560302734375,derivative_excluded
-1.05572509765625,-1.0556640625,derivative_excluded
-1.0557861328125,-1.05572509765625,derivative_excluded
-1.05584716796875,-1.0557861328125,derivative_excluded
-1.055908203125,-1.05584716796875,derivative_excluded
-1.05596923828125,-1.055908203125,derivative_excluded
-1.0560302734375,-1.05596923828125,derivative_excluded
-1.05609130859375,-1.0560302734375,derivative_excluded
-1.05615234375,-1.05609130859375,derivative_excluded
-1.05621337890625,-1.05615234375,derivative_excluded
-1.0562744140625,-1.05621337890625,derivative_excluded
-1.05633544921875,-1.0562744140625,derivative_excluded
-1.056396484375,-1.05633544921875,derivative_excluded
-1.05645751953125,-1.056396484375,derivative_excluded
-1.0565185546875,-1.05645751953125,derivative_excluded
-1.05657958984375,-1.0565185546875,derivative_excluded
-1.056640625,-1.05657958984375,derivative_excluded
-1.05670166015625,-1.056640625,derivative_excluded
-1.0567626953125,-1.05670166015625,derivative_excluded
-1.05682373046875,-1.0567626953125,derivative_excluded
-1.056884765625,-1.05682373046875,derivative_excluded
-1.05694580078125,-1.056884765625,derivative_excluded
-1.0570068359375,-1.05694580078125,derivative_excluded
-1.05706787109375,-1.0570068359375,derivative_excluded
-1.05712890625,-1.05706787109375,derivative_excluded
-1.05718994140625,-1.05712890625,derivative_excluded
-1.0572509765625,-1.05718994140625,derivative_excluded
-1.05731201171875,-1.0572509765625,derivative_excluded
-1.057373046875,-1.05731201171875,derivative_excluded
-1.05743408203125,-1.057373046875,derivative_excluded
-1.0574951171875,-1.05743408203125,derivative_excluded
-1.05755615234375,-1.0574951171875,derivative_excluded
-1.0576171875,-1.05755615234375,derivative_excluded
-1.05767822265625,-1.0576171875,derivative_excluded
-1.0577392578125,-1.05767822265625,derivative_excluded
-1.05780029296875,-1.0577392578125,derivative_excluded
-1.057861328125,-1.05780029296875,derivative_excluded
-1.05792236328125,-1.057861328125,derivative_excluded
-1.0579833984375,-1.05792236328125,derivative_excluded
-1.05804443359375,-1.0579833984375,derivative_excluded
-1.05810546875,-1.05804443359375,derivative_excluded
-1.05816650390625,-1.05810546875,derivative_excluded
-1.0582275390625,-1.05816650390625,derivative_excluded
-1.05828857421875,-1.0582275390625,derivative_excluded
-1.058349609375,-1.05828857421875,derivative_excluded
-1.05841064453125,-1.058349609375,derivative_excluded
-1.0584716796875,-1.05841064453125,derivative_excluded
-1.05853271484375,-1.0584716796875,derivative_excluded
-1.05859375,-1.05853271484375,derivative_excluded
-1.05865478515625,-1.05859375,derivative_excluded
-1.0587158203125,-1.05865478515625,derivative_excluded
-1.05877685546875,-1.0587158203125,derivative_excluded
-1.058837890625,-1.05877685546875,derivative_excluded
-1.05889892578125,-1.058837890625,derivative_excluded
-1.0589599609375,-1.05889892578125,derivative_excluded
-1.05902099609375,-1.0589599609375,derivative_excluded
-1.05908203125,-1.05902099609375,derivative_excluded
-1.05914306640625,-1.05908203125,derivative_excluded
-1.0592041015625,-1.05914306640625,derivative_excluded
-1.05926513671875,-1.0592041015625,derivative_excluded
-1.059326171875,-1.05926513671875,derivative_excluded
-1.05938720703125,-1.059326171875,derivative_excluded
-1.0594482421875,-1.05938720703125,derivative_excluded
-1.05950927734375,-1.0594482421875,derivative_excluded
-1.0595703125,-1.05950927734375,derivative_excluded
-1.05963134765625,-1.0595703125,derivative_excluded
-1.0596923828125,-1.05963134765625,derivative_excluded
-1.05975341796875,-1.0596923828125,derivative_excluded
-1.059814453125,-1.05975341796875,derivative_excluded
-1.05987548828125,-1.059814453125,derivative_excluded
-1.0599365234375,-1.05987548828125,derivative_excluded
-1.05999755859375,-1.0599365234375,derivative_excluded
-1.06005859375,-1.05999755859375,derivative_excluded
-1.06011962890625,-1.06005859375,derivative_excluded
-1.0601806640625,-1.06011962890625,derivative_excluded
-1.06024169921875,-1.0601806640625,derivative_excluded
-1.060302734375,-1.06024169921875,derivative_excluded
-1.06036376953125,-1.060302734375,derivative_excluded
-1.0604248046875,-1.06036376953125,derivative_excluded
-1.06048583984375,-1.0604248046875,derivative_excluded
-1.060546875,-1.06048583984375,derivative_excluded
-1.06060791015625,-1.060546875,derivative_excluded
-1.0606689453125,-1.06060791015625,derivative_excluded
-1.06072998046875,-1.0606689453125,derivative_excluded
-1.060791015625,-1.06072998046875,derivative_excluded
-1.06085205078125,-1.060791015625,derivative_excluded
-1.0609130859375,-1.06085205078125,derivative_excluded
-1.06097412109375,-1.0609130859375,derivative_excluded
-1.06103515625,-1.06097412109375,derivative_excluded
-1.06109619140625,-1.06103515625,derivative_excluded
-1.0611572265625,-1.06109619140625,derivative_excluded
-1.06121826171875,-1.0611572265625,derivative_excluded
-1.061279296875,-1.06121826171875,derivative_excluded
-1.06134033203125,-1.061279296875,derivative_excluded
-1.0614013671875,-1.06134033203125,derivative_excluded
-1.06146240234375,-1.0614013671875,derivative_excluded
-1.0615234375,-1.06146240234375,derivative_excluded
-1.06158447265625,-1.0615234375,derivative_excluded
-1.0616455078125,-1.06158447265625,derivative_excluded
-1.06170654296875,-1.0616455078125,derivative_excluded
-1.061767578125,-1.06170654296875,derivative_excluded
-1.06182861328125,-1.061767578125,derivative_excluded
-1.0618896484375,-1.06182861328125,derivative_excluded
-1.06195068359375,-1.0618896484375,derivative_excluded
-1.06201171875,-1.06195068359375,derivative_excluded
-1.06207275390625,-1.06201171875,derivative_excluded
-1.0621337890625,-1.06207275390625,derivative_excluded
-1.06219482421875,-1.0621337890625,derivative_excluded
-1.062255859375,-1.06219482421875,derivative_excluded
-1.06231689453125,-1.062255859375,derivative_excluded
-1.0623779296875,-1.06231689453125,derivative_excluded
-1.06243896484375,-1.0623779296875,derivative_excluded
-1.0625,-1.06243896484375,derivative_excluded
-1.06256103515625,-1.0625,derivative_excluded
-1.0626220703125,-1.06256103515625,derivative_excluded
-1.06268310546875,-1.0626220703125,derivative_excluded
-1.062744140625,-1.06268310546875,derivative_excluded
-1.06280517578125,-1.062744140625,derivative_excluded
-1.0628662109375,-1.06280517578125,derivative_excluded
-1.06292724609375,-1.0628662109375,derivative_excluded
-1.06298828125,-1.06292724609375,derivative_excluded
-1.06304931640625,-1.06298828125,derivative_excluded
-1.0631103515625,-1.06304931640625,derivative_excluded
-1.06317138671875,-1.0631103515625,derivative_excluded
-1.063232421875,-1.06317138671875,derivative_excluded
-1.06329345703125,-1.063232421875,derivative_excluded
-1.0633544921875,-1.06329345703125,derivative_excluded
-1.06341552734375,-1.0633544921875,derivative_excluded
-1.0634765625,-1.06341552734375,derivative_excluded
-1.06353759765625,-1.0634765625,derivative_excluded
-1.0635986328125,-1.06353759765625,derivative_excluded
-1.06365966796875,-1.0635986328125,derivative_excluded
-1.063720703125,-1.06365966796875,derivative_excluded
-1.06378173828125,-1.063720703125,derivative_excluded
-1.0638427734375,-1.06378173828125,derivative_excluded
-1.06390380859375,-1.0638427734375,derivative_excluded
-1.06396484375,-1.06390380859375,derivative_excluded
-1.06402587890625,-1.06396484375,derivative_excluded
-1.0640869140625,-1.06402587890625,derivative_excluded
-1.06414794921875,-1.0640869140625,derivative_excluded
-1.064208984375,-1.06414794921875,derivative_excluded
-1.06427001953125,-1.064208984375,derivative_excluded
-1.0643310546875,-1.06427001953125,derivative_excluded
-1.06439208984375,-1.0643310546875,derivative_excluded
-1.064453125,-1.06439208984375,derivative_excluded
-1.06451416015625,-1.064453125,derivative_excluded
-1.0645751953125,-1.06451416015625,derivative_excluded
-1.06463623046875,-1.0645751953125,derivative_excluded
-1.064697265625,-1.06463623046875,derivative_excluded
-1.06475830078125,-1.064697265625,derivative_excluded
-1.0648193359375,-1.06475830078125,derivative_excluded
-1.06488037109375,-1.0648193359375,derivative_excluded
-1.06494140625,-1.06488037109375,derivative_excluded
-1.06500244140625,-1.06494140625,derivative_excluded
-1.0650634765625,-1.06500244140625,derivative_excluded
-1.06512451171875,-1.0650634765625,derivative_excluded
-1.065185546875,-1.06512451171875,derivative_excluded
-1.06524658203125,-1.065185546875,derivative_excluded
-1.0653076171875,-1.06524658203125,derivative_excluded
-1.06536865234375,-1.0653076171875,derivative_excluded
-1.0654296875,-1.06536865234375,derivative_excluded
-1.06549072265625,-1.0654296875,derivative_excluded
-1.0655517578125,-1.06549072265625,derivative_excluded
-1.06561279296875,-1.0655517578125,derivative_excluded
-1.065673828125,-1.06561279296875,derivative_excluded
-1.06573486328125,-1.065673828125,derivative_excluded
-1.0657958984375,-1.06573486328125,derivative_excluded
-1.06585693359375,-1.0657958984375,derivative_excluded
-1.06591796875,-1.06585693359375,derivative_excluded
-1.06597900390625,-1.06591796875,derivative_excluded
-1.0660400390625,-1.06597900390625,derivative_excluded
-1.06610107421875,-1.0660400390625,derivative_excluded
-1.066162109375,-1.06610107421875,derivative_excluded
-1.06622314453125,-1.066162109375,derivative_excluded
-1.0662841796875,-1.06622314453125,derivative_excluded
-1.06634521484375,-1.0662841796875,derivative_excluded
-1.06640625,-1.06634521484375,derivative_excluded
-1.06646728515625,-1.06640625,derivative_excluded
-1.0665283203125,-1.06646728515625,derivative_excluded
-1.06658935546875,-1.0665283203125,derivative_excluded
-1.066650390625,-1.06658935546875,derivative_excluded
-1.06671142578125,-1.066650390625,derivative_excluded
-1.0667724609375,-1.06671142578125,derivative_excluded
-1.06683349609375,-1.0667724609375,derivative_excluded
-1.06689453125,-1.06683349609375,derivative_excluded
-1.06695556640625,-1.06689453125,derivative_excluded
-1.0670166015625,-1.06695556640625,derivative_excluded
-1.06707763671875,-1.0670166015625,derivative_excluded
-1.067138671875,-1.06707763671875,derivative_excluded
-1.06719970703125,-1.067138671875,derivative_excluded
-1.0672607421875,-1.06719970703125,derivative_excluded
-1.06732177734375,-1.0672607421875,derivative_excluded
-1.0673828125,-1.06732177734375,derivative_excluded
-1.06744384765625,-1.0673828125,derivative_excluded
-1.0675048828125,-1.06744384765625,derivative_excluded
-1.06756591796875,-1.0675048828125,derivative_excluded
-1.067626953125,-1.06756591796875,derivative_excluded
-1.06768798828125,-1.067626953125,derivative_excluded
-1.0677490234375,-1.06768798828125,derivative_excluded
-1.06781005859375,-1.0677490234375,derivative_excluded
-1.06787109375,-1.06781005859375,derivative_excluded
-1.06793212890625,-1.06787109375,derivative_excluded
-1.0679931640625,-1.06793212890625,derivative_excluded
-1.06805419921875,-1.0679931640625,derivative_excluded
-1.068115234375,-1.06805419921875,derivative_excluded
-1.06817626953125,-1.068115234375,derivative_excluded
-1.0682373046875,-1.06817626953125,derivative_excluded
-1.06829833984375,-1.0682373046875,derivative_excluded
-1.068359375,-1.06829833984375,derivative_excluded
-1.06842041015625,-1.068359375,derivative_excluded
-1.0684814453125,-1.06842041015625,derivative_excluded
-1.06854248046875,-1.0684814453125,derivative_excluded
-1.068603515625,-1.06854248046875,derivative_excluded
-1.06866455078125,-1.068603515625,derivative_excluded
-1.0687255859375,-1.06866455078125,derivative_excluded
-1.06878662109375,-1.0687255859375,derivative_excluded
-1.06884765625,-1.06878662109375,derivative_excluded
-1.06890869140625,-1.06884765625,derivative_excluded
-1.0689697265625,-1.06890869140625,derivative_excluded
-1.06903076171875,-1.0689697265625,derivative_excluded
-1.069091796875,-1.06903076171875,derivative_excluded
-1.06915283203125,-1.069091796875,derivative_excluded
-1.0692138671875,-1.06915283203125,derivative_excluded
-1.06927490234375,-1.0692138671875,derivative_excluded
-1.0693359375,-1.06927490234375,derivative_excluded
-1.06939697265625,-1.0693359375,derivative_excluded
-1.0694580078125,-1.06939697265625,derivative_excluded
-1.06951904296875,-1.0694580078125,derivative_excluded
-1.069580078125,-1.06951904296875,derivative_excluded
-1.06964111328125,-1.069580078125,derivative_excluded
-1.0697021484375,-1.06964111328125,derivative_excluded
-1.06976318359375,-1.0697021484375,derivative_excluded
-1.06982421875,-1.06976318359375,derivative_excluded
-1.06988525390625,-1.06982421875,derivative_excluded
-1.0699462890625,-1.06988525390625,derivative_excluded
-1.07000732421875,-1.0699462890625,derivative_excluded
-1.070068359375,-1.07000732421875,derivative_excluded
-1.07012939453125,-1.070068359375,derivative_excluded
-1.0701904296875,-1.07012939453125,derivative_excluded
-1.07025146484375,-1.0701904296875,derivative_excluded
-1.0703125,-1.07025146484375,derivative_excluded
-1.07037353515625,-1.0703125,derivative_excluded
-1.0704345703125,-1.07037353515625,derivative_excluded
-1.07049560546875,-1.0704345703125,derivative_excluded
-1.070556640625,-1.07049560546875,derivative_excluded
-1.07061767578125,-1.070556640625,derivative_excluded
-1.0706787109375,-1.07061767578125,derivative_excluded
-1.07073974609375,-1.0706787109375,derivative_excluded
-1.07080078125,-1.07073974609375,derivative_excluded
-1.07086181640625,-1.07080078125,derivative_excluded
-1.0709228515625,-1.07086181640625,derivative_excluded
-1.07098388671875,-1.0709228515625,derivative_excluded
-1.071044921875,-1.07098388671875,derivative_excluded
-1.07110595703125,-1.071044921875,derivative_excluded
-1.0711669921875,-1.07110595703125,derivative_excluded
-1.07122802734375,-1.0711669921875,derivative_excluded
-1.0712890625,-1.07122802734375,derivative_excluded
-1.07135009765625,-1.0712890625,derivative_excluded
-1.0714111328125,-1.07135009765625,derivative_excluded
-1.07147216796875,-1.0714111328125,derivative_excluded
-1.071533203125,-1.07147216796875,derivative_excluded
-1.07159423828125,-1.071533203125,derivative_excluded
-1.0716552734375,-1.07159423828125,derivative_excluded
-1.07171630859375,-1.0716552734375,derivative_excluded
-1.07177734375,-1.07171630859375,derivative_excluded
-1.07183837890625,-1.07177734375,derivative_excluded
-1.0718994140625,-1.07183837890625,derivative_excluded
-1.07196044921875,-1.0718994140625,derivative_excluded
-1.072021484375,-1.07196044921875,derivative_excluded
-1.07208251953125,-1.072021484375,derivative_excluded
-1.0721435546875,-1.07208251953125,derivative_excluded
-1.07220458984375,-1.0721435546875,derivative_excluded
-1.072265625,-1.07220458984375,derivative_excluded
-1.07232666015625,-1.072265625,derivative_excluded
-1.0723876953125,-1.07232666015625,derivative_excluded
-1.07244873046875,-1.0723876953125,derivative_excluded
-1.072509765625,-1.07244873046875,derivative_excluded
-1.07257080078125,-1.072509765625,derivative_excluded
-1.0726318359375,-1.07257080078125,derivative_excluded
-1.07269287109375,-1.0726318359375,derivative_excluded
-1.07275390625,-1.07269287109375,derivative_excluded
-1.07281494140625,-1.07275390625,derivative_excluded
-1.0728759765625,-1.07281494140625,derivative_excluded
-1.07293701171875,-1.0728759765625,derivative_excluded
-1.072998046875,-1.07293701171875,derivative_excluded
-1.07305908203125,-1.072998046875,derivative_excluded
-1.0731201171875,-1.07305908203125,derivative_excluded
-1.07318115234375,-1.0731201171875,derivative_excluded
-1.0732421875,-1.07318115234375,derivative_excluded
-1.07330322265625,-1.0732421875,derivative_excluded
-1.0733642578125,-1.07330322265625,derivative_excluded
-1.07342529296875,-1.0733642578125,derivative_excluded
-1.073486328125,-1.07342529296875,derivative_excluded
-1.07354736328125,-1.073486328125,derivative_excluded
-1.0736083984375,-1.07354736328125,derivative_excluded
-1.07366943359375,-1.0736083984375,derivative_excluded
-1.07373046875,-1.07366943359375,derivative_excluded
-1.07379150390625,-1.07373046875,derivative_excluded
-1.0738525390625,-1.07379150390625,derivative_excluded
-1.07391357421875,-1.0738525390625,derivative_excluded
-1.073974609375,-1.07391357421875,derivative_excluded
-1.07403564453125,-1.073974609375,derivative_excluded
-1.0740966796875,-1.07403564453125,derivative_excluded
-1.07415771484375,-1.0740966796875,derivative_excluded
-1.07421875,-1.07415771484375,derivative_excluded
-1.07427978515625,-1.07421875,derivative_excluded
-1.0743408203125,-1.07427978515625,derivative_excluded
-1.07440185546875,-1.0743408203125,derivative_excluded
-1.074462890625,-1.07440185546875,derivative_excluded
-1.07452392578125,-1.074462890625,derivative_excluded
-1.0745849609375,-1.07452392578125,derivative_excluded
-1.07464599609375,-1.0745849609375,derivative_excluded
-1.07470703125,-1.07464599609375,derivative_excluded
-1.07476806640625,-1.07470703125,derivative_excluded
-1.0748291015625,-1.07476806640625,derivative_excluded
-1.07489013671875,-1.0748291015625,derivative_excluded
-1.074951171875,-1.07489013671875,derivative_excluded
-1.07501220703125,-1.074951171875,derivative_excluded
-1.0750732421875,-1.07501220703125,derivative_excluded
-1.07513427734375,-1.0750732421875,derivative_excluded
-1.0751953125,-1.07513427734375,derivative_excluded
-1.07525634765625,-1.0751953125,derivative_excluded
-1.0753173828125,-1.07525634765625,derivative_excluded
-1.07537841796875,-1.0753173828125,derivative_excluded
-1.075439453125,-1.07537841796875,derivative_excluded
-1.07550048828125,-1.075439453125,derivative_excluded
-1.0755615234375,-1.07550048828125,derivative_excluded
-1.07562255859375,-1.0755615234375,derivative_excluded
-1.07568359375,-1.07562255859375,derivative_excluded
-1.07574462890625,-1.07568359375,derivative_excluded
-1.0758056640625,-1.07574462890625,derivative_excluded
-1.07586669921875,-1.0758056640625,derivative_excluded
-1.075927734375,-1.07586669921875,derivative_excluded
-1.07598876953125,-1.075927734375,derivative_excluded
-1.0760498046875,-1.07598876953125,derivative_excluded
-1.07611083984375,-1.0760498046875,derivative_excluded
-1.076171875,-1.07611083984375,derivative_excluded
-1.07623291015625,-1.076171875,derivative_excluded
-1.0762939453125,-1.07623291015625,derivative_excluded
-1.07635498046875,-1.0762939453125,derivative_excluded
-1.076416015625,-1.07635498046875,derivative_excluded
-1.07647705078125,-1.076416015625,derivative_excluded
-1.0765380859375,-1.07647705078125,derivative_excluded
-1.07659912109375,-1.0765380859375,derivative_excluded
-1.07666015625,-1.07659912109375,derivative_excluded
-1.07672119140625,-1.07666015625,derivative_excluded
-1.0767822265625,-1.07672119140625,derivative_excluded
-1.07684326171875,-1.0767822265625,derivative_excluded
-1.076904296875,-1.07684326171875,derivative_excluded
-1.07696533203125,-1.076904296875,derivative_excluded
-1.0770263671875,-1.07696533203125,derivative_excluded
-1.07708740234375,-1.0770263671875,derivative_excluded
-1.0771484375,-1.07708740234375,derivative_excluded
-1.07720947265625,-1.0771484375,derivative_excluded
-1.0772705078125,-1.07720947265625,derivative_excluded
-1.07733154296875,-1.0772705078125,derivative_excluded
-1.077392578125,-1.07733154296875,derivative_excluded
-1.07745361328125,-1.077392578125,derivative_excluded
-1.0775146484375,-1.07745361328125,derivative_excluded
-1.07757568359375,-1.0775146484375,derivative_excluded
-1.07763671875,-1.07757568359375,derivative_excluded
-1.07769775390625,-1.07763671875,derivative_excluded
-1.0777587890625,-1.07769775390625,derivative_excluded
-1.07781982421875,-1.0777587890625,derivative_excluded
-1.077880859375,-1.07781982421875,derivative_excluded
-1.07794189453125,-1.077880859375,derivative_excluded
-1.0780029296875,-1.07794189453125,derivative_excluded
-1.07806396484375,-1.0780029296875,derivative_excluded
-1.078125,-1.07806396484375,derivative_excluded
-1.07818603515625,-1.078125,derivative_excluded
-1.0782470703125,-1.07818603515625,derivative_excluded
-1.07830810546875,-1.0782470703125,derivative_excluded
-1.078369140625,-1.07830810546875,derivative_excluded
-1.07843017578125,-1.078369140625,derivative_excluded
-1.0784912109375,-1.07843017578125,derivative_excluded
-1.07855224609375,-1.0784912109375,derivative_excluded
-1.07861328125,-1.07855224609375,derivative_excluded
-1.07867431640625,-1.07861328125,derivative_excluded
-1.0787353515625,-1.07867431640625,derivative_excluded
-1.07879638671875,-1.0787353515625,derivative_excluded
-1.078857421875,-1.07879638671875,derivative_excluded
-1.07891845703125,-1.078857421875,derivative_excluded
-1.0789794921875,-1.07891845703125,derivative_excluded
-1.07904052734375,-1.0789794921875,derivative_excluded
-1.0791015625,-1.07904052734375,derivative_excluded
-1.07916259765625,-1.0791015625,derivative_excluded
-1.0792236328125,-1.07916259765625,derivative_excluded
-1.07928466796875,-1.0792236328125,derivative_excluded
-1.079345703125,-1.07928466796875,derivative_excluded
-1.07940673828125,-1.079345703125,derivative_excluded
-1.0794677734375,-1.07940673828125,derivative_excluded
-1.07952880859375,-1.0794677734375,derivative_excluded
-1.07958984375,-1.07952880859375,derivative_excluded
-1.07965087890625,-1.07958984375,derivative_excluded
-1.0797119140625,-1.07965087890625,derivative_excluded
-1.07977294921875,-1.0797119140625,derivative_excluded
-1.079833984375,-1.07977294921875,derivative_excluded
-1.07989501953125,-1.079833984375,derivative_excluded
-1.0799560546875,-1.07989501953125,derivative_excluded
-1.08001708984375,-1.0799560546875,derivative_excluded
-1.080078125,-1.08001708984375,derivative_excluded
-1.08013916015625,-1.080078125,derivative_excluded
-1.0802001953125,-1.08013916015625,derivative_excluded
-1.08026123046875,-1.0802001953125,derivative_excluded
-1.080322265625,-1.08026123046875,derivative_excluded
-1.08038330078125,-1.080322265625,derivative_excluded
-1.0804443359375,-1.08038330078125,derivative_excluded
-1.08050537109375,-1.0804443359375,derivative_excluded
-1.08056640625,-1.08050537109375,derivative_excluded
-1.08062744140625,-1.08056640625,derivative_excluded
-1.0806884765625,-1.08062744140625,derivative_excluded
-1.08074951171875,-1.0806884765625,derivative_excluded
-1.080810546875,-1.08074951171875,derivative_excluded
-1.08087158203125,-1.080810546875,derivative_excluded
-1.0809326171875,-1.08087158203125,derivative_excluded
-1.08099365234375,-1.0809326171875,derivative_excluded
-1.0810546875,-1.08099365234375,derivative_excluded
-1.08111572265625,-1.0810546875,derivative_excluded
-1.0811767578125,-1.08111572265625,derivative_excluded
-1.08123779296875,-1.0811767578125,derivative_excluded
-1.081298828125,-1.08123779296875,derivative_excluded
-1.08135986328125,-1.081298828125,derivative_excluded
-1.0814208984375,-1.08135986328125,derivative_excluded
-1.08148193359375,-1.0814208984375,derivative_excluded
-1.08154296875,-1.08148193359375,derivative_excluded
-1.08160400390625,-1.08154296875,derivative_excluded
-1.0816650390625,-1.08160400390625,derivative_excluded
-1.08172607421875,-1.0816650390625,derivative_excluded
-1.081787109375,-1.08172607421875,derivative_excluded
-1.08184814453125,-1.081787109375,derivative_excluded
-1.0819091796875,-1.08184814453125,derivative_excluded
-1.08197021484375,-1.0819091796875,derivative_excluded
-1.08203125,-1.08197021484375,derivative_excluded
-1.08209228515625,-1.08203125,derivative_excluded
-1.0821533203125,-1.08209228515625,derivative_excluded
-1.08221435546875,-1.0821533203125,derivative_excluded
-1.082275390625,-1.08221435546875,derivative_excluded
-1.08233642578125,-1.082275390625,derivative_excluded
-1.0823974609375,-1.08233642578125,derivative_excluded
-1.08245849609375,-1.0823974609375,derivative_excluded
-1.08251953125,-1.08245849609375,derivative_excluded
-1.08258056640625,-1.08251953125,derivative_excluded
-1.0826416015625,-1.08258056640625,derivative_excluded
-1.08270263671875,-1.0826416015625,derivative_excluded
-1.082763671875,-1.08270263671875,derivative_excluded
-1.08282470703125,-1.082763671875,derivative_excluded
-1.0828857421875,-1.08282470703125,derivative_excluded
-1.08294677734375,-1.0828857421875,derivative_excluded
-1.0830078125,-1.08294677734375,derivative_excluded
-1.08306884765625,-1.0830078125,derivative_excluded
-1.0831298828125,-1.08306884765625,derivative_excluded
-1.08319091796875,-1.0831298828125,derivative_excluded
-1.083251953125,-1.08319091796875,derivative_excluded
-1.08331298828125,-1.083251953125,derivative_excluded
-1.0833740234375,-1.08331298828125,derivative_excluded
-1.08343505859375,-1.0833740234375,derivative_excluded
-1.08349609375,-1.08343505859375,derivative_excluded
-1.08355712890625,-1.08349609375,derivative_excluded
-1.0836181640625,-1.08355712890625,derivative_excluded
-1.08367919921875,-1.0836181640625,derivative_excluded
-1.083740234375,-1.08367919921875,derivative_excluded
-1.08380126953125,-1.083740234375,derivative_excluded
-1.0838623046875,-1.08380126953125,derivative_excluded
-1.08392333984375,-1.0838623046875,derivative_excluded
-1.083984375,-1.08392333984375,derivative_excluded
-1.08404541015625,-1.083984375,derivative_excluded
-1.0841064453125,-1.08404541015625,derivative_excluded
-1.08416748046875,-1.0841064453125,derivative_excluded
-1.084228515625,-1.08416748046875,derivative_excluded
-1.08428955078125,-1.084228515625,derivative_excluded
-1.0843505859375,-1.08428955078125,derivative_excluded
-1.08441162109375,-1.0843505859375,derivative_excluded
-1.08447265625,-1.08441162109375,derivative_excluded
-1.08453369140625,-1.08447265625,derivative_excluded
-1.0845947265625,-1.08453369140625,derivative_excluded
-1.08465576171875,-1.0845947265625,derivative_excluded
-1.084716796875,-1.08465576171875,derivative_excluded
-1.08477783203125,-1.084716796875,derivative_excluded
-1.0848388671875,-1.08477783203125,derivative_excluded
-1.08489990234375,-1.0848388671875,derivative_excluded
-1.0849609375,-1.08489990234375,derivative_excluded
-1.08502197265625,-1.0849609375,derivative_excluded
-1.0850830078125,-1.08502197265625,derivative_excluded
-1.08514404296875,-1.0850830078125,derivative_excluded
-1.085205078125,-1.08514404296875,derivative_excluded
-1.08526611328125,-1.085205078125,derivative_excluded
-1.0853271484375,-1.08526611328125,derivative_excluded
-1.08538818359375,-1.0853271484375,derivative_excluded
-1.08544921875,-1.08538818359375,derivative_excluded
-1.08551025390625,-1.08544921875,derivative_excluded
-1.0855712890625,-1.08551025390625,derivative_excluded
-1.08563232421875,-1.0855712890625,derivative_excluded
-1.085693359375,-1.08563232421875,derivative_excluded
-1.08575439453125,-1.085693359375,derivative_excluded
-1.0858154296875,-1.08575439453125,derivative_excluded
-1.08587646484375,-1.0858154296875,derivative_excluded
-1.0859375,-1.08587646484375,derivative_excluded
-1.08599853515625,-1.0859375,derivative_excluded
-1.0860595703125,-1.08599853515625,derivative_excluded
-1.08612060546875,-1.0860595703125,derivative_excluded
-1.086181640625,-1.08612060546875,derivative_excluded
-1.08624267578125,-1.086181640625,derivative_excluded
-1.0863037109375,-1.08624267578125,derivative_excluded
-1.08636474609375,-1.0863037109375,derivative_excluded
-1.08642578125,-1.08636474609375,derivative_excluded
-1.08648681640625,-1.08642578125,derivative_excluded
-1.0865478515625,-1.08648681640625,derivative_excluded
-1.08660888671875,-1.0865478515625,derivative_excluded
-1.086669921875,-1.08660888671875,derivative_excluded
-1.08673095703125,-1.086669921875,derivative_excluded
-1.0867919921875,-1.08673095703125,derivative_excluded
-1.08685302734375,-1.0867919921875,derivative_excluded
-1.0869140625,-1.08685302734375,derivative_excluded
-1.08697509765625,-1.0869140625,derivative_excluded
-1.0870361328125,-1.08697509765625,derivative_excluded
-1.08709716796875,-1.0870361328125,derivative_excluded
-1.087158203125,-1.08709716796875,derivative_excluded
-1.08721923828125,-1.087158203125,derivative_excluded
-1.0872802734375,-1.08721923828125,derivative_excluded
-1.08734130859375,-1.0872802734375,derivative_excluded
-1.08740234375,-1.08734130859375,derivative_excluded
-1.08746337890625,-1.08740234375,derivative_excluded
-1.0875244140625,-1.08746337890625,derivative_excluded
-1.08758544921875,-1.0875244140625,derivative_excluded
-1.087646484375,-1.08758544921875,derivative_excluded
-1.08770751953125,-1.087646484375,derivative_excluded
-1.0877685546875,-1.08770751953125,derivative_excluded
-1.08782958984375,-1.0877685546875,derivative_excluded
-1.087890625,-1.08782958984375,derivative_excluded
-1.08795166015625,-1.087890625,derivative_excluded
-1.0880126953125,-1.08795166015625,derivative_excluded
-1.08807373046875,-1.0880126953125,derivative_excluded
-1.088134765625,-1.08807373046875,derivative_excluded
-1.08819580078125,-1.088134765625,derivative_excluded
-1.0882568359375,-1.08819580078125,derivative_excluded
-1.08831787109375,-1.0882568359375,derivative_excluded
-1.08837890625,-1.08831787109375,derivative_excluded
-1.08843994140625,-1.08837890625,derivative_excluded
-1.0885009765625,-1.08843994140625,derivative_excluded
-1.08856201171875,-1.0885009765625,derivative_excluded
-1.088623046875,-1.08856201171875,derivative_excluded
-1.08868408203125,-1.088623046875,derivative_excluded
-1.0887451171875,-1.08868408203125,derivative_excluded
-1.08880615234375,-1.0887451171875,derivative_excluded
-1.0888671875,-1.08880615234375,derivative_excluded
-1.08892822265625,-1.0888671875,derivative_excluded
-1.0889892578125,-1.08892822265625,derivative_excluded
-1.08905029296875,-1.0889892578125,derivative_excluded
-1.089111328125,-1.08905029296875,derivative_excluded
-1.08917236328125,-1.089111328125,derivative_excluded
-1.0892333984375,-1.08917236328125,derivative_excluded
-1.08929443359375,-1.0892333984375,derivative_excluded
-1.08935546875,-1.08929443359375,derivative_excluded
-1.08941650390625,-1.08935546875,derivative_excluded
-1.0894775390625,-1.08941650390625,derivative_excluded
-1.08953857421875,-1.0894775390625,derivative_excluded
-1.089599609375,-1.08953857421875,derivative_excluded
-1.08966064453125,-1.089599609375,derivative_excluded
-1.0897216796875,-1.08966064453125,derivative_excluded
-1.08978271484375,-1.0897216796875,derivative_excluded
-1.08984375,-1.08978271484375,derivative_excluded
-1.08990478515625,-1.08984375,derivative_excluded
-1.0899658203125,-1.08990478515625,derivative_excluded
-1.09002685546875,-1.0899658203125,derivative_excluded
-1.090087890625,-1.09002685546875,derivative_excluded
-1.09014892578125,-1.090087890625,derivative_excluded
-1.0902099609375,-1.09014892578125,derivative_excluded
-1.09027099609375,-1.0902099609375,derivative_excluded
-1.09033203125,-1.09027099609375,derivative_excluded
-1.09039306640625,-1.09033203125,derivative_excluded
-1.0904541015625,-1.09039306640625,derivative_excluded
-1.09051513671875,-1.0904541015625,derivative_excluded
-1.090576171875,-1.09051513671875,derivative_excluded
-1.09063720703125,-1.090576171875,derivative_excluded
-1.0906982421875,-1.09063720703125,derivative_excluded
-1.09075927734375,-1.0906982421875,derivative_excluded
-1.0908203125,-1.09075927734375,derivative_excluded
-1.09088134765625,-1.0908203125,derivative_excluded
-1.0909423828125,-1.09088134765625,derivative_excluded
-1.09100341796875,-1.0909423828125,derivative_excluded
-1.091064453125,-1.09100341796875,derivative_excluded
-1.09112548828125,-1.091064453125,derivative_excluded
-1.0911865234375,-1.09112548828125,derivative_excluded
-1.09124755859375,-1.0911865234375,derivative_excluded
-1.09130859375,-1.09124755859375,derivative_excluded
-1.09136962890625,-1.09130859375,derivative_excluded
-1.0914306640625,-1.09136962890625,derivative_excluded
-1.09149169921875,-1.0914306640625,derivative_excluded
-1.091552734375,-1.09149169921875,derivative_excluded
-1.09161376953125,-1.091552734375,derivative_excluded
-1.0916748046875,-1.09161376953125,derivative_excluded
-1.09173583984375,-1.0916748046875,derivative_excluded
-1.091796875,-1.09173583984375,derivative_excluded
-1.09185791015625,-1.091796875,derivative_excluded
-1.0919189453125,-1.09185791015625,derivative_excluded
-1.09197998046875,-1.0919189453125,derivative_excluded
-1.092041015625,-1.09197998046875,derivative_excluded
-1.09210205078125,-1.092041015625,derivative_excluded
-1.0921630859375,-1.09210205078125,derivative_excluded
-1.09222412109375,-1.0921630859375,derivative_excluded
-1.09228515625,-1.09222412109375,derivative_excluded
-1.09234619140625,-1.09228515625,derivative_excluded
-1.0924072265625,-1.09234619140625,derivative_excluded
-1.09246826171875,-1.0924072265625,derivative_excluded
-1.092529296875,-1.09246826171875,derivative_excluded
-1.09259033203125,-1.092529296875,derivative_excluded
-1.0926513671875,-1.09259033203125,derivative_excluded
-1.09271240234375,-1.0926513671875,derivative_excluded
-1.0927734375,-1.09271240234375,derivative_excluded
-1.09283447265625,-1.0927734375,derivative_excluded
-1.0928955078125,-1.09283447265625,derivative_excluded
-1.09295654296875,-1.0928955078125,derivative_excluded
-1.093017578125,-1.09295654296875,derivative_excluded
-1.09307861328125,-1.093017578125,derivative_excluded
-1.0931396484375,-1.09307861328125,derivative_excluded
-1.09320068359375,-1.0931396484375,derivative_excluded
-1.09326171875,-1.09320068359375,derivative_excluded
-1.09332275390625,-1.09326171875,derivative_excluded
-1.0933837890625,-1.09332275390625,derivative_excluded
-1.09344482421875,-1.0933837890625,derivative_excluded
-1.093505859375,-1.09344482421875,derivative_excluded
-1.09356689453125,-1.093505859375,derivative_excluded
-1.0936279296875,-1.09356689453125,derivative_excluded
-1.09368896484375,-1.0936279296875,derivative_excluded
-1.09375,-1.09368896484375,derivative_excluded
-1.09381103515625,-1.09375,derivative_excluded
-1.0938720703125,-1.09381103515625,derivative_excluded
-1.09393310546875,-1.0938720703125,derivative_excluded
-1.093994140625,-1.09393310546875,derivative_excluded
-1.09405517578125,-1.093994140625,derivative_excluded
-1.0941162109375,-1.09405517578125,derivative_excluded
-1.09417724609375,-1.0941162109375,derivative_excluded
-1.09423828125,-1.09417724609375,derivative_excluded
-1.09429931640625,-1.09423828125,derivative_excluded
-1.0943603515625,-1.09429931640625,derivative_excluded
-1.09442138671875,-1.0943603515625,derivative_excluded
-1.094482421875,-1.09442138671875,derivative_excluded
-1.09454345703125,-1.094482421875,derivative_excluded
-1.0946044921875,-1.09454345703125,derivative_excluded
-1.09466552734375,-1.0946044921875,derivative_excluded
-1.0947265625,-1.09466552734375,derivative_excluded
-1.09478759765625,-1.0947265625,derivative_excluded
-1.0948486328125,-1.09478759765625,derivative_excluded
-1.09490966796875,-1.0948486328125,derivative_excluded
-1.094970703125,-1.09490966796875,derivative_excluded
-1.09503173828125,-1.094970703125,derivative_excluded
-1.0950927734375,-1.09503173828125,derivative_excluded
-1.09515380859375,-1.0950927734375,derivative_excluded
-1.09521484375,-1.09515380859375,derivative_excluded
-1.09527587890625,-1.09521484375,derivative_excluded
-1.0953369140625,-1.09527587890625,derivative_excluded
-1.09539794921875,-1.0953369140625,derivative_excluded
-1.095458984375,-1.09539794921875,derivative_excluded
-1.09552001953125,-1.095458984375,derivative_excluded
-1.0955810546875,-1.09552001953125,derivative_excluded
-1.09564208984375,-1.0955810546875,derivative_excluded
-1.095703125,-1.09564208984375,derivative_excluded
-1.09576416015625,-1.095703125,derivative_excluded
-1.0958251953125,-1.09576416015625,derivative_excluded
-1.09588623046875,-1.0958251953125,derivative_excluded
-1.095947265625,-1.09588623046875,derivative_excluded
-1.09600830078125,-1.095947265625,derivative_excluded
-1.0960693359375,-1.09600830078125,derivative_excluded
-1.09613037109375,-1.0960693359375,derivative_excluded
-1.09619140625,-1.09613037109375,derivative_excluded
-1.09625244140625,-1.09619140625,derivative_excluded
-1.0963134765625,-1.09625244140625,derivative_excluded
-1.09637451171875,-1.0963134765625,derivative_excluded
-1.096435546875,-1.09637451171875,derivative_excluded
-1.09649658203125,-1.096435546875,derivative_excluded
-1.0965576171875,-1.09649658203125,derivative_excluded
-1.09661865234375,-1.0965576171875,derivative_excluded
-1.0966796875,-1.09661865234375,derivative_excluded
-1.09674072265625,-1.0966796875,derivative_excluded
-1.0968017578125,-1.09674072265625,derivative_excluded
-1.09686279296875,-1.0968017578125,derivative_excluded
-1.096923828125,-1.09686279296875,derivative_excluded
-1.09698486328125,-1.096923828125,derivative_excluded
-1.0970458984375,-1.09698486328125,derivative_excluded
-1.09710693359375,-1.0970458984375,derivative_excluded
-1.09716796875,-1.09710693359375,derivative_excluded
-1.09722900390625,-1.09716796875,derivative_excluded
-1.0972900390625,-1.09722900390625,derivative_excluded
-1.09735107421875,-1.0972900390625,derivative_excluded
-1.097412109375,-1.09735107421875,derivative_excluded
-1.09747314453125,-1.097412109375,derivative_excluded
-1.0975341796875,-1.09747314453125,derivative_excluded
-1.09759521484375,-1.0975341796875,derivative_excluded
-1.09765625,-1.09759521484375,derivative_excluded
-1.09771728515625,-1.09765625,derivative_excluded
-1.0977783203125,-1.09771728515625,derivative_excluded
-1.09783935546875,-1.0977783203125,derivative_excluded
-1.097900390625,-1.09783935546875,derivative_excluded
-1.09796142578125,-1.097900390625,derivative_excluded
-1.0980224609375,-1.09796142578125,derivative_excluded
-1.09808349609375,-1.0980224609375,derivative_excluded
-1.09814453125,-1.09808349609375,derivative_excluded
-1.09820556640625,-1.09814453125,derivative_excluded
-1.0982666015625,-1.09820556640625,derivative_excluded
-1.09832763671875,-1.0982666015625,derivative_excluded
-1.098388671875,-1.09832763671875,derivative_excluded
-1.09844970703125,-1.098388671875,derivative_excluded
-1.0985107421875,-1.09844970703125,derivative_excluded
-1.09857177734375,-1.0985107421875,derivative_excluded
-1.0986328125,-1.09857177734375,derivative_excluded
-1.09869384765625,-1.0986328125,derivative_excluded
-1.0987548828125,-1.09869384765625,derivative_excluded
-1.09881591796875,-1.0987548828125,derivative_excluded
-1.098876953125,-1.09881591796875,derivative_excluded
-1.09893798828125,-1.098876953125,derivative_excluded
-1.0989990234375,-1.09893798828125,derivative_excluded
-1.09906005859375,-1.0989990234375,derivative_excluded
-1.09912109375,-1.09906005859375,derivative_excluded
-1.09918212890625,-1.09912109375,derivative_excluded
-1.0992431640625,-1.09918212890625,derivative_excluded
-1.09930419921875,-1.0992431640625,derivative_excluded
-1.099365234375,-1.09930419921875,derivative_excluded
-1.09942626953125,-1.099365234375,derivative_excluded
-1.0994873046875,-1.09942626953125,derivative_excluded
-1.09954833984375,-1.0994873046875,derivative_excluded
-1.099609375,-1.09954833984375,derivative_excluded
-1.09967041015625,-1.099609375,derivative_excluded
-1.0997314453125,-1.09967041015625,derivative_excluded
-1.09979248046875,-1.0997314453125,derivative_excluded
-1.099853515625,-1.09979248046875,derivative_excluded
-1.09991455078125,-1.099853515625,derivative_excluded
-1.0999755859375,-1.09991455078125,derivative_excluded
-1.10003662109375,-1.0999755859375,derivative_excluded
-1.10009765625,-1.10003662109375,derivative_excluded
-1.10015869140625,-1.10009765625,derivative_excluded
-1.1002197265625,-1.10015869140625,derivative_excluded
-1.10028076171875,-1.1002197265625,derivative_excluded
-1.100341796875,-1.10028076171875,derivative_excluded
-1.10040283203125,-1.100341796875,derivative_excluded
-1.1004638671875,-1.10040283203125,derivative_excluded
-1.10052490234375,-1.1004638671875,derivative_excluded
-1.1005859375,-1.10052490234375,derivative_excluded
-1.10064697265625,-1.1005859375,derivative_excluded
-1.1007080078125,-1.10064697265625,derivative_excluded
-1.10076904296875,-1.1007080078125,derivative_excluded
-1.100830078125,-1.10076904296875,derivative_excluded
-1.10089111328125,-1.100830078125,derivative_excluded
-1.1009521484375,-1.10089111328125,derivative_excluded
-1.10101318359375,-1.1009521484375,derivative_excluded
-1.10107421875,-1.10101318359375,derivative_excluded
-1.10113525390625,-1.10107421875,derivative_excluded
-1.1011962890625,-1.10113525390625,derivative_excluded
-1.10125732421875,-1.1011962890625,derivative_excluded
-1.101318359375,-1.10125732421875,derivative_excluded
-1.10137939453125,-1.101318359375,derivative_excluded
-1.1014404296875,-1.10137939453125,derivative_excluded
-1.10150146484375,-1.1014404296875,derivative_excluded
-1.1015625,-1.10150146484375,derivative_excluded
-1.10162353515625,-1.1015625,derivative_excluded
-1.1016845703125,-1.10162353515625,derivative_excluded
-1.10174560546875,-1.1016845703125,derivative_excluded
-1.101806640625,-1.10174560546875,derivative_excluded
-1.10186767578125,-1.101806640625,derivative_excluded
-1.1019287109375,-1.10186767578125,derivative_excluded
-1.10198974609375,-1.1019287109375,derivative_excluded
-1.10205078125,-1.10198974609375,derivative_excluded
-1.10211181640625,-1.10205078125,derivative_excluded
-1.1021728515625,-1.10211181640625,derivative_excluded
-1.10223388671875,-1.1021728515625,derivative_excluded
-1.102294921875,-1.10223388671875,derivative_excluded
-1.10235595703125,-1.102294921875,derivative_excluded
-1.1024169921875,-1.10235595703125,derivative_excluded
-1.10247802734375,-1.1024169921875,derivative_excluded
-1.1025390625,-1.10247802734375,derivative_excluded
-1.10260009765625,-1.1025390625,derivative_excluded
-1.1026611328125,-1.10260009765625,derivative_excluded
-1.10272216796875,-1.1026611328125,derivative_excluded
-1.102783203125,-1.10272216796875,derivative_excluded
-1.10284423828125,-1.102783203125,derivative_excluded
-1.1029052734375,-1.10284423828125,derivative_excluded
-1.10296630859375,-1.1029052734375,derivative_excluded
-1.10302734375,-1.10296630859375,derivative_excluded
-1.10308837890625,-1.10302734375,derivative_excluded
-1.1031494140625,-1.10308837890625,derivative_excluded
-1.10321044921875,-1.1031494140625,derivative_excluded
-1.103271484375,-1.10321044921875,derivative_excluded
-1.10333251953125,-1.103271484375,derivative_excluded
-1.1033935546875,-1.10333251953125,derivative_excluded
-1.10345458984375,-1.1033935546875,derivative_excluded
-1.103515625,-1.10345458984375,derivative_excluded
-1.10357666015625,-1.103515625,derivative_excluded
-1.1036376953125,-1.10357666015625,derivative_excluded
-1.10369873046875,-1.1036376953125,derivative_excluded
-1.103759765625,-1.10369873046875,derivative_excluded
-1.10382080078125,-1.103759765625,derivative_excluded
-1.1038818359375,-1.10382080078125,derivative_excluded
-1.10394287109375,-1.1038818359375,derivative_excluded
-1.10400390625,-1.10394287109375,derivative_excluded
-1.10406494140625,-1.10400390625,derivative_excluded
-1.1041259765625,-1.10406494140625,derivative_excluded
-1.10418701171875,-1.1041259765625,derivative_excluded
-1.104248046875,-1.10418701171875,derivative_excluded
-1.10430908203125,-1.104248046875,derivative_excluded
-1.1043701171875,-1.10430908203125,derivative_excluded
-1.10443115234375,-1.1043701171875,derivative_excluded
-1.1044921875,-1.10443115234375,derivative_excluded
-1.10455322265625,-1.1044921875,derivative_excluded
-1.1046142578125,-1.10455322265625,derivative_excluded
-1.10467529296875,-1.1046142578125,derivative_excluded
-1.104736328125,-1.10467529296875,derivative_excluded
-1.10479736328125,-1.104736328125,derivative_excluded
-1.1048583984375,-1.10479736328125,derivative_excluded
-1.10491943359375,-1.1048583984375,derivative_excluded
-1.10498046875,-1.10491943359375,derivative_excluded
-1.10504150390625,-1.10498046875,derivative_excluded
-1.1051025390625,-1.10504150390625,derivative_excluded
-1.10516357421875,-1.1051025390625,derivative_excluded
-1.105224609375,-1.10516357421875,derivative_excluded
-1.10528564453125,-1.105224609375,derivative_excluded
-1.1053466796875,-1.10528564453125,derivative_excluded
-1.10540771484375,-1.1053466796875,derivative_excluded
-1.10546875,-1.10540771484375,derivative_excluded
-1.10552978515625,-1.10546875,derivative_excluded
-1.1055908203125,-1.10552978515625,derivative_excluded
-1.10565185546875,-1.1055908203125,derivative_excluded
-1.105712890625,-1.10565185546875,derivative_excluded
-1.10577392578125,-1.105712890625,derivative_excluded
-1.1058349609375,-1.10577392578125,derivative_excluded
-1.10589599609375,-1.1058349609375,derivative_excluded
-1.10595703125,-1.10589599609375,derivative_excluded
-1.10601806640625,-1.10595703125,derivative_excluded
-1.1060791015625,-1.10601806640625,derivative_excluded
-1.10614013671875,-1.1060791015625,derivative_excluded
-1.106201171875,-1.10614013671875,derivative_excluded
-1.10626220703125,-1.106201171875,derivative_excluded
-1.1063232421875,-1.10626220703125,derivative_excluded
-1.10638427734375,-1.1063232421875,derivative_excluded
-1.1064453125,-1.10638427734375,derivative_excluded
-1.10650634765625,-1.1064453125,derivative_excluded
-1.1065673828125,-1.10650634765625,derivative_excluded
-1.10662841796875,-1.1065673828125,derivative_excluded
-1.106689453125,-1.10662841796875,derivative_excluded
-1.10675048828125,-1.106689453125,derivative_excluded
-1.1068115234375,-1.10675048828125,derivative_excluded
-1.10687255859375,-1.1068115234375,derivative_excluded
-1.10693359375,-1.10687255859375,derivative_excluded
-1.10699462890625,-1.10693359375,derivative_excluded
-1.1070556640625,-1.10699462890625,derivative_excluded
-1.10711669921875,-1.1070556640625,derivative_excluded
-1.107177734375,-1.10711669921875,derivative_excluded
-1.10723876953125,-1.107177734375,derivative_excluded
-1.1072998046875,-1.10723876953125,derivative_excluded
-1.10736083984375,-1.1072998046875,derivative_excluded
-1.107421875,-1.10736083984375,derivative_excluded
-1.10748291015625,-1.107421875,derivative_excluded
-1.1075439453125,-1.10748291015625,derivative_excluded
-1.10760498046875,-1.1075439453125,derivative_excluded
-1.107666015625,-1.10760498046875,derivative_excluded
-1.10772705078125,-1.107666015625,derivative_excluded
-1.1077880859375,-1.10772705078125,derivative_excluded
-1.10784912109375,-1.1077880859375,derivative_excluded
-1.10791015625,-1.10784912109375,derivative_excluded
-1.10797119140625,-1.10791015625,derivative_excluded
-1.1080322265625,-1.10797119140625,derivative_excluded
-1.10809326171875,-1.1080322265625,derivative_excluded
-1.108154296875,-1.10809326171875,derivative_excluded
-1.10821533203125,-1.108154296875,derivative_excluded
-1.1082763671875,-1.10821533203125,derivative_excluded
-1.10833740234375,-1.1082763671875,derivative_excluded
-1.1083984375,-1.10833740234375,derivative_excluded
-1.10845947265625,-1.1083984375,derivative_excluded
-1.1085205078125,-1.10845947265625,derivative_excluded
-1.10858154296875,-1.1085205078125,derivative_excluded
-1.108642578125,-1.10858154296875,derivative_excluded
-1.10870361328125,-1.108642578125,derivative_excluded
-1.1087646484375,-1.10870361328125,derivative_excluded
-1.10882568359375,-1.1087646484375,derivative_excluded
-1.10888671875,-1.10882568359375,derivative_excluded
-1.10894775390625,-1.10888671875,derivative_excluded
-1.1090087890625,-1.10894775390625,derivative_excluded
-1.10906982421875,-1.1090087890625,derivative_excluded
-1.109130859375,-1.10906982421875,derivative_excluded
-1.10919189453125,-1.109130859375,derivative_excluded
-1.1092529296875,-1.10919189453125,derivative_excluded
-1.10931396484375,-1.1092529296875,derivative_excluded
-1.109375,-1.10931396484375,derivative_excluded
-1.10943603515625,-1.109375,derivative_excluded
-1.1094970703125,-1.10943603515625,derivative_excluded
-1.10955810546875,-1.1094970703125,derivative_excluded
-1.109619140625,-1.10955810546875,derivative_excluded
-1.10968017578125,-1.109619140625,derivative_excluded
-1.1097412109375,-1.10968017578125,derivative_excluded
-1.10980224609375,-1.1097412109375,derivative_excluded
-1.10986328125,-1.10980224609375,derivative_excluded
-1.10992431640625,-1.10986328125,derivative_excluded
-1.1099853515625,-1.10992431640625,derivative_excluded
-1.11004638671875,-1.1099853515625,derivative_excluded
-1.110107421875,-1.11004638671875,derivative_excluded
-1.11016845703125,-1.110107421875,derivative_excluded
-1.1102294921875,-1.11016845703125,derivative_excluded
-1.11029052734375,-1.1102294921875,derivative_excluded
-1.1103515625,-1.11029052734375,derivative_excluded
-1.11041259765625,-1.1103515625,derivative_excluded
-1.1104736328125,-1.11041259765625,derivative_excluded
-1.11053466796875,-1.1104736328125,derivative_excluded
-1.110595703125,-1.11053466796875,derivative_excluded
-1.11065673828125,-1.110595703125,derivative_excluded
-1.1107177734375,-1.11065673828125,derivative_excluded
-1.11077880859375,-1.1107177734375,derivative_excluded
-1.11083984375,-1.11077880859375,derivative_excluded
-1.11090087890625,-1.11083984375,derivative_excluded
-1.1109619140625,-1.11090087890625,derivative_excluded
-1.11102294921875,-1.1109619140625,derivative_excluded
-1.111083984375,-1.11102294921875,derivative_excluded
-1.11114501953125,-1.111083984375,derivative_excluded
-1.1112060546875,-1.11114501953125,derivative_excluded
-1.11126708984375,-1.1112060546875,derivative_excluded
-1.111328125,-1.11126708984375,derivative_excluded
-1.11138916015625,-1.111328125,derivative_excluded
-1.1114501953125,-1.11138916015625,derivative_excluded
-1.11151123046875,-1.1114501953125,derivative_excluded
-1.111572265625,-1.11151123046875,derivative_excluded
-1.11163330078125,-1.111572265625,derivative_excluded
-1.1116943359375,-1.11163330078125,derivative_excluded
-1.11175537109375,-1.1116943359375,derivative_excluded
-1.11181640625,-1.11175537109375,derivative_excluded
-1.11187744140625,-1.11181640625,derivative_excluded
-1.1119384765625,-1.11187744140625,derivative_excluded
-1.11199951171875,-1.1119384765625,derivative_excluded
-1.112060546875,-1.11199951171875,derivative_excluded
-1.11212158203125,-1.112060546875,derivative_excluded
-1.1121826171875,-1.11212158203125,derivative_excluded
-1.11224365234375,-1.1121826171875,derivative_excluded
-1.1123046875,-1.11224365234375,derivative_excluded
-1.11236572265625,-1.1123046875,derivative_excluded
-1.1124267578125,-1.11236572265625,derivative_excluded
-1.11248779296875,-1.1124267578125,derivative_excluded
-1.112548828125,-1.11248779296875,derivative_excluded
-1.11260986328125,-1.112548828125,derivative_excluded
-1.1126708984375,-1.11260986328125,derivative_excluded
-1.11273193359375,-1.1126708984375,derivative_excluded
-1.11279296875,-1.11273193359375,derivative_excluded
-1.11285400390625,-1.11279296875,derivative_excluded
-1.1129150390625,-1.11285400390625,derivative_excluded
-1.11297607421875,-1.1129150390625,derivative_excluded
-1.113037109375,-1.11297607421875,derivative_excluded
-1.11309814453125,-1.113037109375,derivative_excluded
-1.1131591796875,-1.11309814453125,derivative_excluded
-1.11322021484375,-1.1131591796875,derivative_excluded
-1.11328125,-1.11322021484375,derivative_excluded
-1.11334228515625,-1.11328125,derivative_excluded
-1.1134033203125,-1.11334228515625,derivative_excluded
-1.11346435546875,-1.1134033203125,derivative_excluded
-1.113525390625,-1.11346435546875,derivative_excluded
-1.11358642578125,-1.113525390625,derivative_excluded
-1.1136474609375,-1.11358642578125,derivative_excluded
-1.11370849609375,-1.1136474609375,derivative_excluded
-1.11376953125,-1.11370849609375,derivative_excluded
-1.11383056640625,-1.11376953125,derivative_excluded
-1.1138916015625,-1.11383056640625,derivative_excluded
-1.11395263671875,-1.1138916015625,derivative_excluded
-1.114013671875,-1.11395263671875,derivative_excluded
-1.11407470703125,-1.114013671875,derivative_excluded
-1.1141357421875,-1.11407470703125,derivative_excluded
-1.11419677734375,-1.1141357421875,derivative_excluded
-1.1142578125,-1.11419677734375,derivative_excluded
-1.11431884765625,-1.1142578125,derivative_excluded
-1.1143798828125,-1.11431884765625,derivative_excluded
-1.11444091796875,-1.1143798828125,derivative_excluded
-1.114501953125,-1.11444091796875,derivative_excluded
-1.11456298828125,-1.114501953125,derivative_excluded
-1.1146240234375,-1.11456298828125,derivative_excluded
-1.11468505859375,-1.1146240234375,derivative_excluded
-1.11474609375,-1.11468505859375,derivative_excluded
-1.11480712890625,-1.11474609375,derivative_excluded
-1.1148681640625,-1.11480712890625,derivative_excluded
-1.11492919921875,-1.1148681640625,derivative_excluded
-1.114990234375,-1.11492919921875,derivative_excluded
-1.11505126953125,-1.114990234375,derivative_excluded
-1.1151123046875,-1.11505126953125,derivative_excluded
-1.11517333984375,-1.1151123046875,derivative_excluded
-1.115234375,-1.11517333984375,derivative_excluded
-1.11529541015625,-1.115234375,derivative_excluded
-1.1153564453125,-1.11529541015625,derivative_excluded
-1.11541748046875,-1.1153564453125,derivative_excluded
-1.115478515625,-1.11541748046875,derivative_excluded
-1.11553955078125,-1.115478515625,derivative_excluded
-1.1156005859375,-1.11553955078125,derivative_excluded
-1.11566162109375,-1.1156005859375,derivative_excluded
-1.11572265625,-1.11566162109375,derivative_excluded
-1.11578369140625,-1.11572265625,derivative_excluded
-1.1158447265625,-1.11578369140625,derivative_excluded
-1.11590576171875,-1.1158447265625,derivative_excluded
-1.115966796875,-1.11590576171875,derivative_excluded
-1.11602783203125,-1.115966796875,derivative_excluded
-1.1160888671875,-1.11602783203125,derivative_excluded
-1.11614990234375,-1.1160888671875,derivative_excluded
-1.1162109375,-1.11614990234375,derivative_excluded
-1.11627197265625,-1.1162109375,derivative_excluded
-1.1163330078125,-1.11627197265625,derivative_excluded
-1.11639404296875,-1.1163330078125,derivative_excluded
-1.116455078125,-1.11639404296875,derivative_excluded
-1.11651611328125,-1.116455078125,derivative_excluded
-1.1165771484375,-1.11651611328125,derivative_excluded
-1.11663818359375,-1.1165771484375,derivative_excluded
-1.11669921875,-1.11663818359375,derivative_excluded
-1.11676025390625,-1.11669921875,derivative_excluded
-1.1168212890625,-1.11676025390625,derivative_excluded
-1.11688232421875,-1.1168212890625,derivative_excluded
-1.116943359375,-1.11688232421875,derivative_excluded
-1.11700439453125,-1.116943359375,derivative_excluded
-1.1170654296875,-1.11700439453125,derivative_excluded
-1.11712646484375,-1.1170654296875,derivative_excluded
-1.1171875,-1.11712646484375,derivative_excluded
-1.11724853515625,-1.1171875,derivative_excluded
-1.1173095703125,-1.11724853515625,derivative_excluded
-1.11737060546875,-1.1173095703125,derivative_excluded
-1.117431640625,-1.11737060546875,derivative_excluded
-1.11749267578125,-1.117431640625,derivative_excluded
-1.1175537109375,-1.11749267578125,derivative_excluded
-1.11761474609375,-1.1175537109375,derivative_excluded
-1.11767578125,-1.11761474609375,derivative_excluded
-1.11773681640625,-1.11767578125,derivative_excluded
-1.1177978515625,-1.11773681640625,derivative_excluded
-1.11785888671875,-1.1177978515625,derivative_excluded
-1.117919921875,-1.11785888671875,derivative_excluded
-1.11798095703125,-1.117919921875,derivative_excluded
-1.1180419921875,-1.11798095703125,derivative_excluded
-1.11810302734375,-1.1180419921875,derivative_excluded
-1.1181640625,-1.11810302734375,derivative_excluded
-1.11822509765625,-1.1181640625,derivative_excluded
-1.1182861328125,-1.11822509765625,derivative_excluded
-1.11834716796875,-1.1182861328125,derivative_excluded
-1.118408203125,-1.11834716796875,derivative_excluded
-1.11846923828125,-1.118408203125,derivative_excluded
-1.1185302734375,-1.11846923828125,derivative_excluded
-1.11859130859375,-1.1185302734375,derivative_excluded
-1.11865234375,-1.11859130859375,derivative_excluded
-1.11871337890625,-1.11865234375,derivative_excluded
-1.1187744140625,-1.11871337890625,derivative_excluded
-1.11883544921875,-1.1187744140625,derivative_excluded
-1.118896484375,-1.11883544921875,derivative_excluded
-1.11895751953125,-1.118896484375,derivative_excluded
-1.1190185546875,-1.11895751953125,derivative_excluded
-1.11907958984375,-1.1190185546875,derivative_excluded
-1.119140625,-1.11907958984375,derivative_excluded
-1.11920166015625,-1.119140625,derivative_excluded
-1.1192626953125,-1.11920166015625,derivative_excluded
-1.11932373046875,-1.1192626953125,derivative_excluded
-1.119384765625,-1.11932373046875,derivative_excluded
-1.11944580078125,-1.119384765625,derivative_excluded
-1.1195068359375,-1.11944580078125,derivative_excluded
-1.11956787109375,-1.1195068359375,derivative_excluded
-1.11962890625,-1.11956787109375,derivative_excluded
-1.11968994140625,-1.11962890625,derivative_excluded
-1.1197509765625,-1.11968994140625,derivative_excluded
-1.11981201171875,-1.1197509765625,derivative_excluded
-1.119873046875,-1.11981201171875,derivative_excluded
-1.11993408203125,-1.119873046875,derivative_excluded
-1.1199951171875,-1.11993408203125,derivative_excluded
-1.12005615234375,-1.1199951171875,derivative_excluded
-1.1201171875,-1.12005615234375,derivative_excluded
-1.12017822265625,-1.1201171875,derivative_excluded
-1.1202392578125,-1.12017822265625,derivative_excluded
-1.12030029296875,-1.1202392578125,derivative_excluded
-1.120361328125,-1.12030029296875,derivative_excluded
-1.12042236328125,-1.120361328125,derivative_excluded
-1.1204833984375,-1.12042236328125,derivative_excluded
-1.12054443359375,-1.1204833984375,derivative_excluded
-1.12060546875,-1.12054443359375,derivative_excluded
-1.12066650390625,-1.12060546875,derivative_excluded
-1.1207275390625,-1.12066650390625,derivative_excluded
-1.12078857421875,-1.1207275390625,derivative_excluded
-1.120849609375,-1.12078857421875,derivative_excluded
-1.12091064453125,-1.120849609375,derivative_excluded
-1.1209716796875,-1.12091064453125,derivative_excluded
-1.12103271484375,-1.1209716796875,derivative_excluded
-1.12109375,-1.12103271484375,derivative_excluded
-1.12115478515625,-1.12109375,derivative_excluded
-1.1212158203125,-1.12115478515625,derivative_excluded
-1.12127685546875,-1.1212158203125,derivative_excluded
-1.121337890625,-1.12127685546875,derivative_excluded
-1.12139892578125,-1.121337890625,derivative_excluded
-1.1214599609375,-1.12139892578125,derivative_excluded
-1.12152099609375,-1.1214599609375,derivative_excluded
-1.12158203125,-1.12152099609375,derivative_excluded
-1.12164306640625,-1.12158203125,derivative_excluded
-1.1217041015625,-1.12164306640625,derivative_excluded
-1.12176513671875,-1.1217041015625,derivative_excluded
-1.121826171875,-1.12176513671875,derivative_excluded
-1.12188720703125,-1.121826171875,derivative_excluded
-1.1219482421875,-1.12188720703125,derivative_excluded
-1.12200927734375,-1.1219482421875,derivative_excluded
-1.1220703125,-1.12200927734375,derivative_excluded
-1.12213134765625,-1.1220703125,derivative_excluded
-1.1221923828125,-1.12213134765625,derivative_excluded
-1.12225341796875,-1.1221923828125,derivative_excluded
-1.122314453125,-1.12225341796875,derivative_excluded
-1.12237548828125,-1.122314453125,derivative_excluded
-1.1224365234375,-1.12237548828125,derivative_excluded
-1.12249755859375,-1.1224365234375,derivative_excluded
-1.12255859375,-1.12249755859375,derivative_excluded
-1.12261962890625,-1.12255859375,derivative_excluded
-1.1226806640625,-1.12261962890625,derivative_excluded
-1.12274169921875,-1.1226806640625,derivative_excluded
-1.122802734375,-1.12274169921875,derivative_excluded
-1.12286376953125,-1.122802734375,derivative_excluded
-1.1229248046875,-1.12286376953125,derivative_excluded
-1.12298583984375,-1.1229248046875,derivative_excluded
-1.123046875,-1.12298583984375,derivative_excluded
-1.12310791015625,-1.123046875,derivative_excluded
-1.1231689453125,-1.12310791015625,derivative_excluded
-1.12322998046875,-1.1231689453125,derivative_excluded
-1.123291015625,-1.12322998046875,derivative_excluded
-1.12335205078125,-1.123291015625,derivative_excluded
-1.1234130859375,-1.12335205078125,derivative_excluded
-1.12347412109375,-1.1234130859375,derivative_excluded
-1.12353515625,-1.12347412109375,derivative_excluded
-1.12359619140625,-1.12353515625,derivative_excluded
-1.1236572265625,-1.12359619140625,derivative_excluded
-1.12371826171875,-1.1236572265625,derivative_excluded
-1.123779296875,-1.12371826171875,derivative_excluded
-1.12384033203125,-1.123779296875,derivative_excluded
-1.1239013671875,-1.12384033203125,derivative_excluded
-1.12396240234375,-1.1239013671875,derivative_excluded
-1.1240234375,-1.12396240234375,derivative_excluded
-1.12408447265625,-1.1240234375,derivative_excluded
-1.1241455078125,-1.12408447265625,derivative_excluded
-1.12420654296875,-1.1241455078125,derivative_excluded
-1.124267578125,-1.12420654296875,derivative_excluded
-1.12432861328125,-1.124267578125,derivative_excluded
-1.1243896484375,-1.12432861328125,derivative_excluded
-1.12445068359375,-1.1243896484375,derivative_excluded
-1.12451171875,-1.12445068359375,derivative_excluded
-1.12457275390625,-1.12451171875,derivative_excluded
-1.1246337890625,-1.12457275390625,derivative_excluded
-1.12469482421875,-1.1246337890625,derivative_excluded
-1.124755859375,-1.12469482421875,derivative_excluded
-1.12481689453125,-1.124755859375,derivative_excluded
-1.1248779296875,-1.12481689453125,derivative_excluded
-1.12493896484375,-1.1248779296875,derivative_excluded
-1.125,-1.12493896484375,derivative_excluded
-1.12506103515625,-1.125,derivative_excluded
-1.1251220703125,-1.12506103515625,derivative_excluded
-1.12518310546875,-1.1251220703125,derivative_excluded
-1.125244140625,-1.12518310546875,derivative_excluded
-1.12530517578125,-1.125244140625,derivative_excluded
-1.1253662109375,-1.12530517578125,derivative_excluded
-1.12542724609375,-1.1253662109375,derivative_excluded
-1.12548828125,-1.12542724609375,derivative_excluded
-1.12554931640625,-1.12548828125,derivative_excluded
-1.1256103515625,-1.12554931640625,derivative_excluded
-1.12567138671875,-1.1256103515625,derivative_excluded
-1.125732421875,-1.12567138671875,derivative_excluded
-1.12579345703125,-1.125732421875,derivative_excluded
-1.1258544921875,-1.12579345703125,derivative_excluded
-1.12591552734375,-1.1258544921875,derivative_excluded
-1.1259765625,-1.12591552734375,derivative_excluded
-1.12603759765625,-1.1259765625,derivative_excluded
-1.1260986328125,-1.12603759765625,derivative_excluded
-1.12615966796875,-1.1260986328125,derivative_excluded
-1.126220703125,-1.12615966796875,derivative_excluded
-1.12628173828125,-1.126220703125,derivative_excluded
-1.1263427734375,-1.12628173828125,derivative_excluded
-1.12640380859375,-1.1263427734375,derivative_excluded
-1.12646484375,-1.12640380859375,derivative_excluded
-1.12652587890625,-1.12646484375,derivative_excluded
-1.1265869140625,-1.12652587890625,derivative_excluded
-1.12664794921875,-1.1265869140625,derivative_excluded
-1.126708984375,-1.12664794921875,derivative_excluded
-1.12677001953125,-1.126708984375,derivative_excluded
-1.1268310546875,-1.12677001953125,derivative_excluded
-1.12689208984375,-1.1268310546875,derivative_excluded
-1.126953125,-1.12689208984375,derivative_excluded
-1.12701416015625,-1.126953125,derivative_excluded
-1.1270751953125,-1.12701416015625,derivative_excluded
-1.12713623046875,-1.1270751953125,derivative_excluded
-1.127197265625,-1.12713623046875,derivative_excluded
-1.12725830078125,-1.127197265625,derivative_excluded
-1.1273193359375,-1.12725830078125,derivative_excluded
-1.12738037109375,-1.1273193359375,derivative_excluded
-1.12744140625,-1.12738037109375,derivative_excluded
-1.12750244140625,-1.12744140625,derivative_excluded
-1.1275634765625,-1.12750244140625,derivative_excluded
-1.12762451171875,-1.1275634765625,derivative_excluded
-1.127685546875,-1.12762451171875,derivative_excluded
-1.12774658203125,-1.127685546875,derivative_excluded
-1.1278076171875,-1.12774658203125,derivative_excluded
-1.12786865234375,-1.1278076171875,derivative_excluded
-1.1279296875,-1.12786865234375,derivative_excluded
-1.12799072265625,-1.1279296875,derivative_excluded
-1.1280517578125,-1.12799072265625,derivative_excluded
-1.12811279296875,-1.1280517578125,derivative_excluded
-1.128173828125,-1.12811279296875,derivative_excluded
-1.12823486328125,-1.128173828125,derivative_excluded
-1.1282958984375,-1.12823486328125,derivative_excluded
-1.12835693359375,-1.1282958984375,derivative_excluded
-1.12841796875,-1.12835693359375,derivative_excluded
-1.12847900390625,-1.12841796875,derivative_excluded
-1.1285400390625,-1.12847900390625,derivative_excluded
-1.12860107421875,-1.1285400390625,derivative_excluded
-1.128662109375,-1.12860107421875,derivative_excluded
-1.12872314453125,-1.128662109375,derivative_excluded
-1.1287841796875,-1.12872314453125,derivative_excluded
-1.12884521484375,-1.1287841796875,derivative_excluded
-1.12890625,-1.12884521484375,derivative_excluded
-1.12896728515625,-1.12890625,derivative_excluded
-1.1290283203125,-1.12896728515625,derivative_excluded
-1.12908935546875,-1.1290283203125,derivative_excluded
-1.129150390625,-1.12908935546875,derivative_excluded
-1.12921142578125,-1.129150390625,derivative_excluded
-1.1292724609375,-1.12921142578125,derivative_excluded
-1.12933349609375,-1.1292724609375,derivative_excluded
-1.12939453125,-1.12933349609375,derivative_excluded
-1.12945556640625,-1.12939453125,derivative_excluded
-1.1295166015625,-1.12945556640625,derivative_excluded
-1.12957763671875,-1.1295166015625,derivative_excluded
-1.129638671875,-1.12957763671875,derivative_excluded
-1.12969970703125,-1.129638671875,derivative_excluded
-1.1297607421875,-1.12969970703125,derivative_excluded
-1.12982177734375,-1.1297607421875,derivative_excluded
-1.1298828125,-1.12982177734375,derivative_excluded
-1.12994384765625,-1.1298828125,derivative_excluded
-1.1300048828125,-1.12994384765625,derivative_excluded
-1.13006591796875,-1.1300048828125,derivative_excluded
-1.130126953125,-1.13006591796875,derivative_excluded
-1.13018798828125,-1.130126953125,derivative_excluded
-1.1302490234375,-1.13018798828125,derivative_excluded
-1.13031005859375,-1.1302490234375,derivative_excluded
-1.13037109375,-1.13031005859375,derivative_excluded
-1.13043212890625,-1.13037109375,derivative_excluded
-1.1304931640625,-1.13043212890625,derivative_excluded
-1.13055419921875,-1.1304931640625,derivative_excluded
-1.130615234375,-1.13055419921875,derivative_excluded
-1.13067626953125,-1.130615234375,derivative_excluded
-1.1307373046875,-1.13067626953125,derivative_excluded
-1.13079833984375,-1.1307373046875,derivative_excluded
-1.130859375,-1.13079833984375,derivative_excluded
-1.13092041015625,-1.130859375,derivative_excluded
-1.1309814453125,-1.13092041015625,derivative_excluded
-1.13104248046875,-1.1309814453125,derivative_excluded
-1.131103515625,-1.13104248046875,derivative_excluded
-1.13116455078125,-1.131103515625,derivative_excluded
-1.1312255859375,-1.13116455078125,derivative_excluded
-1.13128662109375,-1.1312255859375,derivative_excluded
-1.13134765625,-1.13128662109375,derivative_excluded
-1.13140869140625,-1.13134765625,derivative_excluded
-1.1314697265625,-1.13140869140625,derivative_excluded
-1.13153076171875,-1.1314697265625,derivative_excluded
-1.131591796875,-1.13153076171875,derivative_excluded
-1.13165283203125,-1.131591796875,derivative_excluded
-1.1317138671875,-1.13165283203125,derivative_excluded
-1.13177490234375,-1.1317138671875,derivative_excluded
-1.1318359375,-1.13177490234375,derivative_excluded
-1.13189697265625,-1.1318359375,derivative_excluded
-1.1319580078125,-1.13189697265625,derivative_excluded
-1.13201904296875,-1.1319580078125,derivative_excluded
-1.132080078125,-1.13201904296875,derivative_excluded
-1.13214111328125,-1.132080078125,derivative_excluded
-1.1322021484375,-1.13214111328125,derivative_excluded
-1.13226318359375,-1.1322021484375,derivative_excluded
-1.13232421875,-1.13226318359375,derivative_excluded
-1.13238525390625,-1.13232421875,derivative_excluded
-1.1324462890625,-1.13238525390625,derivative_excluded
-1.13250732421875,-1.1324462890625,derivative_excluded
-1.132568359375,-1.13250732421875,derivative_excluded
-1.13262939453125,-1.132568359375,derivative_excluded
-1.1326904296875,-1.13262939453125,derivative_excluded
-1.13275146484375,-1.1326904296875,derivative_excluded
-1.1328125,-1.13275146484375,derivative_excluded
-1.13287353515625,-1.1328125,derivative_excluded
-1.1329345703125,-1.13287353515625,derivative_excluded
-1.13299560546875,-1.1329345703125,derivative_excluded
-1.133056640625,-1.13299560546875,derivative_excluded
-1.13311767578125,-1.133056640625,derivative_excluded
-1.1331787109375,-1.13311767578125,derivative_excluded
-1.13323974609375,-1.1331787109375,derivative_excluded
-1.13330078125,-1.13323974609375,derivative_excluded
-1.13336181640625,-1.13330078125,derivative_excluded
-1.1334228515625,-1.13336181640625,derivative_excluded
-1.13348388671875,-1.1334228515625,derivative_excluded
-1.133544921875,-1.13348388671875,derivative_excluded
-1.13360595703125,-1.133544921875,derivative_excluded
-1.1336669921875,-1.13360595703125,derivative_excluded
-1.13372802734375,-1.1336669921875,derivative_excluded
-1.1337890625,-1.13372802734375,derivative_excluded
-1.13385009765625,-1.1337890625,derivative_excluded
-1.1339111328125,-1.13385009765625,derivative_excluded
-1.13397216796875,-1.1339111328125,derivative_excluded
-1.134033203125,-1.13397216796875,derivative_excluded
-1.13409423828125,-1.134033203125,derivative_excluded
-1.1341552734375,-1.13409423828125,derivative_excluded
-1.13421630859375,-1.1341552734375,derivative_excluded
-1.13427734375,-1.13421630859375,derivative_excluded
-1.13433837890625,-1.13427734375,derivative_excluded
-1.1343994140625,-1.13433837890625,derivative_excluded
-1.13446044921875,-1.1343994140625,derivative_excluded
-1.134521484375,-1.13446044921875,derivative_excluded
-1.13458251953125,-1.134521484375,derivative_excluded
-1.1346435546875,-1.13458251953125,derivative_excluded
-1.13470458984375,-1.1346435546875,derivative_excluded
-1.134765625,-1.13470458984375,derivative_excluded
-1.13482666015625,-1.134765625,derivative_excluded
-1.1348876953125,-1.13482666015625,derivative_excluded
-1.13494873046875,-1.1348876953125,derivative_excluded
-1.135009765625,-1.13494873046875,derivative_excluded
-1.13507080078125,-1.135009765625,derivative_excluded
-1.1351318359375,-1.13507080078125,derivative_excluded
-1.13519287109375,-1.1351318359375,derivative_excluded
-1.13525390625,-1.13519287109375,derivative_excluded
-1.13531494140625,-1.13525390625,derivative_excluded
-1.1353759765625,-1.13531494140625,derivative_excluded
-1.13543701171875,-1.1353759765625,derivative_excluded
-1.135498046875,-1.13543701171875,derivative_excluded
-1.13555908203125,-1.135498046875,derivative_excluded
-1.1356201171875,-1.13555908203125,derivative_excluded
-1.13568115234375,-1.1356201171875,derivative_excluded
-1.1357421875,-1.13568115234375,derivative_excluded
-1.13580322265625,-1.1357421875,derivative_excluded
-1.1358642578125,-1.13580322265625,derivative_excluded
-1.13592529296875,-1.1358642578125,derivative_excluded
-1.135986328125,-1.13592529296875,derivative_excluded
-1.13604736328125,-1.135986328125,derivative_excluded
-1.1361083984375,-1.13604736328125,derivative_excluded
-1.13616943359375,-1.1361083984375,derivative_excluded
-1.13623046875,-1.13616943359375,derivative_excluded
-1.13629150390625,-1.13623046875,derivative_excluded
-1.1363525390625,-1.13629150390625,derivative_excluded
-1.13641357421875,-1.1363525390625,derivative_excluded
-1.136474609375,-1.13641357421875,derivative_excluded
-1.13653564453125,-1.136474609375,derivative_excluded
-1.1365966796875,-1.13653564453125,derivative_excluded
-1.13665771484375,-1.1365966796875,derivative_excluded
-1.13671875,-1.13665771484375,derivative_excluded
-1.13677978515625,-1.13671875,derivative_excluded
-1.1368408203125,-1.13677978515625,derivative_excluded
-1.13690185546875,-1.1368408203125,derivative_excluded
-1.136962890625,-1.13690185546875,derivative_excluded
-1.13702392578125,-1.136962890625,derivative_excluded
-1.1370849609375,-1.13702392578125,derivative_excluded
-1.13714599609375,-1.1370849609375,derivative_excluded
-1.13720703125,-1.13714599609375,derivative_excluded
-1.13726806640625,-1.13720703125,derivative_excluded
-1.1373291015625,-1.13726806640625,derivative_excluded
-1.13739013671875,-1.1373291015625,derivative_excluded
-1.137451171875,-1.13739013671875,derivative_excluded
-1.13751220703125,-1.137451171875,derivative_excluded
-1.1375732421875,-1.13751220703125,derivative_excluded
-1.13763427734375,-1.1375732421875,derivative_excluded
-1.1376953125,-1.13763427734375,derivative_excluded
-1.13775634765625,-1.1376953125,derivative_excluded
-1.1378173828125,-1.13775634765625,derivative_excluded
-1.13787841796875,-1.1378173828125,derivative_excluded
-1.137939453125,-1.13787841796875,derivative_excluded
-1.13800048828125,-1.137939453125,derivative_excluded
-1.1380615234375,-1.13800048828125,derivative_excluded
-1.13812255859375,-1.1380615234375,derivative_excluded
-1.13818359375,-1.13812255859375,derivative_excluded
-1.13824462890625,-1.13818359375,derivative_excluded
-1.1383056640625,-1.13824462890625,derivative_excluded
-1.13836669921875,-1.1383056640625,derivative_excluded
-1.138427734375,-1.13836669921875,derivative_excluded
-1.13848876953125,-1.138427734375,derivative_excluded
-1.1385498046875,-1.13848876953125,derivative_excluded
-1.13861083984375,-1.1385498046875,derivative_excluded
-1.138671875,-1.13861083984375,derivative_excluded
-1.13873291015625,-1.138671875,derivative_excluded
-1.1387939453125,-1.13873291015625,derivative_excluded
-1.13885498046875,-1.1387939453125,derivative_excluded
-1.138916015625,-1.13885498046875,derivative_excluded
-1.13897705078125,-1.138916015625,derivative_excluded
-1.1390380859375,-1.13897705078125,derivative_excluded
-1.13909912109375,-1.1390380859375,derivative_excluded
-1.13916015625,-1.13909912109375,derivative_excluded
-1.13922119140625,-1.13916015625,derivative_excluded
-1.1392822265625,-1.13922119140625,derivative_excluded
-1.13934326171875,-1.1392822265625,derivative_excluded
-1.139404296875,-1.13934326171875,derivative_excluded
-1.13946533203125,-1.139404296875,derivative_excluded
-1.1395263671875,-1.13946533203125,derivative_excluded
-1.13958740234375,-1.1395263671875,derivative_excluded
-1.1396484375,-1.13958740234375,derivative_excluded
-1.13970947265625,-1.1396484375,derivative_excluded
-1.1397705078125,-1.13970947265625,derivative_excluded
-1.13983154296875,-1.1397705078125,derivative_excluded
-1.139892578125,-1.13983154296875,derivative_excluded
-1.13995361328125,-1.139892578125,derivative_excluded
-1.1400146484375,-1.13995361328125,derivative_excluded
-1.14007568359375,-1.1400146484375,derivative_excluded
-1.14013671875,-1.14007568359375,derivative_excluded
-1.14019775390625,-1.14013671875,derivative_excluded
-1.1402587890625,-1.14019775390625,derivative_excluded
-1.14031982421875,-1.1402587890625,derivative_excluded
-1.140380859375,-1.14031982421875,derivative_excluded
-1.14044189453125,-1.140380859375,derivative_excluded
-1.1405029296875,-1.14044189453125,derivative_excluded
-1.14056396484375,-1.1405029296875,derivative_excluded
-1.140625,-1.14056396484375,derivative_excluded
-1.14068603515625,-1.140625,derivative_excluded
-1.1407470703125,-1.14068603515625,derivative_excluded
-1.14080810546875,-1.1407470703125,derivative_excluded
-1.140869140625,-1.14080810546875,derivative_excluded
-1.14093017578125,-1.140869140625,derivative_excluded
-1.1409912109375,-1.14093017578125,derivative_excluded
-1.14105224609375,-1.1409912109375,derivative_excluded
-1.14111328125,-1.14105224609375,derivative_excluded
-1.14117431640625,-1.14111328125,derivative_excluded
-1.1412353515625,-1.14117431640625,derivative_excluded
-1.14129638671875,-1.1412353515625,derivative_excluded
-1.141357421875,-1.14129638671875,derivative_excluded
-1.14141845703125,-1.141357421875,derivative_excluded
-1.1414794921875,-1.14141845703125,derivative_excluded
-1.14154052734375,-1.1414794921875,derivative_excluded
-1.1416015625,-1.14154052734375,derivative_excluded
-1.14166259765625,-1.1416015625,derivative_excluded
-1.1417236328125,-1.14166259765625,derivative_excluded
-1.14178466796875,-1.1417236328125,derivative_excluded
-1.141845703125,-1.14178466796875,derivative_excluded
-1.14190673828125,-1.141845703125,derivative_excluded
-1.1419677734375,-1.14190673828125,derivative_excluded
-1.14202880859375,-1.1419677734375,derivative_excluded
-1.14208984375,-1.14202880859375,derivative_excluded
-1.14215087890625,-1.14208984375,derivative_excluded
-1.1422119140625,-1.14215087890625,derivative_excluded
-1.14227294921875,-1.1422119140625,derivative_excluded
-1.142333984375,-1.14227294921875,derivative_excluded
-1.14239501953125,-1.142333984375,derivative_excluded
-1.1424560546875,-1.14239501953125,derivative_excluded
-1.14251708984375,-1.1424560546875,derivative_excluded
-1.142578125,-1.14251708984375,derivative_excluded
-1.14263916015625,-1.142578125,derivative_excluded
-1.1427001953125,-1.14263916015625,derivative_excluded
-1.14276123046875,-1.1427001953125,derivative_excluded
-1.142822265625,-1.14276123046875,derivative_excluded
-1.14288330078125,-1.142822265625,derivative_excluded
-1.1429443359375,-1.14288330078125,derivative_excluded
-1.14300537109375,-1.1429443359375,derivative_excluded
-1.14306640625,-1.14300537109375,derivative_excluded
-1.14312744140625,-1.14306640625,derivative_excluded
-1.1431884765625,-1.14312744140625,derivative_excluded
-1.14324951171875,-1.1431884765625,derivative_excluded
-1.143310546875,-1.14324951171875,derivative_excluded
-1.14337158203125,-1.143310546875,derivative_excluded
-1.1434326171875,-1.14337158203125,derivative_excluded
-1.14349365234375,-1.1434326171875,derivative_excluded
-1.1435546875,-1.14349365234375,derivative_excluded
-1.14361572265625,-1.1435546875,derivative_excluded
-1.1436767578125,-1.14361572265625,derivative_excluded
-1.14373779296875,-1.1436767578125,derivative_excluded
-1.143798828125,-1.14373779296875,derivative_excluded
-1.14385986328125,-1.143798828125,derivative_excluded
-1.1439208984375,-1.14385986328125,derivative_excluded
-1.14398193359375,-1.1439208984375,derivative_excluded
-1.14404296875,-1.14398193359375,derivative_excluded
-1.14410400390625,-1.14404296875,derivative_excluded
-1.1441650390625,-1.14410400390625,derivative_excluded
-1.14422607421875,-1.1441650390625,derivative_excluded
-1.144287109375,-1.14422607421875,derivative_excluded
-1.14434814453125,-1.144287109375,derivative_excluded
-1.1444091796875,-1.14434814453125,derivative_excluded
-1.14447021484375,-1.1444091796875,derivative_excluded
-1.14453125,-1.14447021484375,derivative_excluded
-1.14459228515625,-1.14453125,derivative_excluded
-1.1446533203125,-1.14459228515625,derivative_excluded
-1.14471435546875,-1.1446533203125,derivative_excluded
-1.144775390625,-1.14471435546875,derivative_excluded
-1.14483642578125,-1.144775390625,derivative_excluded
-1.1448974609375,-1.14483642578125,derivative_excluded
-1.14495849609375,-1.1448974609375,derivative_excluded
-1.14501953125,-1.14495849609375,derivative_excluded
-1.14508056640625,-1.14501953125,derivative_excluded
-1.1451416015625,-1.14508056640625,derivative_excluded
-1.14520263671875,-1.1451416015625,derivative_excluded
-1.145263671875,-1.14520263671875,derivative_excluded
-1.14532470703125,-1.145263671875,derivative_excluded
-1.1453857421875,-1.14532470703125,derivative_excluded
-1.14544677734375,-1.1453857421875,derivative_excluded
-1.1455078125,-1.14544677734375,derivative_excluded
-1.14556884765625,-1.1455078125,derivative_excluded
-1.1456298828125,-1.14556884765625,derivative_excluded
-1.14569091796875,-1.1456298828125,derivative_excluded
-1.145751953125,-1.14569091796875,derivative_excluded
-1.14581298828125,-1.145751953125,derivative_excluded
-1.1458740234375,-1.14581298828125,derivative_excluded
-1.14593505859375,-1.1458740234375,derivative_excluded
-1.14599609375,-1.14593505859375,derivative_excluded
-1.14605712890625,-1.14599609375,derivative_excluded
-1.1461181640625,-1.14605712890625,derivative_excluded
-1.14617919921875,-1.1461181640625,derivative_excluded
-1.146240234375,-1.14617919921875,derivative_excluded
-1.14630126953125,-1.146240234375,derivative_excluded
-1.1463623046875,-1.14630126953125,derivative_excluded
-1.14642333984375,-1.1463623046875,derivative_excluded
-1.146484375,-1.14642333984375,derivative_excluded
-1.14654541015625,-1.146484375,derivative_excluded
-1.1466064453125,-1.14654541015625,derivative_excluded
-1.14666748046875,-1.1466064453125,derivative_excluded
-1.146728515625,-1.14666748046875,derivative_excluded
-1.14678955078125,-1.146728515625,derivative_excluded
-1.1468505859375,-1.14678955078125,derivative_excluded
-1.14691162109375,-1.1468505859375,derivative_excluded
-1.14697265625,-1.14691162109375,derivative_excluded
-1.14703369140625,-1.14697265625,derivative_excluded
-1.1470947265625,-1.14703369140625,derivative_excluded
-1.14715576171875,-1.1470947265625,derivative_excluded
-1.147216796875,-1.14715576171875,derivative_excluded
-1.14727783203125,-1.147216796875,derivative_excluded
-1.1473388671875,-1.14727783203125,derivative_excluded
-1.14739990234375,-1.1473388671875,derivative_excluded
-1.1474609375,-1.14739990234375,derivative_excluded
-1.14752197265625,-1.1474609375,derivative_excluded
-1.1475830078125,-1.14752197265625,derivative_excluded
-1.14764404296875,-1.1475830078125,derivative_excluded
-1.147705078125,-1.14764404296875,derivative_excluded
-1.14776611328125,-1.147705078125,derivative_excluded
-1.1478271484375,-1.14776611328125,derivative_excluded
-1.14788818359375,-1.1478271484375,derivative_excluded
-1.14794921875,-1.14788818359375,derivative_excluded
-1.14801025390625,-1.14794921875,derivative_excluded
-1.1480712890625,-1.14801025390625,derivative_excluded
-1.14813232421875,-1.1480712890625,derivative_excluded
-1.148193359375,-1.14813232421875,derivative_excluded
-1.14825439453125,-1.148193359375,derivative_excluded
-1.1483154296875,-1.14825439453125,derivative_excluded
-1.14837646484375,-1.1483154296875,derivative_excluded
-1.1484375,-1.14837646484375,derivative_excluded
-1.14849853515625,-1.1484375,derivative_excluded
-1.1485595703125,-1.14849853515625,derivative_excluded
-1.14862060546875,-1.1485595703125,derivative_excluded
-1.148681640625,-1.14862060546875,derivative_excluded
-1.14874267578125,-1.148681640625,derivative_excluded
-1.1488037109375,-1.14874267578125,derivative_excluded
-1.14886474609375,-1.1488037109375,derivative_excluded
-1.14892578125,-1.14886474609375,derivative_excluded
-1.14898681640625,-1.14892578125,derivative_excluded
-1.1490478515625,-1.14898681640625,derivative_excluded
-1.14910888671875,-1.1490478515625,derivative_excluded
-1.149169921875,-1.14910888671875,derivative_excluded
-1.14923095703125,-1.149169921875,derivative_excluded
-1.1492919921875,-1.14923095703125,derivative_excluded
-1.14935302734375,-1.1492919921875,derivative_excluded
-1.1494140625,-1.14935302734375,derivative_excluded
-1.14947509765625,-1.1494140625,derivative_excluded
-1.1495361328125,-1.14947509765625,derivative_excluded
-1.14959716796875,-1.1495361328125,derivative_excluded
-1.149658203125,-1.14959716796875,derivative_excluded
-1.14971923828125,-1.149658203125,derivative_excluded
-1.1497802734375,-1.14971923828125,derivative_excluded
-1.14984130859375,-1.1497802734375,derivative_excluded
-1.14990234375,-1.14984130859375,derivative_excluded
-1.14996337890625,-1.14990234375,derivative_excluded
-1.1500244140625,-1.14996337890625,derivative_excluded
-1.15008544921875,-1.1500244140625,derivative_excluded
-1.150146484375,-1.15008544921875,derivative_excluded
-1.15020751953125,-1.150146484375,derivative_excluded
-1.1502685546875,-1.15020751953125,derivative_excluded
-1.15032958984375,-1.1502685546875,derivative_excluded
-1.150390625,-1.15032958984375,derivative_excluded
-1.15045166015625,-1.150390625,derivative_excluded
-1.1505126953125,-1.15045166015625,derivative_excluded
-1.15057373046875,-1.1505126953125,derivative_excluded
-1.150634765625,-1.15057373046875,derivative_excluded
-1.15069580078125,-1.150634765625,derivative_excluded
-1.1507568359375,-1.15069580078125,derivative_excluded
-1.15081787109375,-1.1507568359375,derivative_excluded
-1.15087890625,-1.15081787109375,derivative_excluded
-1.15093994140625,-1.15087890625,derivative_excluded
-1.1510009765625,-1.15093994140625,derivative_excluded
-1.15106201171875,-1.1510009765625,derivative_excluded
-1.151123046875,-1.15106201171875,derivative_excluded
-1.15118408203125,-1.151123046875,derivative_excluded
-1.1512451171875,-1.15118408203125,derivative_excluded
-1.15130615234375,-1.1512451171875,derivative_excluded
-1.1513671875,-1.15130615234375,derivative_excluded
-1.15142822265625,-1.1513671875,derivative_excluded
-1.1514892578125,-1.15142822265625,derivative_excluded
-1.15155029296875,-1.1514892578125,derivative_excluded
-1.151611328125,-1.15155029296875,derivative_excluded
-1.15167236328125,-1.151611328125,derivative_excluded
-1.1517333984375,-1.15167236328125,derivative_excluded
-1.15179443359375,-1.1517333984375,derivative_excluded
-1.15185546875,-1.15179443359375,derivative_excluded
-1.15191650390625,-1.15185546875,derivative_excluded
-1.1519775390625,-1.15191650390625,derivative_excluded
-1.15203857421875,-1.1519775390625,derivative_excluded
-1.152099609375,-1.15203857421875,derivative_excluded
-1.15216064453125,-1.152099609375,derivative_excluded
-1.1522216796875,-1.15216064453125,derivative_excluded
-1.15228271484375,-1.1522216796875,derivative_excluded
-1.15234375,-1.15228271484375,derivative_excluded
-1.15240478515625,-1.15234375,derivative_excluded
-1.1524658203125,-1.15240478515625,derivative_excluded
-1.15252685546875,-1.1524658203125,derivative_excluded
-1.152587890625,-1.15252685546875,derivative_excluded
-1.15264892578125,-1.152587890625,derivative_excluded
-1.1527099609375,-1.15264892578125,derivative_excluded
-1.15277099609375,-1.1527099609375,derivative_excluded
-1.15283203125,-1.15277099609375,derivative_excluded
-1.15289306640625,-1.15283203125,derivative_excluded
-1.1529541015625,-1.15289306640625,derivative_excluded
-1.15301513671875,-1.1529541015625,derivative_excluded
-1.153076171875,-1.15301513671875,derivative_excluded
-1.15313720703125,-1.153076171875,derivative_excluded
-1.1531982421875,-1.15313720703125,derivative_excluded
-1.15325927734375,-1.1531982421875,derivative_excluded
-1.1533203125,-1.15325927734375,derivative_excluded
-1.15338134765625,-1.1533203125,derivative_excluded
-1.1534423828125,-1.15338134765625,derivative_excluded
-1.15350341796875,-1.1534423828125,derivative_excluded
-1.153564453125,-1.15350341796875,derivative_excluded
-1.15362548828125,-1.153564453125,derivative_excluded
-1.1536865234375,-1.15362548828125,derivative_excluded
-1.15374755859375,-1.1536865234375,derivative_excluded
-1.15380859375,-1.15374755859375,derivative_excluded
-1.15386962890625,-1.15380859375,derivative_excluded
-1.1539306640625,-1.15386962890625,derivative_excluded
-1.15399169921875,-1.1539306640625,derivative_excluded
-1.154052734375,-1.15399169921875,derivative_excluded
-1.15411376953125,-1.154052734375,derivative_excluded
-1.1541748046875,-1.15411376953125,derivative_excluded
-1.15423583984375,-1.1541748046875,derivative_excluded
-1.154296875,-1.15423583984375,derivative_excluded
-1.15435791015625,-1.154296875,derivative_excluded
-1.1544189453125,-1.15435791015625,derivative_excluded
-1.15447998046875,-1.1544189453125,derivative_excluded
-1.154541015625,-1.15447998046875,derivative_excluded
-1.15460205078125,-1.154541015625,derivative_excluded
-1.1546630859375,-1.15460205078125,derivative_excluded
-1.15472412109375,-1.1546630859375,derivative_excluded
-1.15478515625,-1.15472412109375,derivative_excluded
-1.15484619140625,-1.15478515625,derivative_excluded
-1.1549072265625,-1.15484619140625,derivative_excluded
-1.15496826171875,-1.1549072265625,derivative_excluded
-1.155029296875,-1.15496826171875,derivative_excluded
-1.15509033203125,-1.155029296875,derivative_excluded
-1.1551513671875,-1.15509033203125,derivative_excluded
-1.15521240234375,-1.1551513671875,derivative_excluded
-1.1552734375,-1.15521240234375,derivative_excluded
-1.15533447265625,-1.1552734375,derivative_excluded
-1.1553955078125,-1.15533447265625,derivative_excluded
-1.15545654296875,-1.1553955078125,derivative_excluded
-1.155517578125,-1.15545654296875,derivative_excluded
-1.15557861328125,-1.155517578125,derivative_excluded
-1.1556396484375,-1.15557861328125,derivative_excluded
-1.15570068359375,-1.1556396484375,derivative_excluded
-1.15576171875,-1.15570068359375,derivative_excluded
-1.15582275390625,-1.15576171875,derivative_excluded
-1.1558837890625,-1.15582275390625,derivative_excluded
-1.15594482421875,-1.1558837890625,derivative_excluded
-1.156005859375,-1.15594482421875,derivative_excluded
-1.15606689453125,-1.156005859375,derivative_excluded
-1.1561279296875,-1.15606689453125,derivative_excluded
-1.15618896484375,-1.1561279296875,derivative_excluded
-1.15625,-1.15618896484375,derivative_excluded
-1.15631103515625,-1.15625,derivative_excluded
-1.1563720703125,-1.15631103515625,derivative_excluded
-1.15643310546875,-1.1563720703125,derivative_excluded
-1.156494140625,-1.15643310546875,derivative_excluded
-1.15655517578125,-1.156494140625,derivative_excluded
-1.1566162109375,-1.15655517578125,derivative_excluded
-1.15667724609375,-1.1566162109375,derivative_excluded
-1.15673828125,-1.15667724609375,derivative_excluded
-1.15679931640625,-1.15673828125,derivative_excluded
-1.1568603515625,-1.15679931640625,derivative_excluded
-1.15692138671875,-1.1568603515625,derivative_excluded
-1.156982421875,-1.15692138671875,derivative_excluded
-1.15704345703125,-1.156982421875,derivative_excluded
-1.1571044921875,-1.15704345703125,derivative_excluded
-1.15716552734375,-1.1571044921875,derivative_excluded
-1.1572265625,-1.15716552734375,derivative_excluded
-1.15728759765625,-1.1572265625,derivative_excluded
-1.1573486328125,-1.15728759765625,derivative_excluded
-1.15740966796875,-1.1573486328125,derivative_excluded
-1.157470703125,-1.15740966796875,derivative_excluded
-1.15753173828125,-1.157470703125,derivative_excluded
-1.1575927734375,-1.15753173828125,derivative_excluded
-1.15765380859375,-1.1575927734375,derivative_excluded
-1.15771484375,-1.15765380859375,derivative_excluded
-1.15777587890625,-1.15771484375,derivative_excluded
-1.1578369140625,-1.15777587890625,derivative_excluded
-1.15789794921875,-1.1578369140625,derivative_excluded
-1.157958984375,-1.15789794921875,derivative_excluded
-1.15802001953125,-1.157958984375,derivative_excluded
-1.1580810546875,-1.15802001953125,derivative_excluded
-1.15814208984375,-1.1580810546875,derivative_excluded
-1.158203125,-1.15814208984375,derivative_excluded
-1.15826416015625,-1.158203125,derivative_excluded
-1.1583251953125,-1.15826416015625,derivative_excluded
-1.15838623046875,-1.1583251953125,derivative_excluded
-1.158447265625,-1.15838623046875,derivative_excluded
-1.15850830078125,-1.158447265625,derivative_excluded
-1.1585693359375,-1.15850830078125,derivative_excluded
-1.15863037109375,-1.1585693359375,derivative_excluded
-1.15869140625,-1.15863037109375,derivative_excluded
-1.15875244140625,-1.15869140625,derivative_excluded
-1.1588134765625,-1.15875244140625,derivative_excluded
-1.15887451171875,-1.1588134765625,derivative_excluded
-1.158935546875,-1.15887451171875,derivative_excluded
-1.15899658203125,-1.158935546875,derivative_excluded
-1.1590576171875,-1.15899658203125,derivative_excluded
-1.15911865234375,-1.1590576171875,derivative_excluded
-1.1591796875,-1.15911865234375,derivative_excluded
-1.15924072265625,-1.1591796875,derivative_excluded
-1.1593017578125,-1.15924072265625,derivative_excluded
-1.15936279296875,-1.1593017578125,derivative_excluded
-1.159423828125,-1.15936279296875,derivative_excluded
-1.15948486328125,-1.159423828125,derivative_excluded
-1.1595458984375,-1.15948486328125,derivative_excluded
-1.15960693359375,-1.1595458984375,derivative_excluded
-1.15966796875,-1.15960693359375,derivative_excluded
-1.15972900390625,-1.15966796875,derivative_excluded
-1.1597900390625,-1.15972900390625,derivative_excluded
-1.15985107421875,-1.1597900390625,derivative_excluded
-1.159912109375,-1.15985107421875,derivative_excluded
-1.15997314453125,-1.159912109375,derivative_excluded
-1.1600341796875,-1.15997314453125,derivative_excluded
-1.16009521484375,-1.1600341796875,derivative_excluded
-1.16015625,-1.16009521484375,derivative_excluded
-1.16021728515625,-1.16015625,derivative_excluded
-1.1602783203125,-1.16021728515625,derivative_excluded
-1.16033935546875,-1.1602783203125,derivative_excluded
-1.160400390625,-1.16033935546875,derivative_excluded
-1.16046142578125,-1.160400390625,derivative_excluded
-1.1605224609375,-1.16046142578125,derivative_excluded
-1.16058349609375,-1.1605224609375,derivative_excluded
-1.16064453125,-1.16058349609375,derivative_excluded
-1.16070556640625,-1.16064453125,derivative_excluded
-1.1607666015625,-1.16070556640625,derivative_excluded
-1.16082763671875,-1.1607666015625,derivative_excluded
-1.160888671875,-1.16082763671875,derivative_excluded
-1.16094970703125,-1.160888671875,derivative_excluded
-1.1610107421875,-1.16094970703125,derivative_excluded
-1.16107177734375,-1.1610107421875,derivative_excluded
-1.1611328125,-1.16107177734375,derivative_excluded
-1.16119384765625,-1.1611328125,derivative_excluded
-1.1612548828125,-1.16119384765625,derivative_excluded
-1.16131591796875,-1.1612548828125,derivative_excluded
-1.161376953125,-1.16131591796875,derivative_excluded
-1.16143798828125,-1.161376953125,derivative_excluded
-1.1614990234375,-1.16143798828125,derivative_excluded
-1.16156005859375,-1.1614990234375,derivative_excluded
-1.16162109375,-1.16156005859375,derivative_excluded
-1.16168212890625,-1.16162109375,derivative_excluded
-1.1617431640625,-1.16168212890625,derivative_excluded
-1.16180419921875,-1.1617431640625,derivative_excluded
-1.161865234375,-1.16180419921875,derivative_excluded
-1.16192626953125,-1.161865234375,derivative_excluded
-1.1619873046875,-1.16192626953125,derivative_excluded
-1.16204833984375,-1.1619873046875,derivative_excluded
-1.162109375,-1.16204833984375,derivative_excluded
-1.16217041015625,-1.162109375,derivative_excluded
-1.1622314453125,-1.16217041015625,derivative_excluded
-1.16229248046875,-1.1622314453125,derivative_excluded
-1.162353515625,-1.16229248046875,derivative_excluded
-1.16241455078125,-1.162353515625,derivative_excluded
-1.1624755859375,-1.16241455078125,derivative_excluded
-1.16253662109375,-1.1624755859375,derivative_excluded
-1.16259765625,-1.16253662109375,derivative_excluded
-1.16265869140625,-1.16259765625,derivative_excluded
-1.1627197265625,-1.16265869140625,derivative_excluded
-1.16278076171875,-1.1627197265625,derivative_excluded
-1.162841796875,-1.16278076171875,derivative_excluded
-1.16290283203125,-1.162841796875,derivative_excluded
-1.1629638671875,-1.16290283203125,derivative_excluded
-1.16302490234375,-1.1629638671875,derivative_excluded
-1.1630859375,-1.16302490234375,derivative_excluded
-1.16314697265625,-1.1630859375,derivative_excluded
-1.1632080078125,-1.16314697265625,derivative_excluded
-1.16326904296875,-1.1632080078125,derivative_excluded
-1.163330078125,-1.16326904296875,derivative_excluded
-1.16339111328125,-1.163330078125,derivative_excluded
-1.1634521484375,-1.16339111328125,derivative_excluded
-1.16351318359375,-1.1634521484375,derivative_excluded
-1.16357421875,-1.16351318359375,derivative_excluded
-1.16363525390625,-1.16357421875,derivative_excluded
-1.1636962890625,-1.16363525390625,derivative_excluded
-1.16375732421875,-1.1636962890625,derivative_excluded
-1.163818359375,-1.16375732421875,derivative_excluded
-1.16387939453125,-1.163818359375,derivative_excluded
-1.1639404296875,-1.16387939453125,derivative_excluded
-1.16400146484375,-1.1639404296875,derivative_excluded
-1.1640625,-1.16400146484375,derivative_excluded
-1.16412353515625,-1.1640625,derivative_excluded
-1.1641845703125,-1.16412353515625,derivative_excluded
-1.16424560546875,-1.1641845703125,derivative_excluded
-1.164306640625,-1.16424560546875,derivative_excluded
-1.16436767578125,-1.164306640625,derivative_excluded
-1.1644287109375,-1.16436767578125,derivative_excluded
-1.16448974609375,-1.1644287109375,derivative_excluded
-1.16455078125,-1.16448974609375,derivative_excluded
-1.16461181640625,-1.16455078125,derivative_excluded
-1.1646728515625,-1.16461181640625,derivative_excluded
-1.16473388671875,-1.1646728515625,derivative_excluded
-1.164794921875,-1.16473388671875,derivative_excluded
-1.16485595703125,-1.164794921875,derivative_excluded
-1.1649169921875,-1.16485595703125,derivative_excluded
-1.16497802734375,-1.1649169921875,derivative_excluded
-1.1650390625,-1.16497802734375,derivative_excluded
-1.16510009765625,-1.1650390625,derivative_excluded
-1.1651611328125,-1.16510009765625,derivative_excluded
-1.16522216796875,-1.1651611328125,derivative_excluded
-1.165283203125,-1.16522216796875,derivative_excluded
-1.16534423828125,-1.165283203125,derivative_excluded
-1.1654052734375,-1.16534423828125,derivative_excluded
-1.16546630859375,-1.1654052734375,derivative_excluded
-1.16552734375,-1.16546630859375,derivative_excluded
-1.16558837890625,-1.16552734375,derivative_excluded
-1.1656494140625,-1.16558837890625,derivative_excluded
-1.16571044921875,-1.1656494140625,derivative_excluded
-1.165771484375,-1.16571044921875,derivative_excluded
-1.16583251953125,-1.165771484375,derivative_excluded
-1.1658935546875,-1.16583251953125,derivative_excluded
-1.16595458984375,-1.1658935546875,derivative_excluded
-1.166015625,-1.16595458984375,derivative_excluded
-1.16607666015625,-1.166015625,derivative_excluded
-1.1661376953125,-1.16607666015625,derivative_excluded
-1.16619873046875,-1.1661376953125,derivative_excluded
-1.166259765625,-1.16619873046875,derivative_excluded
-1.16632080078125,-1.166259765625,derivative_excluded
-1.1663818359375,-1.16632080078125,derivative_excluded
-1.16644287109375,-1.1663818359375,derivative_excluded
-1.16650390625,-1.16644287109375,derivative_excluded
-1.16656494140625,-1.16650390625,derivative_excluded
-1.1666259765625,-1.16656494140625,derivative_excluded
-1.16668701171875,-1.1666259765625,derivative_excluded
-1.166748046875,-1.16668701171875,derivative_excluded
-1.16680908203125,-1.166748046875,derivative_excluded
-1.1668701171875,-1.16680908203125,derivative_excluded
-1.16693115234375,-1.1668701171875,derivative_excluded
-1.1669921875,-1.16693115234375,derivative_excluded
-1.16705322265625,-1.1669921875,derivative_excluded
-1.1671142578125,-1.16705322265625,derivative_excluded
-1.16717529296875,-1.1671142578125,derivative_excluded
-1.167236328125,-1.16717529296875,derivative_excluded
-1.16729736328125,-1.167236328125,derivative_excluded
-1.1673583984375,-1.16729736328125,derivative_excluded
-1.16741943359375,-1.1673583984375,derivative_excluded
-1.16748046875,-1.16741943359375,derivative_excluded
-1.16754150390625,-1.16748046875,derivative_excluded
-1.1676025390625,-1.16754150390625,derivative_excluded
-1.16766357421875,-1.1676025390625,derivative_excluded
-1.167724609375,-1.16766357421875,derivative_excluded
-1.16778564453125,-1.167724609375,derivative_excluded
-1.1678466796875,-1.16778564453125,derivative_excluded
-1.16790771484375,-1.1678466796875,derivative_excluded
-1.16796875,-1.16790771484375,derivative_excluded
-1.16802978515625,-1.16796875,derivative_excluded
-1.1680908203125,-1.16802978515625,derivative_excluded
-1.16815185546875,-1.1680908203125,derivative_excluded
-1.168212890625,-1.16815185546875,derivative_excluded
-1.16827392578125,-1.168212890625,derivative_excluded
-1.1683349609375,-1.16827392578125,derivative_excluded
-1.16839599609375,-1.1683349609375,derivative_excluded
-1.16845703125,-1.16839599609375,derivative_excluded
-1.16851806640625,-1.16845703125,derivative_excluded
-1.1685791015625,-1.16851806640625,derivative_excluded
-1.16864013671875,-1.1685791015625,derivative_excluded
-1.168701171875,-1.16864013671875,derivative_excluded
-1.16876220703125,-1.168701171875,derivative_excluded
-1.1688232421875,-1.16876220703125,derivative_excluded
-1.16888427734375,-1.1688232421875,derivative_excluded
-1.1689453125,-1.16888427734375,derivative_excluded
-1.16900634765625,-1.1689453125,derivative_excluded
-1.1690673828125,-1.16900634765625,derivative_excluded
-1.16912841796875,-1.1690673828125,derivative_excluded
-1.169189453125,-1.16912841796875,derivative_excluded
-1.16925048828125,-1.169189453125,derivative_excluded
-1.1693115234375,-1.16925048828125,derivative_excluded
-1.16937255859375,-1.1693115234375,derivative_excluded
-1.16943359375,-1.16937255859375,derivative_excluded
-1.16949462890625,-1.16943359375,derivative_excluded
-1.1695556640625,-1.16949462890625,derivative_excluded
-1.16961669921875,-1.1695556640625,derivative_excluded
-1.169677734375,-1.16961669921875,derivative_excluded
-1.16973876953125,-1.169677734375,derivative_excluded
-1.1697998046875,-1.16973876953125,derivative_excluded
-1.16986083984375,-1.1697998046875,derivative_excluded
-1.169921875,-1.16986083984375,derivative_excluded
-1.16998291015625,-1.169921875,derivative_excluded
-1.1700439453125,-1.16998291015625,derivative_excluded
-1.17010498046875,-1.1700439453125,derivative_excluded
-1.170166015625,-1.17010498046875,derivative_excluded
-1.17022705078125,-1.170166015625,derivative_excluded
-1.1702880859375,-1.17022705078125,derivative_excluded
-1.17034912109375,-1.1702880859375,derivative_excluded
-1.17041015625,-1.17034912109375,derivative_excluded
-1.17047119140625,-1.17041015625,derivative_excluded
-1.1705322265625,-1.17047119140625,derivative_excluded
-1.17059326171875,-1.1705322265625,derivative_excluded
-1.170654296875,-1.17059326171875,derivative_excluded
-1.17071533203125,-1.170654296875,derivative_excluded
-1.1707763671875,-1.17071533203125,derivative_excluded
-1.17083740234375,-1.1707763671875,derivative_excluded
-1.1708984375,-1.17083740234375,derivative_excluded
-1.17095947265625,-1.1708984375,derivative_excluded
-1.1710205078125,-1.17095947265625,derivative_excluded
-1.17108154296875,-1.1710205078125,derivative_excluded
-1.171142578125,-1.17108154296875,derivative_excluded
-1.17120361328125,-1.171142578125,derivative_excluded
-1.1712646484375,-1.17120361328125,derivative_excluded
-1.17132568359375,-1.1712646484375,derivative_excluded
-1.17138671875,-1.17132568359375,derivative_excluded
-1.17144775390625,-1.17138671875,derivative_excluded
-1.1715087890625,-1.17144775390625,derivative_excluded
-1.17156982421875,-1.1715087890625,derivative_excluded
-1.171630859375,-1.17156982421875,derivative_excluded
-1.17169189453125,-1.171630859375,derivative_excluded
-1.1717529296875,-1.17169189453125,derivative_excluded
-1.17181396484375,-1.1717529296875,derivative_excluded
-1.171875,-1.17181396484375,derivative_excluded
-1.17193603515625,-1.171875,derivative_excluded
-1.1719970703125,-1.17193603515625,derivative_excluded
-1.17205810546875,-1.1719970703125,derivative_excluded
-1.172119140625,-1.17205810546875,derivative_excluded
-1.17218017578125,-1.172119140625,derivative_excluded
-1.1722412109375,-1.17218017578125,derivative_excluded
-1.17230224609375,-1.1722412109375,derivative_excluded
-1.17236328125,-1.17230224609375,derivative_excluded
-1.17242431640625,-1.17236328125,derivative_excluded
-1.1724853515625,-1.17242431640625,derivative_excluded
-1.17254638671875,-1.1724853515625,derivative_excluded
-1.172607421875,-1.17254638671875,derivative_excluded
-1.17266845703125,-1.172607421875,derivative_excluded
-1.1727294921875,-1.17266845703125,derivative_excluded
-1.17279052734375,-1.1727294921875,derivative_excluded
-1.1728515625,-1.17279052734375,derivative_excluded
-1.17291259765625,-1.1728515625,derivative_excluded
-1.1729736328125,-1.17291259765625,derivative_excluded
-1.17303466796875,-1.1729736328125,derivative_excluded
-1.173095703125,-1.17303466796875,derivative_excluded
-1.17315673828125,-1.173095703125,derivative_excluded
-1.1732177734375,-1.17315673828125,derivative_excluded
-1.17327880859375,-1.1732177734375,derivative_excluded
-1.17333984375,-1.17327880859375,derivative_excluded
-1.17340087890625,-1.17333984375,derivative_excluded
-1.1734619140625,-1.17340087890625,derivative_excluded
-1.17352294921875,-1.1734619140625,derivative_excluded
-1.173583984375,-1.17352294921875,derivative_excluded
-1.17364501953125,-1.173583984375,derivative_excluded
-1.1737060546875,-1.17364501953125,derivative_excluded
-1.17376708984375,-1.1737060546875,derivative_excluded
-1.173828125,-1.17376708984375,derivative_excluded
-1.17388916015625,-1.173828125,derivative_excluded
-1.1739501953125,-1.17388916015625,derivative_excluded
-1.17401123046875,-1.1739501953125,derivative_excluded
-1.174072265625,-1.17401123046875,derivative_excluded
-1.17413330078125,-1.174072265625,derivative_excluded
-1.1741943359375,-1.17413330078125,derivative_excluded
-1.17425537109375,-1.1741943359375,derivative_excluded
-1.17431640625,-1.17425537109375,derivative_excluded
-1.17437744140625,-1.17431640625,derivative_excluded
-1.1744384765625,-1.17437744140625,derivative_excluded
-1.17449951171875,-1.1744384765625,derivative_excluded
-1.174560546875,-1.17449951171875,derivative_excluded
-1.17462158203125,-1.174560546875,derivative_excluded
-1.1746826171875,-1.17462158203125,derivative_excluded
-1.17474365234375,-1.1746826171875,derivative_excluded
-1.1748046875,-1.17474365234375,derivative_excluded
-1.17486572265625,-1.1748046875,derivative_excluded
-1.1749267578125,-1.17486572265625,derivative_excluded
-1.17498779296875,-1.1749267578125,derivative_excluded
-1.175048828125,-1.17498779296875,derivative_excluded
-1.17510986328125,-1.175048828125,derivative_excluded
-1.1751708984375,-1.17510986328125,derivative_excluded
-1.17523193359375,-1.1751708984375,derivative_excluded
-1.17529296875,-1.17523193359375,derivative_excluded
-1.17535400390625,-1.17529296875,derivative_excluded
-1.1754150390625,-1.17535400390625,derivative_excluded
-1.17547607421875,-1.1754150390625,derivative_excluded
-1.175537109375,-1.17547607421875,derivative_excluded
-1.17559814453125,-1.175537109375,derivative_excluded
-1.1756591796875,-1.17559814453125,derivative_excluded
-1.17572021484375,-1.1756591796875,derivative_excluded
-1.17578125,-1.17572021484375,derivative_excluded
-1.17584228515625,-1.17578125,derivative_excluded
-1.1759033203125,-1.17584228515625,derivative_excluded
-1.17596435546875,-1.1759033203125,derivative_excluded
-1.176025390625,-1.17596435546875,derivative_excluded
-1.17608642578125,-1.176025390625,derivative_excluded
-1.1761474609375,-1.17608642578125,derivative_excluded
-1.17620849609375,-1.1761474609375,derivative_excluded
-1.17626953125,-1.17620849609375,derivative_excluded
-1.17633056640625,-1.17626953125,derivative_excluded
-1.1763916015625,-1.17633056640625,derivative_excluded
-1.17645263671875,-1.1763916015625,derivative_excluded
-1.176513671875,-1.17645263671875,derivative_excluded
-1.17657470703125,-1.176513671875,derivative_excluded
-1.1766357421875,-1.17657470703125,derivative_excluded
-1.17669677734375,-1.1766357421875,derivative_excluded
-1.1767578125,-1.17669677734375,derivative_excluded
-1.17681884765625,-1.1767578125,derivative_excluded
-1.1768798828125,-1.17681884765625,derivative_excluded
-1.17694091796875,-1.1768798828125,derivative_excluded
-1.177001953125,-1.17694091796875,derivative_excluded
-1.17706298828125,-1.177001953125,derivative_excluded
-1.1771240234375,-1.17706298828125,derivative_excluded
-1.17718505859375,-1.1771240234375,derivative_excluded
-1.17724609375,-1.17718505859375,derivative_excluded
-1.17730712890625,-1.17724609375,derivative_excluded
-1.1773681640625,-1.17730712890625,derivative_excluded
-1.17742919921875,-1.1773681640625,derivative_excluded
-1.177490234375,-1.17742919921875,derivative_excluded
-1.17755126953125,-1.177490234375,derivative_excluded
-1.1776123046875,-1.17755126953125,derivative_excluded
-1.17767333984375,-1.1776123046875,derivative_excluded
-1.177734375,-1.17767333984375,derivative_excluded
-1.17779541015625,-1.177734375,derivative_excluded
-1.1778564453125,-1.17779541015625,derivative_excluded
-1.17791748046875,-1.1778564453125,derivative_excluded
-1.177978515625,-1.17791748046875,derivative_excluded
-1.17803955078125,-1.177978515625,derivative_excluded
-1.1781005859375,-1.17803955078125,derivative_excluded
-1.17816162109375,-1.1781005859375,derivative_excluded
-1.17822265625,-1.17816162109375,derivative_excluded
-1.17828369140625,-1.17822265625,derivative_excluded
-1.1783447265625,-1.17828369140625,derivative_excluded
-1.17840576171875,-1.1783447265625,derivative_excluded
-1.178466796875,-1.17840576171875,derivative_excluded
-1.17852783203125,-1.178466796875,derivative_excluded
-1.1785888671875,-1.17852783203125,derivative_excluded
-1.17864990234375,-1.1785888671875,derivative_excluded
-1.1787109375,-1.17864990234375,derivative_excluded
-1.17877197265625,-1.1787109375,derivative_excluded
-1.1788330078125,-1.17877197265625,derivative_excluded
-1.17889404296875,-1.1788330078125,derivative_excluded
-1.178955078125,-1.17889404296875,derivative_excluded
-1.17901611328125,-1.178955078125,derivative_excluded
-1.1790771484375,-1.17901611328125,derivative_excluded
-1.17913818359375,-1.1790771484375,derivative_excluded
-1.17919921875,-1.17913818359375,derivative_excluded
-1.17926025390625,-1.17919921875,derivative_excluded
-1.1793212890625,-1.17926025390625,derivative_excluded
-1.17938232421875,-1.1793212890625,derivative_excluded
-1.179443359375,-1.17938232421875,derivative_excluded
-1.17950439453125,-1.179443359375,derivative_excluded
-1.1795654296875,-1.17950439453125,derivative_excluded
-1.17962646484375,-1.1795654296875,derivative_excluded
-1.1796875,-1.17962646484375,derivative_excluded
-1.17974853515625,-1.1796875,derivative_excluded
-1.1798095703125,-1.17974853515625,derivative_excluded
-1.17987060546875,-1.1798095703125,derivative_excluded
-1.179931640625,-1.17987060546875,derivative_excluded
-1.17999267578125,-1.179931640625,derivative_excluded
-1.1800537109375,-1.17999267578125,derivative_excluded
-1.18011474609375,-1.1800537109375,derivative_excluded
-1.18017578125,-1.18011474609375,derivative_excluded
-1.18023681640625,-1.18017578125,derivative_excluded
-1.1802978515625,-1.18023681640625,derivative_excluded
-1.18035888671875,-1.1802978515625,derivative_excluded
-1.180419921875,-1.18035888671875,derivative_excluded
-1.18048095703125,-1.180419921875,derivative_excluded
-1.1805419921875,-1.18048095703125,derivative_excluded
-1.18060302734375,-1.1805419921875,derivative_excluded
-1.1806640625,-1.18060302734375,derivative_excluded
-1.18072509765625,-1.1806640625,derivative_excluded
-1.1807861328125,-1.18072509765625,derivative_excluded
-1.18084716796875,-1.1807861328125,derivative_excluded
-1.180908203125,-1.18084716796875,derivative_excluded
-1.18096923828125,-1.180908203125,derivative_excluded
-1.1810302734375,-1.18096923828125,derivative_excluded
-1.18109130859375,-1.1810302734375,derivative_excluded
-1.18115234375,-1.18109130859375,derivative_excluded
-1.18121337890625,-1.18115234375,derivative_excluded
-1.1812744140625,-1.18121337890625,derivative_excluded
-1.18133544921875,-1.1812744140625,derivative_excluded
-1.181396484375,-1.18133544921875,derivative_excluded
-1.18145751953125,-1.181396484375,derivative_excluded
-1.1815185546875,-1.18145751953125,derivative_excluded
-1.18157958984375,-1.1815185546875,derivative_excluded
-1.181640625,-1.18157958984375,derivative_excluded
-1.18170166015625,-1.181640625,derivative_excluded
-1.1817626953125,-1.18170166015625,derivative_excluded
-1.18182373046875,-1.1817626953125,derivative_excluded
-1.181884765625,-1.18182373046875,derivative_excluded
-1.18194580078125,-1.181884765625,derivative_excluded
-1.1820068359375,-1.18194580078125,derivative_excluded
-1.18206787109375,-1.1820068359375,derivative_excluded
-1.18212890625,-1.18206787109375,derivative_excluded
-1.18218994140625,-1.18212890625,derivative_excluded
-1.1822509765625,-1.18218994140625,derivative_excluded
-1.18231201171875,-1.1822509765625,derivative_excluded
-1.182373046875,-1.18231201171875,derivative_excluded
-1.18243408203125,-1.182373046875,derivative_excluded
-1.1824951171875,-1.18243408203125,derivative_excluded
-1.18255615234375,-1.1824951171875,derivative_excluded
-1.1826171875,-1.18255615234375,derivative_excluded
-1.18267822265625,-1.1826171875,derivative_excluded
-1.1827392578125,-1.18267822265625,derivative_excluded
-1.18280029296875,-1.1827392578125,derivative_excluded
-1.182861328125,-1.18280029296875,derivative_excluded
-1.18292236328125,-1.182861328125,derivative_excluded
-1.1829833984375,-1.18292236328125,derivative_excluded
-1.18304443359375,-1.1829833984375,derivative_excluded
-1.18310546875,-1.18304443359375,derivative_excluded
-1.18316650390625,-1.18310546875,derivative_excluded
-1.1832275390625,-1.18316650390625,derivative_excluded
-1.18328857421875,-1.1832275390625,derivative_excluded
-1.183349609375,-1.18328857421875,derivative_excluded
-1.18341064453125,-1.183349609375,derivative_excluded
-1.1834716796875,-1.18341064453125,derivative_excluded
-1.18353271484375,-1.1834716796875,derivative_excluded
-1.18359375,-1.18353271484375,derivative_excluded
-1.18365478515625,-1.18359375,derivative_excluded
-1.1837158203125,-1.18365478515625,derivative_excluded
-1.18377685546875,-1.1837158203125,derivative_excluded
-1.183837890625,-1.18377685546875,derivative_excluded
-1.18389892578125,-1.183837890625,derivative_excluded
-1.1839599609375,-1.18389892578125,derivative_excluded
-1.18402099609375,-1.1839599609375,derivative_excluded
-1.18408203125,-1.18402099609375,derivative_excluded
-1.18414306640625,-1.18408203125,derivative_excluded
-1.1842041015625,-1.18414306640625,derivative_excluded
-1.18426513671875,-1.1842041015625,derivative_excluded
-1.184326171875,-1.18426513671875,derivative_excluded
-1.18438720703125,-1.184326171875,derivative_excluded
-1.1844482421875,-1.18438720703125,derivative_excluded
-1.18450927734375,-1.1844482421875,derivative_excluded
-1.1845703125,-1.18450927734375,derivative_excluded
-1.18463134765625,-1.1845703125,derivative_excluded
-1.1846923828125,-1.18463134765625,derivative_excluded
-1.18475341796875,-1.1846923828125,derivative_excluded
-1.184814453125,-1.18475341796875,derivative_excluded
-1.18487548828125,-1.184814453125,derivative_excluded
-1.1849365234375,-1.18487548828125,derivative_excluded
-1.18499755859375,-1.1849365234375,derivative_excluded
-1.18505859375,-1.18499755859375,derivative_excluded
-1.18511962890625,-1.18505859375,derivative_excluded
-1.1851806640625,-1.18511962890625,derivative_excluded
-1.18524169921875,-1.1851806640625,derivative_excluded
-1.185302734375,-1.18524169921875,derivative_excluded
-1.18536376953125,-1.185302734375,derivative_excluded
-1.1854248046875,-1.18536376953125,derivative_excluded
-1.18548583984375,-1.1854248046875,derivative_excluded
-1.185546875,-1.18548583984375,derivative_excluded
-1.18560791015625,-1.185546875,derivative_excluded
-1.1856689453125,-1.18560791015625,derivative_excluded
-1.18572998046875,-1.1856689453125,derivative_excluded
-1.185791015625,-1.18572998046875,derivative_excluded
-1.18585205078125,-1.185791015625,derivative_excluded
-1.1859130859375,-1.18585205078125,derivative_excluded
-1.18597412109375,-1.1859130859375,derivative_excluded
-1.18603515625,-1.18597412109375,derivative_excluded
-1.18609619140625,-1.18603515625,derivative_excluded
-1.1861572265625,-1.18609619140625,derivative_excluded
-1.18621826171875,-1.1861572265625,derivative_excluded
-1.186279296875,-1.18621826171875,derivative_excluded
-1.18634033203125,-1.186279296875,derivative_excluded
-1.1864013671875,-1.18634033203125,derivative_excluded
-1.18646240234375,-1.1864013671875,derivative_excluded
-1.1865234375,-1.18646240234375,derivative_excluded
-1.18658447265625,-1.1865234375,derivative_excluded
-1.1866455078125,-1.18658447265625,derivative_excluded
-1.18670654296875,-1.1866455078125,derivative_excluded
-1.186767578125,-1.18670654296875,derivative_excluded
-1.18682861328125,-1.186767578125,derivative_excluded
-1.1868896484375,-1.18682861328125,derivative_excluded
-1.18695068359375,-1.1868896484375,derivative_excluded
-1.18701171875,-1.18695068359375,derivative_excluded
-1.18707275390625,-1.18701171875,derivative_excluded
-1.1871337890625,-1.18707275390625,derivative_excluded
-1.18719482421875,-1.1871337890625,derivative_excluded
-1.187255859375,-1.18719482421875,derivative_excluded
-1.18731689453125,-1.187255859375,derivative_excluded
-1.1873779296875,-1.18731689453125,derivative_excluded
-1.18743896484375,-1.1873779296875,derivative_excluded
-1.1875,-1.18743896484375,derivative_excluded
-1.18756103515625,-1.1875,derivative_excluded
-1.1876220703125,-1.18756103515625,derivative_excluded
-1.18768310546875,-1.1876220703125,derivative_excluded
-1.187744140625,-1.18768310546875,derivative_excluded
-1.18780517578125,-1.187744140625,derivative_excluded
-1.1878662109375,-1.18780517578125,derivative_excluded
-1.18792724609375,-1.1878662109375,derivative_excluded
-1.18798828125,-1.18792724609375,derivative_excluded
-1.18804931640625,-1.18798828125,derivative_excluded
-1.1881103515625,-1.18804931640625,derivative_excluded
-1.18817138671875,-1.1881103515625,derivative_excluded
-1.188232421875,-1.18817138671875,derivative_excluded
-1.18829345703125,-1.188232421875,derivative_excluded
-1.1883544921875,-1.18829345703125,derivative_excluded
-1.18841552734375,-1.1883544921875,derivative_excluded
-1.1884765625,-1.18841552734375,derivative_excluded
-1.18853759765625,-1.1884765625,derivative_excluded
-1.1885986328125,-1.18853759765625,derivative_excluded
-1.18865966796875,-1.1885986328125,derivative_excluded
-1.188720703125,-1.18865966796875,derivative_excluded
-1.18878173828125,-1.188720703125,derivative_excluded
-1.1888427734375,-1.18878173828125,derivative_excluded
-1.18890380859375,-1.1888427734375,derivative_excluded
-1.18896484375,-1.18890380859375,derivative_excluded
-1.18902587890625,-1.18896484375,derivative_excluded
-1.1890869140625,-1.18902587890625,derivative_excluded
-1.18914794921875,-1.1890869140625,derivative_excluded
-1.189208984375,-1.18914794921875,derivative_excluded
-1.18927001953125,-1.189208984375,derivative_excluded
-1.1893310546875,-1.18927001953125,derivative_excluded
-1.18939208984375,-1.1893310546875,derivative_excluded
-1.189453125,-1.18939208984375,derivative_excluded
-1.18951416015625,-1.189453125,derivative_excluded
-1.1895751953125,-1.18951416015625,derivative_excluded
-1.18963623046875,-1.1895751953125,derivative_excluded
-1.189697265625,-1.18963623046875,derivative_excluded
-1.18975830078125,-1.189697265625,derivative_excluded
-1.1898193359375,-1.18975830078125,derivative_excluded
-1.18988037109375,-1.1898193359375,derivative_excluded
-1.18994140625,-1.18988037109375,derivative_excluded
-1.19000244140625,-1.18994140625,derivative_excluded
-1.1900634765625,-1.19000244140625,derivative_excluded
-1.19012451171875,-1.1900634765625,derivative_excluded
-1.190185546875,-1.19012451171875,derivative_excluded
-1.19024658203125,-1.190185546875,derivative_excluded
-1.1903076171875,-1.19024658203125,derivative_excluded
-1.19036865234375,-1.1903076171875,derivative_excluded
-1.1904296875,-1.19036865234375,derivative_excluded
-1.19049072265625,-1.1904296875,derivative_excluded
-1.1905517578125,-1.19049072265625,derivative_excluded
-1.19061279296875,-1.1905517578125,derivative_excluded
-1.190673828125,-1.19061279296875,derivative_excluded
-1.19073486328125,-1.190673828125,derivative_excluded
-1.1907958984375,-1.19073486328125,derivative_excluded
-1.19085693359375,-1.1907958984375,derivative_excluded
-1.19091796875,-1.19085693359375,derivative_excluded
-1.19097900390625,-1.19091796875,derivative_excluded
-1.1910400390625,-1.19097900390625,derivative_excluded
-1.19110107421875,-1.1910400390625,derivative_excluded
-1.191162109375,-1.19110107421875,derivative_excluded
-1.19122314453125,-1.191162109375,derivative_excluded
-1.1912841796875,-1.19122314453125,derivative_excluded
-1.19134521484375,-1.1912841796875,derivative_excluded
-1.19140625,-1.19134521484375,derivative_excluded
-1.19146728515625,-1.19140625,derivative_excluded
-1.1915283203125,-1.19146728515625,derivative_excluded
-1.19158935546875,-1.1915283203125,derivative_excluded
-1.191650390625,-1.19158935546875,derivative_excluded
-1.19171142578125,-1.191650390625,derivative_excluded
-1.1917724609375,-1.19171142578125,derivative_excluded
-1.19183349609375,-1.1917724609375,derivative_excluded
-1.19189453125,-1.19183349609375,derivative_excluded
-1.19195556640625,-1.19189453125,derivative_excluded
-1.1920166015625,-1.19195556640625,derivative_excluded
-1.19207763671875,-1.1920166015625,derivative_excluded
-1.192138671875,-1.19207763671875,derivative_excluded
-1.19219970703125,-1.192138671875,derivative_excluded
-1.1922607421875,-1.19219970703125,derivative_excluded
-1.19232177734375,-1.1922607421875,derivative_excluded
-1.1923828125,-1.19232177734375,derivative_excluded
-1.19244384765625,-1.1923828125,derivative_excluded
-1.1925048828125,-1.19244384765625,derivative_excluded
-1.19256591796875,-1.1925048828125,derivative_excluded
-1.192626953125,-1.19256591796875,derivative_excluded
-1.19268798828125,-1.192626953125,derivative_excluded
-1.1927490234375,-1.19268798828125,derivative_excluded
-1.19281005859375,-1.1927490234375,derivative_excluded
-1.19287109375,-1.19281005859375,derivative_excluded
-1.19293212890625,-1.19287109375,derivative_excluded
-1.1929931640625,-1.19293212890625,derivative_excluded
-1.19305419921875,-1.1929931640625,derivative_excluded
-1.193115234375,-1.19305419921875,derivative_excluded
-1.19317626953125,-1.193115234375,derivative_excluded
-1.1932373046875,-1.19317626953125,derivative_excluded
-1.19329833984375,-1.1932373046875,derivative_excluded
-1.193359375,-1.19329833984375,derivative_excluded
-1.19342041015625,-1.193359375,derivative_excluded
-1.1934814453125,-1.19342041015625,derivative_excluded
-1.19354248046875,-1.1934814453125,derivative_excluded
-1.193603515625,-1.19354248046875,derivative_excluded
-1.19366455078125,-1.193603515625,derivative_excluded
-1.1937255859375,-1.19366455078125,derivative_excluded
-1.19378662109375,-1.1937255859375,derivative_excluded
-1.19384765625,-1.19378662109375,derivative_excluded
-1.19390869140625,-1.19384765625,derivative_excluded
-1.1939697265625,-1.19390869140625,derivative_excluded
-1.19403076171875,-1.1939697265625,derivative_excluded
-1.194091796875,-1.19403076171875,derivative_excluded
-1.19415283203125,-1.194091796875,derivative_excluded
-1.1942138671875,-1.19415283203125,derivative_excluded
-1.19427490234375,-1.1942138671875,derivative_excluded
-1.1943359375,-1.19427490234375,derivative_excluded
-1.19439697265625,-1.1943359375,derivative_excluded
-1.1944580078125,-1.19439697265625,derivative_excluded
-1.19451904296875,-1.1944580078125,derivative_excluded
-1.194580078125,-1.19451904296875,derivative_excluded
-1.19464111328125,-1.194580078125,derivative_excluded
-1.1947021484375,-1.19464111328125,derivative_excluded
-1.19476318359375,-1.1947021484375,derivative_excluded
-1.19482421875,-1.19476318359375,derivative_excluded
-1.19488525390625,-1.19482421875,derivative_excluded
-1.1949462890625,-1.19488525390625,derivative_excluded
-1.19500732421875,-1.1949462890625,derivative_excluded
-1.195068359375,-1.19500732421875,derivative_excluded
-1.19512939453125,-1.195068359375,derivative_excluded
-1.1951904296875,-1.19512939453125,derivative_excluded
-1.19525146484375,-1.1951904296875,derivative_excluded
-1.1953125,-1.19525146484375,derivative_excluded
-1.19537353515625,-1.1953125,derivative_excluded
-1.1954345703125,-1.19537353515625,derivative_excluded
-1.19549560546875,-1.1954345703125,derivative_excluded
-1.195556640625,-1.19549560546875,derivative_excluded
-1.19561767578125,-1.195556640625,derivative_excluded
-1.1956787109375,-1.19561767578125,derivative_excluded
-1.19573974609375,-1.1956787109375,derivative_excluded
-1.19580078125,-1.19573974609375,derivative_excluded
-1.19586181640625,-1.19580078125,derivative_excluded
-1.1959228515625,-1.19586181640625,derivative_excluded
-1.19598388671875,-1.1959228515625,derivative_excluded
-1.196044921875,-1.19598388671875,derivative_excluded
-1.19610595703125,-1.196044921875,derivative_excluded
-1.1961669921875,-1.19610595703125,derivative_excluded
-1.19622802734375,-1.1961669921875,derivative_excluded
-1.1962890625,-1.19622802734375,derivative_excluded
-1.19635009765625,-1.1962890625,derivative_excluded
-1.1964111328125,-1.19635009765625,derivative_excluded
-1.19647216796875,-1.1964111328125,derivative_excluded
-1.196533203125,-1.19647216796875,derivative_excluded
-1.19659423828125,-1.196533203125,derivative_excluded
-1.1966552734375,-1.19659423828125,derivative_excluded
-1.19671630859375,-1.1966552734375,derivative_excluded
-1.19677734375,-1.19671630859375,derivative_excluded
-1.19683837890625,-1.19677734375,derivative_excluded
-1.1968994140625,-1.19683837890625,derivative_excluded
-1.19696044921875,-1.1968994140625,derivative_excluded
-1.197021484375,-1.19696044921875,derivative_excluded
-1.19708251953125,-1.197021484375,derivative_excluded
-1.1971435546875,-1.19708251953125,derivative_excluded
-1.19720458984375,-1.1971435546875,derivative_excluded
-1.197265625,-1.19720458984375,derivative_excluded
-1.19732666015625,-1.197265625,derivative_excluded
-1.1973876953125,-1.19732666015625,derivative_excluded
-1.19744873046875,-1.1973876953125,derivative_excluded
-1.197509765625,-1.19744873046875,derivative_excluded
-1.19757080078125,-1.197509765625,derivative_excluded
-1.1976318359375,-1.19757080078125,derivative_excluded
-1.19769287109375,-1.1976318359375,derivative_excluded
-1.19775390625,-1.19769287109375,derivative_excluded
-1.19781494140625,-1.19775390625,derivative_excluded
-1.1978759765625,-1.19781494140625,derivative_excluded
-1.19793701171875,-1.1978759765625,derivative_excluded
-1.197998046875,-1.19793701171875,derivative_excluded
-1.19805908203125,-1.197998046875,derivative_excluded
-1.1981201171875,-1.19805908203125,derivative_excluded
-1.19818115234375,-1.1981201171875,derivative_excluded
-1.1982421875,-1.19818115234375,derivative_excluded
-1.19830322265625,-1.1982421875,derivative_excluded
-1.1983642578125,-1.19830322265625,derivative_excluded
-1.19842529296875,-1.1983642578125,derivative_excluded
-1.198486328125,-1.19842529296875,derivative_excluded
-1.19854736328125,-1.198486328125,derivative_excluded
-1.1986083984375,-1.19854736328125,derivative_excluded
-1.19866943359375,-1.1986083984375,derivative_excluded
-1.19873046875,-1.19866943359375,derivative_excluded
-1.19879150390625,-1.19873046875,derivative_excluded
-1.1988525390625,-1.19879150390625,derivative_excluded
-1.19891357421875,-1.1988525390625,derivative_excluded
-1.198974609375,-1.19891357421875,derivative_excluded
-1.19903564453125,-1.198974609375,derivative_excluded
-1.1990966796875,-1.19903564453125,derivative_excluded
-1.19915771484375,-1.1990966796875,derivative_excluded
-1.19921875,-1.19915771484375,derivative_excluded
-1.19927978515625,-1.19921875,derivative_excluded
-1.1993408203125,-1.19927978515625,derivative_excluded
-1.19940185546875,-1.1993408203125,derivative_excluded
-1.199462890625,-1.19940185546875,derivative_excluded
-1.19952392578125,-1.199462890625,derivative_excluded
-1.1995849609375,-1.19952392578125,derivative_excluded
-1.19964599609375,-1.1995849609375,derivative_excluded
-1.19970703125,-1.19964599609375,derivative_excluded
-1.19976806640625,-1.19970703125,derivative_excluded
-1.1998291015625,-1.19976806640625,derivative_excluded
-1.19989013671875,-1.1998291015625,derivative_excluded
-1.199951171875,-1.19989013671875,derivative_excluded
-1.20001220703125,-1.199951171875,derivative_excluded
-1.2000732421875,-1.20001220703125,derivative_excluded
-1.20013427734375,-1.2000732421875,derivative_excluded
-1.2001953125,-1.20013427734375,derivative_excluded
-1.20025634765625,-1.2001953125,derivative_excluded
-1.2003173828125,-1.20025634765625,derivative_excluded
-1.20037841796875,-1.2003173828125,derivative_excluded
-1.200439453125,-1.20037841796875,derivative_excluded
-1.20050048828125,-1.200439453125,derivative_excluded
-1.2005615234375,-1.20050048828125,derivative_excluded
-1.20062255859375,-1.2005615234375,derivative_excluded
-1.20068359375,-1.20062255859375,derivative_excluded
-1.20074462890625,-1.20068359375,derivative_excluded
-1.2008056640625,-1.20074462890625,derivative_excluded
-1.20086669921875,-1.2008056640625,derivative_excluded
-1.200927734375,-1.20086669921875,derivative_excluded
-1.20098876953125,-1.200927734375,derivative_excluded
-1.2010498046875,-1.20098876953125,derivative_excluded
-1.20111083984375,-1.2010498046875,derivative_excluded
-1.201171875,-1.20111083984375,derivative_excluded
-1.20123291015625,-1.201171875,derivative_excluded
-1.2012939453125,-1.20123291015625,derivative_excluded
-1.20135498046875,-1.2012939453125,derivative_excluded
-1.201416015625,-1.20135498046875,derivative_excluded
-1.20147705078125,-1.201416015625,derivative_excluded
-1.2015380859375,-1.20147705078125,derivative_excluded
-1.20159912109375,-1.2015380859375,derivative_excluded
-1.20166015625,-1.20159912109375,derivative_excluded
-1.20172119140625,-1.20166015625,derivative_excluded
-1.2017822265625,-1.20172119140625,derivative_excluded
-1.20184326171875,-1.2017822265625,derivative_excluded
-1.201904296875,-1.20184326171875,derivative_excluded
-1.20196533203125,-1.201904296875,derivative_excluded
-1.2020263671875,-1.20196533203125,derivative_excluded
-1.20208740234375,-1.2020263671875,derivative_excluded
-1.2021484375,-1.20208740234375,derivative_excluded
-1.20220947265625,-1.2021484375,derivative_excluded
-1.2022705078125,-1.20220947265625,derivative_excluded
-1.20233154296875,-1.2022705078125,derivative_excluded
-1.202392578125,-1.20233154296875,derivative_excluded
-1.20245361328125,-1.202392578125,derivative_excluded
-1.2025146484375,-1.20245361328125,derivative_excluded
-1.20257568359375,-1.2025146484375,derivative_excluded
-1.20263671875,-1.20257568359375,derivative_excluded
-1.20269775390625,-1.20263671875,derivative_excluded
-1.2027587890625,-1.20269775390625,derivative_excluded
-1.20281982421875,-1.2027587890625,derivative_excluded
-1.202880859375,-1.20281982421875,derivative_excluded
-1.20294189453125,-1.202880859375,derivative_excluded
-1.2030029296875,-1.20294189453125,derivative_excluded
-1.20306396484375,-1.2030029296875,derivative_excluded
-1.203125,-1.20306396484375,derivative_excluded
-1.20318603515625,-1.203125,derivative_excluded
-1.2032470703125,-1.20318603515625,derivative_excluded
-1.20330810546875,-1.2032470703125,derivative_excluded
-1.203369140625,-1.20330810546875,derivative_excluded
-1.20343017578125,-1.203369140625,derivative_excluded
-1.2034912109375,-1.20343017578125,derivative_excluded
-1.20355224609375,-1.2034912109375,derivative_excluded
-1.20361328125,-1.20355224609375,derivative_excluded
-1.20367431640625,-1.20361328125,derivative_excluded
-1.2037353515625,-1.20367431640625,derivative_excluded
-1.20379638671875,-1.2037353515625,derivative_excluded
-1.203857421875,-1.20379638671875,derivative_excluded
-1.20391845703125,-1.203857421875,derivative_excluded
-1.2039794921875,-1.20391845703125,derivative_excluded
-1.20404052734375,-1.2039794921875,derivative_excluded
-1.2041015625,-1.20404052734375,derivative_excluded
-1.20416259765625,-1.2041015625,derivative_excluded
-1.2042236328125,-1.20416259765625,derivative_excluded
-1.20428466796875,-1.2042236328125,derivative_excluded
-1.204345703125,-1.20428466796875,derivative_excluded
-1.20440673828125,-1.204345703125,derivative_excluded
-1.2044677734375,-1.20440673828125,derivative_excluded
-1.20452880859375,-1.2044677734375,derivative_excluded
-1.20458984375,-1.20452880859375,derivative_excluded
-1.20465087890625,-1.20458984375,derivative_excluded
-1.2047119140625,-1.20465087890625,derivative_excluded
-1.20477294921875,-1.2047119140625,derivative_excluded
-1.204833984375,-1.20477294921875,derivative_excluded
-1.20489501953125,-1.204833984375,derivative_excluded
-1.2049560546875,-1.20489501953125,derivative_excluded
-1.20501708984375,-1.2049560546875,derivative_excluded
-1.205078125,-1.20501708984375,derivative_excluded
-1.20513916015625,-1.205078125,derivative_excluded
-1.2052001953125,-1.20513916015625,derivative_excluded
-1.20526123046875,-1.2052001953125,derivative_excluded
-1.205322265625,-1.20526123046875,derivative_excluded
-1.20538330078125,-1.205322265625,derivative_excluded
-1.2054443359375,-1.20538330078125,derivative_excluded
-1.20550537109375,-1.2054443359375,derivative_excluded
-1.20556640625,-1.20550537109375,derivative_excluded
-1.20562744140625,-1.20556640625,derivative_excluded
-1.2056884765625,-1.20562744140625,derivative_excluded
-1.20574951171875,-1.2056884765625,derivative_excluded
-1.205810546875,-1.20574951171875,derivative_excluded
-1.20587158203125,-1.205810546875,derivative_excluded
-1.2059326171875,-1.20587158203125,derivative_excluded
-1.20599365234375,-1.2059326171875,derivative_excluded
-1.2060546875,-1.20599365234375,derivative_excluded
-1.20611572265625,-1.2060546875,derivative_excluded
-1.2061767578125,-1.20611572265625,derivative_excluded
-1.20623779296875,-1.2061767578125,derivative_excluded
-1.206298828125,-1.20623779296875,derivative_excluded
-1.20635986328125,-1.206298828125,derivative_excluded
-1.2064208984375,-1.20635986328125,derivative_excluded
-1.20648193359375,-1.2064208984375,derivative_excluded
-1.20654296875,-1.20648193359375,derivative_excluded
-1.20660400390625,-1.20654296875,derivative_excluded
-1.2066650390625,-1.20660400390625,derivative_excluded
-1.20672607421875,-1.2066650390625,derivative_excluded
-1.206787109375,-1.20672607421875,derivative_excluded
-1.20684814453125,-1.206787109375,derivative_excluded
-1.2069091796875,-1.20684814453125,derivative_excluded
-1.20697021484375,-1.2069091796875,derivative_excluded
-1.20703125,-1.20697021484375,derivative_excluded
-1.20709228515625,-1.20703125,derivative_excluded
-1.2071533203125,-1.20709228515625,derivative_excluded
-1.20721435546875,-1.2071533203125,derivative_excluded
-1.207275390625,-1.20721435546875,derivative_excluded
-1.20733642578125,-1.207275390625,derivative_excluded
-1.2073974609375,-1.20733642578125,derivative_excluded
-1.20745849609375,-1.2073974609375,derivative_excluded
-1.20751953125,-1.20745849609375,derivative_excluded
-1.20758056640625,-1.20751953125,derivative_excluded
-1.2076416015625,-1.20758056640625,derivative_excluded
-1.20770263671875,-1.2076416015625,derivative_excluded
-1.207763671875,-1.20770263671875,derivative_excluded
-1.20782470703125,-1.207763671875,derivative_excluded
-1.2078857421875,-1.20782470703125,derivative_excluded
-1.20794677734375,-1.2078857421875,derivative_excluded
-1.2080078125,-1.20794677734375,derivative_excluded
-1.20806884765625,-1.2080078125,derivative_excluded
-1.2081298828125,-1.20806884765625,derivative_excluded
-1.20819091796875,-1.2081298828125,derivative_excluded
-1.208251953125,-1.20819091796875,derivative_excluded
-1.20831298828125,-1.208251953125,derivative_excluded
-1.2083740234375,-1.20831298828125,derivative_excluded
-1.20843505859375,-1.2083740234375,derivative_excluded
-1.20849609375,-1.20843505859375,derivative_excluded
-1.20855712890625,-1.20849609375,derivative_excluded
-1.2086181640625,-1.20855712890625,derivative_excluded
-1.20867919921875,-1.2086181640625,derivative_excluded
-1.208740234375,-1.20867919921875,derivative_excluded
-1.20880126953125,-1.208740234375,derivative_excluded
-1.2088623046875,-1.20880126953125,derivative_excluded
-1.20892333984375,-1.2088623046875,derivative_excluded
-1.208984375,-1.20892333984375,derivative_excluded
-1.20904541015625,-1.208984375,derivative_excluded
-1.2091064453125,-1.20904541015625,derivative_excluded
-1.20916748046875,-1.2091064453125,derivative_excluded
-1.209228515625,-1.20916748046875,derivative_excluded
-1.20928955078125,-1.209228515625,derivative_excluded
-1.2093505859375,-1.20928955078125,derivative_excluded
-1.20941162109375,-1.2093505859375,derivative_excluded
-1.20947265625,-1.20941162109375,derivative_excluded
-1.20953369140625,-1.20947265625,derivative_excluded
-1.2095947265625,-1.20953369140625,derivative_excluded
-1.20965576171875,-1.2095947265625,derivative_excluded
-1.209716796875,-1.20965576171875,derivative_excluded
-1.20977783203125,-1.209716796875,derivative_excluded
-1.2098388671875,-1.20977783203125,derivative_excluded
-1.20989990234375,-1.2098388671875,derivative_excluded
-1.2099609375,-1.20989990234375,derivative_excluded
-1.21002197265625,-1.2099609375,derivative_excluded
-1.2100830078125,-1.21002197265625,derivative_excluded
-1.21014404296875,-1.2100830078125,derivative_excluded
-1.210205078125,-1.21014404296875,derivative_excluded
-1.21026611328125,-1.210205078125,derivative_excluded
-1.2103271484375,-1.21026611328125,derivative_excluded
-1.21038818359375,-1.2103271484375,derivative_excluded
-1.21044921875,-1.21038818359375,derivative_excluded
-1.21051025390625,-1.21044921875,derivative_excluded
-1.2105712890625,-1.21051025390625,derivative_excluded
-1.21063232421875,-1.2105712890625,derivative_excluded
-1.210693359375,-1.21063232421875,derivative_excluded
-1.21075439453125,-1.210693359375,derivative_excluded
-1.2108154296875,-1.21075439453125,derivative_excluded
-1.21087646484375,-1.2108154296875,derivative_excluded
-1.2109375,-1.21087646484375,derivative_excluded
-1.21099853515625,-1.2109375,derivative_excluded
-1.2110595703125,-1.21099853515625,derivative_excluded
-1.21112060546875,-1.2110595703125,derivative_excluded
-1.211181640625,-1.21112060546875,derivative_excluded
-1.21124267578125,-1.211181640625,derivative_excluded
-1.2113037109375,-1.21124267578125,derivative_excluded
-1.21136474609375,-1.2113037109375,derivative_excluded
-1.21142578125,-1.21136474609375,derivative_excluded
-1.21148681640625,-1.21142578125,derivative_excluded
-1.2115478515625,-1.21148681640625,derivative_excluded
-1.21160888671875,-1.2115478515625,derivative_excluded
-1.211669921875,-1.21160888671875,derivative_excluded
-1.21173095703125,-1.211669921875,derivative_excluded
-1.2117919921875,-1.21173095703125,derivative_excluded
-1.21185302734375,-1.2117919921875,derivative_excluded
-1.2119140625,-1.21185302734375,derivative_excluded
-1.21197509765625,-1.2119140625,derivative_excluded
-1.2120361328125,-1.21197509765625,derivative_excluded
-1.21209716796875,-1.2120361328125,derivative_excluded
-1.212158203125,-1.21209716796875,derivative_excluded
-1.21221923828125,-1.212158203125,derivative_excluded
-1.2122802734375,-1.21221923828125,derivative_excluded
-1.21234130859375,-1.2122802734375,derivative_excluded
-1.21240234375,-1.21234130859375,derivative_excluded
-1.21246337890625,-1.21240234375,derivative_excluded
-1.2125244140625,-1.21246337890625,derivative_excluded
-1.21258544921875,-1.2125244140625,derivative_excluded
-1.212646484375,-1.21258544921875,derivative_excluded
-1.21270751953125,-1.212646484375,derivative_excluded
-1.2127685546875,-1.21270751953125,derivative_excluded
-1.21282958984375,-1.2127685546875,derivative_excluded
-1.212890625,-1.21282958984375,derivative_excluded
-1.21295166015625,-1.212890625,derivative_excluded
-1.2130126953125,-1.21295166015625,derivative_excluded
-1.21307373046875,-1.2130126953125,derivative_excluded
-1.213134765625,-1.21307373046875,derivative_excluded
-1.21319580078125,-1.213134765625,derivative_excluded
-1.2132568359375,-1.21319580078125,derivative_excluded
-1.21331787109375,-1.2132568359375,derivative_excluded
-1.21337890625,-1.21331787109375,derivative_excluded
-1.21343994140625,-1.21337890625,derivative_excluded
-1.2135009765625,-1.21343994140625,derivative_excluded
-1.21356201171875,-1.2135009765625,derivative_excluded
-1.213623046875,-1.21356201171875,derivative_excluded
-1.21368408203125,-1.213623046875,derivative_excluded
-1.2137451171875,-1.21368408203125,derivative_excluded
-1.21380615234375,-1.2137451171875,derivative_excluded
-1.2138671875,-1.21380615234375,derivative_excluded
-1.21392822265625,-1.2138671875,derivative_excluded
-1.2139892578125,-1.21392822265625,derivative_excluded
-1.21405029296875,-1.2139892578125,derivative_excluded
-1.214111328125,-1.21405029296875,derivative_excluded
-1.21417236328125,-1.214111328125,derivative_excluded
-1.2142333984375,-1.21417236328125,derivative_excluded
-1.21429443359375,-1.2142333984375,derivative_excluded
-1.21435546875,-1.21429443359375,derivative_excluded
-1.21441650390625,-1.21435546875,derivative_excluded
-1.2144775390625,-1.21441650390625,derivative_excluded
-1.21453857421875,-1.2144775390625,derivative_excluded
-1.214599609375,-1.21453857421875,derivative_excluded
-1.21466064453125,-1.214599609375,derivative_excluded
-1.2147216796875,-1.21466064453125,derivative_excluded
-1.21478271484375,-1.2147216796875,derivative_excluded
-1.21484375,-1.21478271484375,derivative_excluded
-1.21490478515625,-1.21484375,derivative_excluded
-1.2149658203125,-1.21490478515625,derivative_excluded
-1.21502685546875,-1.2149658203125,derivative_excluded
-1.215087890625,-1.21502685546875,derivative_excluded
-1.21514892578125,-1.215087890625,derivative_excluded
-1.2152099609375,-1.21514892578125,derivative_excluded
-1.21527099609375,-1.2152099609375,derivative_excluded
-1.21533203125,-1.21527099609375,derivative_excluded
-1.21539306640625,-1.21533203125,derivative_excluded
-1.2154541015625,-1.21539306640625,derivative_excluded
-1.21551513671875,-1.2154541015625,derivative_excluded
-1.215576171875,-1.21551513671875,derivative_excluded
-1.21563720703125,-1.215576171875,derivative_excluded
-1.2156982421875,-1.21563720703125,derivative_excluded
-1.21575927734375,-1.2156982421875,derivative_excluded
-1.2158203125,-1.21575927734375,derivative_excluded
-1.21588134765625,-1.2158203125,derivative_excluded
-1.2159423828125,-1.21588134765625,derivative_excluded
-1.21600341796875,-1.2159423828125,derivative_excluded
-1.216064453125,-1.21600341796875,derivative_excluded
-1.21612548828125,-1.216064453125,derivative_excluded
-1.2161865234375,-1.21612548828125,derivative_excluded
-1.21624755859375,-1.2161865234375,derivative_excluded
-1.21630859375,-1.21624755859375,derivative_excluded
-1.21636962890625,-1.21630859375,derivative_excluded
-1.2164306640625,-1.21636962890625,derivative_excluded
-1.21649169921875,-1.2164306640625,derivative_excluded
-1.216552734375,-1.21649169921875,derivative_excluded
-1.21661376953125,-1.216552734375,derivative_excluded
-1.2166748046875,-1.21661376953125,derivative_excluded
-1.21673583984375,-1.2166748046875,derivative_excluded
-1.216796875,-1.21673583984375,derivative_excluded
-1.21685791015625,-1.216796875,derivative_excluded
-1.2169189453125,-1.21685791015625,derivative_excluded
-1.21697998046875,-1.2169189453125,derivative_excluded
-1.217041015625,-1.21697998046875,derivative_excluded
-1.21710205078125,-1.217041015625,derivative_excluded
-1.2171630859375,-1.21710205078125,derivative_excluded
-1.21722412109375,-1.2171630859375,derivative_excluded
-1.21728515625,-1.21722412109375,derivative_excluded
-1.21734619140625,-1.21728515625,derivative_excluded
-1.2174072265625,-1.21734619140625,derivative_excluded
-1.21746826171875,-1.2174072265625,derivative_excluded
-1.217529296875,-1.21746826171875,derivative_excluded
-1.21759033203125,-1.217529296875,derivative_excluded
-1.2176513671875,-1.21759033203125,derivative_excluded
-1.21771240234375,-1.2176513671875,derivative_excluded
-1.2177734375,-1.21771240234375,derivative_excluded
-1.21783447265625,-1.2177734375,derivative_excluded
-1.2178955078125,-1.21783447265625,derivative_excluded
-1.21795654296875,-1.2178955078125,derivative_excluded
-1.218017578125,-1.21795654296875,derivative_excluded
-1.21807861328125,-1.218017578125,derivative_excluded
-1.2181396484375,-1.21807861328125,derivative_excluded
-1.21820068359375,-1.2181396484375,derivative_excluded
-1.21826171875,-1.21820068359375,derivative_excluded
-1.21832275390625,-1.21826171875,derivative_excluded
-1.2183837890625,-1.21832275390625,derivative_excluded
-1.21844482421875,-1.2183837890625,derivative_excluded
-1.218505859375,-1.21844482421875,derivative_excluded
-1.21856689453125,-1.218505859375,derivative_excluded
-1.2186279296875,-1.21856689453125,derivative_excluded
-1.21868896484375,-1.2186279296875,derivative_excluded
-1.21875,-1.21868896484375,derivative_excluded
-1.21881103515625,-1.21875,derivative_excluded
-1.2188720703125,-1.21881103515625,derivative_excluded
-1.21893310546875,-1.2188720703125,derivative_excluded
-1.218994140625,-1.21893310546875,derivative_excluded
-1.21905517578125,-1.218994140625,derivative_excluded
-1.2191162109375,-1.21905517578125,derivative_excluded
-1.21917724609375,-1.2191162109375,derivative_excluded
-1.21923828125,-1.21917724609375,derivative_excluded
-1.21929931640625,-1.21923828125,derivative_excluded
-1.2193603515625,-1.21929931640625,derivative_excluded
-1.21942138671875,-1.2193603515625,derivative_excluded
-1.219482421875,-1.21942138671875,derivative_excluded
-1.21954345703125,-1.219482421875,derivative_excluded
-1.2196044921875,-1.21954345703125,derivative_excluded
-1.21966552734375,-1.2196044921875,derivative_excluded
-1.2197265625,-1.21966552734375,derivative_excluded
-1.21978759765625,-1.2197265625,derivative_excluded
-1.2198486328125,-1.21978759765625,derivative_excluded
-1.21990966796875,-1.2198486328125,derivative_excluded
-1.219970703125,-1.21990966796875,derivative_excluded
-1.22003173828125,-1.219970703125,derivative_excluded
-1.2200927734375,-1.22003173828125,derivative_excluded
-1.22015380859375,-1.2200927734375,derivative_excluded
-1.22021484375,-1.22015380859375,derivative_excluded
-1.22027587890625,-1.22021484375,derivative_excluded
-1.2203369140625,-1.22027587890625,derivative_excluded
-1.22039794921875,-1.2203369140625,derivative_excluded
-1.220458984375,-1.22039794921875,derivative_excluded
-1.22052001953125,-1.220458984375,derivative_excluded
-1.2205810546875,-1.22052001953125,derivative_excluded
-1.22064208984375,-1.2205810546875,derivative_excluded
-1.220703125,-1.22064208984375,derivative_excluded
-1.22076416015625,-1.220703125,derivative_excluded
-1.2208251953125,-1.22076416015625,derivative_excluded
-1.22088623046875,-1.2208251953125,derivative_excluded
-1.220947265625,-1.22088623046875,derivative_excluded
-1.22100830078125,-1.220947265625,derivative_excluded
-1.2210693359375,-1.22100830078125,derivative_excluded
-1.22113037109375,-1.2210693359375,derivative_excluded
-1.22119140625,-1.22113037109375,derivative_excluded
-1.22125244140625,-1.22119140625,derivative_excluded
-1.2213134765625,-1.22125244140625,derivative_excluded
-1.22137451171875,-1.2213134765625,derivative_excluded
-1.221435546875,-1.22137451171875,derivative_excluded
-1.22149658203125,-1.221435546875,derivative_excluded
-1.2215576171875,-1.22149658203125,derivative_excluded
-1.22161865234375,-1.2215576171875,derivative_excluded
-1.2216796875,-1.22161865234375,derivative_excluded
-1.22174072265625,-1.2216796875,derivative_excluded
-1.2218017578125,-1.22174072265625,derivative_excluded
-1.22186279296875,-1.2218017578125,derivative_excluded
-1.221923828125,-1.22186279296875,derivative_excluded
-1.22198486328125,-1.221923828125,derivative_excluded
-1.2220458984375,-1.22198486328125,derivative_excluded
-1.22210693359375,-1.2220458984375,derivative_excluded
-1.22216796875,-1.22210693359375,derivative_excluded
-1.22222900390625,-1.22216796875,derivative_excluded
-1.2222900390625,-1.22222900390625,derivative_excluded
-1.22235107421875,-1.2222900390625,derivative_excluded
-1.222412109375,-1.22235107421875,derivative_excluded
-1.22247314453125,-1.222412109375,derivative_excluded
-1.2225341796875,-1.22247314453125,derivative_excluded
-1.22259521484375,-1.2225341796875,derivative_excluded
-1.22265625,-1.22259521484375,derivative_excluded
-1.22271728515625,-1.22265625,derivative_excluded
-1.2227783203125,-1.22271728515625,derivative_excluded
-1.22283935546875,-1.2227783203125,derivative_excluded
-1.222900390625,-1.22283935546875,derivative_excluded
-1.22296142578125,-1.222900390625,derivative_excluded
-1.2230224609375,-1.22296142578125,derivative_excluded
-1.22308349609375,-1.2230224609375,derivative_excluded
-1.22314453125,-1.22308349609375,derivative_excluded
-1.22320556640625,-1.22314453125,derivative_excluded
-1.2232666015625,-1.22320556640625,derivative_excluded
-1.22332763671875,-1.2232666015625,derivative_excluded
-1.223388671875,-1.22332763671875,derivative_excluded
-1.22344970703125,-1.223388671875,derivative_excluded
-1.2235107421875,-1.22344970703125,derivative_excluded
-1.22357177734375,-1.2235107421875,derivative_excluded
-1.2236328125,-1.22357177734375,derivative_excluded
-1.22369384765625,-1.2236328125,derivative_excluded
-1.2237548828125,-1.22369384765625,derivative_excluded
-1.22381591796875,-1.2237548828125,derivative_excluded
-1.223876953125,-1.22381591796875,derivative_excluded
-1.22393798828125,-1.223876953125,derivative_excluded
-1.2239990234375,-1.22393798828125,derivative_excluded
-1.22406005859375,-1.2239990234375,derivative_excluded
-1.22412109375,-1.22406005859375,derivative_excluded
-1.22418212890625,-1.22412109375,derivative_excluded
-1.2242431640625,-1.22418212890625,derivative_excluded
-1.22430419921875,-1.2242431640625,derivative_excluded
-1.224365234375,-1.22430419921875,derivative_excluded
-1.22442626953125,-1.224365234375,derivative_excluded
-1.2244873046875,-1.22442626953125,derivative_excluded
-1.22454833984375,-1.2244873046875,derivative_excluded
-1.224609375,-1.22454833984375,derivative_excluded
-1.22467041015625,-1.224609375,derivative_excluded
-1.2247314453125,-1.22467041015625,derivative_excluded
-1.22479248046875,-1.2247314453125,derivative_excluded
-1.224853515625,-1.22479248046875,derivative_excluded
-1.22491455078125,-1.224853515625,derivative_excluded
-1.2249755859375,-1.22491455078125,derivative_excluded
-1.22503662109375,-1.2249755859375,derivative_excluded
-1.22509765625,-1.22503662109375,derivative_excluded
-1.22515869140625,-1.22509765625,derivative_excluded
-1.2252197265625,-1.22515869140625,derivative_excluded
-1.22528076171875,-1.2252197265625,derivative_excluded
-1.225341796875,-1.22528076171875,derivative_excluded
-1.22540283203125,-1.225341796875,derivative_excluded
-1.2254638671875,-1.22540283203125,derivative_excluded
-1.2255859375,-1.2254638671875,derivative_excluded
-1.2257080078125,-1.2255859375,derivative_excluded
-1.225830078125,-1.2257080078125,derivative_excluded
-1.2259521484375,-1.225830078125,derivative_excluded
-1.22607421875,-1.2259521484375,derivative_excluded
-1.2261962890625,-1.22607421875,derivative_excluded
-1.226318359375,-1.2261962890625,derivative_excluded
-1.2264404296875,-1.226318359375,derivative_excluded
-1.2265625,-1.2264404296875,derivative_excluded
-1.2266845703125,-1.2265625,derivative_excluded
-1.226806640625,-1.2266845703125,derivative_excluded
-1.2269287109375,-1.226806640625,derivative_excluded
-1.22705078125,-1.2269287109375,derivative_excluded
-1.2271728515625,-1.22705078125,derivative_excluded
-1.227294921875,-1.2271728515625,derivative_excluded
-1.2274169921875,-1.227294921875,derivative_excluded
-1.2275390625,-1.2274169921875,derivative_excluded
-1.2276611328125,-1.2275390625,derivative_excluded
-1.227783203125,-1.2276611328125,derivative_excluded
-1.2279052734375,-1.227783203125,derivative_excluded
-1.22802734375,-1.2279052734375,derivative_excluded
-1.2281494140625,-1.22802734375,derivative_excluded
-1.228271484375,-1.2281494140625,derivative_excluded
-1.2283935546875,-1.228271484375,derivative_excluded
-1.228515625,-1.2283935546875,derivative_excluded
-1.2286376953125,-1.228515625,derivative_excluded
-1.228759765625,-1.2286376953125,derivative_excluded
-1.2288818359375,-1.228759765625,derivative_excluded
-1.22900390625,-1.2288818359375,derivative_excluded
-1.2291259765625,-1.22900390625,derivative_excluded
-1.229248046875,-1.2291259765625,derivative_excluded
-1.2293701171875,-1.229248046875,derivative_excluded
-1.2294921875,-1.2293701171875,derivative_excluded
-1.2296142578125,-1.2294921875,derivative_excluded
-1.229736328125,-1.2296142578125,derivative_excluded
-1.2298583984375,-1.229736328125,derivative_excluded
-1.22998046875,-1.2298583984375,derivative_excluded
-1.2301025390625,-1.22998046875,derivative_excluded
-1.230224609375,-1.2301025390625,derivative_excluded
-1.2303466796875,-1.230224609375,derivative_excluded
-1.23046875,-1.2303466796875,derivative_excluded
-1.2305908203125,-1.23046875,derivative_excluded
-1.230712890625,-1.2305908203125,derivative_excluded
-1.2308349609375,-1.230712890625,derivative_excluded
-1.23095703125,-1.2308349609375,derivative_excluded
-1.2310791015625,-1.23095703125,derivative_excluded
-1.231201171875,-1.2310791015625,derivative_excluded
-1.2313232421875,-1.231201171875,derivative_excluded
-1.2314453125,-1.2313232421875,derivative_excluded
-1.2315673828125,-1.2314453125,derivative_excluded
-1.231689453125,-1.2315673828125,derivative_excluded
-1.2318115234375,-1.231689453125,derivative_excluded
-1.23193359375,-1.2318115234375,derivative_excluded
-1.2320556640625,-1.23193359375,derivative_excluded
-1.232177734375,-1.2320556640625,derivative_excluded
-1.2322998046875,-1.232177734375,derivative_excluded
-1.232421875,-1.2322998046875,derivative_excluded
-1.2325439453125,-1.232421875,derivative_excluded
-1.232666015625,-1.2325439453125,derivative_excluded
-1.2327880859375,-1.232666015625,derivative_excluded
-1.23291015625,-1.2327880859375,derivative_excluded
-1.2330322265625,-1.23291015625,derivative_excluded
-1.233154296875,-1.2330322265625,derivative_excluded
-1.2332763671875,-1.233154296875,derivative_excluded
-1.2333984375,-1.2332763671875,derivative_excluded
-1.2335205078125,-1.2333984375,derivative_excluded
-1.233642578125,-1.2335205078125,derivative_excluded
-1.2337646484375,-1.233642578125,derivative_excluded
-1.23388671875,-1.2337646484375,derivative_excluded
-1.2340087890625,-1.23388671875,derivative_excluded
-1.234130859375,-1.2340087890625,derivative_excluded
-1.2342529296875,-1.234130859375,derivative_excluded
-1.234375,-1.2342529296875,derivative_excluded
-1.2344970703125,-1.234375,derivative_excluded
-1.234619140625,-1.2344970703125,derivative_excluded
-1.2347412109375,-1.234619140625,derivative_excluded
-1.23486328125,-1.2347412109375,derivative_excluded
-1.2349853515625,-1.23486328125,derivative_excluded
-1.235107421875,-1.2349853515625,derivative_excluded
-1.2352294921875,-1.235107421875,derivative_excluded
-1.2353515625,-1.2352294921875,derivative_excluded
-1.2354736328125,-1.2353515625,derivative_excluded
-1.235595703125,-1.2354736328125,derivative_excluded
-1.2357177734375,-1.235595703125,derivative_excluded
-1.23583984375,-1.2357177734375,derivative_excluded
-1.2359619140625,-1.23583984375,derivative_excluded
-1.236083984375,-1.2359619140625,derivative_excluded
-1.2362060546875,-1.236083984375,derivative_excluded
-1.236328125,-1.2362060546875,derivative_excluded
-1.2364501953125,-1.236328125,derivative_excluded
-1.236572265625,-1.2364501953125,derivative_excluded
-1.2366943359375,-1.236572265625,derivative_excluded
-1.23681640625,-1.2366943359375,derivative_excluded
-1.2369384765625,-1.23681640625,derivative_excluded
-1.237060546875,-1.2369384765625,derivative_excluded
-1.2371826171875,-1.237060546875,derivative_excluded
-1.2373046875,-1.2371826171875,derivative_excluded
-1.2374267578125,-1.2373046875,derivative_excluded
-1.237548828125,-1.2374267578125,derivative_excluded
-1.2376708984375,-1.237548828125,derivative_excluded
-1.23779296875,-1.2376708984375,derivative_excluded
-1.2379150390625,-1.23779296875,derivative_excluded
-1.238037109375,-1.2379150390625,derivative_excluded
-1.2381591796875,-1.238037109375,derivative_excluded
-1.23828125,-1.2381591796875,derivative_excluded
-1.2384033203125,-1.23828125,derivative_excluded
-1.238525390625,-1.2384033203125,derivative_excluded
-1.2386474609375,-1.238525390625,derivative_excluded
-1.23876953125,-1.2386474609375,derivative_excluded
-1.2388916015625,-1.23876953125,derivative_excluded
-1.239013671875,-1.2388916015625,derivative_excluded
-1.2391357421875,-1.239013671875,derivative_excluded
-1.2392578125,-1.2391357421875,derivative_excluded
-1.2393798828125,-1.2392578125,derivative_excluded
-1.239501953125,-1.2393798828125,derivative_excluded
-1.2396240234375,-1.239501953125,derivative_excluded
-1.23974609375,-1.2396240234375,derivative_excluded
-1.2398681640625,-1.23974609375,derivative_excluded
-1.239990234375,-1.2398681640625,derivative_excluded
-1.2401123046875,-1.239990234375,derivative_excluded
-1.240234375,-1.2401123046875,derivative_excluded
-1.2403564453125,-1.240234375,derivative_excluded
-1.240478515625,-1.2403564453125,derivative_excluded
-1.2406005859375,-1.240478515625,derivative_excluded
-1.24072265625,-1.2406005859375,derivative_excluded
-1.2408447265625,-1.24072265625,derivative_excluded
-1.240966796875,-1.2408447265625,derivative_excluded
-1.2410888671875,-1.240966796875,derivative_excluded
-1.2412109375,-1.2410888671875,derivative_excluded
-1.2413330078125,-1.2412109375,derivative_excluded
-1.241455078125,-1.2413330078125,derivative_excluded
-1.2415771484375,-1.241455078125,derivative_excluded
-1.24169921875,-1.2415771484375,derivative_excluded
-1.2418212890625,-1.24169921875,derivative_excluded
-1.241943359375,-1.2418212890625,derivative_excluded
-1.2420654296875,-1.241943359375,derivative_excluded
-1.2421875,-1.2420654296875,derivative_excluded
-1.2423095703125,-1.2421875,derivative_excluded
-1.242431640625,-1.2423095703125,derivative_excluded
-1.2425537109375,-1.242431640625,derivative_excluded
-1.24267578125,-1.2425537109375,derivative_excluded
-1.2427978515625,-1.24267578125,derivative_excluded
-1.242919921875,-1.2427978515625,derivative_excluded
-1.2430419921875,-1.242919921875,derivative_excluded
-1.2431640625,-1.2430419921875,derivative_excluded
-1.2432861328125,-1.2431640625,derivative_excluded
-1.243408203125,-1.2432861328125,derivative_excluded
-1.2435302734375,-1.243408203125,derivative_excluded
-1.24365234375,-1.2435302734375,derivative_excluded
-1.2437744140625,-1.24365234375,derivative_excluded
-1.243896484375,-1.2437744140625,derivative_excluded
-1.2440185546875,-1.243896484375,derivative_excluded
-1.244140625,-1.2440185546875,derivative_excluded
-1.2442626953125,-1.244140625,derivative_excluded
-1.244384765625,-1.2442626953125,derivative_excluded
-1.2445068359375,-1.244384765625,derivative_excluded
-1.24462890625,-1.2445068359375,derivative_excluded
-1.2447509765625,-1.24462890625,derivative_excluded
-1.244873046875,-1.2447509765625,derivative_excluded
-1.2449951171875,-1.244873046875,derivative_excluded
-1.2451171875,-1.2449951171875,derivative_excluded
-1.2452392578125,-1.2451171875,derivative_excluded
-1.245361328125,-1.2452392578125,derivative_excluded
-1.2454833984375,-1.245361328125,derivative_excluded
-1.24560546875,-1.2454833984375,derivative_excluded
-1.2457275390625,-1.24560546875,derivative_excluded
-1.245849609375,-1.2457275390625,derivative_excluded
-1.2459716796875,-1.245849609375,derivative_excluded
-1.24609375,-1.2459716796875,derivative_excluded
-1.2462158203125,-1.24609375,derivative_excluded
-1.246337890625,-1.2462158203125,derivative_excluded
-1.2464599609375,-1.246337890625,derivative_excluded
-1.24658203125,-1.2464599609375,derivative_excluded
-1.2467041015625,-1.24658203125,derivative_excluded
-1.246826171875,-1.2467041015625,derivative_excluded
-1.2469482421875,-1.246826171875,derivative_excluded
-1.2470703125,-1.2469482421875,derivative_excluded
-1.2471923828125,-1.2470703125,derivative_excluded
-1.247314453125,-1.2471923828125,derivative_excluded
-1.2474365234375,-1.247314453125,derivative_excluded
-1.24755859375,-1.2474365234375,derivative_excluded
-1.2476806640625,-1.24755859375,derivative_excluded
-1.247802734375,-1.2476806640625,derivative_excluded
-1.2479248046875,-1.247802734375,derivative_excluded
-1.248046875,-1.2479248046875,derivative_excluded
-1.2481689453125,-1.248046875,derivative_excluded
-1.248291015625,-1.2481689453125,derivative_excluded
-1.2484130859375,-1.248291015625,derivative_excluded
-1.24853515625,-1.2484130859375,derivative_excluded
-1.2486572265625,-1.24853515625,derivative_excluded
-1.248779296875,-1.2486572265625,derivative_excluded
-1.2489013671875,-1.248779296875,derivative_excluded
-1.2490234375,-1.2489013671875,derivative_excluded
-1.2491455078125,-1.2490234375,derivative_excluded
-1.249267578125,-1.2491455078125,derivative_excluded
-1.2493896484375,-1.249267578125,derivative_excluded
-1.24951171875,-1.2493896484375,derivative_excluded
-1.2496337890625,-1.24951171875,derivative_excluded
-1.249755859375,-1.2496337890625,derivative_excluded
-1.2498779296875,-1.249755859375,derivative_excluded
-1.25,-1.2498779296875,derivative_excluded
-1.2501220703125,-1.25,derivative_excluded
-1.250244140625,-1.2501220703125,derivative_excluded
-1.2503662109375,-1.250244140625,derivative_excluded
-1.25048828125,-1.2503662109375,derivative_excluded
-1.2506103515625,-1.25048828125,derivative_excluded
-1.250732421875,-1.2506103515625,derivative_excluded
-1.2508544921875,-1.250732421875,derivative_excluded
-1.2509765625,-1.2508544921875,derivative_excluded
-1.2510986328125,-1.2509765625,derivative_excluded
-1.251220703125,-1.2510986328125,derivative_excluded
-1.2513427734375,-1.251220703125,derivative_excluded
-1.25146484375,-1.2513427734375,derivative_excluded
-1.2515869140625,-1.25146484375,derivative_excluded
-1.251708984375,-1.2515869140625,derivative_excluded
-1.2518310546875,-1.251708984375,derivative_excluded
-1.251953125,-1.2518310546875,derivative_excluded
-1.2520751953125,-1.251953125,derivative_excluded
-1.252197265625,-1.2520751953125,derivative_excluded
-1.2523193359375,-1.252197265625,derivative_excluded
-1.25244140625,-1.2523193359375,derivative_excluded
-1.2525634765625,-1.25244140625,derivative_excluded
-1.252685546875,-1.2525634765625,derivative_excluded
-1.2528076171875,-1.252685546875,derivative_excluded
-1.2529296875,-1.2528076171875,derivative_excluded
-1.2530517578125,-1.2529296875,derivative_excluded
-1.253173828125,-1.2530517578125,derivative_excluded
-1.2532958984375,-1.253173828125,derivative_excluded
-1.25341796875,-1.2532958984375,derivative_excluded
-1.2535400390625,-1.25341796875,derivative_excluded
-1.253662109375,-1.2535400390625,derivative_excluded
-1.2537841796875,-1.253662109375,derivative_excluded
-1.25390625,-1.2537841796875,derivative_excluded
-1.2540283203125,-1.25390625,derivative_excluded
-1.254150390625,-1.2540283203125,derivative_excluded
-1.2542724609375,-1.254150390625,derivative_excluded
-1.25439453125,-1.2542724609375,derivative_excluded
-1.2545166015625,-1.25439453125,derivative_excluded
-1.254638671875,-1.2545166015625,derivative_excluded
-1.2547607421875,-1.254638671875,derivative_excluded
-1.2548828125,-1.2547607421875,derivative_excluded
-1.2550048828125,-1.2548828125,derivative_excluded
-1.255126953125,-1.2550048828125,derivative_excluded
-1.2552490234375,-1.255126953125,derivative_excluded
-1.25537109375,-1.2552490234375,derivative_excluded
-1.2554931640625,-1.25537109375,derivative_excluded
-1.255615234375,-1.2554931640625,derivative_excluded
-1.2557373046875,-1.255615234375,derivative_excluded
-1.255859375,-1.2557373046875,derivative_excluded
-1.2559814453125,-1.255859375,derivative_excluded
-1.256103515625,-1.2559814453125,derivative_excluded
-1.2562255859375,-1.256103515625,derivative_excluded
-1.25634765625,-1.2562255859375,derivative_excluded
-1.2564697265625,-1.25634765625,derivative_excluded
-1.256591796875,-1.2564697265625,derivative_excluded
-1.2567138671875,-1.256591796875,derivative_excluded
-1.2568359375,-1.2567138671875,derivative_excluded
-1.2569580078125,-1.2568359375,derivative_excluded
-1.257080078125,-1.2569580078125,derivative_excluded
-1.2572021484375,-1.257080078125,derivative_excluded
-1.25732421875,-1.2572021484375,derivative_excluded
-1.2574462890625,-1.25732421875,derivative_excluded
-1.257568359375,-1.2574462890625,derivative_excluded
-1.2576904296875,-1.257568359375,derivative_excluded
-1.2578125,-1.2576904296875,derivative_excluded
-1.2579345703125,-1.2578125,derivative_excluded
-1.258056640625,-1.2579345703125,derivative_excluded
-1.2581787109375,-1.258056640625,derivative_excluded
-1.25830078125,-1.2581787109375,derivative_excluded
-1.2584228515625,-1.25830078125,derivative_excluded
-1.258544921875,-1.2584228515625,derivative_excluded
-1.2586669921875,-1.258544921875,derivative_excluded
-1.2587890625,-1.2586669921875,derivative_excluded
-1.2589111328125,-1.2587890625,derivative_excluded
-1.259033203125,-1.2589111328125,derivative_excluded
-1.2591552734375,-1.259033203125,derivative_excluded
-1.25927734375,-1.2591552734375,derivative_excluded
-1.2593994140625,-1.25927734375,derivative_excluded
-1.259521484375,-1.2593994140625,derivative_excluded
-1.2596435546875,-1.259521484375,derivative_excluded
-1.259765625,-1.2596435546875,derivative_excluded
-1.2598876953125,-1.259765625,derivative_excluded
-1.260009765625,-1.2598876953125,derivative_excluded
-1.2601318359375,-1.260009765625,derivative_excluded
-1.26025390625,-1.2601318359375,derivative_excluded
-1.2603759765625,-1.26025390625,derivative_excluded
-1.260498046875,-1.2603759765625,derivative_excluded
-1.2606201171875,-1.260498046875,derivative_excluded
-1.2607421875,-1.2606201171875,derivative_excluded
-1.2608642578125,-1.2607421875,derivative_excluded
-1.260986328125,-1.2608642578125,derivative_excluded
-1.2611083984375,-1.260986328125,derivative_excluded
-1.26123046875,-1.2611083984375,derivative_excluded
-1.2613525390625,-1.26123046875,derivative_excluded
-1.261474609375,-1.2613525390625,derivative_excluded
-1.2615966796875,-1.261474609375,derivative_excluded
-1.26171875,-1.2615966796875,derivative_excluded
-1.2618408203125,-1.26171875,derivative_excluded
-1.261962890625,-1.2618408203125,derivative_excluded
-1.2620849609375,-1.261962890625,derivative_excluded
-1.26220703125,-1.2620849609375,derivative_excluded
-1.2623291015625,-1.26220703125,derivative_excluded
-1.262451171875,-1.2623291015625,derivative_excluded
-1.2625732421875,-1.262451171875,derivative_excluded
-1.2626953125,-1.2625732421875,derivative_excluded
-1.2628173828125,-1.2626953125,derivative_excluded
-1.262939453125,-1.2628173828125,derivative_excluded
-1.2630615234375,-1.262939453125,derivative_excluded
-1.26318359375,-1.2630615234375,derivative_excluded
-1.2633056640625,-1.26318359375,derivative_excluded
-1.263427734375,-1.2633056640625,derivative_excluded
-1.2635498046875,-1.263427734375,derivative_excluded
-1.263671875,-1.2635498046875,derivative_excluded
-1.2637939453125,-1.263671875,derivative_excluded
-1.263916015625,-1.2637939453125,derivative_excluded
-1.2640380859375,-1.263916015625,derivative_excluded
-1.26416015625,-1.2640380859375,derivative_excluded
-1.2642822265625,-1.26416015625,derivative_excluded
-1.264404296875,-1.2642822265625,derivative_excluded
-1.2645263671875,-1.264404296875,derivative_excluded
-1.2646484375,-1.2645263671875,derivative_excluded
-1.2647705078125,-1.2646484375,derivative_excluded
-1.264892578125,-1.2647705078125,derivative_excluded
-1.2650146484375,-1.264892578125,derivative_excluded
-1.26513671875,-1.2650146484375,derivative_excluded
-1.2652587890625,-1.26513671875,derivative_excluded
-1.265380859375,-1.2652587890625,derivative_excluded
-1.2655029296875,-1.265380859375,derivative_excluded
-1.265625,-1.2655029296875,derivative_excluded
-1.2657470703125,-1.265625,derivative_excluded
-1.265869140625,-1.2657470703125,derivative_excluded
-1.2659912109375,-1.265869140625,derivative_excluded
-1.26611328125,-1.2659912109375,derivative_excluded
-1.2662353515625,-1.26611328125,derivative_excluded
-1.266357421875,-1.2662353515625,derivative_excluded
-1.2664794921875,-1.266357421875,derivative_excluded
-1.2666015625,-1.2664794921875,derivative_excluded
-1.2667236328125,-1.2666015625,derivative_excluded
-1.266845703125,-1.2667236328125,derivative_excluded
-1.2669677734375,-1.266845703125,derivative_excluded
-1.26708984375,-1.2669677734375,derivative_excluded
-1.2672119140625,-1.26708984375,derivative_excluded
-1.267333984375,-1.2672119140625,derivative_excluded
-1.2674560546875,-1.267333984375,derivative_excluded
-1.267578125,-1.2674560546875,derivative_excluded
-1.2677001953125,-1.267578125,derivative_excluded
-1.267822265625,-1.2677001953125,derivative_excluded
-1.2679443359375,-1.267822265625,derivative_excluded
-1.26806640625,-1.2679443359375,derivative_excluded
-1.2681884765625,-1.26806640625,derivative_excluded
-1.268310546875,-1.2681884765625,derivative_excluded
-1.2684326171875,-1.268310546875,derivative_excluded
-1.2685546875,-1.2684326171875,derivative_excluded
-1.2686767578125,-1.2685546875,derivative_excluded
-1.268798828125,-1.2686767578125,derivative_excluded
-1.2689208984375,-1.268798828125,derivative_excluded
-1.26904296875,-1.2689208984375,derivative_excluded
-1.2691650390625,-1.26904296875,derivative_excluded
-1.269287109375,-1.2691650390625,derivative_excluded
-1.2694091796875,-1.269287109375,derivative_excluded
-1.26953125,-1.2694091796875,derivative_excluded
-1.2696533203125,-1.26953125,derivative_excluded
-1.269775390625,-1.2696533203125,derivative_excluded
-1.2698974609375,-1.269775390625,derivative_excluded
-1.27001953125,-1.2698974609375,derivative_excluded
-1.2701416015625,-1.27001953125,derivative_excluded
-1.270263671875,-1.2701416015625,derivative_excluded
-1.2703857421875,-1.270263671875,derivative_excluded
-1.2705078125,-1.2703857421875,derivative_excluded
-1.2706298828125,-1.2705078125,derivative_excluded
-1.270751953125,-1.2706298828125,derivative_excluded
-1.2708740234375,-1.270751953125,derivative_excluded
-1.27099609375,-1.2708740234375,derivative_excluded
-1.2711181640625,-1.27099609375,derivative_excluded
-1.271240234375,-1.2711181640625,derivative_excluded
-1.2713623046875,-1.271240234375,derivative_excluded
-1.271484375,-1.2713623046875,derivative_excluded
-1.2716064453125,-1.271484375,derivative_excluded
-1.271728515625,-1.2716064453125,derivative_excluded
-1.2718505859375,-1.271728515625,derivative_excluded
-1.27197265625,-1.2718505859375,derivative_excluded
-1.2720947265625,-1.27197265625,derivative_excluded
-1.272216796875,-1.2720947265625,derivative_excluded
-1.2723388671875,-1.272216796875,derivative_excluded
-1.2724609375,-1.2723388671875,derivative_excluded
-1.2725830078125,-1.2724609375,derivative_excluded
-1.272705078125,-1.2725830078125,derivative_excluded
-1.2728271484375,-1.272705078125,derivative_excluded
-1.27294921875,-1.2728271484375,derivative_excluded
-1.2730712890625,-1.27294921875,derivative_excluded
-1.273193359375,-1.2730712890625,derivative_excluded
-1.2733154296875,-1.273193359375,derivative_excluded
-1.2734375,-1.2733154296875,derivative_excluded
-1.2735595703125,-1.2734375,derivative_excluded
-1.273681640625,-1.2735595703125,derivative_excluded
-1.2738037109375,-1.273681640625,derivative_excluded
-1.27392578125,-1.2738037109375,derivative_excluded
-1.2740478515625,-1.27392578125,derivative_excluded
-1.274169921875,-1.2740478515625,derivative_excluded
-1.2742919921875,-1.274169921875,derivative_excluded
-1.2744140625,-1.2742919921875,derivative_excluded
-1.2745361328125,-1.2744140625,derivative_excluded
-1.274658203125,-1.2745361328125,derivative_excluded
-1.2747802734375,-1.274658203125,derivative_excluded
-1.27490234375,-1.2747802734375,derivative_excluded
-1.2750244140625,-1.27490234375,derivative_excluded
-1.275146484375,-1.2750244140625,derivative_excluded
-1.2752685546875,-1.275146484375,derivative_excluded
-1.275390625,-1.2752685546875,derivative_excluded
-1.2755126953125,-1.275390625,derivative_excluded
-1.275634765625,-1.2755126953125,derivative_excluded
-1.2757568359375,-1.275634765625,derivative_excluded
-1.27587890625,-1.2757568359375,derivative_excluded
-1.2760009765625,-1.27587890625,derivative_excluded
-1.276123046875,-1.2760009765625,derivative_excluded
-1.2762451171875,-1.276123046875,derivative_excluded
-1.2763671875,-1.2762451171875,derivative_excluded
-1.2764892578125,-1.2763671875,derivative_excluded
-1.276611328125,-1.2764892578125,derivative_excluded
-1.2767333984375,-1.276611328125,derivative_excluded
-1.27685546875,-1.2767333984375,derivative_excluded
-1.2769775390625,-1.27685546875,derivative_excluded
-1.277099609375,-1.2769775390625,derivative_excluded
-1.2772216796875,-1.277099609375,derivative_excluded
-1.27734375,-1.2772216796875,derivative_excluded
-1.2774658203125,-1.27734375,derivative_excluded
-1.277587890625,-1.2774658203125,derivative_excluded
-1.2777099609375,-1.277587890625,derivative_excluded
-1.27783203125,-1.2777099609375,derivative_excluded
-1.2779541015625,-1.27783203125,derivative_excluded
-1.278076171875,-1.2779541015625,derivative_excluded
-1.2781982421875,-1.278076171875,derivative_excluded
-1.2783203125,-1.2781982421875,derivative_excluded
-1.2784423828125,-1.2783203125,derivative_excluded
-1.278564453125,-1.2784423828125,derivative_excluded
-1.2786865234375,-1.278564453125,derivative_excluded
-1.27880859375,-1.2786865234375,derivative_excluded
-1.2789306640625,-1.27880859375,derivative_excluded
-1.279052734375,-1.2789306640625,derivative_excluded
-1.2791748046875,-1.279052734375,derivative_excluded
-1.279296875,-1.2791748046875,derivative_excluded
-1.2794189453125,-1.279296875,derivative_excluded
-1.279541015625,-1.2794189453125,derivative_excluded
-1.2796630859375,-1.279541015625,derivative_excluded
-1.27978515625,-1.2796630859375,derivative_excluded
-1.2799072265625,-1.27978515625,derivative_excluded
-1.280029296875,-1.2799072265625,derivative_excluded
-1.2801513671875,-1.280029296875,derivative_excluded
-1.2802734375,-1.2801513671875,derivative_excluded
-1.2803955078125,-1.2802734375,derivative_excluded
-1.280517578125,-1.2803955078125,derivative_excluded
-1.2806396484375,-1.280517578125,derivative_excluded
-1.28076171875,-1.2806396484375,derivative_excluded
-1.2808837890625,-1.28076171875,derivative_excluded
-1.281005859375,-1.2808837890625,derivative_excluded
-1.2811279296875,-1.281005859375,derivative_excluded
-1.28125,-1.2811279296875,derivative_excluded
-1.2813720703125,-1.28125,derivative_excluded
-1.281494140625,-1.2813720703125,derivative_excluded
-1.2816162109375,-1.281494140625,derivative_excluded
-1.28173828125,-1.2816162109375,derivative_excluded
-1.2818603515625,-1.28173828125,derivative_excluded
-1.281982421875,-1.2818603515625,derivative_excluded
-1.2821044921875,-1.281982421875,derivative_excluded
-1.2822265625,-1.2821044921875,derivative_excluded
-1.2823486328125,-1.2822265625,derivative_excluded
-1.282470703125,-1.2823486328125,derivative_excluded
-1.2825927734375,-1.282470703125,derivative_excluded
-1.28271484375,-1.2825927734375,derivative_excluded
-1.2828369140625,-1.28271484375,derivative_excluded
-1.282958984375,-1.2828369140625,derivative_excluded
-1.2830810546875,-1.282958984375,derivative_excluded
-1.283203125,-1.2830810546875,derivative_excluded
-1.2833251953125,-1.283203125,derivative_excluded
-1.283447265625,-1.2833251953125,derivative_excluded
-1.2835693359375,-1.283447265625,derivative_excluded
-1.28369140625,-1.2835693359375,derivative_excluded
-1.2838134765625,-1.28369140625,derivative_excluded
-1.283935546875,-1.2838134765625,derivative_excluded
-1.2840576171875,-1.283935546875,derivative_excluded
-1.2841796875,-1.2840576171875,derivative_excluded
-1.2843017578125,-1.2841796875,derivative_excluded
-1.284423828125,-1.2843017578125,derivative_excluded
-1.2845458984375,-1.284423828125,derivative_excluded
-1.28466796875,-1.2845458984375,derivative_excluded
-1.2847900390625,-1.28466796875,derivative_excluded
-1.284912109375,-1.2847900390625,derivative_excluded
-1.2850341796875,-1.284912109375,derivative_excluded
-1.28515625,-1.2850341796875,derivative_excluded
-1.2852783203125,-1.28515625,derivative_excluded
-1.285400390625,-1.2852783203125,derivative_excluded
-1.2855224609375,-1.285400390625,derivative_excluded
-1.28564453125,-1.2855224609375,derivative_excluded
-1.2857666015625,-1.28564453125,derivative_excluded
-1.285888671875,-1.2857666015625,derivative_excluded
-1.2860107421875,-1.285888671875,derivative_excluded
-1.2861328125,-1.2860107421875,derivative_excluded
-1.2862548828125,-1.2861328125,derivative_excluded
-1.286376953125,-1.2862548828125,derivative_excluded
-1.2864990234375,-1.286376953125,derivative_excluded
-1.28662109375,-1.2864990234375,derivative_excluded
-1.2867431640625,-1.28662109375,derivative_excluded
-1.286865234375,-1.2867431640625,derivative_excluded
-1.2869873046875,-1.286865234375,derivative_excluded
-1.287109375,-1.2869873046875,derivative_excluded
-1.2872314453125,-1.287109375,derivative_excluded
-1.287353515625,-1.2872314453125,derivative_excluded
-1.2874755859375,-1.287353515625,derivative_excluded
-1.28759765625,-1.2874755859375,derivative_excluded
-1.2877197265625,-1.28759765625,derivative_excluded
-1.287841796875,-1.2877197265625,derivative_excluded
-1.2879638671875,-1.287841796875,derivative_excluded
-1.2880859375,-1.2879638671875,derivative_excluded
-1.2882080078125,-1.2880859375,derivative_excluded
-1.288330078125,-1.2882080078125,derivative_excluded
-1.2884521484375,-1.288330078125,derivative_excluded
-1.28857421875,-1.2884521484375,derivative_excluded
-1.2886962890625,-1.28857421875,derivative_excluded
-1.288818359375,-1.2886962890625,derivative_excluded
-1.2889404296875,-1.288818359375,derivative_excluded
-1.2890625,-1.2889404296875,derivative_excluded
-1.2891845703125,-1.2890625,derivative_excluded
-1.289306640625,-1.2891845703125,derivative_excluded
-1.2894287109375,-1.289306640625,derivative_excluded
-1.28955078125,-1.2894287109375,derivative_excluded
-1.2896728515625,-1.28955078125,derivative_excluded
-1.289794921875,-1.2896728515625,derivative_excluded
-1.2899169921875,-1.289794921875,derivative_excluded
-1.2900390625,-1.2899169921875,derivative_excluded
-1.2901611328125,-1.2900390625,derivative_excluded
-1.290283203125,-1.2901611328125,derivative_excluded
-1.2904052734375,-1.290283203125,derivative_excluded
-1.29052734375,-1.2904052734375,derivative_excluded
-1.2906494140625,-1.29052734375,derivative_excluded
-1.290771484375,-1.2906494140625,derivative_excluded
-1.2908935546875,-1.290771484375,derivative_excluded
-1.291015625,-1.2908935546875,derivative_excluded
-1.2911376953125,-1.291015625,derivative_excluded
-1.291259765625,-1.2911376953125,derivative_excluded
-1.2913818359375,-1.291259765625,derivative_excluded
-1.29150390625,-1.2913818359375,derivative_excluded
-1.2916259765625,-1.29150390625,derivative_excluded
-1.291748046875,-1.2916259765625,derivative_excluded
-1.2918701171875,-1.291748046875,derivative_excluded
-1.2919921875,-1.2918701171875,derivative_excluded
-1.2921142578125,-1.2919921875,derivative_excluded
-1.292236328125,-1.2921142578125,derivative_excluded
-1.2923583984375,-1.292236328125,derivative_excluded
-1.29248046875,-1.2923583984375,derivative_excluded
-1.2926025390625,-1.29248046875,derivative_excluded
-1.292724609375,-1.2926025390625,derivative_excluded
-1.2928466796875,-1.292724609375,derivative_excluded
-1.29296875,-1.2928466796875,derivative_excluded
-1.2930908203125,-1.29296875,derivative_excluded
-1.293212890625,-1.2930908203125,derivative_excluded
-1.2933349609375,-1.293212890625,derivative_excluded
-1.29345703125,-1.2933349609375,derivative_excluded
-1.2935791015625,-1.29345703125,derivative_excluded
-1.293701171875,-1.2935791015625,derivative_excluded
-1.2938232421875,-1.293701171875,derivative_excluded
-1.2939453125,-1.2938232421875,derivative_excluded
-1.2940673828125,-1.2939453125,derivative_excluded
-1.294189453125,-1.2940673828125,derivative_excluded
-1.2943115234375,-1.294189453125,derivative_excluded
-1.29443359375,-1.2943115234375,derivative_excluded
-1.2945556640625,-1.29443359375,derivative_excluded
-1.294677734375,-1.2945556640625,derivative_excluded
-1.2947998046875,-1.294677734375,derivative_excluded
-1.294921875,-1.2947998046875,derivative_excluded
-1.2950439453125,-1.294921875,derivative_excluded
-1.295166015625,-1.2950439453125,derivative_excluded
-1.2952880859375,-1.295166015625,derivative_excluded
-1.29541015625,-1.2952880859375,derivative_excluded
-1.2955322265625,-1.29541015625,derivative_excluded
-1.295654296875,-1.2955322265625,derivative_excluded
-1.2957763671875,-1.295654296875,derivative_excluded
-1.2958984375,-1.2957763671875,derivative_excluded
-1.2960205078125,-1.2958984375,derivative_excluded
-1.296142578125,-1.2960205078125,derivative_excluded
-1.2962646484375,-1.296142578125,derivative_excluded
-1.29638671875,-1.2962646484375,derivative_excluded
-1.2965087890625,-1.29638671875,derivative_excluded
-1.296630859375,-1.2965087890625,derivative_excluded
-1.2967529296875,-1.296630859375,derivative_excluded
-1.296875,-1.2967529296875,derivative_excluded
-1.2969970703125,-1.296875,derivative_excluded
-1.297119140625,-1.2969970703125,derivative_excluded
-1.2972412109375,-1.297119140625,derivative_excluded
-1.29736328125,-1.2972412109375,derivative_excluded
-1.2974853515625,-1.29736328125,derivative_excluded
-1.297607421875,-1.2974853515625,derivative_excluded
-1.2977294921875,-1.297607421875,derivative_excluded
-1.2978515625,-1.2977294921875,derivative_excluded
-1.2979736328125,-1.2978515625,derivative_excluded
-1.298095703125,-1.2979736328125,derivative_excluded
-1.2982177734375,-1.298095703125,derivative_excluded
-1.29833984375,-1.2982177734375,derivative_excluded
-1.2984619140625,-1.29833984375,derivative_excluded
-1.298583984375,-1.2984619140625,derivative_excluded
-1.2987060546875,-1.298583984375,derivative_excluded
-1.298828125,-1.2987060546875,derivative_excluded
-1.2989501953125,-1.298828125,derivative_excluded
-1.299072265625,-1.2989501953125,derivative_excluded
-1.2991943359375,-1.299072265625,derivative_excluded
-1.29931640625,-1.2991943359375,derivative_excluded
-1.2994384765625,-1.29931640625,derivative_excluded
-1.299560546875,-1.2994384765625,derivative_excluded
-1.2996826171875,-1.299560546875,derivative_excluded
-1.2998046875,-1.2996826171875,derivative_excluded
-1.2999267578125,-1.2998046875,derivative_excluded
-1.300048828125,-1.2999267578125,derivative_excluded
-1.3001708984375,-1.300048828125,derivative_excluded
-1.30029296875,-1.3001708984375,derivative_excluded
-1.3004150390625,-1.30029296875,derivative_excluded
-1.300537109375,-1.3004150390625,derivative_excluded
-1.3006591796875,-1.300537109375,derivative_excluded
-1.30078125,-1.3006591796875,derivative_excluded
-1.3009033203125,-1.30078125,derivative_excluded
-1.301025390625,-1.3009033203125,derivative_excluded
-1.3011474609375,-1.301025390625,derivative_excluded
-1.30126953125,-1.3011474609375,derivative_excluded
-1.3013916015625,-1.30126953125,derivative_excluded
-1.301513671875,-1.3013916015625,derivative_excluded
-1.3016357421875,-1.301513671875,derivative_excluded
-1.3017578125,-1.3016357421875,derivative_excluded
-1.3018798828125,-1.3017578125,derivative_excluded
-1.302001953125,-1.3018798828125,derivative_excluded
-1.3021240234375,-1.302001953125,derivative_excluded
-1.30224609375,-1.3021240234375,derivative_excluded
-1.3023681640625,-1.30224609375,derivative_excluded
-1.302490234375,-1.3023681640625,derivative_excluded
-1.3026123046875,-1.302490234375,derivative_excluded
-1.302734375,-1.3026123046875,derivative_excluded
-1.3028564453125,-1.302734375,derivative_excluded
-1.302978515625,-1.3028564453125,derivative_excluded
-1.3031005859375,-1.302978515625,derivative_excluded
-1.30322265625,-1.3031005859375,derivative_excluded
-1.3033447265625,-1.30322265625,derivative_excluded
-1.303466796875,-1.3033447265625,derivative_excluded
-1.3035888671875,-1.303466796875,derivative_excluded
-1.3037109375,-1.3035888671875,derivative_excluded
-1.3038330078125,-1.3037109375,derivative_excluded
-1.303955078125,-1.3038330078125,derivative_excluded
-1.3040771484375,-1.303955078125,derivative_excluded
-1.30419921875,-1.3040771484375,derivative_excluded
-1.3043212890625,-1.30419921875,derivative_excluded
-1.304443359375,-1.3043212890625,derivative_excluded
-1.3045654296875,-1.304443359375,derivative_excluded
-1.3046875,-1.3045654296875,derivative_excluded
-1.3048095703125,-1.3046875,derivative_excluded
-1.304931640625,-1.3048095703125,derivative_excluded
-1.3050537109375,-1.304931640625,derivative_excluded
-1.30517578125,-1.3050537109375,derivative_excluded
-1.3052978515625,-1.30517578125,derivative_excluded
-1.305419921875,-1.3052978515625,derivative_excluded
-1.3055419921875,-1.305419921875,derivative_excluded
-1.3056640625,-1.3055419921875,derivative_excluded
-1.3057861328125,-1.3056640625,derivative_excluded
-1.305908203125,-1.3057861328125,derivative_excluded
-1.3060302734375,-1.305908203125,derivative_excluded
-1.30615234375,-1.3060302734375,derivative_excluded
-1.3062744140625,-1.30615234375,derivative_excluded
-1.306396484375,-1.3062744140625,derivative_excluded
-1.3065185546875,-1.306396484375,derivative_excluded
-1.306640625,-1.3065185546875,derivative_excluded
-1.3067626953125,-1.306640625,derivative_excluded
-1.306884765625,-1.3067626953125,derivative_excluded
-1.3070068359375,-1.306884765625,derivative_excluded
-1.30712890625,-1.3070068359375,derivative_excluded
-1.3072509765625,-1.30712890625,derivative_excluded
-1.307373046875,-1.3072509765625,derivative_excluded
-1.3074951171875,-1.307373046875,derivative_excluded
-1.3076171875,-1.3074951171875,derivative_excluded
-1.3077392578125,-1.3076171875,derivative_excluded
-1.307861328125,-1.3077392578125,derivative_excluded
-1.3079833984375,-1.307861328125,derivative_excluded
-1.30810546875,-1.3079833984375,derivative_excluded
-1.3082275390625,-1.30810546875,derivative_excluded
-1.308349609375,-1.3082275390625,derivative_excluded
-1.3084716796875,-1.308349609375,derivative_excluded
-1.30859375,-1.3084716796875,derivative_excluded
-1.3087158203125,-1.30859375,derivative_excluded
-1.308837890625,-1.3087158203125,derivative_excluded
-1.3089599609375,-1.308837890625,derivative_excluded
-1.30908203125,-1.3089599609375,derivative_excluded
-1.3092041015625,-1.30908203125,derivative_excluded
-1.309326171875,-1.3092041015625,derivative_excluded
-1.3094482421875,-1.309326171875,derivative_excluded
-1.3095703125,-1.3094482421875,derivative_excluded
-1.3096923828125,-1.3095703125,derivative_excluded
-1.309814453125,-1.3096923828125,derivative_excluded
-1.3099365234375,-1.309814453125,derivative_excluded
-1.31005859375,-1.3099365234375,derivative_excluded
-1.3101806640625,-1.31005859375,derivative_excluded
-1.310302734375,-1.3101806640625,derivative_excluded
-1.3104248046875,-1.310302734375,derivative_excluded
-1.310546875,-1.3104248046875,derivative_excluded
-1.3106689453125,-1.310546875,derivative_excluded
-1.310791015625,-1.3106689453125,derivative_excluded
-1.3109130859375,-1.310791015625,derivative_excluded
-1.31103515625,-1.3109130859375,derivative_excluded
-1.3111572265625,-1.31103515625,derivative_excluded
-1.311279296875,-1.3111572265625,derivative_excluded
-1.3114013671875,-1.311279296875,derivative_excluded
-1.3115234375,-1.3114013671875,derivative_excluded
-1.3116455078125,-1.3115234375,derivative_excluded
-1.311767578125,-1.3116455078125,derivative_excluded
-1.3118896484375,-1.311767578125,derivative_excluded
-1.31201171875,-1.3118896484375,derivative_excluded
-1.3121337890625,-1.31201171875,derivative_excluded
-1.312255859375,-1.3121337890625,derivative_excluded
-1.3123779296875,-1.312255859375,derivative_excluded
-1.3125,-1.3123779296875,derivative_excluded
-1.3126220703125,-1.3125,derivative_excluded
-1.312744140625,-1.3126220703125,derivative_excluded
-1.3128662109375,-1.312744140625,derivative_excluded
-1.31298828125,-1.3128662109375,derivative_excluded
-1.3131103515625,-1.31298828125,derivative_excluded
-1.313232421875,-1.3131103515625,derivative_excluded
-1.3133544921875,-1.313232421875,derivative_excluded
-1.3134765625,-1.3133544921875,derivative_excluded
-1.3135986328125,-1.3134765625,derivative_excluded
-1.313720703125,-1.3135986328125,derivative_excluded
-1.3138427734375,-1.313720703125,derivative_excluded
-1.31396484375,-1.3138427734375,derivative_excluded
-1.3140869140625,-1.31396484375,derivative_excluded
-1.314208984375,-1.3140869140625,derivative_excluded
-1.3143310546875,-1.314208984375,derivative_excluded
-1.314453125,-1.3143310546875,derivative_excluded
-1.3145751953125,-1.314453125,derivative_excluded
-1.314697265625,-1.3145751953125,derivative_excluded
-1.3148193359375,-1.314697265625,derivative_excluded
-1.31494140625,-1.3148193359375,derivative_excluded
-1.3150634765625,-1.31494140625,derivative_excluded
-1.315185546875,-1.3150634765625,derivative_excluded
-1.3153076171875,-1.315185546875,derivative_excluded
-1.3154296875,-1.3153076171875,derivative_excluded
-1.3155517578125,-1.3154296875,derivative_excluded
-1.315673828125,-1.3155517578125,derivative_excluded
-1.3157958984375,-1.315673828125,derivative_excluded
-1.31591796875,-1.3157958984375,derivative_excluded
-1.3160400390625,-1.31591796875,derivative_excluded
-1.316162109375,-1.3160400390625,derivative_excluded
-1.3162841796875,-1.316162109375,derivative_excluded
-1.31640625,-1.3162841796875,derivative_excluded
-1.3165283203125,-1.31640625,derivative_excluded
-1.316650390625,-1.3165283203125,derivative_excluded
-1.3167724609375,-1.316650390625,derivative_excluded
-1.31689453125,-1.3167724609375,derivative_excluded
-1.3170166015625,-1.31689453125,derivative_excluded
-1.317138671875,-1.3170166015625,derivative_excluded
-1.3172607421875,-1.317138671875,derivative_excluded
-1.3173828125,-1.3172607421875,derivative_excluded
-1.3175048828125,-1.3173828125,derivative_excluded
-1.317626953125,-1.3175048828125,derivative_excluded
-1.3177490234375,-1.317626953125,derivative_excluded
-1.31787109375,-1.3177490234375,derivative_excluded
-1.3179931640625,-1.31787109375,derivative_excluded
-1.318115234375,-1.3179931640625,derivative_excluded
-1.3182373046875,-1.318115234375,derivative_excluded
-1.318359375,-1.3182373046875,derivative_excluded
-1.3184814453125,-1.318359375,derivative_excluded
-1.318603515625,-1.3184814453125,derivative_excluded
-1.3187255859375,-1.318603515625,derivative_excluded
-1.31884765625,-1.3187255859375,derivative_excluded
-1.3189697265625,-1.31884765625,derivative_excluded
-1.319091796875,-1.3189697265625,derivative_excluded
-1.3192138671875,-1.319091796875,derivative_excluded
-1.3193359375,-1.3192138671875,derivative_excluded
-1.3194580078125,-1.3193359375,derivative_excluded
-1.319580078125,-1.3194580078125,derivative_excluded
-1.3197021484375,-1.319580078125,derivative_excluded
-1.31982421875,-1.3197021484375,derivative_excluded
-1.3199462890625,-1.31982421875,derivative_excluded
-1.320068359375,-1.3199462890625,derivative_excluded
-1.3201904296875,-1.320068359375,derivative_excluded
-1.3203125,-1.3201904296875,derivative_excluded
-1.3204345703125,-1.3203125,derivative_excluded
-1.320556640625,-1.3204345703125,derivative_excluded
-1.3206787109375,-1.320556640625,derivative_excluded
-1.32080078125,-1.3206787109375,derivative_excluded
-1.3209228515625,-1.32080078125,derivative_excluded
-1.321044921875,-1.3209228515625,derivative_excluded
-1.3211669921875,-1.321044921875,derivative_excluded
-1.3212890625,-1.3211669921875,derivative_excluded
-1.3214111328125,-1.3212890625,derivative_excluded
-1.321533203125,-1.3214111328125,derivative_excluded
-1.3216552734375,-1.321533203125,derivative_excluded
-1.32177734375,-1.3216552734375,derivative_excluded
-1.3218994140625,-1.32177734375,derivative_excluded
-1.322021484375,-1.3218994140625,derivative_excluded
-1.3221435546875,-1.322021484375,derivative_excluded
-1.322265625,-1.3221435546875,derivative_excluded
-1.3223876953125,-1.322265625,derivative_excluded
-1.322509765625,-1.3223876953125,derivative_excluded
-1.3226318359375,-1.322509765625,derivative_excluded
-1.32275390625,-1.3226318359375,derivative_excluded
-1.3228759765625,-1.32275390625,derivative_excluded
-1.322998046875,-1.3228759765625,derivative_excluded
-1.3231201171875,-1.322998046875,derivative_excluded
-1.3232421875,-1.3231201171875,derivative_excluded
-1.3233642578125,-1.3232421875,derivative_excluded
-1.323486328125,-1.3233642578125,derivative_excluded
-1.3236083984375,-1.323486328125,derivative_excluded
-1.32373046875,-1.3236083984375,derivative_excluded
-1.3238525390625,-1.32373046875,derivative_excluded
-1.323974609375,-1.3238525390625,derivative_excluded
-1.3240966796875,-1.323974609375,derivative_excluded
-1.32421875,-1.3240966796875,derivative_excluded
-1.3243408203125,-1.32421875,derivative_excluded
-1.324462890625,-1.3243408203125,derivative_excluded
-1.3245849609375,-1.324462890625,derivative_excluded
-1.32470703125,-1.3245849609375,derivative_excluded
-1.3248291015625,-1.32470703125,derivative_excluded
-1.324951171875,-1.3248291015625,derivative_excluded
-1.3250732421875,-1.324951171875,derivative_excluded
-1.3251953125,-1.3250732421875,derivative_excluded
-1.3253173828125,-1.3251953125,derivative_excluded
-1.325439453125,-1.3253173828125,derivative_excluded
-1.3255615234375,-1.325439453125,derivative_excluded
-1.32568359375,-1.3255615234375,derivative_excluded
-1.3258056640625,-1.32568359375,derivative_excluded
-1.325927734375,-1.3258056640625,derivative_excluded
-1.3260498046875,-1.325927734375,derivative_excluded
-1.326171875,-1.3260498046875,derivative_excluded
-1.3262939453125,-1.326171875,derivative_excluded
-1.326416015625,-1.3262939453125,derivative_excluded
-1.3265380859375,-1.326416015625,derivative_excluded
-1.32666015625,-1.3265380859375,derivative_excluded
-1.3267822265625,-1.32666015625,derivative_excluded
-1.326904296875,-1.3267822265625,derivative_excluded
-1.3270263671875,-1.326904296875,derivative_excluded
-1.3271484375,-1.3270263671875,derivative_excluded
-1.3272705078125,-1.3271484375,derivative_excluded
-1.327392578125,-1.3272705078125,derivative_excluded
-1.3275146484375,-1.327392578125,derivative_excluded
-1.32763671875,-1.3275146484375,derivative_excluded
-1.3277587890625,-1.32763671875,derivative_excluded
-1.327880859375,-1.3277587890625,derivative_excluded
-1.3280029296875,-1.327880859375,derivative_excluded
-1.328125,-1.3280029296875,derivative_excluded
-1.3282470703125,-1.328125,derivative_excluded
-1.328369140625,-1.3282470703125,derivative_excluded
-1.3284912109375,-1.328369140625,derivative_excluded
-1.32861328125,-1.3284912109375,derivative_excluded
-1.3287353515625,-1.32861328125,derivative_excluded
-1.328857421875,-1.3287353515625,derivative_excluded
-1.3289794921875,-1.328857421875,derivative_excluded
-1.3291015625,-1.3289794921875,derivative_excluded
-1.3292236328125,-1.3291015625,derivative_excluded
-1.329345703125,-1.3292236328125,derivative_excluded
-1.3294677734375,-1.329345703125,derivative_excluded
-1.32958984375,-1.3294677734375,derivative_excluded
-1.3297119140625,-1.32958984375,derivative_excluded
-1.329833984375,-1.3297119140625,derivative_excluded
-1.3299560546875,-1.329833984375,derivative_excluded
-1.330078125,-1.3299560546875,derivative_excluded
-1.3302001953125,-1.330078125,derivative_excluded
-1.330322265625,-1.3302001953125,derivative_excluded
-1.3304443359375,-1.330322265625,derivative_excluded
-1.33056640625,-1.3304443359375,derivative_excluded
-1.3306884765625,-1.33056640625,derivative_excluded
-1.330810546875,-1.3306884765625,derivative_excluded
-1.3309326171875,-1.330810546875,derivative_excluded
-1.3310546875,-1.3309326171875,derivative_excluded
-1.3311767578125,-1.3310546875,derivative_excluded
-1.331298828125,-1.3311767578125,derivative_excluded
-1.3314208984375,-1.331298828125,derivative_excluded
-1.33154296875,-1.3314208984375,derivative_excluded
-1.3316650390625,-1.33154296875,derivative_excluded
-1.331787109375,-1.3316650390625,derivative_excluded
-1.3319091796875,-1.331787109375,derivative_excluded
-1.33203125,-1.3319091796875,derivative_excluded
-1.3321533203125,-1.33203125,derivative_excluded
-1.332275390625,-1.3321533203125,derivative_excluded
-1.3323974609375,-1.332275390625,derivative_excluded
-1.33251953125,-1.3323974609375,derivative_excluded
-1.3326416015625,-1.33251953125,derivative_excluded
-1.332763671875,-1.3326416015625,derivative_excluded
-1.3328857421875,-1.332763671875,derivative_excluded
-1.3330078125,-1.3328857421875,derivative_excluded
-1.3331298828125,-1.3330078125,derivative_excluded
-1.333251953125,-1.3331298828125,derivative_excluded
-1.3333740234375,-1.333251953125,derivative_excluded
-1.33349609375,-1.3333740234375,derivative_excluded
-1.3336181640625,-1.33349609375,derivative_excluded
-1.333740234375,-1.3336181640625,derivative_excluded
-1.3338623046875,-1.333740234375,derivative_excluded
-1.333984375,-1.3338623046875,derivative_excluded
-1.3341064453125,-1.333984375,derivative_excluded
-1.334228515625,-1.3341064453125,derivative_excluded
-1.3343505859375,-1.334228515625,derivative_excluded
-1.33447265625,-1.3343505859375,derivative_excluded
-1.3345947265625,-1.33447265625,derivative_excluded
-1.334716796875,-1.3345947265625,derivative_excluded
-1.3348388671875,-1.334716796875,derivative_excluded
-1.3349609375,-1.3348388671875,derivative_excluded
-1.3350830078125,-1.3349609375,derivative_excluded
-1.335205078125,-1.3350830078125,derivative_excluded
-1.3353271484375,-1.335205078125,derivative_excluded
-1.33544921875,-1.3353271484375,derivative_excluded
-1.3355712890625,-1.33544921875,derivative_excluded
-1.335693359375,-1.3355712890625,derivative_excluded
-1.3358154296875,-1.335693359375,derivative_excluded
-1.3359375,-1.3358154296875,derivative_excluded
-1.3360595703125,-1.3359375,derivative_excluded
-1.336181640625,-1.3360595703125,derivative_excluded
-1.3363037109375,-1.336181640625,derivative_excluded
-1.33642578125,-1.3363037109375,derivative_excluded
-1.3365478515625,-1.33642578125,derivative_excluded
-1.336669921875,-1.3365478515625,derivative_excluded
-1.3367919921875,-1.336669921875,derivative_excluded
-1.3369140625,-1.3367919921875,derivative_excluded
-1.3370361328125,-1.3369140625,derivative_excluded
-1.337158203125,-1.3370361328125,derivative_excluded
-1.3372802734375,-1.337158203125,derivative_excluded
-1.33740234375,-1.3372802734375,derivative_excluded
-1.3375244140625,-1.33740234375,derivative_excluded
-1.337646484375,-1.3375244140625,derivative_excluded
-1.3377685546875,-1.337646484375,derivative_excluded
-1.337890625,-1.3377685546875,derivative_excluded
-1.3380126953125,-1.337890625,derivative_excluded
-1.338134765625,-1.3380126953125,derivative_excluded
-1.3382568359375,-1.338134765625,derivative_excluded
-1.33837890625,-1.3382568359375,derivative_excluded
-1.3385009765625,-1.33837890625,derivative_excluded
-1.338623046875,-1.3385009765625,derivative_excluded
-1.3387451171875,-1.338623046875,derivative_excluded
-1.3388671875,-1.3387451171875,derivative_excluded
-1.3389892578125,-1.3388671875,derivative_excluded
-1.339111328125,-1.3389892578125,derivative_excluded
-1.3392333984375,-1.339111328125,derivative_excluded
-1.33935546875,-1.3392333984375,derivative_excluded
-1.3394775390625,-1.33935546875,derivative_excluded
-1.339599609375,-1.3394775390625,derivative_excluded
-1.3397216796875,-1.339599609375,derivative_excluded
-1.33984375,-1.3397216796875,derivative_excluded
-1.3399658203125,-1.33984375,derivative_excluded
-1.340087890625,-1.3399658203125,derivative_excluded
-1.3402099609375,-1.340087890625,derivative_excluded
-1.34033203125,-1.3402099609375,derivative_excluded
-1.3404541015625,-1.34033203125,derivative_excluded
-1.340576171875,-1.3404541015625,derivative_excluded
-1.3406982421875,-1.340576171875,derivative_excluded
-1.3408203125,-1.3406982421875,derivative_excluded
-1.3409423828125,-1.3408203125,derivative_excluded
-1.341064453125,-1.3409423828125,derivative_excluded
-1.3411865234375,-1.341064453125,derivative_excluded
-1.34130859375,-1.3411865234375,derivative_excluded
-1.3414306640625,-1.34130859375,derivative_excluded
-1.341552734375,-1.3414306640625,derivative_excluded
-1.3416748046875,-1.341552734375,derivative_excluded
-1.341796875,-1.3416748046875,derivative_excluded
-1.3419189453125,-1.341796875,derivative_excluded
-1.342041015625,-1.3419189453125,derivative_excluded
-1.3421630859375,-1.342041015625,derivative_excluded
-1.34228515625,-1.3421630859375,derivative_excluded
-1.3424072265625,-1.34228515625,derivative_excluded
-1.342529296875,-1.3424072265625,derivative_excluded
-1.3426513671875,-1.342529296875,derivative_excluded
-1.3427734375,-1.3426513671875,derivative_excluded
-1.3428955078125,-1.3427734375,derivative_excluded
-1.343017578125,-1.3428955078125,derivative_excluded
-1.3431396484375,-1.343017578125,derivative_excluded
-1.34326171875,-1.3431396484375,derivative_excluded
-1.3433837890625,-1.34326171875,derivative_excluded
-1.343505859375,-1.3433837890625,derivative_excluded
-1.3436279296875,-1.343505859375,derivative_excluded
-1.34375,-1.3436279296875,derivative_excluded
-1.3438720703125,-1.34375,derivative_excluded
-1.343994140625,-1.3438720703125,derivative_excluded
-1.3441162109375,-1.343994140625,derivative_excluded
-1.34423828125,-1.3441162109375,derivative_excluded
-1.3443603515625,-1.34423828125,derivative_excluded
-1.344482421875,-1.3443603515625,derivative_excluded
-1.3446044921875,-1.344482421875,derivative_excluded
-1.3447265625,-1.3446044921875,derivative_excluded
-1.3448486328125,-1.3447265625,derivative_excluded
-1.344970703125,-1.3448486328125,derivative_excluded
-1.3450927734375,-1.344970703125,derivative_excluded
-1.34521484375,-1.3450927734375,derivative_excluded
-1.3453369140625,-1.34521484375,derivative_excluded
-1.345458984375,-1.3453369140625,derivative_excluded
-1.3455810546875,-1.345458984375,derivative_excluded
-1.345703125,-1.3455810546875,derivative_excluded
-1.3458251953125,-1.345703125,derivative_excluded
-1.345947265625,-1.3458251953125,derivative_excluded
-1.3460693359375,-1.345947265625,derivative_excluded
-1.34619140625,-1.3460693359375,derivative_excluded
-1.3463134765625,-1.34619140625,derivative_excluded
-1.346435546875,-1.3463134765625,derivative_excluded
-1.3465576171875,-1.346435546875,derivative_excluded
-1.3466796875,-1.3465576171875,derivative_excluded
-1.3468017578125,-1.3466796875,derivative_excluded
-1.346923828125,-1.3468017578125,derivative_excluded
-1.3470458984375,-1.346923828125,derivative_excluded
-1.34716796875,-1.3470458984375,derivative_excluded
-1.3472900390625,-1.34716796875,derivative_excluded
-1.347412109375,-1.3472900390625,derivative_excluded
-1.3475341796875,-1.347412109375,derivative_excluded
-1.34765625,-1.3475341796875,derivative_excluded
-1.3477783203125,-1.34765625,derivative_excluded
-1.347900390625,-1.3477783203125,derivative_excluded
-1.3480224609375,-1.347900390625,derivative_excluded
-1.34814453125,-1.3480224609375,derivative_excluded
-1.3482666015625,-1.34814453125,derivative_excluded
-1.348388671875,-1.3482666015625,derivative_excluded
-1.3485107421875,-1.348388671875,derivative_excluded
-1.3486328125,-1.3485107421875,derivative_excluded
-1.3487548828125,-1.3486328125,derivative_excluded
-1.348876953125,-1.3487548828125,derivative_excluded
-1.3489990234375,-1.348876953125,derivative_excluded
-1.34912109375,-1.3489990234375,derivative_excluded
-1.3492431640625,-1.34912109375,derivative_excluded
-1.349365234375,-1.3492431640625,derivative_excluded
-1.3494873046875,-1.349365234375,derivative_excluded
-1.349609375,-1.3494873046875,derivative_excluded
-1.3497314453125,-1.349609375,derivative_excluded
-1.349853515625,-1.3497314453125,derivative_excluded
-1.3499755859375,-1.349853515625,derivative_excluded
-1.35009765625,-1.3499755859375,derivative_excluded
-1.3502197265625,-1.35009765625,derivative_excluded
-1.350341796875,-1.3502197265625,derivative_excluded
-1.3504638671875,-1.350341796875,derivative_excluded
-1.3505859375,-1.3504638671875,derivative_excluded
-1.3507080078125,-1.3505859375,derivative_excluded
-1.350830078125,-1.3507080078125,derivative_excluded
-1.3509521484375,-1.350830078125,derivative_excluded
-1.35107421875,-1.3509521484375,derivative_excluded
-1.3511962890625,-1.35107421875,derivative_excluded
-1.351318359375,-1.3511962890625,derivative_excluded
-1.3514404296875,-1.351318359375,derivative_excluded
-1.3515625,-1.3514404296875,derivative_excluded
-1.3516845703125,-1.3515625,derivative_excluded
-1.351806640625,-1.3516845703125,derivative_excluded
-1.3519287109375,-1.351806640625,derivative_excluded
-1.35205078125,-1.3519287109375,derivative_excluded
-1.3521728515625,-1.35205078125,derivative_excluded
-1.352294921875,-1.3521728515625,derivative_excluded
-1.3524169921875,-1.352294921875,derivative_excluded
-1.3525390625,-1.3524169921875,derivative_excluded
-1.3526611328125,-1.3525390625,derivative_excluded
-1.352783203125,-1.3526611328125,derivative_excluded
-1.3529052734375,-1.352783203125,derivative_excluded
-1.35302734375,-1.3529052734375,derivative_excluded
-1.3531494140625,-1.35302734375,derivative_excluded
-1.353271484375,-1.3531494140625,derivative_excluded
-1.3533935546875,-1.353271484375,derivative_excluded
-1.353515625,-1.3533935546875,derivative_excluded
-1.3536376953125,-1.353515625,derivative_excluded
-1.353759765625,-1.3536376953125,derivative_excluded
-1.3538818359375,-1.353759765625,derivative_excluded
-1.35400390625,-1.3538818359375,derivative_excluded
-1.3541259765625,-1.35400390625,derivative_excluded
-1.354248046875,-1.3541259765625,derivative_excluded
-1.3543701171875,-1.354248046875,derivative_excluded
-1.3544921875,-1.3543701171875,derivative_excluded
-1.3546142578125,-1.3544921875,derivative_excluded
-1.354736328125,-1.3546142578125,derivative_excluded
-1.3548583984375,-1.354736328125,derivative_excluded
-1.35498046875,-1.3548583984375,derivative_excluded
-1.3551025390625,-1.35498046875,derivative_excluded
-1.355224609375,-1.3551025390625,derivative_excluded
-1.3553466796875,-1.355224609375,derivative_excluded
-1.35546875,-1.3553466796875,derivative_excluded
-1.3555908203125,-1.35546875,derivative_excluded
-1.355712890625,-1.3555908203125,derivative_excluded
-1.3558349609375,-1.355712890625,derivative_excluded
-1.35595703125,-1.3558349609375,derivative_excluded
-1.3560791015625,-1.35595703125,derivative_excluded
-1.356201171875,-1.3560791015625,derivative_excluded
-1.3563232421875,-1.356201171875,derivative_excluded
-1.3564453125,-1.3563232421875,derivative_excluded
-1.3565673828125,-1.3564453125,derivative_excluded
-1.356689453125,-1.3565673828125,derivative_excluded
-1.3568115234375,-1.356689453125,derivative_excluded
-1.35693359375,-1.3568115234375,derivative_excluded
-1.3570556640625,-1.35693359375,derivative_excluded
-1.357177734375,-1.3570556640625,derivative_excluded
-1.3572998046875,-1.357177734375,derivative_excluded
-1.357421875,-1.3572998046875,derivative_excluded
-1.3575439453125,-1.357421875,derivative_excluded
-1.357666015625,-1.3575439453125,derivative_excluded
-1.3577880859375,-1.357666015625,derivative_excluded
-1.35791015625,-1.3577880859375,derivative_excluded
-1.3580322265625,-1.35791015625,derivative_excluded
-1.358154296875,-1.3580322265625,derivative_excluded
-1.3582763671875,-1.358154296875,derivative_excluded
-1.3583984375,-1.3582763671875,derivative_excluded
-1.3585205078125,-1.3583984375,derivative_excluded
-1.358642578125,-1.3585205078125,derivative_excluded
-1.3587646484375,-1.358642578125,derivative_excluded
-1.35888671875,-1.3587646484375,derivative_excluded
-1.3590087890625,-1.35888671875,derivative_excluded
-1.359130859375,-1.3590087890625,derivative_excluded
-1.3592529296875,-1.359130859375,derivative_excluded
-1.359375,-1.3592529296875,derivative_excluded
-1.3594970703125,-1.359375,derivative_excluded
-1.359619140625,-1.3594970703125,derivative_excluded
-1.3597412109375,-1.359619140625,derivative_excluded
-1.35986328125,-1.3597412109375,derivative_excluded
-1.3599853515625,-1.35986328125,derivative_excluded
-1.360107421875,-1.3599853515625,derivative_excluded
-1.3602294921875,-1.360107421875,derivative_excluded
-1.3603515625,-1.3602294921875,derivative_excluded
-1.3604736328125,-1.3603515625,derivative_excluded
-1.360595703125,-1.3604736328125,derivative_excluded
-1.3607177734375,-1.360595703125,derivative_excluded
-1.36083984375,-1.3607177734375,derivative_excluded
-1.3609619140625,-1.36083984375,derivative_excluded
-1.361083984375,-1.3609619140625,derivative_excluded
-1.3612060546875,-1.361083984375,derivative_excluded
-1.361328125,-1.3612060546875,derivative_excluded
-1.3614501953125,-1.361328125,derivative_excluded
-1.361572265625,-1.3614501953125,derivative_excluded
-1.3616943359375,-1.361572265625,derivative_excluded
-1.36181640625,-1.3616943359375,derivative_excluded
-1.3619384765625,-1.36181640625,derivative_excluded
-1.362060546875,-1.3619384765625,derivative_excluded
-1.3621826171875,-1.362060546875,derivative_excluded
-1.3623046875,-1.3621826171875,derivative_excluded
-1.3624267578125,-1.3623046875,derivative_excluded
-1.362548828125,-1.3624267578125,derivative_excluded
-1.3626708984375,-1.362548828125,derivative_excluded
-1.36279296875,-1.3626708984375,derivative_excluded
-1.3629150390625,-1.36279296875,derivative_excluded
-1.363037109375,-1.3629150390625,derivative_excluded
-1.3631591796875,-1.363037109375,derivative_excluded
-1.36328125,-1.3631591796875,derivative_excluded
-1.3634033203125,-1.36328125,derivative_excluded
-1.363525390625,-1.3634033203125,derivative_excluded
-1.3636474609375,-1.363525390625,derivative_excluded
-1.36376953125,-1.3636474609375,derivative_excluded
-1.3638916015625,-1.36376953125,derivative_excluded
-1.364013671875,-1.3638916015625,derivative_excluded
-1.3641357421875,-1.364013671875,derivative_excluded
-1.3642578125,-1.3641357421875,derivative_excluded
-1.3643798828125,-1.3642578125,derivative_excluded
-1.364501953125,-1.3643798828125,derivative_excluded
-1.3646240234375,-1.364501953125,derivative_excluded
-1.36474609375,-1.3646240234375,derivative_excluded
-1.3648681640625,-1.36474609375,derivative_excluded
-1.364990234375,-1.3648681640625,derivative_excluded
-1.3651123046875,-1.364990234375,derivative_excluded
-1.365234375,-1.3651123046875,derivative_excluded
-1.3653564453125,-1.365234375,derivative_excluded
-1.365478515625,-1.3653564453125,derivative_excluded
-1.3656005859375,-1.365478515625,derivative_excluded
-1.36572265625,-1.3656005859375,derivative_excluded
-1.3658447265625,-1.36572265625,derivative_excluded
-1.365966796875,-1.3658447265625,derivative_excluded
-1.3660888671875,-1.365966796875,derivative_excluded
-1.3662109375,-1.3660888671875,derivative_excluded
-1.3663330078125,-1.3662109375,derivative_excluded
-1.366455078125,-1.3663330078125,derivative_excluded
-1.3665771484375,-1.366455078125,derivative_excluded
-1.36669921875,-1.3665771484375,derivative_excluded
-1.3668212890625,-1.36669921875,derivative_excluded
-1.366943359375,-1.3668212890625,derivative_excluded
-1.3670654296875,-1.366943359375,derivative_excluded
-1.3671875,-1.3670654296875,derivative_excluded
-1.3673095703125,-1.3671875,derivative_excluded
-1.367431640625,-1.3673095703125,derivative_excluded
-1.3675537109375,-1.367431640625,derivative_excluded
-1.36767578125,-1.3675537109375,derivative_excluded
-1.3677978515625,-1.36767578125,derivative_excluded
-1.367919921875,-1.3677978515625,derivative_excluded
-1.3680419921875,-1.367919921875,derivative_excluded
-1.3681640625,-1.3680419921875,derivative_excluded
-1.3682861328125,-1.3681640625,derivative_excluded
-1.368408203125,-1.3682861328125,derivative_excluded
-1.3685302734375,-1.368408203125,derivative_excluded
-1.36865234375,-1.3685302734375,derivative_excluded
-1.3687744140625,-1.36865234375,derivative_excluded
-1.368896484375,-1.3687744140625,derivative_excluded
-1.3690185546875,-1.368896484375,derivative_excluded
-1.369140625,-1.3690185546875,derivative_excluded
-1.3692626953125,-1.369140625,derivative_excluded
-1.369384765625,-1.3692626953125,derivative_excluded
-1.3695068359375,-1.369384765625,derivative_excluded
-1.36962890625,-1.3695068359375,derivative_excluded
-1.3697509765625,-1.36962890625,derivative_excluded
-1.369873046875,-1.3697509765625,derivative_excluded
-1.3699951171875,-1.369873046875,derivative_excluded
-1.3701171875,-1.3699951171875,derivative_excluded
-1.3702392578125,-1.3701171875,derivative_excluded
-1.370361328125,-1.3702392578125,derivative_excluded
-1.3704833984375,-1.370361328125,derivative_excluded
-1.37060546875,-1.3704833984375,derivative_excluded
-1.3707275390625,-1.37060546875,derivative_excluded
-1.370849609375,-1.3707275390625,derivative_excluded
-1.3709716796875,-1.370849609375,derivative_excluded
-1.37109375,-1.3709716796875,derivative_excluded
-1.3712158203125,-1.37109375,derivative_excluded
-1.371337890625,-1.3712158203125,derivative_excluded
-1.3714599609375,-1.371337890625,derivative_excluded
-1.37158203125,-1.3714599609375,derivative_excluded
-1.3717041015625,-1.37158203125,derivative_excluded
-1.371826171875,-1.3717041015625,derivative_excluded
-1.3719482421875,-1.371826171875,derivative_excluded
-1.3720703125,-1.3719482421875,derivative_excluded
-1.3721923828125,-1.3720703125,derivative_excluded
-1.372314453125,-1.3721923828125,derivative_excluded
-1.3724365234375,-1.372314453125,derivative_excluded
-1.37255859375,-1.3724365234375,derivative_excluded
-1.3726806640625,-1.37255859375,derivative_excluded
-1.372802734375,-1.3726806640625,derivative_excluded
-1.3729248046875,-1.372802734375,derivative_excluded
-1.373046875,-1.3729248046875,derivative_excluded
-1.3731689453125,-1.373046875,derivative_excluded
-1.373291015625,-1.3731689453125,derivative_excluded
-1.3734130859375,-1.373291015625,derivative_excluded
-1.37353515625,-1.3734130859375,derivative_excluded
-1.3736572265625,-1.37353515625,derivative_excluded
-1.373779296875,-1.3736572265625,derivative_excluded
-1.3739013671875,-1.373779296875,derivative_excluded
-1.3740234375,-1.3739013671875,derivative_excluded
-1.3741455078125,-1.3740234375,derivative_excluded
-1.374267578125,-1.3741455078125,derivative_excluded
-1.3743896484375,-1.374267578125,derivative_excluded
-1.37451171875,-1.3743896484375,derivative_excluded
-1.3746337890625,-1.37451171875,derivative_excluded
-1.374755859375,-1.3746337890625,derivative_excluded
-1.3748779296875,-1.374755859375,derivative_excluded
-1.375,-1.3748779296875,derivative_excluded
-1.3751220703125,-1.375,derivative_excluded
-1.375244140625,-1.3751220703125,derivative_excluded
-1.3753662109375,-1.375244140625,derivative_excluded
-1.37548828125,-1.3753662109375,derivative_excluded
-1.3756103515625,-1.37548828125,derivative_excluded
-1.375732421875,-1.3756103515625,derivative_excluded
-1.3758544921875,-1.375732421875,derivative_excluded
-1.3759765625,-1.3758544921875,derivative_excluded
-1.3760986328125,-1.3759765625,derivative_excluded
-1.376220703125,-1.3760986328125,derivative_excluded
-1.3763427734375,-1.376220703125,derivative_excluded
-1.37646484375,-1.3763427734375,derivative_excluded
-1.3765869140625,-1.37646484375,derivative_excluded
-1.376708984375,-1.3765869140625,derivative_excluded
-1.3768310546875,-1.376708984375,derivative_excluded
-1.376953125,-1.3768310546875,derivative_excluded
-1.3770751953125,-1.376953125,derivative_excluded
-1.377197265625,-1.3770751953125,derivative_excluded
-1.3773193359375,-1.377197265625,derivative_excluded
-1.37744140625,-1.3773193359375,derivative_excluded
-1.3775634765625,-1.37744140625,derivative_excluded
-1.377685546875,-1.3775634765625,derivative_excluded
-1.3778076171875,-1.377685546875,derivative_excluded
-1.3779296875,-1.3778076171875,derivative_excluded
-1.3780517578125,-1.3779296875,derivative_excluded
-1.378173828125,-1.3780517578125,derivative_excluded
-1.3782958984375,-1.378173828125,derivative_excluded
-1.37841796875,-1.3782958984375,derivative_excluded
-1.3785400390625,-1.37841796875,derivative_excluded
-1.378662109375,-1.3785400390625,derivative_excluded
-1.3787841796875,-1.378662109375,derivative_excluded
-1.37890625,-1.3787841796875,derivative_excluded
-1.3790283203125,-1.37890625,derivative_excluded
-1.379150390625,-1.3790283203125,derivative_excluded
-1.3792724609375,-1.379150390625,derivative_excluded
-1.37939453125,-1.3792724609375,derivative_excluded
-1.3795166015625,-1.37939453125,derivative_excluded
-1.379638671875,-1.3795166015625,derivative_excluded
-1.3797607421875,-1.379638671875,derivative_excluded
-1.3798828125,-1.3797607421875,derivative_excluded
-1.3800048828125,-1.3798828125,derivative_excluded
-1.380126953125,-1.3800048828125,derivative_excluded
-1.3802490234375,-1.380126953125,derivative_excluded
-1.38037109375,-1.3802490234375,derivative_excluded
-1.3804931640625,-1.38037109375,derivative_excluded
-1.380615234375,-1.3804931640625,derivative_excluded
-1.3807373046875,-1.380615234375,derivative_excluded
-1.380859375,-1.3807373046875,derivative_excluded
-1.3809814453125,-1.380859375,derivative_excluded
-1.381103515625,-1.3809814453125,derivative_excluded
-1.3812255859375,-1.381103515625,derivative_excluded
-1.38134765625,-1.3812255859375,derivative_excluded
-1.3814697265625,-1.38134765625,derivative_excluded
-1.381591796875,-1.3814697265625,derivative_excluded
-1.3817138671875,-1.381591796875,derivative_excluded
-1.3818359375,-1.3817138671875,derivative_excluded
-1.3819580078125,-1.3818359375,derivative_excluded
-1.382080078125,-1.3819580078125,derivative_excluded
-1.3822021484375,-1.382080078125,derivative_excluded
-1.38232421875,-1.3822021484375,derivative_excluded
-1.3824462890625,-1.38232421875,derivative_excluded
-1.382568359375,-1.3824462890625,derivative_excluded
-1.3826904296875,-1.382568359375,derivative_excluded
-1.3828125,-1.3826904296875,derivative_excluded
-1.3829345703125,-1.3828125,derivative_excluded
-1.383056640625,-1.3829345703125,derivative_excluded
-1.3831787109375,-1.383056640625,derivative_excluded
-1.38330078125,-1.3831787109375,derivative_excluded
-1.3834228515625,-1.38330078125,derivative_excluded
-1.383544921875,-1.3834228515625,derivative_excluded
-1.3836669921875,-1.383544921875,derivative_excluded
-1.3837890625,-1.3836669921875,derivative_excluded
-1.3839111328125,-1.3837890625,derivative_excluded
-1.384033203125,-1.3839111328125,derivative_excluded
-1.3841552734375,-1.384033203125,derivative_excluded
-1.38427734375,-1.3841552734375,derivative_excluded
-1.3843994140625,-1.38427734375,derivative_excluded
-1.384521484375,-1.3843994140625,derivative_excluded
-1.3846435546875,-1.384521484375,derivative_excluded
-1.384765625,-1.3846435546875,derivative_excluded
-1.3848876953125,-1.384765625,derivative_excluded
-1.385009765625,-1.3848876953125,derivative_excluded
-1.3851318359375,-1.385009765625,derivative_excluded
-1.38525390625,-1.3851318359375,derivative_excluded
-1.3853759765625,-1.38525390625,derivative_excluded
-1.385498046875,-1.3853759765625,derivative_excluded
-1.3856201171875,-1.385498046875,derivative_excluded
-1.3857421875,-1.3856201171875,derivative_excluded
-1.3858642578125,-1.3857421875,derivative_excluded
-1.385986328125,-1.3858642578125,derivative_excluded
-1.3861083984375,-1.385986328125,derivative_excluded
-1.38623046875,-1.3861083984375,derivative_excluded
-1.3863525390625,-1.38623046875,derivative_excluded
-1.386474609375,-1.3863525390625,derivative_excluded
-1.3865966796875,-1.386474609375,derivative_excluded
-1.38671875,-1.3865966796875,derivative_excluded
-1.3868408203125,-1.38671875,derivative_excluded
-1.386962890625,-1.3868408203125,derivative_excluded
-1.3870849609375,-1.386962890625,derivative_excluded
-1.38720703125,-1.3870849609375,derivative_excluded
-1.3873291015625,-1.38720703125,derivative_excluded
-1.387451171875,-1.3873291015625,derivative_excluded
-1.3875732421875,-1.387451171875,derivative_excluded
-1.3876953125,-1.3875732421875,derivative_excluded
-1.3878173828125,-1.3876953125,derivative_excluded
-1.387939453125,-1.3878173828125,derivative_excluded
-1.3880615234375,-1.387939453125,derivative_excluded
-1.38818359375,-1.3880615234375,derivative_excluded
-1.3883056640625,-1.38818359375,derivative_excluded
-1.388427734375,-1.3883056640625,derivative_excluded
-1.3885498046875,-1.388427734375,derivative_excluded
-1.388671875,-1.3885498046875,derivative_excluded
-1.3887939453125,-1.388671875,derivative_excluded
-1.388916015625,-1.3887939453125,derivative_excluded
-1.3890380859375,-1.388916015625,derivative_excluded
-1.38916015625,-1.3890380859375,derivative_excluded
-1.3892822265625,-1.38916015625,derivative_excluded
-1.389404296875,-1.3892822265625,derivative_excluded
-1.3895263671875,-1.389404296875,derivative_excluded
-1.3896484375,-1.3895263671875,derivative_excluded
-1.3897705078125,-1.3896484375,derivative_excluded
-1.389892578125,-1.3897705078125,derivative_excluded
-1.3900146484375,-1.389892578125,derivative_excluded
-1.39013671875,-1.3900146484375,derivative_excluded
-1.3902587890625,-1.39013671875,derivative_excluded
-1.390380859375,-1.3902587890625,derivative_excluded
-1.3905029296875,-1.390380859375,derivative_excluded
-1.390625,-1.3905029296875,derivative_excluded
-1.3907470703125,-1.390625,derivative_excluded
-1.390869140625,-1.3907470703125,derivative_excluded
-1.3909912109375,-1.390869140625,derivative_excluded
-1.39111328125,-1.3909912109375,derivative_excluded
-1.3912353515625,-1.39111328125,derivative_excluded
-1.391357421875,-1.3912353515625,derivative_excluded
-1.3914794921875,-1.391357421875,derivative_excluded
-1.3916015625,-1.3914794921875,derivative_excluded
-1.3917236328125,-1.3916015625,derivative_excluded
-1.391845703125,-1.3917236328125,derivative_excluded
-1.3919677734375,-1.391845703125,derivative_excluded
-1.39208984375,-1.3919677734375,derivative_excluded
-1.3922119140625,-1.39208984375,derivative_excluded
-1.392333984375,-1.3922119140625,derivative_excluded
-1.3924560546875,-1.392333984375,derivative_excluded
-1.392578125,-1.3924560546875,derivative_excluded
-1.3927001953125,-1.392578125,derivative_excluded
-1.392822265625,-1.3927001953125,derivative_excluded
-1.3929443359375,-1.392822265625,derivative_excluded
-1.39306640625,-1.3929443359375,derivative_excluded
-1.3931884765625,-1.39306640625,derivative_excluded
-1.393310546875,-1.3931884765625,derivative_excluded
-1.3934326171875,-1.393310546875,derivative_excluded
-1.3935546875,-1.3934326171875,derivative_excluded
-1.3936767578125,-1.3935546875,derivative_excluded
-1.393798828125,-1.3936767578125,derivative_excluded
-1.3939208984375,-1.393798828125,derivative_excluded
-1.39404296875,-1.3939208984375,derivative_excluded
-1.3941650390625,-1.39404296875,derivative_excluded
-1.394287109375,-1.3941650390625,derivative_excluded
-1.3944091796875,-1.394287109375,derivative_excluded
-1.39453125,-1.3944091796875,derivative_excluded
-1.3946533203125,-1.39453125,derivative_excluded
-1.394775390625,-1.3946533203125,derivative_excluded
-1.3948974609375,-1.394775390625,derivative_excluded
-1.39501953125,-1.3948974609375,derivative_excluded
-1.3951416015625,-1.39501953125,derivative_excluded
-1.395263671875,-1.3951416015625,derivative_excluded
-1.3953857421875,-1.395263671875,derivative_excluded
-1.3955078125,-1.3953857421875,derivative_excluded
-1.3956298828125,-1.3955078125,derivative_excluded
-1.395751953125,-1.3956298828125,derivative_excluded
-1.3958740234375,-1.395751953125,derivative_excluded
-1.39599609375,-1.3958740234375,derivative_excluded
-1.3961181640625,-1.39599609375,derivative_excluded
-1.396240234375,-1.3961181640625,derivative_excluded
-1.3963623046875,-1.396240234375,derivative_excluded
-1.396484375,-1.3963623046875,derivative_excluded
-1.3966064453125,-1.396484375,derivative_excluded
-1.396728515625,-1.3966064453125,derivative_excluded
-1.3968505859375,-1.396728515625,derivative_excluded
-1.39697265625,-1.3968505859375,derivative_excluded
-1.3970947265625,-1.39697265625,derivative_excluded
-1.397216796875,-1.3970947265625,derivative_excluded
-1.3973388671875,-1.397216796875,derivative_excluded
-1.3974609375,-1.3973388671875,derivative_excluded
-1.3975830078125,-1.3974609375,derivative_excluded
-1.397705078125,-1.3975830078125,derivative_excluded
-1.3978271484375,-1.397705078125,derivative_excluded
-1.39794921875,-1.3978271484375,derivative_excluded
-1.3980712890625,-1.39794921875,derivative_excluded
-1.398193359375,-1.3980712890625,derivative_excluded
-1.3983154296875,-1.398193359375,derivative_excluded
-1.3984375,-1.3983154296875,derivative_excluded
-1.3985595703125,-1.3984375,derivative_excluded
-1.398681640625,-1.3985595703125,derivative_excluded
-1.3988037109375,-1.398681640625,derivative_excluded
-1.39892578125,-1.3988037109375,derivative_excluded
-1.3990478515625,-1.39892578125,derivative_excluded
-1.399169921875,-1.3990478515625,derivative_excluded
-1.3992919921875,-1.399169921875,derivative_excluded
-1.3994140625,-1.3992919921875,derivative_excluded
-1.3995361328125,-1.3994140625,derivative_excluded
-1.399658203125,-1.3995361328125,derivative_excluded
-1.3997802734375,-1.399658203125,derivative_excluded
-1.39990234375,-1.3997802734375,derivative_excluded
-1.4000244140625,-1.39990234375,derivative_excluded
-1.400146484375,-1.4000244140625,derivative_excluded
-1.4002685546875,-1.400146484375,derivative_excluded
-1.400390625,-1.4002685546875,derivative_excluded
-1.4005126953125,-1.400390625,derivative_excluded
-1.400634765625,-1.4005126953125,derivative_excluded
-1.4007568359375,-1.400634765625,derivative_excluded
-1.40087890625,-1.4007568359375,derivative_excluded
-1.4010009765625,-1.40087890625,derivative_excluded
-1.401123046875,-1.4010009765625,derivative_excluded
-1.4012451171875,-1.401123046875,derivative_excluded
-1.4013671875,-1.4012451171875,derivative_excluded
-1.4014892578125,-1.4013671875,derivative_excluded
-1.401611328125,-1.4014892578125,derivative_excluded
-1.4017333984375,-1.401611328125,derivative_excluded
-1.40185546875,-1.4017333984375,derivative_excluded
-1.4019775390625,-1.40185546875,derivative_excluded
-1.402099609375,-1.4019775390625,derivative_excluded
-1.4022216796875,-1.402099609375,derivative_excluded
-1.40234375,-1.4022216796875,derivative_excluded
-1.4024658203125,-1.40234375,derivative_excluded
-1.402587890625,-1.4024658203125,derivative_excluded
-1.4027099609375,-1.402587890625,derivative_excluded
-1.40283203125,-1.4027099609375,derivative_excluded
-1.4029541015625,-1.40283203125,derivative_excluded
-1.403076171875,-1.4029541015625,derivative_excluded
-1.4031982421875,-1.403076171875,derivative_excluded
-1.4033203125,-1.4031982421875,derivative_excluded
-1.4034423828125,-1.4033203125,derivative_excluded
-1.403564453125,-1.4034423828125,derivative_excluded
-1.4036865234375,-1.403564453125,derivative_excluded
-1.40380859375,-1.4036865234375,derivative_excluded
-1.4039306640625,-1.40380859375,derivative_excluded
-1.404052734375,-1.4039306640625,derivative_excluded
-1.4041748046875,-1.404052734375,derivative_excluded
-1.404296875,-1.4041748046875,derivative_excluded
-1.4044189453125,-1.404296875,derivative_excluded
-1.404541015625,-1.4044189453125,derivative_excluded
-1.4046630859375,-1.404541015625,derivative_excluded
-1.40478515625,-1.4046630859375,derivative_excluded
-1.4049072265625,-1.40478515625,derivative_excluded
-1.405029296875,-1.4049072265625,derivative_excluded
-1.4051513671875,-1.405029296875,derivative_excluded
-1.4052734375,-1.4051513671875,derivative_excluded
-1.4053955078125,-1.4052734375,derivative_excluded
-1.405517578125,-1.4053955078125,derivative_excluded
-1.4056396484375,-1.405517578125,derivative_excluded
-1.40576171875,-1.4056396484375,derivative_excluded
-1.4058837890625,-1.40576171875,derivative_excluded
-1.406005859375,-1.4058837890625,derivative_excluded
-1.4061279296875,-1.406005859375,derivative_excluded
-1.40625,-1.4061279296875,derivative_excluded
-1.4063720703125,-1.40625,derivative_excluded
-1.406494140625,-1.4063720703125,derivative_excluded
-1.4066162109375,-1.406494140625,derivative_excluded
-1.40673828125,-1.4066162109375,derivative_excluded
-1.4068603515625,-1.40673828125,derivative_excluded
-1.406982421875,-1.4068603515625,derivative_excluded
-1.4071044921875,-1.406982421875,derivative_excluded
-1.4072265625,-1.4071044921875,derivative_excluded
-1.4073486328125,-1.4072265625,derivative_excluded
-1.407470703125,-1.4073486328125,derivative_excluded
-1.4075927734375,-1.407470703125,derivative_excluded
-1.40771484375,-1.4075927734375,derivative_excluded
-1.4078369140625,-1.40771484375,derivative_excluded
-1.407958984375,-1.4078369140625,derivative_excluded
-1.4080810546875,-1.407958984375,derivative_excluded
-1.408203125,-1.4080810546875,derivative_excluded
-1.4083251953125,-1.408203125,derivative_excluded
-1.408447265625,-1.4083251953125,derivative_excluded
-1.4085693359375,-1.408447265625,derivative_excluded
-1.40869140625,-1.4085693359375,derivative_excluded
-1.4088134765625,-1.40869140625,derivative_excluded
-1.408935546875,-1.4088134765625,derivative_excluded
-1.4090576171875,-1.408935546875,derivative_excluded
-1.4091796875,-1.4090576171875,derivative_excluded
-1.4093017578125,-1.4091796875,derivative_excluded
-1.409423828125,-1.4093017578125,derivative_excluded
-1.4095458984375,-1.409423828125,derivative_excluded
-1.40966796875,-1.4095458984375,derivative_excluded
-1.4097900390625,-1.40966796875,derivative_excluded
-1.409912109375,-1.4097900390625,derivative_excluded
-1.4100341796875,-1.409912109375,derivative_excluded
-1.41015625,-1.4100341796875,derivative_excluded
-1.4102783203125,-1.41015625,derivative_excluded
-1.410400390625,-1.4102783203125,derivative_excluded
-1.4105224609375,-1.410400390625,derivative_excluded
-1.41064453125,-1.4105224609375,derivative_excluded
-1.4107666015625,-1.41064453125,derivative_excluded
-1.410888671875,-1.4107666015625,derivative_excluded
-1.4110107421875,-1.410888671875,derivative_excluded
-1.4111328125,-1.4110107421875,derivative_excluded
-1.4112548828125,-1.4111328125,derivative_excluded
-1.411376953125,-1.4112548828125,derivative_excluded
-1.4114990234375,-1.411376953125,derivative_excluded
-1.41162109375,-1.4114990234375,derivative_excluded
-1.4117431640625,-1.41162109375,derivative_excluded
-1.411865234375,-1.4117431640625,derivative_excluded
-1.4119873046875,-1.411865234375,derivative_excluded
-1.412109375,-1.4119873046875,derivative_excluded
-1.4122314453125,-1.412109375,derivative_excluded
-1.412353515625,-1.4122314453125,derivative_excluded
-1.4124755859375,-1.412353515625,derivative_excluded
-1.41259765625,-1.4124755859375,derivative_excluded
-1.4127197265625,-1.41259765625,derivative_excluded
-1.412841796875,-1.4127197265625,derivative_excluded
-1.4129638671875,-1.412841796875,derivative_excluded
-1.4130859375,-1.4129638671875,derivative_excluded
-1.4132080078125,-1.4130859375,derivative_excluded
-1.413330078125,-1.4132080078125,derivative_excluded
-1.4134521484375,-1.413330078125,derivative_excluded
-1.41357421875,-1.4134521484375,derivative_excluded
-1.4136962890625,-1.41357421875,derivative_excluded
-1.413818359375,-1.4136962890625,derivative_excluded
-1.4139404296875,-1.413818359375,derivative_excluded
-1.4140625,-1.4139404296875,derivative_excluded
-1.4141845703125,-1.4140625,derivative_excluded
-1.414306640625,-1.4141845703125,derivative_excluded
-1.4144287109375,-1.414306640625,derivative_excluded
-1.41455078125,-1.4144287109375,derivative_excluded
-1.4146728515625,-1.41455078125,derivative_excluded
-1.414794921875,-1.4146728515625,derivative_excluded
-1.4149169921875,-1.414794921875,derivative_excluded
-1.4150390625,-1.4149169921875,derivative_excluded
-1.4151611328125,-1.4150390625,derivative_excluded
-1.415283203125,-1.4151611328125,derivative_excluded
-1.4154052734375,-1.415283203125,derivative_excluded
-1.41552734375,-1.4154052734375,derivative_excluded
-1.4156494140625,-1.41552734375,derivative_excluded
-1.415771484375,-1.4156494140625,derivative_excluded
-1.4158935546875,-1.415771484375,derivative_excluded
-1.416015625,-1.4158935546875,derivative_excluded
-1.4161376953125,-1.416015625,derivative_excluded
-1.416259765625,-1.4161376953125,derivative_excluded
-1.4163818359375,-1.416259765625,derivative_excluded
-1.41650390625,-1.4163818359375,derivative_excluded
-1.4166259765625,-1.41650390625,derivative_excluded
-1.416748046875,-1.4166259765625,derivative_excluded
-1.4168701171875,-1.416748046875,derivative_excluded
-1.4169921875,-1.4168701171875,derivative_excluded
-1.4171142578125,-1.4169921875,derivative_excluded
-1.417236328125,-1.4171142578125,derivative_excluded
-1.4173583984375,-1.417236328125,derivative_excluded
-1.41748046875,-1.4173583984375,derivative_excluded
-1.4176025390625,-1.41748046875,derivative_excluded
-1.417724609375,-1.4176025390625,derivative_excluded
-1.4178466796875,-1.417724609375,derivative_excluded
-1.41796875,-1.4178466796875,derivative_excluded
-1.4180908203125,-1.41796875,derivative_excluded
-1.418212890625,-1.4180908203125,derivative_excluded
-1.4183349609375,-1.418212890625,derivative_excluded
-1.41845703125,-1.4183349609375,derivative_excluded
-1.4185791015625,-1.41845703125,derivative_excluded
-1.418701171875,-1.4185791015625,derivative_excluded
-1.4188232421875,-1.418701171875,derivative_excluded
-1.4189453125,-1.4188232421875,derivative_excluded
-1.4190673828125,-1.4189453125,derivative_excluded
-1.419189453125,-1.4190673828125,derivative_excluded
-1.4193115234375,-1.419189453125,derivative_excluded
-1.41943359375,-1.4193115234375,derivative_excluded
-1.4195556640625,-1.41943359375,derivative_excluded
-1.419677734375,-1.4195556640625,derivative_excluded
-1.4197998046875,-1.419677734375,derivative_excluded
-1.419921875,-1.4197998046875,derivative_excluded
-1.4200439453125,-1.419921875,derivative_excluded
-1.420166015625,-1.4200439453125,derivative_excluded
-1.4202880859375,-1.420166015625,derivative_excluded
-1.42041015625,-1.4202880859375,derivative_excluded
-1.4205322265625,-1.42041015625,derivative_excluded
-1.420654296875,-1.4205322265625,derivative_excluded
-1.4207763671875,-1.420654296875,derivative_excluded
-1.4208984375,-1.4207763671875,derivative_excluded
-1.4210205078125,-1.4208984375,derivative_excluded
-1.421142578125,-1.4210205078125,derivative_excluded
-1.4212646484375,-1.421142578125,derivative_excluded
-1.42138671875,-1.4212646484375,derivative_excluded
-1.4215087890625,-1.42138671875,derivative_excluded
-1.421630859375,-1.4215087890625,derivative_excluded
-1.4217529296875,-1.421630859375,derivative_excluded
-1.421875,-1.4217529296875,derivative_excluded
-1.4219970703125,-1.421875,derivative_excluded
-1.422119140625,-1.4219970703125,derivative_excluded
-1.4222412109375,-1.422119140625,derivative_excluded
-1.42236328125,-1.4222412109375,derivative_excluded
-1.4224853515625,-1.42236328125,derivative_excluded
-1.422607421875,-1.4224853515625,derivative_excluded
-1.4227294921875,-1.422607421875,derivative_excluded
-1.4228515625,-1.4227294921875,derivative_excluded
-1.4229736328125,-1.4228515625,derivative_excluded
-1.423095703125,-1.4229736328125,derivative_excluded
-1.4232177734375,-1.423095703125,derivative_excluded
-1.42333984375,-1.4232177734375,derivative_excluded
-1.4234619140625,-1.42333984375,derivative_excluded
-1.423583984375,-1.4234619140625,derivative_excluded
-1.4237060546875,-1.423583984375,derivative_excluded
-1.423828125,-1.4237060546875,derivative_excluded
-1.4239501953125,-1.423828125,derivative_excluded
-1.424072265625,-1.4239501953125,derivative_excluded
-1.4241943359375,-1.424072265625,derivative_excluded
-1.42431640625,-1.4241943359375,derivative_excluded
-1.4244384765625,-1.42431640625,derivative_excluded
-1.424560546875,-1.4244384765625,derivative_excluded
-1.4246826171875,-1.424560546875,derivative_excluded
-1.4248046875,-1.4246826171875,derivative_excluded
-1.4249267578125,-1.4248046875,derivative_excluded
-1.425048828125,-1.4249267578125,derivative_excluded
-1.4251708984375,-1.425048828125,derivative_excluded
-1.42529296875,-1.4251708984375,derivative_excluded
-1.4254150390625,-1.42529296875,derivative_excluded
-1.425537109375,-1.4254150390625,derivative_excluded
-1.4256591796875,-1.425537109375,derivative_excluded
-1.42578125,-1.4256591796875,derivative_excluded
-1.4259033203125,-1.42578125,derivative_excluded
-1.426025390625,-1.4259033203125,derivative_excluded
-1.4261474609375,-1.426025390625,derivative_excluded
-1.42626953125,-1.4261474609375,derivative_excluded
-1.4263916015625,-1.42626953125,derivative_excluded
-1.426513671875,-1.4263916015625,derivative_excluded
-1.4266357421875,-1.426513671875,derivative_excluded
-1.4267578125,-1.4266357421875,derivative_excluded
-1.4268798828125,-1.4267578125,derivative_excluded
-1.427001953125,-1.4268798828125,derivative_excluded
-1.4271240234375,-1.427001953125,derivative_excluded
-1.42724609375,-1.4271240234375,derivative_excluded
-1.4273681640625,-1.42724609375,derivative_excluded
-1.427490234375,-1.4273681640625,derivative_excluded
-1.4276123046875,-1.427490234375,derivative_excluded
-1.427734375,-1.4276123046875,derivative_excluded
-1.4278564453125,-1.427734375,derivative_excluded
-1.427978515625,-1.4278564453125,derivative_excluded
-1.4281005859375,-1.427978515625,derivative_excluded
-1.42822265625,-1.4281005859375,derivative_excluded
-1.4283447265625,-1.42822265625,derivative_excluded
-1.428466796875,-1.4283447265625,derivative_excluded
-1.4285888671875,-1.428466796875,derivative_excluded
-1.4287109375,-1.4285888671875,derivative_excluded
-1.4288330078125,-1.4287109375,derivative_excluded
-1.428955078125,-1.4288330078125,derivative_excluded
-1.4290771484375,-1.428955078125,derivative_excluded
-1.42919921875,-1.4290771484375,derivative_excluded
-1.4293212890625,-1.42919921875,derivative_excluded
-1.429443359375,-1.4293212890625,derivative_excluded
-1.4295654296875,-1.429443359375,derivative_excluded
-1.4296875,-1.4295654296875,derivative_excluded
-1.4298095703125,-1.4296875,derivative_excluded
-1.429931640625,-1.4298095703125,derivative_excluded
-1.4300537109375,-1.429931640625,derivative_excluded
-1.43017578125,-1.4300537109375,derivative_excluded
-1.4302978515625,-1.43017578125,derivative_excluded
-1.430419921875,-1.4302978515625,derivative_excluded
-1.4305419921875,-1.430419921875,derivative_excluded
-1.4306640625,-1.4305419921875,derivative_excluded
-1.4307861328125,-1.4306640625,derivative_excluded
-1.430908203125,-1.4307861328125,derivative_excluded
-1.4310302734375,-1.430908203125,derivative_excluded
-1.43115234375,-1.4310302734375,derivative_excluded
-1.4312744140625,-1.43115234375,derivative_excluded
-1.431396484375,-1.4312744140625,derivative_excluded
-1.4315185546875,-1.431396484375,derivative_excluded
-1.431640625,-1.4315185546875,derivative_excluded
-1.4317626953125,-1.431640625,derivative_excluded
-1.431884765625,-1.4317626953125,derivative_excluded
-1.4320068359375,-1.431884765625,derivative_excluded
-1.43212890625,-1.4320068359375,derivative_excluded
-1.4322509765625,-1.43212890625,derivative_excluded
-1.432373046875,-1.4322509765625,derivative_excluded
-1.4324951171875,-1.432373046875,derivative_excluded
-1.4326171875,-1.4324951171875,derivative_excluded
-1.4327392578125,-1.4326171875,derivative_excluded
-1.432861328125,-1.4327392578125,derivative_excluded
-1.4329833984375,-1.432861328125,derivative_excluded
-1.43310546875,-1.4329833984375,derivative_excluded
-1.4332275390625,-1.43310546875,derivative_excluded
-1.433349609375,-1.4332275390625,derivative_excluded
-1.4334716796875,-1.433349609375,derivative_excluded
-1.43359375,-1.4334716796875,derivative_excluded
-1.4337158203125,-1.43359375,derivative_excluded
-1.433837890625,-1.4337158203125,derivative_excluded
-1.4339599609375,-1.433837890625,derivative_excluded
-1.43408203125,-1.4339599609375,derivative_excluded
-1.4342041015625,-1.43408203125,derivative_excluded
-1.434326171875,-1.4342041015625,derivative_excluded
-1.4344482421875,-1.434326171875,derivative_excluded
-1.4345703125,-1.4344482421875,derivative_excluded
-1.4346923828125,-1.4345703125,derivative_excluded
-1.434814453125,-1.4346923828125,derivative_excluded
-1.4349365234375,-1.434814453125,derivative_excluded
-1.43505859375,-1.4349365234375,derivative_excluded
-1.4351806640625,-1.43505859375,derivative_excluded
-1.435302734375,-1.4351806640625,derivative_excluded
-1.4354248046875,-1.435302734375,derivative_excluded
-1.435546875,-1.4354248046875,derivative_excluded
-1.4356689453125,-1.435546875,derivative_excluded
-1.435791015625,-1.4356689453125,derivative_excluded
-1.4359130859375,-1.435791015625,derivative_excluded
-1.43603515625,-1.4359130859375,derivative_excluded
-1.4361572265625,-1.43603515625,derivative_excluded
-1.436279296875,-1.4361572265625,derivative_excluded
-1.4364013671875,-1.436279296875,derivative_excluded
-1.4365234375,-1.4364013671875,derivative_excluded
-1.4366455078125,-1.4365234375,derivative_excluded
-1.436767578125,-1.4366455078125,derivative_excluded
-1.4368896484375,-1.436767578125,derivative_excluded
-1.43701171875,-1.4368896484375,derivative_excluded
-1.4371337890625,-1.43701171875,derivative_excluded
-1.437255859375,-1.4371337890625,derivative_excluded
-1.4373779296875,-1.437255859375,derivative_excluded
-1.4375,-1.4373779296875,derivative_excluded
-1.4376220703125,-1.4375,derivative_excluded
-1.437744140625,-1.4376220703125,derivative_excluded
-1.4378662109375,-1.437744140625,derivative_excluded
-1.43798828125,-1.4378662109375,derivative_excluded
-1.4381103515625,-1.43798828125,derivative_excluded
-1.438232421875,-1.4381103515625,derivative_excluded
-1.4383544921875,-1.438232421875,derivative_excluded
-1.4384765625,-1.4383544921875,derivative_excluded
-1.4385986328125,-1.4384765625,derivative_excluded
-1.438720703125,-1.4385986328125,derivative_excluded
-1.4388427734375,-1.438720703125,derivative_excluded
-1.43896484375,-1.4388427734375,derivative_excluded
-1.4390869140625,-1.43896484375,derivative_excluded
-1.439208984375,-1.4390869140625,derivative_excluded
-1.4393310546875,-1.439208984375,derivative_excluded
-1.439453125,-1.4393310546875,derivative_excluded
-1.4395751953125,-1.439453125,derivative_excluded
-1.439697265625,-1.4395751953125,derivative_excluded
-1.4398193359375,-1.439697265625,derivative_excluded
-1.43994140625,-1.4398193359375,derivative_excluded
-1.4400634765625,-1.43994140625,derivative_excluded
-1.440185546875,-1.4400634765625,derivative_excluded
-1.4403076171875,-1.440185546875,derivative_excluded
-1.4404296875,-1.4403076171875,derivative_excluded
-1.4405517578125,-1.4404296875,derivative_excluded
-1.440673828125,-1.4405517578125,derivative_excluded
-1.4407958984375,-1.440673828125,derivative_excluded
-1.44091796875,-1.4407958984375,derivative_excluded
-1.4410400390625,-1.44091796875,derivative_excluded
-1.441162109375,-1.4410400390625,derivative_excluded
-1.4412841796875,-1.441162109375,derivative_excluded
-1.44140625,-1.4412841796875,derivative_excluded
-1.4415283203125,-1.44140625,derivative_excluded
-1.441650390625,-1.4415283203125,derivative_excluded
-1.4417724609375,-1.441650390625,derivative_excluded
-1.44189453125,-1.4417724609375,derivative_excluded
-1.4420166015625,-1.44189453125,derivative_excluded
-1.442138671875,-1.4420166015625,derivative_excluded
-1.4422607421875,-1.442138671875,derivative_excluded
-1.4423828125,-1.4422607421875,derivative_excluded
-1.4425048828125,-1.4423828125,derivative_excluded
-1.442626953125,-1.4425048828125,derivative_excluded
-1.4427490234375,-1.442626953125,derivative_excluded
-1.44287109375,-1.4427490234375,derivative_excluded
-1.4429931640625,-1.44287109375,derivative_excluded
-1.443115234375,-1.4429931640625,derivative_excluded
-1.4432373046875,-1.443115234375,derivative_excluded
-1.443359375,-1.4432373046875,derivative_excluded
-1.4434814453125,-1.443359375,derivative_excluded
-1.443603515625,-1.4434814453125,derivative_excluded
-1.4437255859375,-1.443603515625,derivative_excluded
-1.44384765625,-1.4437255859375,derivative_excluded
-1.4439697265625,-1.44384765625,derivative_excluded
-1.444091796875,-1.4439697265625,derivative_excluded
-1.4442138671875,-1.444091796875,derivative_excluded
-1.4443359375,-1.4442138671875,derivative_excluded
-1.4444580078125,-1.4443359375,derivative_excluded
-1.444580078125,-1.4444580078125,derivative_excluded
-1.4447021484375,-1.444580078125,derivative_excluded
-1.44482421875,-1.4447021484375,derivative_excluded
-1.4449462890625,-1.44482421875,derivative_excluded
-1.445068359375,-1.4449462890625,derivative_excluded
-1.4451904296875,-1.445068359375,derivative_excluded
-1.4453125,-1.4451904296875,derivative_excluded
-1.4454345703125,-1.4453125,derivative_excluded
-1.445556640625,-1.4454345703125,derivative_excluded
-1.4456787109375,-1.445556640625,derivative_excluded
-1.44580078125,-1.4456787109375,derivative_excluded
-1.4459228515625,-1.44580078125,derivative_excluded
-1.446044921875,-1.4459228515625,derivative_excluded
-1.4461669921875,-1.446044921875,derivative_excluded
-1.4462890625,-1.4461669921875,derivative_excluded
-1.4464111328125,-1.4462890625,derivative_excluded
-1.446533203125,-1.4464111328125,derivative_excluded
-1.4466552734375,-1.446533203125,derivative_excluded
-1.44677734375,-1.4466552734375,derivative_excluded
-1.4468994140625,-1.44677734375,derivative_excluded
-1.447021484375,-1.4468994140625,derivative_excluded
-1.4471435546875,-1.447021484375,derivative_excluded
-1.447265625,-1.4471435546875,derivative_excluded
-1.4473876953125,-1.447265625,derivative_excluded
-1.447509765625,-1.4473876953125,derivative_excluded
-1.4476318359375,-1.447509765625,derivative_excluded
-1.44775390625,-1.4476318359375,derivative_excluded
-1.4478759765625,-1.44775390625,derivative_excluded
-1.447998046875,-1.4478759765625,derivative_excluded
-1.4481201171875,-1.447998046875,derivative_excluded
-1.4482421875,-1.4481201171875,derivative_excluded
-1.4483642578125,-1.4482421875,derivative_excluded
-1.448486328125,-1.4483642578125,derivative_excluded
-1.4486083984375,-1.448486328125,derivative_excluded
-1.44873046875,-1.4486083984375,derivative_excluded
-1.4488525390625,-1.44873046875,derivative_excluded
-1.448974609375,-1.4488525390625,derivative_excluded
-1.4490966796875,-1.448974609375,derivative_excluded
-1.44921875,-1.4490966796875,derivative_excluded
-1.4493408203125,-1.44921875,derivative_excluded
-1.449462890625,-1.4493408203125,derivative_excluded
-1.4495849609375,-1.449462890625,derivative_excluded
-1.44970703125,-1.4495849609375,derivative_excluded
-1.4498291015625,-1.44970703125,derivative_excluded
-1.449951171875,-1.4498291015625,derivative_excluded
-1.4500732421875,-1.449951171875,derivative_excluded
-1.4501953125,-1.4500732421875,derivative_excluded
-1.4503173828125,-1.4501953125,derivative_excluded
-1.450439453125,-1.4503173828125,derivative_excluded
-1.4505615234375,-1.450439453125,derivative_excluded
-1.45068359375,-1.4505615234375,derivative_excluded
-1.4508056640625,-1.45068359375,derivative_excluded
-1.450927734375,-1.4508056640625,derivative_excluded
-1.4510498046875,-1.450927734375,derivative_excluded
-1.451171875,-1.4510498046875,derivative_excluded
-1.4512939453125,-1.451171875,derivative_excluded
-1.451416015625,-1.4512939453125,derivative_excluded
-1.4515380859375,-1.451416015625,derivative_excluded
-1.45166015625,-1.4515380859375,derivative_excluded
-1.4517822265625,-1.45166015625,derivative_excluded
-1.451904296875,-1.4517822265625,derivative_excluded
-1.4520263671875,-1.451904296875,derivative_excluded
-1.4521484375,-1.4520263671875,derivative_excluded
-1.4522705078125,-1.4521484375,derivative_excluded
-1.452392578125,-1.4522705078125,derivative_excluded
-1.4525146484375,-1.452392578125,derivative_excluded
-1.45263671875,-1.4525146484375,derivative_excluded
-1.4527587890625,-1.45263671875,derivative_excluded
-1.452880859375,-1.4527587890625,derivative_excluded
-1.4530029296875,-1.452880859375,derivative_excluded
-1.453125,-1.4530029296875,derivative_excluded
-1.4532470703125,-1.453125,derivative_excluded
-1.453369140625,-1.4532470703125,derivative_excluded
-1.4534912109375,-1.453369140625,derivative_excluded
-1.45361328125,-1.4534912109375,derivative_excluded
-1.4537353515625,-1.45361328125,derivative_excluded
-1.453857421875,-1.4537353515625,derivative_excluded
-1.4539794921875,-1.453857421875,derivative_excluded
-1.4541015625,-1.4539794921875,derivative_excluded
-1.4542236328125,-1.4541015625,derivative_excluded
-1.454345703125,-1.4542236328125,derivative_excluded
-1.4544677734375,-1.454345703125,derivative_excluded
-1.45458984375,-1.4544677734375,derivative_excluded
-1.4547119140625,-1.45458984375,derivative_excluded
-1.454833984375,-1.4547119140625,derivative_excluded
-1.4549560546875,-1.454833984375,derivative_excluded
-1.455078125,-1.4549560546875,derivative_excluded
-1.4552001953125,-1.455078125,derivative_excluded
-1.455322265625,-1.4552001953125,derivative_excluded
-1.4554443359375,-1.455322265625,derivative_excluded
-1.45556640625,-1.4554443359375,derivative_excluded
-1.4556884765625,-1.45556640625,derivative_excluded
-1.455810546875,-1.4556884765625,derivative_excluded
-1.4559326171875,-1.455810546875,derivative_excluded
-1.4560546875,-1.4559326171875,derivative_excluded
-1.4561767578125,-1.4560546875,derivative_excluded
-1.456298828125,-1.4561767578125,derivative_excluded
-1.4564208984375,-1.456298828125,derivative_excluded
-1.45654296875,-1.4564208984375,derivative_excluded
-1.4566650390625,-1.45654296875,derivative_excluded
-1.456787109375,-1.4566650390625,derivative_excluded
-1.4569091796875,-1.456787109375,derivative_excluded
-1.45703125,-1.4569091796875,derivative_excluded
-1.4571533203125,-1.45703125,derivative_excluded
-1.457275390625,-1.4571533203125,derivative_excluded
-1.4573974609375,-1.457275390625,derivative_excluded
-1.45751953125,-1.4573974609375,derivative_excluded
-1.4576416015625,-1.45751953125,derivative_excluded
-1.457763671875,-1.4576416015625,derivative_excluded
-1.4578857421875,-1.457763671875,derivative_excluded
-1.4580078125,-1.4578857421875,derivative_excluded
-1.4581298828125,-1.4580078125,derivative_excluded
-1.458251953125,-1.4581298828125,derivative_excluded
-1.4583740234375,-1.458251953125,derivative_excluded
-1.45849609375,-1.4583740234375,derivative_excluded
-1.4586181640625,-1.45849609375,derivative_excluded
-1.458740234375,-1.4586181640625,derivative_excluded
-1.4588623046875,-1.458740234375,derivative_excluded
-1.458984375,-1.4588623046875,derivative_excluded
-1.4591064453125,-1.458984375,derivative_excluded
-1.459228515625,-1.4591064453125,derivative_excluded
-1.4593505859375,-1.459228515625,derivative_excluded
-1.45947265625,-1.4593505859375,derivative_excluded
-1.4595947265625,-1.45947265625,derivative_excluded
-1.459716796875,-1.4595947265625,derivative_excluded
-1.4598388671875,-1.459716796875,derivative_excluded
-1.4599609375,-1.4598388671875,derivative_excluded
-1.4600830078125,-1.4599609375,derivative_excluded
-1.460205078125,-1.4600830078125,derivative_excluded
-1.4603271484375,-1.460205078125,derivative_excluded
-1.46044921875,-1.4603271484375,derivative_excluded
-1.4605712890625,-1.46044921875,derivative_excluded
-1.460693359375,-1.4605712890625,derivative_excluded
-1.4608154296875,-1.460693359375,derivative_excluded
-1.4609375,-1.4608154296875,derivative_excluded
-1.4610595703125,-1.4609375,derivative_excluded
-1.461181640625,-1.4610595703125,derivative_excluded
-1.4613037109375,-1.461181640625,derivative_excluded
-1.46142578125,-1.4613037109375,derivative_excluded
-1.4615478515625,-1.46142578125,derivative_excluded
-1.461669921875,-1.4615478515625,derivative_excluded
-1.4617919921875,-1.461669921875,derivative_excluded
-1.4619140625,-1.4617919921875,derivative_excluded
-1.4620361328125,-1.4619140625,derivative_excluded
-1.462158203125,-1.4620361328125,derivative_excluded
-1.4622802734375,-1.462158203125,derivative_excluded
-1.46240234375,-1.4622802734375,derivative_excluded
-1.4625244140625,-1.46240234375,derivative_excluded
-1.462646484375,-1.4625244140625,derivative_excluded
-1.4627685546875,-1.462646484375,derivative_excluded
-1.462890625,-1.4627685546875,derivative_excluded
-1.4630126953125,-1.462890625,derivative_excluded
-1.463134765625,-1.4630126953125,derivative_excluded
-1.4632568359375,-1.463134765625,derivative_excluded
-1.46337890625,-1.4632568359375,derivative_excluded
-1.4635009765625,-1.46337890625,derivative_excluded
-1.463623046875,-1.4635009765625,derivative_excluded
-1.4637451171875,-1.463623046875,derivative_excluded
-1.4638671875,-1.4637451171875,derivative_excluded
-1.4639892578125,-1.4638671875,derivative_excluded
-1.464111328125,-1.4639892578125,derivative_excluded
-1.4642333984375,-1.464111328125,derivative_excluded
-1.46435546875,-1.4642333984375,derivative_excluded
-1.4644775390625,-1.46435546875,derivative_excluded
-1.464599609375,-1.4644775390625,derivative_excluded
-1.4647216796875,-1.464599609375,derivative_excluded
-1.46484375,-1.4647216796875,derivative_excluded
-1.4649658203125,-1.46484375,derivative_excluded
-1.465087890625,-1.4649658203125,derivative_excluded
-1.4652099609375,-1.465087890625,derivative_excluded
-1.46533203125,-1.4652099609375,derivative_excluded
-1.4654541015625,-1.46533203125,derivative_excluded
-1.465576171875,-1.4654541015625,derivative_excluded
-1.4656982421875,-1.465576171875,derivative_excluded
-1.4658203125,-1.4656982421875,derivative_excluded
-1.4659423828125,-1.4658203125,derivative_excluded
-1.466064453125,-1.4659423828125,derivative_excluded
-1.4661865234375,-1.466064453125,derivative_excluded
-1.46630859375,-1.4661865234375,derivative_excluded
-1.4664306640625,-1.46630859375,derivative_excluded
-1.466552734375,-1.4664306640625,derivative_excluded
-1.4666748046875,-1.466552734375,derivative_excluded
-1.466796875,-1.4666748046875,derivative_excluded
-1.4669189453125,-1.466796875,derivative_excluded
-1.467041015625,-1.4669189453125,derivative_excluded
-1.4671630859375,-1.467041015625,derivative_excluded
-1.46728515625,-1.4671630859375,derivative_excluded
-1.4674072265625,-1.46728515625,derivative_excluded
-1.467529296875,-1.4674072265625,derivative_excluded
-1.4676513671875,-1.467529296875,derivative_excluded
-1.4677734375,-1.4676513671875,derivative_excluded
-1.4678955078125,-1.4677734375,derivative_excluded
-1.468017578125,-1.4678955078125,derivative_excluded
-1.4681396484375,-1.468017578125,derivative_excluded
-1.46826171875,-1.4681396484375,derivative_excluded
-1.4683837890625,-1.46826171875,derivative_excluded
-1.468505859375,-1.4683837890625,derivative_excluded
-1.4686279296875,-1.468505859375,derivative_excluded
-1.46875,-1.4686279296875,derivative_excluded
-1.4688720703125,-1.46875,derivative_excluded
-1.468994140625,-1.4688720703125,derivative_excluded
-1.4691162109375,-1.468994140625,derivative_excluded
-1.46923828125,-1.4691162109375,derivative_excluded
-1.4693603515625,-1.46923828125,derivative_excluded
-1.469482421875,-1.4693603515625,derivative_excluded
-1.4696044921875,-1.469482421875,derivative_excluded
-1.4697265625,-1.4696044921875,derivative_excluded
-1.4698486328125,-1.4697265625,derivative_excluded
-1.469970703125,-1.4698486328125,derivative_excluded
-1.4700927734375,-1.469970703125,derivative_excluded
-1.47021484375,-1.4700927734375,derivative_excluded
-1.4703369140625,-1.47021484375,derivative_excluded
-1.470458984375,-1.4703369140625,derivative_excluded
-1.4705810546875,-1.470458984375,derivative_excluded
-1.470703125,-1.4705810546875,derivative_excluded
-1.4708251953125,-1.470703125,derivative_excluded
-1.470947265625,-1.4708251953125,derivative_excluded
-1.4710693359375,-1.470947265625,derivative_excluded
-1.47119140625,-1.4710693359375,derivative_excluded
-1.4713134765625,-1.47119140625,derivative_excluded
-1.471435546875,-1.4713134765625,derivative_excluded
-1.4715576171875,-1.471435546875,derivative_excluded
-1.4716796875,-1.4715576171875,derivative_excluded
-1.4718017578125,-1.4716796875,derivative_excluded
-1.471923828125,-1.4718017578125,derivative_excluded
-1.4720458984375,-1.471923828125,derivative_excluded
-1.47216796875,-1.4720458984375,derivative_excluded
-1.4722900390625,-1.47216796875,derivative_excluded
-1.472412109375,-1.4722900390625,derivative_excluded
-1.4725341796875,-1.472412109375,derivative_excluded
-1.47265625,-1.4725341796875,derivative_excluded
-1.4727783203125,-1.47265625,derivative_excluded
-1.472900390625,-1.4727783203125,derivative_excluded
-1.4730224609375,-1.472900390625,derivative_excluded
-1.47314453125,-1.4730224609375,derivative_excluded
-1.4732666015625,-1.47314453125,derivative_excluded
-1.473388671875,-1.4732666015625,derivative_excluded
-1.4735107421875,-1.473388671875,derivative_excluded
-1.4736328125,-1.4735107421875,derivative_excluded
-1.4737548828125,-1.4736328125,derivative_excluded
-1.473876953125,-1.4737548828125,derivative_excluded
-1.4739990234375,-1.473876953125,derivative_excluded
-1.47412109375,-1.4739990234375,derivative_excluded
-1.4742431640625,-1.47412109375,derivative_excluded
-1.474365234375,-1.4742431640625,derivative_excluded
-1.4744873046875,-1.474365234375,derivative_excluded
-1.474609375,-1.4744873046875,derivative_excluded
-1.4747314453125,-1.474609375,derivative_excluded
-1.474853515625,-1.4747314453125,derivative_excluded
-1.4749755859375,-1.474853515625,derivative_excluded
-1.47509765625,-1.4749755859375,derivative_excluded
-1.4752197265625,-1.47509765625,derivative_excluded
-1.475341796875,-1.4752197265625,derivative_excluded
-1.4754638671875,-1.475341796875,derivative_excluded
-1.4755859375,-1.4754638671875,derivative_excluded
-1.4757080078125,-1.4755859375,derivative_excluded
-1.475830078125,-1.4757080078125,derivative_excluded
-1.4759521484375,-1.475830078125,derivative_excluded
-1.47607421875,-1.4759521484375,derivative_excluded
-1.4761962890625,-1.47607421875,derivative_excluded
-1.476318359375,-1.4761962890625,derivative_excluded
-1.4764404296875,-1.476318359375,derivative_excluded
-1.4765625,-1.4764404296875,derivative_excluded
-1.4766845703125,-1.4765625,derivative_excluded
-1.476806640625,-1.4766845703125,derivative_excluded
-1.4769287109375,-1.476806640625,derivative_excluded
-1.47705078125,-1.4769287109375,derivative_excluded
-1.4771728515625,-1.47705078125,derivative_excluded
-1.477294921875,-1.4771728515625,derivative_excluded
-1.4774169921875,-1.477294921875,derivative_excluded
-1.4775390625,-1.4774169921875,derivative_excluded
-1.4776611328125,-1.4775390625,derivative_excluded
-1.477783203125,-1.4776611328125,derivative_excluded
-1.4779052734375,-1.477783203125,derivative_excluded
-1.47802734375,-1.4779052734375,derivative_excluded
-1.4781494140625,-1.47802734375,derivative_excluded
-1.478271484375,-1.4781494140625,derivative_excluded
-1.4783935546875,-1.478271484375,derivative_excluded
-1.478515625,-1.4783935546875,derivative_excluded
-1.4786376953125,-1.478515625,derivative_excluded
-1.478759765625,-1.4786376953125,derivative_excluded
-1.4788818359375,-1.478759765625,derivative_excluded
-1.47900390625,-1.4788818359375,derivative_excluded
-1.4791259765625,-1.47900390625,derivative_excluded
-1.479248046875,-1.4791259765625,derivative_excluded
-1.4793701171875,-1.479248046875,derivative_excluded
-1.4794921875,-1.4793701171875,derivative_excluded
-1.4796142578125,-1.4794921875,derivative_excluded
-1.479736328125,-1.4796142578125,derivative_excluded
-1.4798583984375,-1.479736328125,derivative_excluded
-1.47998046875,-1.4798583984375,derivative_excluded
-1.4801025390625,-1.47998046875,derivative_excluded
-1.480224609375,-1.4801025390625,derivative_excluded
-1.4803466796875,-1.480224609375,derivative_excluded
-1.48046875,-1.4803466796875,derivative_excluded
-1.4805908203125,-1.48046875,derivative_excluded
-1.480712890625,-1.4805908203125,derivative_excluded
-1.4808349609375,-1.480712890625,derivative_excluded
-1.48095703125,-1.4808349609375,derivative_excluded
-1.4810791015625,-1.48095703125,derivative_excluded
-1.481201171875,-1.4810791015625,derivative_excluded
-1.4813232421875,-1.481201171875,derivative_excluded
-1.4814453125,-1.4813232421875,derivative_excluded
-1.4815673828125,-1.4814453125,derivative_excluded
-1.481689453125,-1.4815673828125,derivative_excluded
-1.4818115234375,-1.481689453125,derivative_excluded
-1.48193359375,-1.4818115234375,derivative_excluded
-1.4820556640625,-1.48193359375,derivative_excluded
-1.482177734375,-1.4820556640625,derivative_excluded
-1.4822998046875,-1.482177734375,derivative_excluded
-1.482421875,-1.4822998046875,derivative_excluded
-1.4825439453125,-1.482421875,derivative_excluded
-1.482666015625,-1.4825439453125,derivative_excluded
-1.4827880859375,-1.482666015625,derivative_excluded
-1.48291015625,-1.4827880859375,derivative_excluded
-1.4830322265625,-1.48291015625,derivative_excluded
-1.483154296875,-1.4830322265625,derivative_excluded
-1.4832763671875,-1.483154296875,derivative_excluded
-1.4833984375,-1.4832763671875,derivative_excluded
-1.4835205078125,-1.4833984375,derivative_excluded
-1.483642578125,-1.4835205078125,derivative_excluded
-1.4837646484375,-1.483642578125,derivative_excluded
-1.48388671875,-1.4837646484375,derivative_excluded
-1.4840087890625,-1.48388671875,derivative_excluded
-1.484130859375,-1.4840087890625,derivative_excluded
-1.4842529296875,-1.484130859375,derivative_excluded
-1.484375,-1.4842529296875,derivative_excluded
-1.4844970703125,-1.484375,derivative_excluded
-1.484619140625,-1.4844970703125,derivative_excluded
-1.4847412109375,-1.484619140625,derivative_excluded
-1.48486328125,-1.4847412109375,derivative_excluded
-1.4849853515625,-1.48486328125,derivative_excluded
-1.485107421875,-1.4849853515625,derivative_excluded
-1.4852294921875,-1.485107421875,derivative_excluded
-1.4853515625,-1.4852294921875,derivative_excluded
-1.4854736328125,-1.4853515625,derivative_excluded
-1.485595703125,-1.4854736328125,derivative_excluded
-1.4857177734375,-1.485595703125,derivative_excluded
-1.48583984375,-1.4857177734375,derivative_excluded
-1.4859619140625,-1.48583984375,derivative_excluded
-1.486083984375,-1.4859619140625,derivative_excluded
-1.4862060546875,-1.486083984375,derivative_excluded
-1.486328125,-1.4862060546875,derivative_excluded
-1.4864501953125,-1.486328125,derivative_excluded
-1.486572265625,-1.4864501953125,derivative_excluded
-1.4866943359375,-1.486572265625,derivative_excluded
-1.48681640625,-1.4866943359375,derivative_excluded
-1.4869384765625,-1.48681640625,derivative_excluded
-1.487060546875,-1.4869384765625,derivative_excluded
-1.4871826171875,-1.487060546875,derivative_excluded
-1.4873046875,-1.4871826171875,derivative_excluded
-1.4874267578125,-1.4873046875,derivative_excluded
-1.487548828125,-1.4874267578125,derivative_excluded
-1.4876708984375,-1.487548828125,derivative_excluded
-1.48779296875,-1.4876708984375,derivative_excluded
-1.4879150390625,-1.48779296875,derivative_excluded
-1.488037109375,-1.4879150390625,derivative_excluded
-1.4881591796875,-1.488037109375,derivative_excluded
-1.48828125,-1.4881591796875,derivative_excluded
-1.488525390625,-1.48828125,derivative_excluded
-1.48876953125,-1.488525390625,derivative_excluded
-1.489013671875,-1.48876953125,derivative_excluded
-1.4892578125,-1.489013671875,derivative_excluded
-1.489501953125,-1.4892578125,derivative_excluded
-1.48974609375,-1.489501953125,derivative_excluded
-1.489990234375,-1.48974609375,derivative_excluded
-1.490234375,-1.489990234375,derivative_excluded
-1.490478515625,-1.490234375,derivative_excluded
-1.49072265625,-1.490478515625,derivative_excluded
-1.490966796875,-1.49072265625,derivative_excluded
-1.4912109375,-1.490966796875,derivative_excluded
-1.491455078125,-1.4912109375,derivative_excluded
-1.49169921875,-1.491455078125,derivative_excluded
-1.491943359375,-1.49169921875,derivative_excluded
-1.4921875,-1.491943359375,derivative_excluded
-1.492431640625,-1.4921875,derivative_excluded
-1.49267578125,-1.492431640625,derivative_excluded
-1.492919921875,-1.49267578125,derivative_excluded
-1.4931640625,-1.492919921875,derivative_excluded
-1.493408203125,-1.4931640625,derivative_excluded
-1.49365234375,-1.493408203125,derivative_excluded
-1.493896484375,-1.49365234375,derivative_excluded
-1.494140625,-1.493896484375,derivative_excluded
-1.494384765625,-1.494140625,derivative_excluded
-1.49462890625,-1.494384765625,derivative_excluded
-1.494873046875,-1.49462890625,derivative_excluded
-1.4951171875,-1.494873046875,derivative_excluded
-1.495361328125,-1.4951171875,derivative_excluded
-1.49560546875,-1.495361328125,derivative_excluded
-1.495849609375,-1.49560546875,derivative_excluded
-1.49609375,-1.495849609375,derivative_excluded
-1.496337890625,-1.49609375,derivative_excluded
-1.49658203125,-1.496337890625,derivative_excluded
-1.496826171875,-1.49658203125,derivative_excluded
-1.4970703125,-1.496826171875,derivative_excluded
-1.497314453125,-1.4970703125,derivative_excluded
-1.49755859375,-1.497314453125,derivative_excluded
-1.497802734375,-1.49755859375,derivative_excluded
-1.498046875,-1.497802734375,derivative_excluded
-1.498291015625,-1.498046875,derivative_excluded
-1.49853515625,-1.498291015625,derivative_excluded
-1.498779296875,-1.49853515625,derivative_excluded
-1.4990234375,-1.498779296875,derivative_excluded
-1.499267578125,-1.4990234375,derivative_excluded
-1.49951171875,-1.499267578125,derivative_excluded
-1.499755859375,-1.49951171875,derivative_excluded
-1.5,-1.499755859375,derivative_excluded
-1.500244140625,-1.5,derivative_excluded
-1.50048828125,-1.500244140625,derivative_excluded
-1.500732421875,-1.50048828125,derivative_excluded
-1.5009765625,-1.500732421875,derivative_excluded
-1.501220703125,-1.5009765625,derivative_excluded
-1.50146484375,-1.501220703125,derivative_excluded
-1.501708984375,-1.50146484375,derivative_excluded
-1.501953125,-1.501708984375,derivative_excluded
-1.502197265625,-1.501953125,derivative_excluded
-1.50244140625,-1.502197265625,derivative_excluded
-1.502685546875,-1.50244140625,derivative_excluded
-1.5029296875,-1.502685546875,derivative_excluded
-1.503173828125,-1.5029296875,derivative_excluded
-1.50341796875,-1.503173828125,derivative_excluded
-1.503662109375,-1.50341796875,derivative_excluded
-1.50390625,-1.503662109375,derivative_excluded
-1.504150390625,-1.50390625,derivative_excluded
-1.50439453125,-1.504150390625,derivative_excluded
-1.504638671875,-1.50439453125,derivative_excluded
-1.5048828125,-1.504638671875,derivative_excluded
-1.505126953125,-1.5048828125,derivative_excluded
-1.50537109375,-1.505126953125,derivative_excluded
-1.505615234375,-1.50537109375,derivative_excluded
-1.505859375,-1.505615234375,derivative_excluded
-1.506103515625,-1.505859375,derivative_excluded
-1.50634765625,-1.506103515625,derivative_excluded
-1.506591796875,-1.50634765625,derivative_excluded
-1.5068359375,-1.506591796875,derivative_excluded
-1.507080078125,-1.5068359375,derivative_excluded
-1.50732421875,-1.507080078125,derivative_excluded
-1.507568359375,-1.50732421875,derivative_excluded
-1.5078125,-1.507568359375,derivative_excluded
-1.508056640625,-1.5078125,derivative_excluded
-1.50830078125,-1.508056640625,derivative_excluded
-1.508544921875,-1.50830078125,derivative_excluded
-1.5087890625,-1.508544921875,derivative_excluded
-1.509033203125,-1.5087890625,derivative_excluded
-1.50927734375,-1.509033203125,derivative_excluded
-1.509521484375,-1.50927734375,derivative_excluded
-1.509765625,-1.509521484375,derivative_excluded
-1.510009765625,-1.509765625,derivative_excluded
-1.51025390625,-1.510009765625,derivative_excluded
-1.510498046875,-1.51025390625,derivative_excluded
-1.5107421875,-1.510498046875,derivative_excluded
-1.510986328125,-1.5107421875,derivative_excluded
-1.51123046875,-1.510986328125,derivative_excluded
-1.511474609375,-1.51123046875,derivative_excluded
-1.51171875,-1.511474609375,derivative_excluded
-1.511962890625,-1.51171875,derivative_excluded
-1.51220703125,-1.511962890625,derivative_excluded
-1.512451171875,-1.51220703125,derivative_excluded
-1.5126953125,-1.512451171875,derivative_excluded
-1.512939453125,-1.5126953125,derivative_excluded
-1.51318359375,-1.512939453125,derivative_excluded
-1.513427734375,-1.51318359375,derivative_excluded
-1.513671875,-1.513427734375,derivative_excluded
-1.513916015625,-1.513671875,derivative_excluded
-1.51416015625,-1.513916015625,derivative_excluded
-1.514404296875,-1.51416015625,derivative_excluded
-1.5146484375,-1.514404296875,derivative_excluded
-1.514892578125,-1.5146484375,derivative_excluded
-1.51513671875,-1.514892578125,derivative_excluded
-1.515380859375,-1.51513671875,derivative_excluded
-1.515625,-1.515380859375,derivative_excluded
-1.515869140625,-1.515625,derivative_excluded
-1.51611328125,-1.515869140625,derivative_excluded
-1.516357421875,-1.51611328125,derivative_excluded
-1.5166015625,-1.516357421875,derivative_excluded
-1.516845703125,-1.5166015625,derivative_excluded
-1.51708984375,-1.516845703125,derivative_excluded
-1.517333984375,-1.51708984375,derivative_excluded
-1.517578125,-1.517333984375,derivative_excluded
-1.517822265625,-1.517578125,derivative_excluded
-1.51806640625,-1.517822265625,derivative_excluded
-1.518310546875,-1.51806640625,derivative_excluded
-1.5185546875,-1.518310546875,derivative_excluded
-1.518798828125,-1.5185546875,derivative_excluded
-1.51904296875,-1.518798828125,derivative_excluded
-1.519287109375,-1.51904296875,derivative_excluded
-1.51953125,-1.519287109375,derivative_excluded
-1.519775390625,-1.51953125,derivative_excluded
-1.52001953125,-1.519775390625,derivative_excluded
-1.520263671875,-1.52001953125,derivative_excluded
-1.5205078125,-1.520263671875,derivative_excluded
-1.520751953125,-1.5205078125,derivative_excluded
-1.52099609375,-1.520751953125,derivative_excluded
-1.521240234375,-1.52099609375,derivative_excluded
-1.521484375,-1.521240234375,derivative_excluded
-1.521728515625,-1.521484375,derivative_excluded
-1.52197265625,-1.521728515625,derivative_excluded
-1.522216796875,-1.52197265625,derivative_excluded
-1.5224609375,-1.522216796875,derivative_excluded
-1.522705078125,-1.5224609375,derivative_excluded
-1.52294921875,-1.522705078125,derivative_excluded
-1.523193359375,-1.52294921875,derivative_excluded
-1.5234375,-1.523193359375,derivative_excluded
-1.523681640625,-1.5234375,derivative_excluded
-1.52392578125,-1.523681640625,derivative_excluded
-1.524169921875,-1.52392578125,derivative_excluded
-1.5244140625,-1.524169921875,derivative_excluded
-1.524658203125,-1.5244140625,derivative_excluded
-1.52490234375,-1.524658203125,derivative_excluded
-1.525146484375,-1.52490234375,derivative_excluded
-1.525390625,-1.525146484375,derivative_excluded
-1.525634765625,-1.525390625,derivative_excluded
-1.52587890625,-1.525634765625,derivative_excluded
-1.526123046875,-1.52587890625,derivative_excluded
-1.5263671875,-1.526123046875,derivative_excluded
-1.526611328125,-1.5263671875,derivative_excluded
-1.52685546875,-1.526611328125,derivative_excluded
-1.527099609375,-1.52685546875,derivative_excluded
-1.52734375,-1.527099609375,derivative_excluded
-1.527587890625,-1.52734375,derivative_excluded
-1.52783203125,-1.527587890625,derivative_excluded
-1.528076171875,-1.52783203125,derivative_excluded
-1.5283203125,-1.528076171875,derivative_excluded
-1.528564453125,-1.5283203125,derivative_excluded
-1.52880859375,-1.528564453125,derivative_excluded
-1.529052734375,-1.52880859375,derivative_excluded
-1.529296875,-1.529052734375,derivative_excluded
-1.529541015625,-1.529296875,derivative_excluded
-1.52978515625,-1.529541015625,derivative_excluded
-1.530029296875,-1.52978515625,derivative_excluded
-1.5302734375,-1.530029296875,derivative_excluded
-1.530517578125,-1.5302734375,derivative_excluded
-1.53076171875,-1.530517578125,derivative_excluded
-1.531005859375,-1.53076171875,derivative_excluded
-1.53125,-1.531005859375,derivative_excluded
-1.531494140625,-1.53125,derivative_excluded
-1.53173828125,-1.531494140625,derivative_excluded
-1.531982421875,-1.53173828125,derivative_excluded
-1.5322265625,-1.531982421875,derivative_excluded
-1.532470703125,-1.5322265625,derivative_excluded
-1.53271484375,-1.532470703125,derivative_excluded
-1.532958984375,-1.53271484375,derivative_excluded
-1.533203125,-1.532958984375,derivative_excluded
-1.533447265625,-1.533203125,derivative_excluded
-1.53369140625,-1.533447265625,derivative_excluded
-1.533935546875,-1.53369140625,derivative_excluded
-1.5341796875,-1.533935546875,derivative_excluded
-1.534423828125,-1.5341796875,derivative_excluded
-1.53466796875,-1.534423828125,derivative_excluded
-1.534912109375,-1.53466796875,derivative_excluded
-1.53515625,-1.534912109375,derivative_excluded
-1.535400390625,-1.53515625,derivative_excluded
-1.53564453125,-1.535400390625,derivative_excluded
-1.535888671875,-1.53564453125,derivative_excluded
-1.5361328125,-1.535888671875,derivative_excluded
-1.536376953125,-1.5361328125,derivative_excluded
-1.53662109375,-1.536376953125,derivative_excluded
-1.536865234375,-1.53662109375,derivative_excluded
-1.537109375,-1.536865234375,derivative_excluded
-1.537353515625,-1.537109375,derivative_excluded
-1.53759765625,-1.537353515625,derivative_excluded
-1.537841796875,-1.53759765625,derivative_excluded
-1.5380859375,-1.537841796875,derivative_excluded
-1.538330078125,-1.5380859375,derivative_excluded
-1.53857421875,-1.538330078125,derivative_excluded
-1.538818359375,-1.53857421875,derivative_excluded
-1.5390625,-1.538818359375,derivative_excluded
-1.539306640625,-1.5390625,derivative_excluded
-1.53955078125,-1.539306640625,derivative_excluded
-1.539794921875,-1.53955078125,derivative_excluded
-1.5400390625,-1.539794921875,derivative_excluded
-1.540283203125,-1.5400390625,derivative_excluded
-1.54052734375,-1.540283203125,derivative_excluded
-1.540771484375,-1.54052734375,derivative_excluded
-1.541015625,-1.540771484375,derivative_excluded
-1.541259765625,-1.541015625,derivative_excluded
-1.54150390625,-1.541259765625,derivative_excluded
-1.541748046875,-1.54150390625,derivative_excluded
-1.5419921875,-1.541748046875,derivative_excluded
-1.542236328125,-1.5419921875,derivative_excluded
-1.54248046875,-1.542236328125,derivative_excluded
-1.542724609375,-1.54248046875,derivative_excluded
-1.54296875,-1.542724609375,derivative_excluded
-1.543212890625,-1.54296875,derivative_excluded
-1.54345703125,-1.543212890625,derivative_excluded
-1.543701171875,-1.54345703125,derivative_excluded
-1.5439453125,-1.543701171875,derivative_excluded
-1.544189453125,-1.5439453125,derivative_excluded
-1.54443359375,-1.544189453125,derivative_excluded
-1.544677734375,-1.54443359375,derivative_excluded
-1.544921875,-1.544677734375,derivative_excluded
-1.545166015625,-1.544921875,derivative_excluded
-1.54541015625,-1.545166015625,derivative_excluded
-1.545654296875,-1.54541015625,derivative_excluded
-1.5458984375,-1.545654296875,derivative_excluded
-1.546142578125,-1.5458984375,derivative_excluded
-1.54638671875,-1.546142578125,derivative_excluded
-1.546630859375,-1.54638671875,derivative_excluded
-1.546875,-1.546630859375,derivative_excluded
-1.547119140625,-1.546875,derivative_excluded
-1.54736328125,-1.547119140625,derivative_excluded
-1.547607421875,-1.54736328125,derivative_excluded
-1.5478515625,-1.547607421875,derivative_excluded
-1.548095703125,-1.5478515625,derivative_excluded
-1.54833984375,-1.548095703125,derivative_excluded
-1.548583984375,-1.54833984375,derivative_excluded
-1.548828125,-1.548583984375,derivative_excluded
-1.549072265625,-1.548828125,derivative_excluded
-1.54931640625,-1.549072265625,derivative_excluded
-1.549560546875,-1.54931640625,derivative_excluded
-1.5498046875,-1.549560546875,derivative_excluded
-1.550048828125,-1.5498046875,derivative_excluded
-1.55029296875,-1.550048828125,derivative_excluded
-1.550537109375,-1.55029296875,derivative_excluded
-1.55078125,-1.550537109375,derivative_excluded
-1.551025390625,-1.55078125,derivative_excluded
-1.55126953125,-1.551025390625,derivative_excluded
-1.551513671875,-1.55126953125,derivative_excluded
-1.5517578125,-1.551513671875,derivative_excluded
-1.552001953125,-1.5517578125,derivative_excluded
-1.55224609375,-1.552001953125,derivative_excluded
-1.552490234375,-1.55224609375,derivative_excluded
-1.552734375,-1.552490234375,derivative_excluded
-1.552978515625,-1.552734375,derivative_excluded
-1.55322265625,-1.552978515625,derivative_excluded
-1.553466796875,-1.55322265625,derivative_excluded
-1.5537109375,-1.553466796875,derivative_excluded
-1.553955078125,-1.5537109375,derivative_excluded
-1.55419921875,-1.553955078125,derivative_excluded
-1.554443359375,-1.55419921875,derivative_excluded
-1.5546875,-1.554443359375,derivative_excluded
-1.554931640625,-1.5546875,derivative_excluded
-1.55517578125,-1.554931640625,derivative_excluded
-1.555419921875,-1.55517578125,derivative_excluded
-1.5556640625,-1.555419921875,derivative_excluded
-1.555908203125,-1.5556640625,derivative_excluded
-1.55615234375,-1.555908203125,derivative_excluded
-1.556396484375,-1.55615234375,derivative_excluded
-1.556640625,-1.556396484375,derivative_excluded
-1.556884765625,-1.556640625,derivative_excluded
-1.55712890625,-1.556884765625,derivative_excluded
-1.557373046875,-1.55712890625,derivative_excluded
-1.5576171875,-1.557373046875,derivative_excluded
-1.557861328125,-1.5576171875,derivative_excluded
-1.55810546875,-1.557861328125,derivative_excluded
-1.558349609375,-1.55810546875,derivative_excluded
-1.55859375,-1.558349609375,derivative_excluded
-1.558837890625,-1.55859375,derivative_excluded
-1.55908203125,-1.558837890625,derivative_excluded
-1.559326171875,-1.55908203125,derivative_excluded
-1.5595703125,-1.559326171875,derivative_excluded
-1.559814453125,-1.5595703125,derivative_excluded
-1.56005859375,-1.559814453125,derivative_excluded
-1.560302734375,-1.56005859375,derivative_excluded
-1.560546875,-1.560302734375,derivative_excluded
-1.560791015625,-1.560546875,derivative_excluded
-1.56103515625,-1.560791015625,derivative_excluded
-1.561279296875,-1.56103515625,derivative_excluded
-1.5615234375,-1.561279296875,derivative_excluded
-1.561767578125,-1.5615234375,derivative_excluded
-1.56201171875,-1.561767578125,derivative_excluded
-1.562255859375,-1.56201171875,derivative_excluded
-1.5625,-1.562255859375,derivative_excluded
-1.562744140625,-1.5625,derivative_excluded
-1.56298828125,-1.562744140625,derivative_excluded
-1.563232421875,-1.56298828125,derivative_excluded
-1.5634765625,-1.563232421875,derivative_excluded
-1.563720703125,-1.5634765625,derivative_excluded
-1.56396484375,-1.563720703125,derivative_excluded
-1.564208984375,-1.56396484375,derivative_excluded
-1.564453125,-1.564208984375,derivative_excluded
-1.564697265625,-1.564453125,derivative_excluded
-1.56494140625,-1.564697265625,derivative_excluded
-1.565185546875,-1.56494140625,derivative_excluded
-1.5654296875,-1.565185546875,derivative_excluded
-1.565673828125,-1.5654296875,derivative_excluded
-1.56591796875,-1.565673828125,derivative_excluded
-1.566162109375,-1.56591796875,derivative_excluded
-1.56640625,-1.566162109375,derivative_excluded
-1.566650390625,-1.56640625,derivative_excluded
-1.56689453125,-1.566650390625,derivative_excluded
-1.567138671875,-1.56689453125,derivative_excluded
-1.5673828125,-1.567138671875,derivative_excluded
-1.567626953125,-1.5673828125,derivative_excluded
-1.56787109375,-1.567626953125,derivative_excluded
-1.568115234375,-1.56787109375,derivative_excluded
-1.568359375,-1.568115234375,derivative_excluded
-1.568603515625,-1.568359375,derivative_excluded
-1.56884765625,-1.568603515625,derivative_excluded
-1.569091796875,-1.56884765625,derivative_excluded
-1.5693359375,-1.569091796875,derivative_excluded
-1.569580078125,-1.5693359375,derivative_excluded
-1.56982421875,-1.569580078125,derivative_excluded
-1.570068359375,-1.56982421875,derivative_excluded
-1.5703125,-1.570068359375,derivative_excluded
-1.570556640625,-1.5703125,derivative_excluded
-1.57080078125,-1.570556640625,derivative_excluded
-1.571044921875,-1.57080078125,derivative_excluded
-1.5712890625,-1.571044921875,derivative_excluded
-1.571533203125,-1.5712890625,derivative_excluded
-1.57177734375,-1.571533203125,derivative_excluded
-1.572021484375,-1.57177734375,derivative_excluded
-1.572265625,-1.572021484375,derivative_excluded
-1.572509765625,-1.572265625,derivative_excluded
-1.57275390625,-1.572509765625,derivative_excluded
-1.572998046875,-1.57275390625,derivative_excluded
-1.5732421875,-1.572998046875,derivative_excluded
-1.573486328125,-1.5732421875,derivative_excluded
-1.57373046875,-1.573486328125,derivative_excluded
-1.573974609375,-1.57373046875,derivative_excluded
-1.57421875,-1.573974609375,derivative_excluded
-1.574462890625,-1.57421875,derivative_excluded
-1.57470703125,-1.574462890625,derivative_excluded
-1.574951171875,-1.57470703125,derivative_excluded
-1.5751953125,-1.574951171875,derivative_excluded
-1.575439453125,-1.5751953125,derivative_excluded
-1.57568359375,-1.575439453125,derivative_excluded
-1.575927734375,-1.57568359375,derivative_excluded
-1.576171875,-1.575927734375,derivative_excluded
-1.576416015625,-1.576171875,derivative_excluded
-1.57666015625,-1.576416015625,derivative_excluded
-1.576904296875,-1.57666015625,derivative_excluded
-1.5771484375,-1.576904296875,derivative_excluded
-1.577392578125,-1.5771484375,derivative_excluded
-1.57763671875,-1.577392578125,derivative_excluded
-1.577880859375,-1.57763671875,derivative_excluded
-1.578125,-1.577880859375,derivative_excluded
-1.578369140625,-1.578125,derivative_excluded
-1.57861328125,-1.578369140625,derivative_excluded
-1.578857421875,-1.57861328125,derivative_excluded
-1.5791015625,-1.578857421875,derivative_excluded
-1.579345703125,-1.5791015625,derivative_excluded
-1.57958984375,-1.579345703125,derivative_excluded
-1.579833984375,-1.57958984375,derivative_excluded
-1.580078125,-1.579833984375,derivative_excluded
-1.580322265625,-1.580078125,derivative_excluded
-1.58056640625,-1.580322265625,derivative_excluded
-1.580810546875,-1.58056640625,derivative_excluded
-1.5810546875,-1.580810546875,derivative_excluded
-1.581298828125,-1.5810546875,derivative_excluded
-1.58154296875,-1.581298828125,derivative_excluded
-1.581787109375,-1.58154296875,derivative_excluded
-1.58203125,-1.581787109375,derivative_excluded
-1.582275390625,-1.58203125,derivative_excluded
-1.58251953125,-1.582275390625,derivative_excluded
-1.582763671875,-1.58251953125,derivative_excluded
-1.5830078125,-1.582763671875,derivative_excluded
-1.583251953125,-1.5830078125,derivative_excluded
-1.58349609375,-1.583251953125,derivative_excluded
-1.583740234375,-1.58349609375,derivative_excluded
-1.583984375,-1.583740234375,derivative_excluded
-1.584228515625,-1.583984375,derivative_excluded
-1.58447265625,-1.584228515625,derivative_excluded
-1.584716796875,-1.58447265625,derivative_excluded
-1.5849609375,-1.584716796875,derivative_excluded
-1.585205078125,-1.5849609375,derivative_excluded
-1.58544921875,-1.585205078125,derivative_excluded
-1.585693359375,-1.58544921875,derivative_excluded
-1.5859375,-1.585693359375,derivative_excluded
-1.586181640625,-1.5859375,derivative_excluded
-1.58642578125,-1.586181640625,derivative_excluded
-1.586669921875,-1.58642578125,derivative_excluded
-1.5869140625,-1.586669921875,derivative_excluded
-1.587158203125,-1.5869140625,derivative_excluded
-1.58740234375,-1.587158203125,derivative_excluded
-1.587646484375,-1.58740234375,derivative_excluded
-1.587890625,-1.587646484375,derivative_excluded
-1.588134765625,-1.587890625,derivative_excluded
-1.58837890625,-1.588134765625,derivative_excluded
-1.588623046875,-1.58837890625,derivative_excluded
-1.5888671875,-1.588623046875,derivative_excluded
-1.589111328125,-1.5888671875,derivative_excluded
-1.58935546875,-1.589111328125,derivative_excluded
-1.589599609375,-1.58935546875,derivative_excluded
-1.58984375,-1.589599609375,derivative_excluded
-1.590087890625,-1.58984375,derivative_excluded
-1.59033203125,-1.590087890625,derivative_excluded
-1.590576171875,-1.59033203125,derivative_excluded
-1.5908203125,-1.590576171875,derivative_excluded
-1.591064453125,-1.5908203125,derivative_excluded
-1.59130859375,-1.591064453125,derivative_excluded
-1.591552734375,-1.59130859375,derivative_excluded
-1.591796875,-1.591552734375,derivative_excluded
-1.592041015625,-1.591796875,derivative_excluded
-1.59228515625,-1.592041015625,derivative_excluded
-1.592529296875,-1.59228515625,derivative_excluded
-1.5927734375,-1.592529296875,derivative_excluded
-1.593017578125,-1.5927734375,derivative_excluded
-1.59326171875,-1.593017578125,derivative_excluded
-1.593505859375,-1.59326171875,derivative_excluded
-1.59375,-1.593505859375,derivative_excluded
-1.593994140625,-1.59375,derivative_excluded
-1.59423828125,-1.593994140625,derivative_excluded
-1.594482421875,-1.59423828125,derivative_excluded
-1.5947265625,-1.594482421875,derivative_excluded
-1.594970703125,-1.5947265625,derivative_excluded
-1.59521484375,-1.594970703125,derivative_excluded
-1.595458984375,-1.59521484375,derivative_excluded
-1.595703125,-1.595458984375,derivative_excluded
-1.595947265625,-1.595703125,derivative_excluded
-1.59619140625,-1.595947265625,derivative_excluded
-1.596435546875,-1.59619140625,derivative_excluded
-1.5966796875,-1.596435546875,derivative_excluded
-1.596923828125,-1.5966796875,derivative_excluded
-1.59716796875,-1.596923828125,derivative_excluded
-1.597412109375,-1.59716796875,derivative_excluded
-1.59765625,-1.597412109375,derivative_excluded
-1.597900390625,-1.59765625,derivative_excluded
-1.59814453125,-1.597900390625,derivative_excluded
-1.598388671875,-1.59814453125,derivative_excluded
-1.5986328125,-1.598388671875,derivative_excluded
-1.598876953125,-1.5986328125,derivative_excluded
-1.59912109375,-1.598876953125,derivative_excluded
-1.599365234375,-1.59912109375,derivative_excluded
-1.599609375,-1.599365234375,derivative_excluded
-1.599853515625,-1.599609375,derivative_excluded
-1.60009765625,-1.599853515625,derivative_excluded
-1.600341796875,-1.60009765625,derivative_excluded
-1.6005859375,-1.600341796875,derivative_excluded
-1.600830078125,-1.6005859375,derivative_excluded
-1.60107421875,-1.600830078125,derivative_excluded
-1.601318359375,-1.60107421875,derivative_excluded
-1.6015625,-1.601318359375,derivative_excluded
-1.601806640625,-1.6015625,derivative_excluded
-1.60205078125,-1.601806640625,derivative_excluded
-1.602294921875,-1.60205078125,derivative_excluded
-1.6025390625,-1.602294921875,derivative_excluded
-1.602783203125,-1.6025390625,derivative_excluded
-1.60302734375,-1.602783203125,derivative_excluded
-1.603271484375,-1.60302734375,derivative_excluded
-1.603515625,-1.603271484375,derivative_excluded
-1.603759765625,-1.603515625,derivative_excluded
-1.60400390625,-1.603759765625,derivative_excluded
-1.604248046875,-1.60400390625,derivative_excluded
-1.6044921875,-1.604248046875,derivative_excluded
-1.604736328125,-1.6044921875,derivative_excluded
-1.60498046875,-1.604736328125,derivative_excluded
-1.605224609375,-1.60498046875,derivative_excluded
-1.60546875,-1.605224609375,derivative_excluded
-1.605712890625,-1.60546875,derivative_excluded
-1.60595703125,-1.605712890625,derivative_excluded
-1.606201171875,-1.60595703125,derivative_excluded
-1.6064453125,-1.606201171875,derivative_excluded
-1.606689453125,-1.6064453125,derivative_excluded
-1.60693359375,-1.606689453125,derivative_excluded
-1.607177734375,-1.60693359375,derivative_excluded
-1.607421875,-1.607177734375,derivative_excluded
-1.607666015625,-1.607421875,derivative_excluded
-1.60791015625,-1.607666015625,derivative_excluded
-1.608154296875,-1.60791015625,derivative_excluded
-1.6083984375,-1.608154296875,derivative_excluded
-1.608642578125,-1.6083984375,derivative_excluded
-1.60888671875,-1.608642578125,derivative_excluded
-1.609130859375,-1.60888671875,derivative_excluded
-1.609375,-1.609130859375,derivative_excluded
-1.609619140625,-1.609375,derivative_excluded
-1.60986328125,-1.609619140625,derivative_excluded
-1.610107421875,-1.60986328125,derivative_excluded
-1.6103515625,-1.610107421875,derivative_excluded
-1.610595703125,-1.6103515625,derivative_excluded
-1.61083984375,-1.610595703125,derivative_excluded
-1.611083984375,-1.61083984375,derivative_excluded
-1.611328125,-1.611083984375,derivative_excluded
-1.611572265625,-1.611328125,derivative_excluded
-1.61181640625,-1.611572265625,derivative_excluded
-1.612060546875,-1.61181640625,derivative_excluded
-1.6123046875,-1.612060546875,derivative_excluded
-1.612548828125,-1.6123046875,derivative_excluded
-1.61279296875,-1.612548828125,derivative_excluded
-1.613037109375,-1.61279296875,derivative_excluded
-1.61328125,-1.613037109375,derivative_excluded
-1.613525390625,-1.61328125,derivative_excluded
-1.61376953125,-1.613525390625,derivative_excluded
-1.614013671875,-1.61376953125,derivative_excluded
-1.6142578125,-1.614013671875,derivative_excluded
-1.614501953125,-1.6142578125,derivative_excluded
-1.61474609375,-1.614501953125,derivative_excluded
-1.614990234375,-1.61474609375,derivative_excluded
-1.615234375,-1.614990234375,derivative_excluded
-1.615478515625,-1.615234375,derivative_excluded
-1.61572265625,-1.615478515625,derivative_excluded
-1.615966796875,-1.61572265625,derivative_excluded
-1.6162109375,-1.615966796875,derivative_excluded
-1.616455078125,-1.6162109375,derivative_excluded
-1.61669921875,-1.616455078125,derivative_excluded
-1.616943359375,-1.61669921875,derivative_excluded
-1.6171875,-1.616943359375,derivative_excluded
-1.617431640625,-1.6171875,derivative_excluded
-1.61767578125,-1.617431640625,derivative_excluded
-1.617919921875,-1.61767578125,derivative_excluded
-1.6181640625,-1.617919921875,derivative_excluded
-1.618408203125,-1.6181640625,derivative_excluded
-1.61865234375,-1.618408203125,derivative_excluded
-1.618896484375,-1.61865234375,derivative_excluded
-1.619140625,-1.618896484375,derivative_excluded
-1.619384765625,-1.619140625,derivative_excluded
-1.61962890625,-1.619384765625,derivative_excluded
-1.619873046875,-1.61962890625,derivative_excluded
-1.6201171875,-1.619873046875,derivative_excluded
-1.620361328125,-1.6201171875,derivative_excluded
-1.62060546875,-1.620361328125,derivative_excluded
-1.620849609375,-1.62060546875,derivative_excluded
-1.62109375,-1.620849609375,derivative_excluded
-1.621337890625,-1.62109375,derivative_excluded
-1.62158203125,-1.621337890625,derivative_excluded
-1.621826171875,-1.62158203125,derivative_excluded
-1.6220703125,-1.621826171875,derivative_excluded
-1.622314453125,-1.6220703125,derivative_excluded
-1.62255859375,-1.622314453125,derivative_excluded
-1.622802734375,-1.62255859375,derivative_excluded
-1.623046875,-1.622802734375,derivative_excluded
-1.623291015625,-1.623046875,derivative_excluded
-1.62353515625,-1.623291015625,derivative_excluded
-1.623779296875,-1.62353515625,derivative_excluded
-1.6240234375,-1.623779296875,derivative_excluded
-1.624267578125,-1.6240234375,derivative_excluded
-1.62451171875,-1.624267578125,derivative_excluded
-1.624755859375,-1.62451171875,derivative_excluded
-1.625,-1.624755859375,derivative_excluded
-1.625244140625,-1.625,derivative_excluded
-1.62548828125,-1.625244140625,derivative_excluded
-1.625732421875,-1.62548828125,derivative_excluded
-1.6259765625,-1.625732421875,derivative_excluded
-1.626220703125,-1.6259765625,derivative_excluded
-1.62646484375,-1.626220703125,derivative_excluded
-1.626708984375,-1.62646484375,derivative_excluded
-1.626953125,-1.626708984375,derivative_excluded
-1.627197265625,-1.626953125,derivative_excluded
-1.62744140625,-1.627197265625,derivative_excluded
-1.627685546875,-1.62744140625,derivative_excluded
-1.6279296875,-1.627685546875,derivative_excluded
-1.628173828125,-1.6279296875,derivative_excluded
-1.62841796875,-1.628173828125,derivative_excluded
-1.628662109375,-1.62841796875,derivative_excluded
-1.62890625,-1.628662109375,derivative_excluded
-1.629150390625,-1.62890625,derivative_excluded
-1.62939453125,-1.629150390625,derivative_excluded
-1.629638671875,-1.62939453125,derivative_excluded
-1.6298828125,-1.629638671875,derivative_excluded
-1.630126953125,-1.6298828125,derivative_excluded
-1.63037109375,-1.630126953125,derivative_excluded
-1.630615234375,-1.63037109375,derivative_excluded
-1.630859375,-1.630615234375,derivative_excluded
-1.631103515625,-1.630859375,derivative_excluded
-1.63134765625,-1.631103515625,derivative_excluded
-1.631591796875,-1.63134765625,derivative_excluded
-1.6318359375,-1.631591796875,derivative_excluded
-1.632080078125,-1.6318359375,derivative_excluded
-1.63232421875,-1.632080078125,derivative_excluded
-1.632568359375,-1.63232421875,derivative_excluded
-1.6328125,-1.632568359375,derivative_excluded
-1.633056640625,-1.6328125,derivative_excluded
-1.63330078125,-1.633056640625,derivative_excluded
-1.633544921875,-1.63330078125,derivative_excluded
-1.6337890625,-1.633544921875,derivative_excluded
-1.634033203125,-1.6337890625,derivative_excluded
-1.63427734375,-1.634033203125,derivative_excluded
-1.634521484375,-1.63427734375,derivative_excluded
-1.634765625,-1.634521484375,derivative_excluded
-1.635009765625,-1.634765625,derivative_excluded
-1.63525390625,-1.635009765625,derivative_excluded
-1.635498046875,-1.63525390625,derivative_excluded
-1.6357421875,-1.635498046875,derivative_excluded
-1.635986328125,-1.6357421875,derivative_excluded
-1.63623046875,-1.635986328125,derivative_excluded
-1.636474609375,-1.63623046875,derivative_excluded
-1.63671875,-1.636474609375,derivative_excluded
-1.636962890625,-1.63671875,derivative_excluded
-1.63720703125,-1.636962890625,derivative_excluded
-1.637451171875,-1.63720703125,derivative_excluded
-1.6376953125,-1.637451171875,derivative_excluded
-1.637939453125,-1.6376953125,derivative_excluded
-1.63818359375,-1.637939453125,derivative_excluded
-1.638427734375,-1.63818359375,derivative_excluded
-1.638671875,-1.638427734375,derivative_excluded
-1.638916015625,-1.638671875,derivative_excluded
-1.63916015625,-1.638916015625,derivative_excluded
-1.639404296875,-1.63916015625,derivative_excluded
-1.6396484375,-1.639404296875,derivative_excluded
-1.639892578125,-1.6396484375,derivative_excluded
-1.64013671875,-1.639892578125,derivative_excluded
-1.640380859375,-1.64013671875,derivative_excluded
-1.640625,-1.640380859375,derivative_excluded
-1.640869140625,-1.640625,derivative_excluded
-1.64111328125,-1.640869140625,derivative_excluded
-1.641357421875,-1.64111328125,derivative_excluded
-1.6416015625,-1.641357421875,derivative_excluded
-1.641845703125,-1.6416015625,derivative_excluded
-1.64208984375,-1.641845703125,derivative_excluded
-1.642333984375,-1.64208984375,derivative_excluded
-1.642578125,-1.642333984375,derivative_excluded
-1.642822265625,-1.642578125,derivative_excluded
-1.64306640625,-1.642822265625,derivative_excluded
-1.643310546875,-1.64306640625,derivative_excluded
-1.6435546875,-1.643310546875,derivative_excluded
-1.643798828125,-1.6435546875,derivative_excluded
-1.64404296875,-1.643798828125,derivative_excluded
-1.644287109375,-1.64404296875,derivative_excluded
-1.64453125,-1.644287109375,derivative_excluded
-1.644775390625,-1.64453125,derivative_excluded
-1.64501953125,-1.644775390625,derivative_excluded
-1.645263671875,-1.64501953125,derivative_excluded
-1.6455078125,-1.645263671875,derivative_excluded
-1.645751953125,-1.6455078125,derivative_excluded
-1.64599609375,-1.645751953125,derivative_excluded
-1.646240234375,-1.64599609375,derivative_excluded
-1.646484375,-1.646240234375,derivative_excluded
-1.646728515625,-1.646484375,derivative_excluded
-1.64697265625,-1.646728515625,derivative_excluded
-1.647216796875,-1.64697265625,derivative_excluded
-1.6474609375,-1.647216796875,derivative_excluded
-1.647705078125,-1.6474609375,derivative_excluded
-1.64794921875,-1.647705078125,derivative_excluded
-1.648193359375,-1.64794921875,derivative_excluded
-1.6484375,-1.648193359375,derivative_excluded
-1.648681640625,-1.6484375,derivative_excluded
-1.64892578125,-1.648681640625,derivative_excluded
-1.649169921875,-1.64892578125,derivative_excluded
-1.6494140625,-1.649169921875,derivative_excluded
-1.649658203125,-1.6494140625,derivative_excluded
-1.64990234375,-1.649658203125,derivative_excluded
-1.650146484375,-1.64990234375,derivative_excluded
-1.650390625,-1.650146484375,derivative_excluded
-1.650634765625,-1.650390625,derivative_excluded
-1.65087890625,-1.650634765625,derivative_excluded
-1.651123046875,-1.65087890625,derivative_excluded
-1.6513671875,-1.651123046875,derivative_excluded
-1.651611328125,-1.6513671875,derivative_excluded
-1.65185546875,-1.651611328125,derivative_excluded
-1.652099609375,-1.65185546875,derivative_excluded
-1.65234375,-1.652099609375,derivative_excluded
-1.652587890625,-1.65234375,derivative_excluded
-1.65283203125,-1.652587890625,derivative_excluded
-1.653076171875,-1.65283203125,derivative_excluded
-1.6533203125,-1.653076171875,derivative_excluded
-1.653564453125,-1.6533203125,derivative_excluded
-1.65380859375,-1.653564453125,derivative_excluded
-1.654052734375,-1.65380859375,derivative_excluded
-1.654296875,-1.654052734375,derivative_excluded
-1.654541015625,-1.654296875,derivative_excluded
-1.65478515625,-1.654541015625,derivative_excluded
-1.655029296875,-1.65478515625,derivative_excluded
-1.6552734375,-1.655029296875,derivative_excluded
-1.655517578125,-1.6552734375,derivative_excluded
-1.65576171875,-1.655517578125,derivative_excluded
-1.656005859375,-1.65576171875,derivative_excluded
-1.65625,-1.656005859375,derivative_excluded
-1.656494140625,-1.65625,derivative_excluded
-1.65673828125,-1.656494140625,derivative_excluded
-1.656982421875,-1.65673828125,derivative_excluded
-1.6572265625,-1.656982421875,derivative_excluded
-1.657470703125,-1.6572265625,derivative_excluded
-1.65771484375,-1.657470703125,derivative_excluded
-1.657958984375,-1.65771484375,derivative_excluded
-1.658203125,-1.657958984375,derivative_excluded
-1.658447265625,-1.658203125,derivative_excluded
-1.65869140625,-1.658447265625,derivative_excluded
-1.658935546875,-1.65869140625,derivative_excluded
-1.6591796875,-1.658935546875,derivative_excluded
-1.659423828125,-1.6591796875,derivative_excluded
-1.65966796875,-1.659423828125,derivative_excluded
-1.659912109375,-1.65966796875,derivative_excluded
-1.66015625,-1.659912109375,derivative_excluded
-1.660400390625,-1.66015625,derivative_excluded
-1.66064453125,-1.660400390625,derivative_excluded
-1.660888671875,-1.66064453125,derivative_excluded
-1.6611328125,-1.660888671875,derivative_excluded
-1.661376953125,-1.6611328125,derivative_excluded
-1.66162109375,-1.661376953125,derivative_excluded
-1.661865234375,-1.66162109375,derivative_excluded
-1.662109375,-1.661865234375,derivative_excluded
-1.662353515625,-1.662109375,derivative_excluded
-1.66259765625,-1.662353515625,derivative_excluded
-1.662841796875,-1.66259765625,derivative_excluded
-1.6630859375,-1.662841796875,derivative_excluded
-1.663330078125,-1.6630859375,derivative_excluded
-1.66357421875,-1.663330078125,derivative_excluded
-1.663818359375,-1.66357421875,derivative_excluded
-1.6640625,-1.663818359375,derivative_excluded
-1.664306640625,-1.6640625,derivative_excluded
-1.66455078125,-1.664306640625,derivative_excluded
-1.664794921875,-1.66455078125,derivative_excluded
-1.6650390625,-1.664794921875,derivative_excluded
-1.665283203125,-1.6650390625,derivative_excluded
-1.66552734375,-1.665283203125,derivative_excluded
-1.665771484375,-1.66552734375,derivative_excluded
-1.666015625,-1.665771484375,derivative_excluded
-1.666259765625,-1.666015625,derivative_excluded
-1.66650390625,-1.666259765625,derivative_excluded
-1.666748046875,-1.66650390625,derivative_excluded
-1.6669921875,-1.666748046875,derivative_excluded
-1.667236328125,-1.6669921875,derivative_excluded
-1.66748046875,-1.667236328125,derivative_excluded
-1.667724609375,-1.66748046875,derivative_excluded
-1.66796875,-1.667724609375,derivative_excluded
-1.668212890625,-1.66796875,derivative_excluded
-1.66845703125,-1.668212890625,derivative_excluded
-1.668701171875,-1.66845703125,derivative_excluded
-1.6689453125,-1.668701171875,derivative_excluded
-1.669189453125,-1.6689453125,derivative_excluded
-1.66943359375,-1.669189453125,derivative_excluded
-1.669677734375,-1.66943359375,derivative_excluded
-1.669921875,-1.669677734375,derivative_excluded
-1.670166015625,-1.669921875,derivative_excluded
-1.67041015625,-1.670166015625,derivative_excluded
-1.670654296875,-1.67041015625,derivative_excluded
-1.6708984375,-1.670654296875,derivative_excluded
-1.671142578125,-1.6708984375,derivative_excluded
-1.67138671875,-1.671142578125,derivative_excluded
-1.671630859375,-1.67138671875,derivative_excluded
-1.671875,-1.671630859375,derivative_excluded
-1.672119140625,-1.671875,derivative_excluded
-1.67236328125,-1.672119140625,derivative_excluded
-1.672607421875,-1.67236328125,derivative_excluded
-1.6728515625,-1.672607421875,derivative_excluded
-1.673095703125,-1.6728515625,derivative_excluded
-1.67333984375,-1.673095703125,derivative_excluded
-1.673583984375,-1.67333984375,derivative_excluded
-1.673828125,-1.673583984375,derivative_excluded
-1.674072265625,-1.673828125,derivative_excluded
-1.67431640625,-1.674072265625,derivative_excluded
-1.674560546875,-1.67431640625,derivative_excluded
-1.6748046875,-1.674560546875,derivative_excluded
-1.675048828125,-1.6748046875,derivative_excluded
-1.67529296875,-1.675048828125,derivative_excluded
-1.675537109375,-1.67529296875,derivative_excluded
-1.67578125,-1.675537109375,derivative_excluded
-1.676025390625,-1.67578125,derivative_excluded
-1.67626953125,-1.676025390625,derivative_excluded
-1.676513671875,-1.67626953125,derivative_excluded
-1.6767578125,-1.676513671875,derivative_excluded
-1.677001953125,-1.6767578125,derivative_excluded
-1.67724609375,-1.677001953125,derivative_excluded
-1.677490234375,-1.67724609375,derivative_excluded
-1.677734375,-1.677490234375,derivative_excluded
-1.677978515625,-1.677734375,derivative_excluded
-1.67822265625,-1.677978515625,derivative_excluded
-1.678466796875,-1.67822265625,derivative_excluded
-1.6787109375,-1.678466796875,derivative_excluded
-1.678955078125,-1.6787109375,derivative_excluded
-1.67919921875,-1.678955078125,derivative_excluded
-1.679443359375,-1.67919921875,derivative_excluded
-1.6796875,-1.679443359375,derivative_excluded
-1.679931640625,-1.6796875,derivative_excluded
-1.68017578125,-1.679931640625,derivative_excluded
-1.680419921875,-1.68017578125,derivative_excluded
-1.6806640625,-1.680419921875,derivative_excluded
-1.680908203125,-1.6806640625,derivative_excluded
-1.68115234375,-1.680908203125,derivative_excluded
-1.681396484375,-1.68115234375,derivative_excluded
-1.681640625,-1.681396484375,derivative_excluded
-1.681884765625,-1.681640625,derivative_excluded
-1.68212890625,-1.681884765625,derivative_excluded
-1.682373046875,-1.68212890625,derivative_excluded
-1.6826171875,-1.682373046875,derivative_excluded
-1.682861328125,-1.6826171875,derivative_excluded
-1.68310546875,-1.682861328125,derivative_excluded
-1.683349609375,-1.68310546875,derivative_excluded
-1.68359375,-1.683349609375,derivative_excluded
-1.683837890625,-1.68359375,derivative_excluded
-1.68408203125,-1.683837890625,derivative_excluded
-1.684326171875,-1.68408203125,derivative_excluded
-1.6845703125,-1.684326171875,derivative_excluded
-1.684814453125,-1.6845703125,derivative_excluded
-1.68505859375,-1.684814453125,derivative_excluded
-1.685302734375,-1.68505859375,derivative_excluded
-1.685546875,-1.685302734375,derivative_excluded
-1.685791015625,-1.685546875,derivative_excluded
-1.68603515625,-1.685791015625,derivative_excluded
-1.686279296875,-1.68603515625,derivative_excluded
-1.6865234375,-1.686279296875,derivative_excluded
-1.686767578125,-1.6865234375,derivative_excluded
-1.68701171875,-1.686767578125,derivative_excluded
-1.687255859375,-1.68701171875,derivative_excluded
-1.6875,-1.687255859375,derivative_excluded
-1.687744140625,-1.6875,derivative_excluded
-1.68798828125,-1.687744140625,derivative_excluded
-1.688232421875,-1.68798828125,derivative_excluded
-1.6884765625,-1.688232421875,derivative_excluded
-1.688720703125,-1.6884765625,derivative_excluded
-1.68896484375,-1.688720703125,derivative_excluded
-1.689208984375,-1.68896484375,derivative_excluded
-1.689453125,-1.689208984375,derivative_excluded
-1.689697265625,-1.689453125,derivative_excluded
-1.68994140625,-1.689697265625,derivative_excluded
-1.690185546875,-1.68994140625,derivative_excluded
-1.6904296875,-1.690185546875,derivative_excluded
-1.690673828125,-1.6904296875,derivative_excluded
-1.69091796875,-1.690673828125,derivative_excluded
-1.691162109375,-1.69091796875,derivative_excluded
-1.69140625,-1.691162109375,derivative_excluded
-1.691650390625,-1.69140625,derivative_excluded
-1.69189453125,-1.691650390625,derivative_excluded
-1.692138671875,-1.69189453125,derivative_excluded
-1.6923828125,-1.692138671875,derivative_excluded
-1.692626953125,-1.6923828125,derivative_excluded
-1.69287109375,-1.692626953125,derivative_excluded
-1.693115234375,-1.69287109375,derivative_excluded
-1.693359375,-1.693115234375,derivative_excluded
-1.693603515625,-1.693359375,derivative_excluded
-1.69384765625,-1.693603515625,derivative_excluded
-1.694091796875,-1.69384765625,derivative_excluded
-1.6943359375,-1.694091796875,derivative_excluded
-1.694580078125,-1.6943359375,derivative_excluded
-1.69482421875,-1.694580078125,derivative_excluded
-1.695068359375,-1.69482421875,derivative_excluded
-1.6953125,-1.695068359375,derivative_excluded
-1.695556640625,-1.6953125,derivative_excluded
-1.69580078125,-1.695556640625,derivative_excluded
-1.696044921875,-1.69580078125,derivative_excluded
-1.6962890625,-1.696044921875,derivative_excluded
-1.696533203125,-1.6962890625,derivative_excluded
-1.69677734375,-1.696533203125,derivative_excluded
-1.697021484375,-1.69677734375,derivative_excluded
-1.697265625,-1.697021484375,derivative_excluded
-1.697509765625,-1.697265625,derivative_excluded
-1.69775390625,-1.697509765625,derivative_excluded
-1.697998046875,-1.69775390625,derivative_excluded
-1.6982421875,-1.697998046875,derivative_excluded
-1.698486328125,-1.6982421875,derivative_excluded
-1.69873046875,-1.698486328125,derivative_excluded
-1.698974609375,-1.69873046875,derivative_excluded
-1.69921875,-1.698974609375,derivative_excluded
-1.699462890625,-1.69921875,derivative_excluded
-1.69970703125,-1.699462890625,derivative_excluded
-1.699951171875,-1.69970703125,derivative_excluded
-1.7001953125,-1.699951171875,derivative_excluded
-1.700439453125,-1.7001953125,derivative_excluded
-1.70068359375,-1.700439453125,derivative_excluded
-1.700927734375,-1.70068359375,derivative_excluded
-1.701171875,-1.700927734375,derivative_excluded
-1.701416015625,-1.701171875,derivative_excluded
-1.70166015625,-1.701416015625,derivative_excluded
-1.701904296875,-1.70166015625,derivative_excluded
-1.7021484375,-1.701904296875,derivative_excluded
-1.702392578125,-1.7021484375,derivative_excluded
-1.70263671875,-1.702392578125,derivative_excluded
-1.702880859375,-1.70263671875,derivative_excluded
-1.703125,-1.702880859375,derivative_excluded
-1.703369140625,-1.703125,derivative_excluded
-1.70361328125,-1.703369140625,derivative_excluded
-1.703857421875,-1.70361328125,derivative_excluded
-1.7041015625,-1.703857421875,derivative_excluded
-1.704345703125,-1.7041015625,derivative_excluded
-1.70458984375,-1.704345703125,derivative_excluded
-1.704833984375,-1.70458984375,derivative_excluded
-1.705078125,-1.704833984375,derivative_excluded
-1.705322265625,-1.705078125,derivative_excluded
-1.70556640625,-1.705322265625,derivative_excluded
-1.705810546875,-1.70556640625,derivative_excluded
-1.7060546875,-1.705810546875,derivative_excluded
-1.706298828125,-1.7060546875,derivative_excluded
-1.70654296875,-1.706298828125,derivative_excluded
-1.706787109375,-1.70654296875,derivative_excluded
-1.70703125,-1.706787109375,derivative_excluded
-1.707275390625,-1.70703125,derivative_excluded
-1.70751953125,-1.707275390625,derivative_excluded
-1.707763671875,-1.70751953125,derivative_excluded
-1.7080078125,-1.707763671875,derivative_excluded
-1.708251953125,-1.7080078125,derivative_excluded
-1.70849609375,-1.708251953125,derivative_excluded
-1.708740234375,-1.70849609375,derivative_excluded
-1.708984375,-1.708740234375,derivative_excluded
-1.709228515625,-1.708984375,derivative_excluded
-1.70947265625,-1.709228515625,derivative_excluded
-1.709716796875,-1.70947265625,derivative_excluded
-1.7099609375,-1.709716796875,derivative_excluded
-1.710205078125,-1.7099609375,derivative_excluded
-1.71044921875,-1.710205078125,derivative_excluded
-1.710693359375,-1.71044921875,derivative_excluded
-1.7109375,-1.710693359375,derivative_excluded
-1.711181640625,-1.7109375,derivative_excluded
-1.71142578125,-1.711181640625,derivative_excluded
-1.711669921875,-1.71142578125,derivative_excluded
-1.7119140625,-1.711669921875,derivative_excluded
-1.712158203125,-1.7119140625,derivative_excluded
-1.71240234375,-1.712158203125,derivative_excluded
-1.712646484375,-1.71240234375,derivative_excluded
-1.712890625,-1.712646484375,derivative_excluded
-1.713134765625,-1.712890625,derivative_excluded
-1.71337890625,-1.713134765625,derivative_excluded
-1.713623046875,-1.71337890625,derivative_excluded
-1.7138671875,-1.713623046875,derivative_excluded
-1.714111328125,-1.7138671875,derivative_excluded
-1.71435546875,-1.714111328125,derivative_excluded
-1.714599609375,-1.71435546875,derivative_excluded
-1.71484375,-1.714599609375,derivative_excluded
-1.715087890625,-1.71484375,derivative_excluded
-1.71533203125,-1.715087890625,derivative_excluded
-1.715576171875,-1.71533203125,derivative_excluded
-1.7158203125,-1.715576171875,derivative_excluded
-1.716064453125,-1.7158203125,derivative_excluded
-1.71630859375,-1.716064453125,derivative_excluded
-1.716552734375,-1.71630859375,derivative_excluded
-1.716796875,-1.716552734375,derivative_excluded
-1.717041015625,-1.716796875,derivative_excluded
-1.71728515625,-1.717041015625,derivative_excluded
-1.717529296875,-1.71728515625,derivative_excluded
-1.7177734375,-1.717529296875,derivative_excluded
-1.718017578125,-1.7177734375,derivative_excluded
-1.71826171875,-1.718017578125,derivative_excluded
-1.718505859375,-1.71826171875,derivative_excluded
-1.71875,-1.718505859375,derivative_excluded
-1.718994140625,-1.71875,derivative_excluded
-1.71923828125,-1.718994140625,derivative_excluded
-1.719482421875,-1.71923828125,derivative_excluded
-1.7197265625,-1.719482421875,derivative_excluded
-1.719970703125,-1.7197265625,derivative_excluded
-1.72021484375,-1.719970703125,derivative_excluded
-1.720458984375,-1.72021484375,derivative_excluded
-1.720703125,-1.720458984375,derivative_excluded
-1.720947265625,-1.720703125,derivative_excluded
-1.72119140625,-1.720947265625,derivative_excluded
-1.721435546875,-1.72119140625,derivative_excluded
-1.7216796875,-1.721435546875,derivative_excluded
-1.721923828125,-1.7216796875,derivative_excluded
-1.72216796875,-1.721923828125,derivative_excluded
-1.722412109375,-1.72216796875,derivative_excluded
-1.72265625,-1.722412109375,derivative_excluded
-1.722900390625,-1.72265625,derivative_excluded
-1.72314453125,-1.722900390625,derivative_excluded
-1.723388671875,-1.72314453125,derivative_excluded
-1.7236328125,-1.723388671875,derivative_excluded
-1.723876953125,-1.7236328125,derivative_excluded
-1.72412109375,-1.723876953125,derivative_excluded
-1.724365234375,-1.72412109375,derivative_excluded
-1.724609375,-1.724365234375,derivative_excluded
-1.724853515625,-1.724609375,derivative_excluded
-1.72509765625,-1.724853515625,derivative_excluded
-1.725341796875,-1.72509765625,derivative_excluded
-1.7255859375,-1.725341796875,derivative_excluded
-1.725830078125,-1.7255859375,derivative_excluded
-1.72607421875,-1.725830078125,derivative_excluded
-1.726318359375,-1.72607421875,derivative_excluded
-1.7265625,-1.726318359375,derivative_excluded
-1.726806640625,-1.7265625,derivative_excluded
-1.72705078125,-1.726806640625,derivative_excluded
-1.727294921875,-1.72705078125,derivative_excluded
-1.7275390625,-1.727294921875,derivative_excluded
-1.727783203125,-1.7275390625,derivative_excluded
-1.72802734375,-1.727783203125,derivative_excluded
-1.728271484375,-1.72802734375,derivative_excluded
-1.728515625,-1.728271484375,derivative_excluded
-1.728759765625,-1.728515625,derivative_excluded
-1.72900390625,-1.728759765625,derivative_excluded
-1.729248046875,-1.72900390625,derivative_excluded
-1.7294921875,-1.729248046875,derivative_excluded
-1.729736328125,-1.7294921875,derivative_excluded
-1.72998046875,-1.729736328125,derivative_excluded
-1.730224609375,-1.72998046875,derivative_excluded
-1.73046875,-1.730224609375,derivative_excluded
-1.730712890625,-1.73046875,derivative_excluded
-1.73095703125,-1.730712890625,derivative_excluded
-1.731201171875,-1.73095703125,derivative_excluded
-1.7314453125,-1.731201171875,derivative_excluded
-1.731689453125,-1.7314453125,derivative_excluded
-1.73193359375,-1.731689453125,derivative_excluded
-1.732177734375,-1.73193359375,derivative_excluded
-1.732421875,-1.732177734375,derivative_excluded
-1.732666015625,-1.732421875,derivative_excluded
-1.73291015625,-1.732666015625,derivative_excluded
-1.733154296875,-1.73291015625,derivative_excluded
-1.7333984375,-1.733154296875,derivative_excluded
-1.733642578125,-1.7333984375,derivative_excluded
-1.73388671875,-1.733642578125,derivative_excluded
-1.734130859375,-1.73388671875,derivative_excluded
-1.734375,-1.734130859375,derivative_excluded
-1.734619140625,-1.734375,derivative_excluded
-1.73486328125,-1.734619140625,derivative_excluded
-1.735107421875,-1.73486328125,derivative_excluded
-1.7353515625,-1.735107421875,derivative_excluded
-1.735595703125,-1.7353515625,derivative_excluded
-1.73583984375,-1.735595703125,derivative_excluded
-1.736083984375,-1.73583984375,derivative_excluded
-1.736328125,-1.736083984375,derivative_excluded
-1.736572265625,-1.736328125,derivative_excluded
-1.73681640625,-1.736572265625,derivative_excluded
-1.737060546875,-1.73681640625,derivative_excluded
-1.7373046875,-1.737060546875,derivative_excluded
-1.737548828125,-1.7373046875,derivative_excluded
-1.73779296875,-1.737548828125,derivative_excluded
-1.738037109375,-1.73779296875,derivative_excluded
-1.73828125,-1.738037109375,derivative_excluded
-1.738525390625,-1.73828125,derivative_excluded
-1.73876953125,-1.738525390625,derivative_excluded
-1.739013671875,-1.73876953125,derivative_excluded
-1.7392578125,-1.739013671875,derivative_excluded
-1.739501953125,-1.7392578125,derivative_excluded
-1.73974609375,-1.739501953125,derivative_excluded
-1.739990234375,-1.73974609375,derivative_excluded
-1.740234375,-1.739990234375,derivative_excluded
-1.740478515625,-1.740234375,derivative_excluded
-1.74072265625,-1.740478515625,derivative_excluded
-1.740966796875,-1.74072265625,derivative_excluded
-1.7412109375,-1.740966796875,derivative_excluded
-1.741455078125,-1.7412109375,derivative_excluded
-1.74169921875,-1.741455078125,derivative_excluded
-1.741943359375,-1.74169921875,derivative_excluded
-1.7421875,-1.741943359375,derivative_excluded
-1.742431640625,-1.7421875,derivative_excluded
-1.74267578125,-1.742431640625,derivative_excluded
-1.742919921875,-1.74267578125,derivative_excluded
-1.7431640625,-1.742919921875,derivative_excluded
-1.743408203125,-1.7431640625,derivative_excluded
-1.74365234375,-1.743408203125,derivative_excluded
-1.743896484375,-1.74365234375,derivative_excluded
-1.744140625,-1.743896484375,derivative_excluded
-1.744384765625,-1.744140625,derivative_excluded
-1.74462890625,-1.744384765625,derivative_excluded
-1.744873046875,-1.74462890625,derivative_excluded
-1.7451171875,-1.744873046875,derivative_excluded
-1.745361328125,-1.7451171875,derivative_excluded
-1.74560546875,-1.745361328125,derivative_excluded
-1.745849609375,-1.74560546875,derivative_excluded
-1.74609375,-1.745849609375,derivative_excluded
-1.746337890625,-1.74609375,derivative_excluded
-1.74658203125,-1.746337890625,derivative_excluded
-1.746826171875,-1.74658203125,derivative_excluded
-1.7470703125,-1.746826171875,derivative_excluded
-1.747314453125,-1.7470703125,derivative_excluded
-1.74755859375,-1.747314453125,derivative_excluded
-1.747802734375,-1.74755859375,derivative_excluded
-1.748046875,-1.747802734375,derivative_excluded
-1.748291015625,-1.748046875,derivative_excluded
-1.74853515625,-1.748291015625,derivative_excluded
-1.748779296875,-1.74853515625,derivative_excluded
-1.7490234375,-1.748779296875,derivative_excluded
-1.749267578125,-1.7490234375,derivative_excluded
-1.74951171875,-1.749267578125,derivative_excluded
-1.749755859375,-1.74951171875,derivative_excluded
-1.75,-1.749755859375,derivative_excluded
-1.750244140625,-1.75,derivative_excluded
-1.75048828125,-1.750244140625,derivative_excluded
-1.750732421875,-1.75048828125,derivative_excluded
-1.7509765625,-1.750732421875,derivative_excluded
-1.751220703125,-1.7509765625,derivative_excluded
-1.75146484375,-1.751220703125,derivative_excluded
-1.751708984375,-1.75146484375,derivative_excluded
-1.751953125,-1.751708984375,derivative_excluded
-1.752197265625,-1.751953125,derivative_excluded
-1.75244140625,-1.752197265625,derivative_excluded
-1.752685546875,-1.75244140625,derivative_excluded
-1.7529296875,-1.752685546875,derivative_excluded
-1.753173828125,-1.7529296875,derivative_excluded
-1.75341796875,-1.753173828125,derivative_excluded
-1.753662109375,-1.75341796875,derivative_excluded
-1.75390625,-1.753662109375,derivative_excluded
-1.754150390625,-1.75390625,derivative_excluded
-1.75439453125,-1.754150390625,derivative_excluded
-1.754638671875,-1.75439453125,derivative_excluded
-1.7548828125,-1.754638671875,derivative_excluded
-1.755126953125,-1.7548828125,derivative_excluded
-1.75537109375,-1.755126953125,derivative_excluded
-1.755615234375,-1.75537109375,derivative_excluded
-1.755859375,-1.755615234375,derivative_excluded
-1.756103515625,-1.755859375,derivative_excluded
-1.75634765625,-1.756103515625,derivative_excluded
-1.756591796875,-1.75634765625,derivative_excluded
-1.7568359375,-1.756591796875,derivative_excluded
-1.757080078125,-1.7568359375,derivative_excluded
-1.75732421875,-1.757080078125,derivative_excluded
-1.757568359375,-1.75732421875,derivative_excluded
-1.7578125,-1.757568359375,derivative_excluded
-1.758056640625,-1.7578125,derivative_excluded
-1.75830078125,-1.758056640625,derivative_excluded
-1.758544921875,-1.75830078125,derivative_excluded
-1.7587890625,-1.758544921875,derivative_excluded
-1.759033203125,-1.7587890625,derivative_excluded
-1.75927734375,-1.759033203125,derivative_excluded
-1.759521484375,-1.75927734375,derivative_excluded
-1.759765625,-1.759521484375,derivative_excluded
-1.760009765625,-1.759765625,derivative_excluded
-1.76025390625,-1.760009765625,derivative_excluded
-1.760498046875,-1.76025390625,derivative_excluded
-1.7607421875,-1.760498046875,derivative_excluded
-1.760986328125,-1.7607421875,derivative_excluded
-1.76123046875,-1.760986328125,derivative_excluded
-1.761474609375,-1.76123046875,derivative_excluded
-1.76171875,-1.761474609375,derivative_excluded
-1.761962890625,-1.76171875,derivative_excluded
-1.76220703125,-1.761962890625,derivative_excluded
-1.762451171875,-1.76220703125,derivative_excluded
-1.7626953125,-1.762451171875,derivative_excluded
-1.762939453125,-1.7626953125,derivative_excluded
-1.76318359375,-1.762939453125,derivative_excluded
-1.763427734375,-1.76318359375,derivative_excluded
-1.763671875,-1.763427734375,derivative_excluded
-1.763916015625,-1.763671875,derivative_excluded
-1.76416015625,-1.763916015625,derivative_excluded
-1.764404296875,-1.76416015625,derivative_excluded
-1.7646484375,-1.764404296875,derivative_excluded
-1.764892578125,-1.7646484375,derivative_excluded
-1.76513671875,-1.764892578125,derivative_excluded
-1.765380859375,-1.76513671875,derivative_excluded
-1.765625,-1.765380859375,derivative_excluded
-1.765869140625,-1.765625,derivative_excluded
-1.76611328125,-1.765869140625,derivative_excluded
-1.766357421875,-1.76611328125,derivative_excluded
-1.7666015625,-1.766357421875,derivative_excluded
-1.766845703125,-1.7666015625,derivative_excluded
-1.76708984375,-1.766845703125,derivative_excluded
-1.767333984375,-1.76708984375,derivative_excluded
-1.767578125,-1.767333984375,derivative_excluded
-1.767822265625,-1.767578125,derivative_excluded
-1.76806640625,-1.767822265625,derivative_excluded
-1.768310546875,-1.76806640625,derivative_excluded
-1.7685546875,-1.768310546875,derivative_excluded
-1.768798828125,-1.7685546875,derivative_excluded
-1.76904296875,-1.768798828125,derivative_excluded
-1.769287109375,-1.76904296875,derivative_excluded
-1.76953125,-1.769287109375,derivative_excluded
-1.769775390625,-1.76953125,derivative_excluded
-1.77001953125,-1.769775390625,derivative_excluded
-1.770263671875,-1.77001953125,derivative_excluded
-1.7705078125,-1.770263671875,derivative_excluded
-1.770751953125,-1.7705078125,derivative_excluded
-1.77099609375,-1.770751953125,derivative_excluded
-1.771240234375,-1.77099609375,derivative_excluded
-1.771484375,-1.771240234375,derivative_excluded
-1.771728515625,-1.771484375,derivative_excluded
-1.77197265625,-1.771728515625,derivative_excluded
-1.772216796875,-1.77197265625,derivative_excluded
-1.7724609375,-1.772216796875,derivative_excluded
-1.772705078125,-1.7724609375,derivative_excluded
-1.77294921875,-1.772705078125,derivative_excluded
-1.773193359375,-1.77294921875,derivative_excluded
-1.7734375,-1.773193359375,derivative_excluded
-1.773681640625,-1.7734375,derivative_excluded
-1.77392578125,-1.773681640625,derivative_excluded
-1.774169921875,-1.77392578125,derivative_excluded
-1.7744140625,-1.774169921875,derivative_excluded
-1.774658203125,-1.7744140625,derivative_excluded
-1.77490234375,-1.774658203125,derivative_excluded
-1.775146484375,-1.77490234375,derivative_excluded
-1.775390625,-1.775146484375,derivative_excluded
-1.775634765625,-1.775390625,derivative_excluded
-1.77587890625,-1.775634765625,derivative_excluded
-1.776123046875,-1.77587890625,derivative_excluded
-1.7763671875,-1.776123046875,derivative_excluded
-1.776611328125,-1.7763671875,derivative_excluded
-1.77685546875,-1.776611328125,derivative_excluded
-1.777099609375,-1.77685546875,derivative_excluded
-1.77734375,-1.777099609375,derivative_excluded
-1.777587890625,-1.77734375,derivative_excluded
-1.77783203125,-1.777587890625,derivative_excluded
-1.778076171875,-1.77783203125,derivative_excluded
-1.7783203125,-1.778076171875,derivative_excluded
-1.778564453125,-1.7783203125,derivative_excluded
-1.77880859375,-1.778564453125,derivative_excluded
-1.779052734375,-1.77880859375,derivative_excluded
-1.779296875,-1.779052734375,derivative_excluded
-1.779541015625,-1.779296875,derivative_excluded
-1.77978515625,-1.779541015625,derivative_excluded
-1.780029296875,-1.77978515625,derivative_excluded
-1.7802734375,-1.780029296875,derivative_excluded
-1.780517578125,-1.7802734375,derivative_excluded
-1.78076171875,-1.780517578125,derivative_excluded
-1.781005859375,-1.78076171875,derivative_excluded
-1.78125,-1.781005859375,derivative_excluded
-1.781494140625,-1.78125,derivative_excluded
-1.78173828125,-1.781494140625,derivative_excluded
-1.781982421875,-1.78173828125,derivative_excluded
-1.7822265625,-1.781982421875,derivative_excluded
-1.782470703125,-1.7822265625,derivative_excluded
-1.78271484375,-1.782470703125,derivative_excluded
-1.782958984375,-1.78271484375,derivative_excluded
-1.783203125,-1.782958984375,derivative_excluded
-1.783447265625,-1.783203125,derivative_excluded
-1.78369140625,-1.783447265625,derivative_excluded
-1.783935546875,-1.78369140625,derivative_excluded
-1.7841796875,-1.783935546875,derivative_excluded
-1.784423828125,-1.7841796875,derivative_excluded
-1.78466796875,-1.784423828125,derivative_excluded
-1.784912109375,-1.78466796875,derivative_excluded
-1.78515625,-1.784912109375,derivative_excluded
-1.785400390625,-1.78515625,derivative_excluded
-1.78564453125,-1.785400390625,derivative_excluded
-1.785888671875,-1.78564453125,derivative_excluded
-1.7861328125,-1.785888671875,derivative_excluded
-1.786376953125,-1.7861328125,derivative_excluded
-1.78662109375,-1.786376953125,derivative_excluded
-1.786865234375,-1.78662109375,derivative_excluded
-1.787109375,-1.786865234375,derivative_excluded
-1.787353515625,-1.787109375,derivative_excluded
-1.78759765625,-1.787353515625,derivative_excluded
-1.787841796875,-1.78759765625,derivative_excluded
-1.7880859375,-1.787841796875,derivative_excluded
-1.788330078125,-1.7880859375,derivative_excluded
-1.78857421875,-1.788330078125,derivative_excluded
-1.788818359375,-1.78857421875,derivative_excluded
-1.7890625,-1.788818359375,derivative_excluded
-1.789306640625,-1.7890625,derivative_excluded
-1.78955078125,-1.789306640625,derivative_excluded
-1.789794921875,-1.78955078125,derivative_excluded
-1.7900390625,-1.789794921875,derivative_excluded
-1.790283203125,-1.7900390625,derivative_excluded
-1.79052734375,-1.790283203125,derivative_excluded
-1.790771484375,-1.79052734375,derivative_excluded
-1.791015625,-1.790771484375,derivative_excluded
-1.791259765625,-1.791015625,derivative_excluded
-1.79150390625,-1.791259765625,derivative_excluded
-1.791748046875,-1.79150390625,derivative_excluded
-1.7919921875,-1.791748046875,derivative_excluded
-1.792236328125,-1.7919921875,derivative_excluded
-1.79248046875,-1.792236328125,derivative_excluded
-1.792724609375,-1.79248046875,derivative_excluded
-1.79296875,-1.792724609375,derivative_excluded
-1.793212890625,-1.79296875,derivative_excluded
-1.79345703125,-1.793212890625,derivative_excluded
-1.793701171875,-1.79345703125,derivative_excluded
-1.7939453125,-1.793701171875,derivative_excluded
-1.794189453125,-1.7939453125,derivative_excluded
-1.79443359375,-1.794189453125,derivative_excluded
-1.794677734375,-1.79443359375,derivative_excluded
-1.794921875,-1.794677734375,derivative_excluded
-1.795166015625,-1.794921875,derivative_excluded
-1.79541015625,-1.795166015625,derivative_excluded
-1.795654296875,-1.79541015625,derivative_excluded
-1.7958984375,-1.795654296875,derivative_excluded
-1.796142578125,-1.7958984375,derivative_excluded
-1.79638671875,-1.796142578125,derivative_excluded
-1.796630859375,-1.79638671875,derivative_excluded
-1.796875,-1.796630859375,derivative_excluded
-1.797119140625,-1.796875,derivative_excluded
-1.79736328125,-1.797119140625,derivative_excluded
-1.797607421875,-1.79736328125,derivative_excluded
-1.7978515625,-1.797607421875,derivative_excluded
-1.798095703125,-1.7978515625,derivative_excluded
-1.79833984375,-1.798095703125,derivative_excluded
-1.798583984375,-1.79833984375,derivative_excluded
-1.798828125,-1.798583984375,derivative_excluded
-1.799072265625,-1.798828125,derivative_excluded
-1.79931640625,-1.799072265625,derivative_excluded
-1.799560546875,-1.79931640625,derivative_excluded
-1.7998046875,-1.799560546875,derivative_excluded
-1.800048828125,-1.7998046875,derivative_excluded
-1.80029296875,-1.800048828125,derivative_excluded
-1.800537109375,-1.80029296875,derivative_excluded
-1.80078125,-1.800537109375,derivative_excluded
-1.801025390625,-1.80078125,derivative_excluded
-1.80126953125,-1.801025390625,derivative_excluded
-1.801513671875,-1.80126953125,derivative_excluded
-1.8017578125,-1.801513671875,derivative_excluded
-1.802001953125,-1.8017578125,derivative_excluded
-1.80224609375,-1.802001953125,derivative_excluded
-1.802490234375,-1.80224609375,derivative_excluded
-1.802734375,-1.802490234375,derivative_excluded
-1.802978515625,-1.802734375,derivative_excluded
-1.80322265625,-1.802978515625,derivative_excluded
-1.803466796875,-1.80322265625,derivative_excluded
-1.8037109375,-1.803466796875,derivative_excluded
-1.803955078125,-1.8037109375,derivative_excluded
-1.80419921875,-1.803955078125,derivative_excluded
-1.804443359375,-1.80419921875,derivative_excluded
-1.8046875,-1.804443359375,derivative_excluded
-1.804931640625,-1.8046875,derivative_excluded
-1.80517578125,-1.804931640625,derivative_excluded
-1.805419921875,-1.80517578125,derivative_excluded
-1.8056640625,-1.805419921875,derivative_excluded
-1.805908203125,-1.8056640625,derivative_excluded
-1.80615234375,-1.805908203125,derivative_excluded
-1.806396484375,-1.80615234375,derivative_excluded
-1.806640625,-1.806396484375,derivative_excluded
-1.806884765625,-1.806640625,derivative_excluded
-1.80712890625,-1.806884765625,derivative_excluded
-1.807373046875,-1.80712890625,derivative_excluded
-1.8076171875,-1.807373046875,derivative_excluded
-1.807861328125,-1.8076171875,derivative_excluded
-1.80810546875,-1.807861328125,derivative_excluded
-1.808349609375,-1.80810546875,derivative_excluded
-1.80859375,-1.808349609375,derivative_excluded
-1.808837890625,-1.80859375,derivative_excluded
-1.80908203125,-1.808837890625,derivative_excluded
-1.809326171875,-1.80908203125,derivative_excluded
-1.8095703125,-1.809326171875,derivative_excluded
-1.809814453125,-1.8095703125,derivative_excluded
-1.81005859375,-1.809814453125,derivative_excluded
-1.810302734375,-1.81005859375,derivative_excluded
-1.810546875,-1.810302734375,derivative_excluded
-1.810791015625,-1.810546875,derivative_excluded
-1.81103515625,-1.810791015625,derivative_excluded
-1.811279296875,-1.81103515625,derivative_excluded
-1.8115234375,-1.811279296875,derivative_excluded
-1.811767578125,-1.8115234375,derivative_excluded
-1.81201171875,-1.811767578125,derivative_excluded
-1.812255859375,-1.81201171875,derivative_excluded
-1.8125,-1.812255859375,derivative_excluded
-1.812744140625,-1.8125,derivative_excluded
-1.81298828125,-1.812744140625,derivative_excluded
-1.813232421875,-1.81298828125,derivative_excluded
-1.8134765625,-1.813232421875,derivative_excluded
-1.813720703125,-1.8134765625,derivative_excluded
-1.81396484375,-1.813720703125,derivative_excluded
-1.814208984375,-1.81396484375,derivative_excluded
-1.814453125,-1.814208984375,derivative_excluded
-1.814697265625,-1.814453125,derivative_excluded
-1.81494140625,-1.814697265625,derivative_excluded
-1.815185546875,-1.81494140625,derivative_excluded
-1.8154296875,-1.815185546875,derivative_excluded
-1.815673828125,-1.8154296875,derivative_excluded
-1.81591796875,-1.815673828125,derivative_excluded
-1.816162109375,-1.81591796875,derivative_excluded
-1.81640625,-1.816162109375,derivative_excluded
-1.816650390625,-1.81640625,derivative_excluded
-1.81689453125,-1.816650390625,derivative_excluded
-1.817138671875,-1.81689453125,derivative_excluded
-1.8173828125,-1.817138671875,derivative_excluded
-1.817626953125,-1.8173828125,derivative_excluded
-1.81787109375,-1.817626953125,derivative_excluded
-1.818115234375,-1.81787109375,derivative_excluded
-1.818359375,-1.818115234375,derivative_excluded
-1.818603515625,-1.818359375,derivative_excluded
-1.81884765625,-1.818603515625,derivative_excluded
-1.819091796875,-1.81884765625,derivative_excluded
-1.8193359375,-1.819091796875,derivative_excluded
-1.81982421875,-1.8193359375,derivative_excluded
-1.8203125,-1.81982421875,derivative_excluded
-1.82080078125,-1.8203125,derivative_excluded
-1.8212890625,-1.82080078125,derivative_excluded
-1.82177734375,-1.8212890625,derivative_excluded
-1.822265625,-1.82177734375,derivative_excluded
-1.82275390625,-1.822265625,derivative_excluded
-1.8232421875,-1.82275390625,derivative_excluded
-1.82373046875,-1.8232421875,derivative_excluded
-1.82421875,-1.82373046875,derivative_excluded
-1.82470703125,-1.82421875,derivative_excluded
-1.8251953125,-1.82470703125,derivative_excluded
-1.82568359375,-1.8251953125,derivative_excluded
-1.826171875,-1.82568359375,derivative_excluded
-1.82666015625,-1.826171875,derivative_excluded
-1.8271484375,-1.82666015625,derivative_excluded
-1.82763671875,-1.8271484375,derivative_excluded
-1.828125,-1.82763671875,derivative_excluded
-1.82861328125,-1.828125,derivative_excluded
-1.8291015625,-1.82861328125,derivative_excluded
-1.82958984375,-1.8291015625,derivative_excluded
-1.830078125,-1.82958984375,derivative_excluded
-1.83056640625,-1.830078125,derivative_excluded
-1.8310546875,-1.83056640625,derivative_excluded
-1.83154296875,-1.8310546875,derivative_excluded
-1.83203125,-1.83154296875,derivative_excluded
-1.83251953125,-1.83203125,derivative_excluded
-1.8330078125,-1.83251953125,derivative_excluded
-1.83349609375,-1.8330078125,derivative_excluded
-1.833984375,-1.83349609375,derivative_excluded
-1.83447265625,-1.833984375,derivative_excluded
-1.8349609375,-1.83447265625,derivative_excluded
-1.83544921875,-1.8349609375,derivative_excluded
-1.8359375,-1.83544921875,derivative_excluded
-1.83642578125,-1.8359375,derivative_excluded
-1.8369140625,-1.83642578125,derivative_excluded
-1.83740234375,-1.8369140625,derivative_excluded
-1.837890625,-1.83740234375,derivative_excluded
-1.83837890625,-1.837890625,derivative_excluded
-1.8388671875,-1.83837890625,derivative_excluded
-1.83935546875,-1.8388671875,derivative_excluded
-1.83984375,-1.83935546875,derivative_excluded
-1.84033203125,-1.83984375,derivative_excluded
-1.8408203125,-1.84033203125,derivative_excluded
-1.84130859375,-1.8408203125,derivative_excluded
-1.841796875,-1.84130859375,derivative_excluded
-1.84228515625,-1.841796875,derivative_excluded
-1.8427734375,-1.84228515625,derivative_excluded
-1.84326171875,-1.8427734375,derivative_excluded
-1.84375,-1.84326171875,derivative_excluded
-1.84423828125,-1.84375,derivative_excluded
-1.8447265625,-1.84423828125,derivative_excluded
-1.84521484375,-1.8447265625,derivative_excluded
-1.845703125,-1.84521484375,derivative_excluded
-1.84619140625,-1.845703125,derivative_excluded
-1.8466796875,-1.84619140625,derivative_excluded
-1.84716796875,-1.8466796875,derivative_excluded
-1.84765625,-1.84716796875,derivative_excluded
-1.84814453125,-1.84765625,derivative_excluded
-1.8486328125,-1.84814453125,derivative_excluded
-1.84912109375,-1.8486328125,derivative_excluded
-1.849609375,-1.84912109375,derivative_excluded
-1.85009765625,-1.849609375,derivative_excluded
-1.8505859375,-1.85009765625,derivative_excluded
-1.85107421875,-1.8505859375,derivative_excluded
-1.8515625,-1.85107421875,derivative_excluded
-1.85205078125,-1.8515625,derivative_excluded
-1.8525390625,-1.85205078125,derivative_excluded
-1.85302734375,-1.8525390625,derivative_excluded
-1.853515625,-1.85302734375,derivative_excluded
-1.85400390625,-1.853515625,derivative_excluded
-1.8544921875,-1.85400390625,derivative_excluded
-1.85498046875,-1.8544921875,derivative_excluded
-1.85546875,-1.85498046875,derivative_excluded
-1.85595703125,-1.85546875,derivative_excluded
-1.8564453125,-1.85595703125,derivative_excluded
-1.85693359375,-1.8564453125,derivative_excluded
-1.857421875,-1.85693359375,derivative_excluded
-1.85791015625,-1.857421875,derivative_excluded
-1.8583984375,-1.85791015625,derivative_excluded
-1.85888671875,-1.8583984375,derivative_excluded
-1.859375,-1.85888671875,derivative_excluded
-1.85986328125,-1.859375,derivative_excluded
-1.8603515625,-1.85986328125,derivative_excluded
-1.86083984375,-1.8603515625,derivative_excluded
-1.861328125,-1.86083984375,derivative_excluded
-1.86181640625,-1.861328125,derivative_excluded
-1.8623046875,-1.86181640625,derivative_excluded
-1.86279296875,-1.8623046875,derivative_excluded
-1.86328125,-1.86279296875,derivative_excluded
-1.86376953125,-1.86328125,derivative_excluded
-1.8642578125,-1.86376953125,derivative_excluded
-1.86474609375,-1.8642578125,derivative_excluded
-1.865234375,-1.86474609375,derivative_excluded
-1.86572265625,-1.865234375,derivative_excluded
-1.8662109375,-1.86572265625,derivative_excluded
-1.86669921875,-1.8662109375,derivative_excluded
-1.8671875,-1.86669921875,derivative_excluded
-1.86767578125,-1.8671875,derivative_excluded
-1.8681640625,-1.86767578125,derivative_excluded
-1.86865234375,-1.8681640625,derivative_excluded
-1.869140625,-1.86865234375,derivative_excluded
-1.86962890625,-1.869140625,derivative_excluded
-1.8701171875,-1.86962890625,derivative_excluded
-1.87060546875,-1.8701171875,derivative_excluded
-1.87109375,-1.87060546875,derivative_excluded
-1.87158203125,-1.87109375,derivative_excluded
-1.8720703125,-1.87158203125,derivative_excluded
-1.87255859375,-1.8720703125,derivative_excluded
-1.873046875,-1.87255859375,derivative_excluded
-1.87353515625,-1.873046875,derivative_excluded
-1.8740234375,-1.87353515625,derivative_excluded
-1.87451171875,-1.8740234375,derivative_excluded
-1.875,-1.87451171875,derivative_excluded
-1.87548828125,-1.875,derivative_excluded
-1.8759765625,-1.87548828125,derivative_excluded
-1.87646484375,-1.8759765625,derivative_excluded
-1.876953125,-1.87646484375,derivative_excluded
-1.87744140625,-1.876953125,derivative_excluded
-1.8779296875,-1.87744140625,derivative_excluded
-1.87841796875,-1.8779296875,derivative_excluded
-1.87890625,-1.87841796875,derivative_excluded
-1.87939453125,-1.87890625,derivative_excluded
-1.8798828125,-1.87939453125,derivative_excluded
-1.88037109375,-1.8798828125,derivative_excluded
-1.880859375,-1.88037109375,derivative_excluded
-1.88134765625,-1.880859375,derivative_excluded
-1.8818359375,-1.88134765625,derivative_excluded
-1.88232421875,-1.8818359375,derivative_excluded
-1.8828125,-1.88232421875,derivative_excluded
-1.88330078125,-1.8828125,derivative_excluded
-1.8837890625,-1.88330078125,derivative_excluded
-1.88427734375,-1.8837890625,derivative_excluded
-1.884765625,-1.88427734375,derivative_excluded
-1.88525390625,-1.884765625,derivative_excluded
-1.8857421875,-1.88525390625,derivative_excluded
-1.88623046875,-1.8857421875,derivative_excluded
-1.88671875,-1.88623046875,derivative_excluded
-1.88720703125,-1.88671875,derivative_excluded
-1.8876953125,-1.88720703125,derivative_excluded
-1.88818359375,-1.8876953125,derivative_excluded
-1.888671875,-1.88818359375,derivative_excluded
-1.88916015625,-1.888671875,derivative_excluded
-1.8896484375,-1.88916015625,derivative_excluded
-1.89013671875,-1.8896484375,derivative_excluded
-1.890625,-1.89013671875,derivative_excluded
-1.89111328125,-1.890625,derivative_excluded
-1.8916015625,-1.89111328125,derivative_excluded
-1.89208984375,-1.8916015625,derivative_excluded
-1.892578125,-1.89208984375,derivative_excluded
-1.89306640625,-1.892578125,derivative_excluded
-1.8935546875,-1.89306640625,derivative_excluded
-1.89404296875,-1.8935546875,derivative_excluded
-1.89453125,-1.89404296875,derivative_excluded
-1.89501953125,-1.89453125,derivative_excluded
-1.8955078125,-1.89501953125,derivative_excluded
-1.89599609375,-1.8955078125,derivative_excluded
-1.896484375,-1.89599609375,derivative_excluded
-1.89697265625,-1.896484375,derivative_excluded
-1.8974609375,-1.89697265625,derivative_excluded
-1.89794921875,-1.8974609375,derivative_excluded
-1.8984375,-1.89794921875,derivative_excluded
-1.89892578125,-1.8984375,derivative_excluded
-1.8994140625,-1.89892578125,derivative_excluded
-1.89990234375,-1.8994140625,derivative_excluded
-1.900390625,-1.89990234375,derivative_excluded
-1.90087890625,-1.900390625,derivative_excluded
-1.9013671875,-1.90087890625,derivative_excluded
-1.90185546875,-1.9013671875,derivative_excluded
-1.90234375,-1.90185546875,derivative_excluded
-1.90283203125,-1.90234375,derivative_excluded
-1.9033203125,-1.90283203125,derivative_excluded
-1.90380859375,-1.9033203125,derivative_excluded
-1.904296875,-1.90380859375,derivative_excluded
-1.90478515625,-1.904296875,derivative_excluded
-1.9052734375,-1.90478515625,derivative_excluded
-1.90576171875,-1.9052734375,derivative_excluded
-1.90625,-1.90576171875,derivative_excluded
-1.90673828125,-1.90625,derivative_excluded
-1.9072265625,-1.90673828125,derivative_excluded
-1.90771484375,-1.9072265625,derivative_excluded
-1.908203125,-1.90771484375,derivative_excluded
-1.90869140625,-1.908203125,derivative_excluded
-1.9091796875,-1.90869140625,derivative_excluded
-1.90966796875,-1.9091796875,derivative_excluded
-1.91015625,-1.90966796875,derivative_excluded
-1.91064453125,-1.91015625,derivative_excluded
-1.9111328125,-1.91064453125,derivative_excluded
-1.91162109375,-1.9111328125,derivative_excluded
-1.912109375,-1.91162109375,derivative_excluded
-1.91259765625,-1.912109375,derivative_excluded
-1.9130859375,-1.91259765625,derivative_excluded
-1.91357421875,-1.9130859375,derivative_excluded
-1.9140625,-1.91357421875,derivative_excluded
-1.91455078125,-1.9140625,derivative_excluded
-1.9150390625,-1.91455078125,derivative_excluded
-1.91552734375,-1.9150390625,derivative_excluded
-1.916015625,-1.91552734375,derivative_excluded
-1.91650390625,-1.916015625,derivative_excluded
-1.9169921875,-1.91650390625,derivative_excluded
-1.91748046875,-1.9169921875,derivative_excluded
-1.91796875,-1.91748046875,derivative_excluded
-1.91845703125,-1.91796875,derivative_excluded
-1.9189453125,-1.91845703125,derivative_excluded
-1.91943359375,-1.9189453125,derivative_excluded
-1.919921875,-1.91943359375,derivative_excluded
-1.92041015625,-1.919921875,derivative_excluded
-1.9208984375,-1.92041015625,derivative_excluded
-1.92138671875,-1.9208984375,derivative_excluded
-1.921875,-1.92138671875,derivative_excluded
-1.92236328125,-1.921875,derivative_excluded
-1.9228515625,-1.92236328125,derivative_excluded
-1.92333984375,-1.9228515625,derivative_excluded
-1.923828125,-1.92333984375,derivative_excluded
-1.92431640625,-1.923828125,derivative_excluded
-1.9248046875,-1.92431640625,derivative_excluded
-1.92529296875,-1.9248046875,derivative_excluded
-1.92578125,-1.92529296875,derivative_excluded
-1.92626953125,-1.92578125,derivative_excluded
-1.9267578125,-1.92626953125,derivative_excluded
-1.92724609375,-1.9267578125,derivative_excluded
-1.927734375,-1.92724609375,derivative_excluded
-1.92822265625,-1.927734375,derivative_excluded
-1.9287109375,-1.92822265625,derivative_excluded
-1.92919921875,-1.9287109375,derivative_excluded
-1.9296875,-1.92919921875,derivative_excluded
-1.93017578125,-1.9296875,derivative_excluded
-1.9306640625,-1.93017578125,derivative_excluded
-1.93115234375,-1.9306640625,derivative_excluded
-1.931640625,-1.93115234375,derivative_excluded
-1.93212890625,-1.931640625,derivative_excluded
-1.9326171875,-1.93212890625,derivative_excluded
-1.93310546875,-1.9326171875,derivative_excluded
-1.93359375,-1.93310546875,derivative_excluded
-1.93408203125,-1.93359375,derivative_excluded
-1.9345703125,-1.93408203125,derivative_excluded
-1.93505859375,-1.9345703125,derivative_excluded
-1.935546875,-1.93505859375,derivative_excluded
-1.93603515625,-1.935546875,derivative_excluded
-1.9365234375,-1.93603515625,derivative_excluded
-1.93701171875,-1.9365234375,derivative_excluded
-1.9375,-1.93701171875,derivative_excluded
-1.93798828125,-1.9375,derivative_excluded
-1.9384765625,-1.93798828125,derivative_excluded
-1.93896484375,-1.9384765625,derivative_excluded
-1.939453125,-1.93896484375,derivative_excluded
-1.93994140625,-1.939453125,derivative_excluded
-1.9404296875,-1.93994140625,derivative_excluded
-1.94091796875,-1.9404296875,derivative_excluded
-1.94140625,-1.94091796875,derivative_excluded
-1.94189453125,-1.94140625,derivative_excluded
-1.9423828125,-1.94189453125,derivative_excluded
-1.94287109375,-1.9423828125,derivative_excluded
-1.943359375,-1.94287109375,derivative_excluded
-1.94384765625,-1.943359375,derivative_excluded
-1.9443359375,-1.94384765625,derivative_excluded
-1.94482421875,-1.9443359375,derivative_excluded
-1.9453125,-1.94482421875,derivative_excluded
-1.94580078125,-1.9453125,derivative_excluded
-1.9462890625,-1.94580078125,derivative_excluded
-1.94677734375,-1.9462890625,derivative_excluded
-1.947265625,-1.94677734375,derivative_excluded
-1.94775390625,-1.947265625,derivative_excluded
-1.9482421875,-1.94775390625,derivative_excluded
-1.94873046875,-1.9482421875,derivative_excluded
-1.94921875,-1.94873046875,derivative_excluded
-1.94970703125,-1.94921875,derivative_excluded
-1.9501953125,-1.94970703125,derivative_excluded
-1.95068359375,-1.9501953125,derivative_excluded
-1.951171875,-1.95068359375,derivative_excluded
-1.95166015625,-1.951171875,derivative_excluded
-1.9521484375,-1.95166015625,derivative_excluded
-1.95263671875,-1.9521484375,derivative_excluded
-1.953125,-1.95263671875,derivative_excluded
-1.95361328125,-1.953125,derivative_excluded
-1.9541015625,-1.95361328125,derivative_excluded
-1.95458984375,-1.9541015625,derivative_excluded
-1.955078125,-1.95458984375,derivative_excluded
-1.95556640625,-1.955078125,derivative_excluded
-1.9560546875,-1.95556640625,derivative_excluded
-1.95654296875,-1.9560546875,derivative_excluded
-1.95703125,-1.95654296875,derivative_excluded
-1.95751953125,-1.95703125,derivative_excluded
-1.9580078125,-1.95751953125,derivative_excluded
-1.95849609375,-1.9580078125,derivative_excluded
-1.958984375,-1.95849609375,derivative_excluded
-1.95947265625,-1.958984375,derivative_excluded
-1.9599609375,-1.95947265625,derivative_excluded
-1.96044921875,-1.9599609375,derivative_excluded
-1.9609375,-1.96044921875,derivative_excluded
-1.96142578125,-1.9609375,derivative_excluded
-1.9619140625,-1.96142578125,derivative_excluded
-1.96240234375,-1.9619140625,derivative_excluded
-1.962890625,-1.96240234375,derivative_excluded
-1.96337890625,-1.962890625,derivative_excluded
-1.9638671875,-1.96337890625,derivative_excluded
-1.96435546875,-1.9638671875,derivative_excluded
-1.96484375,-1.96435546875,derivative_excluded
-1.96533203125,-1.96484375,derivative_excluded
-1.9658203125,-1.96533203125,derivative_excluded
-1.96630859375,-1.9658203125,derivative_excluded
-1.966796875,-1.96630859375,derivative_excluded
-1.96728515625,-1.966796875,derivative_excluded
-1.9677734375,-1.96728515625,derivative_excluded
-1.96826171875,-1.9677734375,derivative_excluded
-1.96875,-1.96826171875,derivative_excluded
-1.96923828125,-1.96875,derivative_excluded
-1.9697265625,-1.96923828125,derivative_excluded
-1.97021484375,-1.9697265625,derivative_excluded
-1.970703125,-1.97021484375,derivative_excluded
-1.97119140625,-1.970703125,derivative_excluded
-1.9716796875,-1.97119140625,derivative_excluded
-1.97216796875,-1.9716796875,derivative_excluded
-1.97265625,-1.97216796875,derivative_excluded
-1.97314453125,-1.97265625,derivative_excluded
-1.9736328125,-1.97314453125,derivative_excluded
-1.97412109375,-1.9736328125,derivative_excluded
-1.974609375,-1.97412109375,derivative_excluded
-1.97509765625,-1.974609375,derivative_excluded
-1.9755859375,-1.97509765625,derivative_excluded
-1.97607421875,-1.9755859375,derivative_excluded
-1.9765625,-1.97607421875,derivative_excluded
-1.97705078125,-1.9765625,derivative_excluded
-1.9775390625,-1.97705078125,derivative_excluded
-1.97802734375,-1.9775390625,derivative_excluded
-1.978515625,-1.97802734375,derivative_excluded
-1.97900390625,-1.978515625,derivative_excluded
-1.9794921875,-1.97900390625,derivative_excluded
-1.97998046875,-1.9794921875,derivative_excluded
-1.98046875,-1.97998046875,derivative_excluded
-1.98095703125,-1.98046875,derivative_excluded
-1.9814453125,-1.98095703125,derivative_excluded
-1.98193359375,-1.9814453125,derivative_excluded
-1.982421875,-1.98193359375,derivative_excluded
-1.98291015625,-1.982421875,derivative_excluded
-1.9833984375,-1.98291015625,derivative_excluded
-1.98388671875,-1.9833984375,derivative_excluded
-1.984375,-1.98388671875,derivative_excluded
-1.98486328125,-1.984375,derivative_excluded
-1.9853515625,-1.98486328125,derivative_excluded
-1.98583984375,-1.9853515625,derivative_excluded
-1.986328125,-1.98583984375,derivative_excluded
-1.98681640625,-1.986328125,derivative_excluded
-1.9873046875,-1.98681640625,derivative_excluded
-1.98779296875,-1.9873046875,derivative_excluded
-1.98828125,-1.98779296875,derivative_excluded
-1.98876953125,-1.98828125,derivative_excluded
-1.9892578125,-1.98876953125,derivative_excluded
-1.98974609375,-1.9892578125,derivative_excluded
-1.990234375,-1.98974609375,derivative_excluded
-1.99072265625,-1.990234375,derivative_excluded
-1.9912109375,-1.99072265625,derivative_excluded
-1.99169921875,-1.9912109375,derivative_excluded
-1.9921875,-1.99169921875,derivative_excluded
-1.99267578125,-1.9921875,derivative_excluded
-1.9931640625,-1.99267578125,derivative_excluded
-1.99365234375,-1.9931640625,derivative_excluded
-1.994140625,-1.99365234375,derivative_excluded
-1.99462890625,-1.994140625,derivative_excluded
-1.9951171875,-1.99462890625,derivative_excluded
-1.99560546875,-1.9951171875,derivative_excluded
-1.99609375,-1.99560546875,derivative_excluded
-1.99658203125,-1.99609375,derivative_excluded
-1.9970703125,-1.99658203125,derivative_excluded
-1.99755859375,-1.9970703125,derivative_excluded
-1.998046875,-1.99755859375,derivative_excluded
-1.99853515625,-1.998046875,derivative_excluded
-1.9990234375,-1.99853515625,derivative_excluded
-1.99951171875,-1.9990234375,derivative_excluded
-2.0,-1.99951171875,derivative_excluded
-2.00048828125,-2.0,derivative_excluded
-2.0009765625,-2.00048828125,derivative_excluded
-2.00146484375,-2.0009765625,derivative_excluded
-2.001953125,-2.00146484375,derivative_excluded
-2.00244140625,-2.001953125,derivative_excluded
-2.0029296875,-2.00244140625,derivative_excluded
-2.00341796875,-2.0029296875,derivative_excluded
-2.00390625,-2.00341796875,derivative_excluded
-2.00439453125,-2.00390625,derivative_excluded
-2.0048828125,-2.00439453125,derivative_excluded
-2.00537109375,-2.0048828125,derivative_excluded
-2.005859375,-2.00537109375,derivative_excluded
-2.00634765625,-2.005859375,derivative_excluded
-2.0068359375,-2.00634765625,derivative_excluded
-2.00732421875,-2.0068359375,derivative_excluded
-2.0078125,-2.00732421875,derivative_excluded
-2.00830078125,-2.0078125,derivative_excluded
-2.0087890625,-2.00830078125,derivative_excluded
-2.00927734375,-2.0087890625,derivative_excluded
-2.009765625,-2.00927734375,derivative_excluded
-2.01025390625,-2.009765625,derivative_excluded
-2.0107421875,-2.01025390625,derivative_excluded
-2.01123046875,-2.0107421875,derivative_excluded
-2.01171875,-2.01123046875,derivative_excluded
-2.01220703125,-2.01171875,derivative_excluded
-2.0126953125,-2.01220703125,derivative_excluded
-2.01318359375,-2.0126953125,derivative_excluded
-2.013671875,-2.01318359375,derivative_excluded
-2.01416015625,-2.013671875,derivative_excluded
-2.0146484375,-2.01416015625,derivative_excluded
-2.01513671875,-2.0146484375,derivative_excluded
-2.015625,-2.01513671875,derivative_excluded
-2.01611328125,-2.015625,derivative_excluded
-2.0166015625,-2.01611328125,derivative_excluded
-2.01708984375,-2.0166015625,derivative_excluded
-2.017578125,-2.01708984375,derivative_excluded
-2.01806640625,-2.017578125,derivative_excluded
-2.0185546875,-2.01806640625,derivative_excluded
-2.01904296875,-2.0185546875,derivative_excluded
-2.01953125,-2.01904296875,derivative_excluded
-2.02001953125,-2.01953125,derivative_excluded
-2.0205078125,-2.02001953125,derivative_excluded
-2.02099609375,-2.0205078125,derivative_excluded
-2.021484375,-2.02099609375,derivative_excluded
-2.02197265625,-2.021484375,derivative_excluded
-2.0224609375,-2.02197265625,derivative_excluded
-2.02294921875,-2.0224609375,derivative_excluded
-2.0234375,-2.02294921875,derivative_excluded
-2.02392578125,-2.0234375,derivative_excluded
-2.0244140625,-2.02392578125,derivative_excluded
-2.02490234375,-2.0244140625,derivative_excluded
-2.025390625,-2.02490234375,derivative_excluded
-2.02587890625,-2.025390625,derivative_excluded
-2.0263671875,-2.02587890625,derivative_excluded
-2.02685546875,-2.0263671875,derivative_excluded
-2.02734375,-2.02685546875,derivative_excluded
-2.02783203125,-2.02734375,derivative_excluded
-2.0283203125,-2.02783203125,derivative_excluded
-2.02880859375,-2.0283203125,derivative_excluded
-2.029296875,-2.02880859375,derivative_excluded
-2.02978515625,-2.029296875,derivative_excluded
-2.0302734375,-2.02978515625,derivative_excluded
-2.03076171875,-2.0302734375,derivative_excluded
-2.03125,-2.03076171875,derivative_excluded
-2.03173828125,-2.03125,derivative_excluded
-2.0322265625,-2.03173828125,derivative_excluded
-2.03271484375,-2.0322265625,derivative_excluded
-2.033203125,-2.03271484375,derivative_excluded
-2.03369140625,-2.033203125,derivative_excluded
-2.0341796875,-2.03369140625,derivative_excluded
-2.03466796875,-2.0341796875,derivative_excluded
-2.03515625,-2.03466796875,derivative_excluded
-2.03564453125,-2.03515625,derivative_excluded
-2.0361328125,-2.03564453125,derivative_excluded
-2.03662109375,-2.0361328125,derivative_excluded
-2.037109375,-2.03662109375,derivative_excluded
-2.03759765625,-2.037109375,derivative_excluded
-2.0380859375,-2.03759765625,derivative_excluded
-2.03857421875,-2.0380859375,derivative_excluded
-2.0390625,-2.03857421875,derivative_excluded
-2.03955078125,-2.0390625,derivative_excluded
-2.0400390625,-2.03955078125,derivative_excluded
-2.04052734375,-2.0400390625,derivative_excluded
-2.041015625,-2.04052734375,derivative_excluded
-2.04150390625,-2.041015625,derivative_excluded
-2.0419921875,-2.04150390625,derivative_excluded
-2.04248046875,-2.0419921875,derivative_excluded
-2.04296875,-2.04248046875,derivative_excluded
-2.04345703125,-2.04296875,derivative_excluded
-2.0439453125,-2.04345703125,derivative_excluded
-2.04443359375,-2.0439453125,derivative_excluded
-2.044921875,-2.04443359375,derivative_excluded
-2.04541015625,-2.044921875,derivative_excluded
-2.0458984375,-2.04541015625,derivative_excluded
-2.04638671875,-2.0458984375,derivative_excluded
-2.046875,-2.04638671875,derivative_excluded
-2.04736328125,-2.046875,derivative_excluded
-2.0478515625,-2.04736328125,derivative_excluded
-2.04833984375,-2.0478515625,derivative_excluded
-2.048828125,-2.04833984375,derivative_excluded
-2.04931640625,-2.048828125,derivative_excluded
-2.0498046875,-2.04931640625,derivative_excluded
-2.05029296875,-2.0498046875,derivative_excluded
-2.05078125,-2.05029296875,derivative_excluded
-2.05126953125,-2.05078125,derivative_excluded
-2.0517578125,-2.05126953125,derivative_excluded
-2.05224609375,-2.0517578125,derivative_excluded
-2.052734375,-2.05224609375,derivative_excluded
-2.05322265625,-2.052734375,derivative_excluded
-2.0537109375,-2.05322265625,derivative_excluded
-2.05419921875,-2.0537109375,derivative_excluded
-2.0546875,-2.05419921875,derivative_excluded
-2.05517578125,-2.0546875,derivative_excluded
-2.0556640625,-2.05517578125,derivative_excluded
-2.05615234375,-2.0556640625,derivative_excluded
-2.056640625,-2.05615234375,derivative_excluded
-2.05712890625,-2.056640625,derivative_excluded
-2.0576171875,-2.05712890625,derivative_excluded
-2.05810546875,-2.0576171875,derivative_excluded
-2.05859375,-2.05810546875,derivative_excluded
-2.05908203125,-2.05859375,derivative_excluded
-2.0595703125,-2.05908203125,derivative_excluded
-2.06005859375,-2.0595703125,derivative_excluded
-2.060546875,-2.06005859375,derivative_excluded
-2.06103515625,-2.060546875,derivative_excluded
-2.0615234375,-2.06103515625,derivative_excluded
-2.06201171875,-2.0615234375,derivative_excluded
-2.0625,-2.06201171875,derivative_excluded
-2.06298828125,-2.0625,derivative_excluded
-2.0634765625,-2.06298828125,derivative_excluded
-2.06396484375,-2.0634765625,derivative_excluded
-2.064453125,-2.06396484375,derivative_excluded
-2.06494140625,-2.064453125,derivative_excluded
-2.0654296875,-2.06494140625,derivative_excluded
-2.06591796875,-2.0654296875,derivative_excluded
-2.06640625,-2.06591796875,derivative_excluded
-2.06689453125,-2.06640625,derivative_excluded
-2.0673828125,-2.06689453125,derivative_excluded
-2.06787109375,-2.0673828125,derivative_excluded
-2.068359375,-2.06787109375,derivative_excluded
-2.06884765625,-2.068359375,derivative_excluded
-2.0693359375,-2.06884765625,derivative_excluded
-2.06982421875,-2.0693359375,derivative_excluded
-2.0703125,-2.06982421875,derivative_excluded
-2.07080078125,-2.0703125,derivative_excluded
-2.0712890625,-2.07080078125,derivative_excluded
-2.07177734375,-2.0712890625,derivative_excluded
-2.072265625,-2.07177734375,derivative_excluded
-2.07275390625,-2.072265625,derivative_excluded
-2.0732421875,-2.07275390625,derivative_excluded
-2.07373046875,-2.0732421875,derivative_excluded
-2.07421875,-2.07373046875,derivative_excluded
-2.07470703125,-2.07421875,derivative_excluded
-2.0751953125,-2.07470703125,derivative_excluded
-2.07568359375,-2.0751953125,derivative_excluded
-2.076171875,-2.07568359375,derivative_excluded
-2.07666015625,-2.076171875,derivative_excluded
-2.0771484375,-2.07666015625,derivative_excluded
-2.07763671875,-2.0771484375,derivative_excluded
-2.078125,-2.07763671875,derivative_excluded
-2.07861328125,-2.078125,derivative_excluded
-2.0791015625,-2.07861328125,derivative_excluded
-2.07958984375,-2.0791015625,derivative_excluded
-2.080078125,-2.07958984375,derivative_excluded
-2.08056640625,-2.080078125,derivative_excluded
-2.0810546875,-2.08056640625,derivative_excluded
-2.08154296875,-2.0810546875,derivative_excluded
-2.08203125,-2.08154296875,derivative_excluded
-2.08251953125,-2.08203125,derivative_excluded
-2.0830078125,-2.08251953125,derivative_excluded
-2.08349609375,-2.0830078125,derivative_excluded
-2.083984375,-2.08349609375,derivative_excluded
-2.08447265625,-2.083984375,derivative_excluded
-2.0849609375,-2.08447265625,derivative_excluded
-2.08544921875,-2.0849609375,derivative_excluded
-2.0859375,-2.08544921875,derivative_excluded
-2.08642578125,-2.0859375,derivative_excluded
-2.0869140625,-2.08642578125,derivative_excluded
-2.08740234375,-2.0869140625,derivative_excluded
-2.087890625,-2.08740234375,derivative_excluded
-2.08837890625,-2.087890625,derivative_excluded
-2.0888671875,-2.08837890625,derivative_excluded
-2.08935546875,-2.0888671875,derivative_excluded
-2.08984375,-2.08935546875,derivative_excluded
-2.09033203125,-2.08984375,derivative_excluded
-2.0908203125,-2.09033203125,derivative_excluded
-2.09130859375,-2.0908203125,derivative_excluded
-2.091796875,-2.09130859375,derivative_excluded
-2.09228515625,-2.091796875,derivative_excluded
-2.0927734375,-2.09228515625,derivative_excluded
-2.09326171875,-2.0927734375,derivative_excluded
-2.09375,-2.09326171875,derivative_excluded
-2.09423828125,-2.09375,derivative_excluded
-2.0947265625,-2.09423828125,derivative_excluded
-2.09521484375,-2.0947265625,derivative_excluded
-2.095703125,-2.09521484375,derivative_excluded
-2.09619140625,-2.095703125,derivative_excluded
-2.0966796875,-2.09619140625,derivative_excluded
-2.09716796875,-2.0966796875,derivative_excluded
-2.09765625,-2.09716796875,derivative_excluded
-2.09814453125,-2.09765625,derivative_excluded
-2.0986328125,-2.09814453125,derivative_excluded
-2.09912109375,-2.0986328125,derivative_excluded
-2.099609375,-2.09912109375,derivative_excluded
-2.10009765625,-2.099609375,derivative_excluded
-2.1005859375,-2.10009765625,derivative_excluded
-2.10107421875,-2.1005859375,derivative_excluded
-2.1015625,-2.10107421875,derivative_excluded
-2.10205078125,-2.1015625,derivative_excluded
-2.1025390625,-2.10205078125,derivative_excluded
-2.10302734375,-2.1025390625,derivative_excluded
-2.103515625,-2.10302734375,derivative_excluded
-2.10400390625,-2.103515625,derivative_excluded
-2.1044921875,-2.10400390625,derivative_excluded
-2.10498046875,-2.1044921875,derivative_excluded
-2.10546875,-2.10498046875,derivative_excluded
-2.10595703125,-2.10546875,derivative_excluded
-2.1064453125,-2.10595703125,derivative_excluded
-2.10693359375,-2.1064453125,derivative_excluded
-2.107421875,-2.10693359375,derivative_excluded
-2.10791015625,-2.107421875,derivative_excluded
-2.1083984375,-2.10791015625,derivative_excluded
-2.10888671875,-2.1083984375,derivative_excluded
-2.109375,-2.10888671875,derivative_excluded
-2.10986328125,-2.109375,derivative_excluded
-2.1103515625,-2.10986328125,derivative_excluded
-2.11083984375,-2.1103515625,derivative_excluded
-2.111328125,-2.11083984375,derivative_excluded
-2.11181640625,-2.111328125,derivative_excluded
-2.1123046875,-2.11181640625,derivative_excluded
-2.11279296875,-2.1123046875,derivative_excluded
-2.11328125,-2.11279296875,derivative_excluded
-2.11376953125,-2.11328125,derivative_excluded
-2.1142578125,-2.11376953125,derivative_excluded
-2.11474609375,-2.1142578125,derivative_excluded
-2.115234375,-2.11474609375,derivative_excluded
-2.11572265625,-2.115234375,derivative_excluded
-2.1162109375,-2.11572265625,derivative_excluded
-2.11669921875,-2.1162109375,derivative_excluded
-2.1171875,-2.11669921875,derivative_excluded
-2.11767578125,-2.1171875,derivative_excluded
-2.1181640625,-2.11767578125,derivative_excluded
-2.11865234375,-2.1181640625,derivative_excluded
-2.119140625,-2.11865234375,derivative_excluded
-2.11962890625,-2.119140625,derivative_excluded
-2.1201171875,-2.11962890625,derivative_excluded
-2.12060546875,-2.1201171875,derivative_excluded
-2.12109375,-2.12060546875,derivative_excluded
-2.12158203125,-2.12109375,derivative_excluded
-2.1220703125,-2.12158203125,derivative_excluded
-2.12255859375,-2.1220703125,derivative_excluded
-2.123046875,-2.12255859375,derivative_excluded
-2.12353515625,-2.123046875,derivative_excluded
-2.1240234375,-2.12353515625,derivative_excluded
-2.12451171875,-2.1240234375,derivative_excluded
-2.125,-2.12451171875,derivative_excluded
-2.12548828125,-2.125,derivative_excluded
-2.1259765625,-2.12548828125,derivative_excluded
-2.12646484375,-2.1259765625,derivative_excluded
-2.126953125,-2.12646484375,derivative_excluded
-2.12744140625,-2.126953125,derivative_excluded
-2.1279296875,-2.12744140625,derivative_excluded
-2.12841796875,-2.1279296875,derivative_excluded
-2.12890625,-2.12841796875,derivative_excluded
-2.12939453125,-2.12890625,derivative_excluded
-2.1298828125,-2.12939453125,derivative_excluded
-2.13037109375,-2.1298828125,derivative_excluded
-2.130859375,-2.13037109375,derivative_excluded
-2.13134765625,-2.130859375,derivative_excluded
-2.1318359375,-2.13134765625,derivative_excluded
-2.13232421875,-2.1318359375,derivative_excluded
-2.1328125,-2.13232421875,derivative_excluded
-2.13330078125,-2.1328125,derivative_excluded
-2.1337890625,-2.13330078125,derivative_excluded
-2.13427734375,-2.1337890625,derivative_excluded
-2.134765625,-2.13427734375,derivative_excluded
-2.13525390625,-2.134765625,derivative_excluded
-2.1357421875,-2.13525390625,derivative_excluded
-2.13623046875,-2.1357421875,derivative_excluded
-2.13671875,-2.13623046875,derivative_excluded
-2.13720703125,-2.13671875,derivative_excluded
-2.1376953125,-2.13720703125,derivative_excluded
-2.13818359375,-2.1376953125,derivative_excluded
-2.138671875,-2.13818359375,derivative_excluded
-2.13916015625,-2.138671875,derivative_excluded
-2.1396484375,-2.13916015625,derivative_excluded
-2.14013671875,-2.1396484375,derivative_excluded
-2.140625,-2.14013671875,derivative_excluded
-2.14111328125,-2.140625,derivative_excluded
-2.1416015625,-2.14111328125,derivative_excluded
-2.14208984375,-2.1416015625,derivative_excluded
-2.142578125,-2.14208984375,derivative_excluded
-2.14306640625,-2.142578125,derivative_excluded
-2.1435546875,-2.14306640625,derivative_excluded
-2.14404296875,-2.1435546875,derivative_excluded
-2.14453125,-2.14404296875,derivative_excluded
-2.14501953125,-2.14453125,derivative_excluded
-2.1455078125,-2.14501953125,derivative_excluded
-2.14599609375,-2.1455078125,derivative_excluded
-2.146484375,-2.14599609375,derivative_excluded
-2.14697265625,-2.146484375,derivative_excluded
-2.1474609375,-2.14697265625,derivative_excluded
-2.14794921875,-2.1474609375,derivative_excluded
-2.1484375,-2.14794921875,derivative_excluded
-2.14892578125,-2.1484375,derivative_excluded
-2.1494140625,-2.14892578125,derivative_excluded
-2.14990234375,-2.1494140625,derivative_excluded
-2.150390625,-2.14990234375,derivative_excluded
-2.15087890625,-2.150390625,derivative_excluded
-2.1513671875,-2.15087890625,derivative_excluded
-2.15185546875,-2.1513671875,derivative_excluded
-2.15234375,-2.15185546875,derivative_excluded
-2.15283203125,-2.15234375,derivative_excluded
-2.1533203125,-2.15283203125,derivative_excluded
-2.15380859375,-2.1533203125,derivative_excluded
-2.154296875,-2.15380859375,derivative_excluded
-2.15478515625,-2.154296875,derivative_excluded
-2.1552734375,-2.15478515625,derivative_excluded
-2.15576171875,-2.1552734375,derivative_excluded
-2.15625,-2.15576171875,derivative_excluded
-2.15673828125,-2.15625,derivative_excluded
-2.1572265625,-2.15673828125,derivative_excluded
-2.15771484375,-2.1572265625,derivative_excluded
-2.158203125,-2.15771484375,derivative_excluded
-2.15869140625,-2.158203125,derivative_excluded
-2.1591796875,-2.15869140625,derivative_excluded
-2.15966796875,-2.1591796875,derivative_excluded
-2.16015625,-2.15966796875,derivative_excluded
-2.16064453125,-2.16015625,derivative_excluded
-2.1611328125,-2.16064453125,derivative_excluded
-2.16162109375,-2.1611328125,derivative_excluded
-2.162109375,-2.16162109375,derivative_excluded
-2.16259765625,-2.162109375,derivative_excluded
-2.1630859375,-2.16259765625,derivative_excluded
-2.16357421875,-2.1630859375,derivative_excluded
-2.1640625,-2.16357421875,derivative_excluded
-2.16455078125,-2.1640625,derivative_excluded
-2.1650390625,-2.16455078125,derivative_excluded
-2.16552734375,-2.1650390625,derivative_excluded
-2.166015625,-2.16552734375,derivative_excluded
-2.16650390625,-2.166015625,derivative_excluded
-2.1669921875,-2.16650390625,derivative_excluded
-2.16748046875,-2.1669921875,derivative_excluded
-2.16796875,-2.16748046875,derivative_excluded
-2.16845703125,-2.16796875,derivative_excluded
-2.1689453125,-2.16845703125,derivative_excluded
-2.16943359375,-2.1689453125,derivative_excluded
-2.169921875,-2.16943359375,derivative_excluded
-2.17041015625,-2.169921875,derivative_excluded
-2.1708984375,-2.17041015625,derivative_excluded
-2.17138671875,-2.1708984375,derivative_excluded
-2.171875,-2.17138671875,derivative_excluded
-2.17236328125,-2.171875,derivative_excluded
-2.1728515625,-2.17236328125,derivative_excluded
-2.17333984375,-2.1728515625,derivative_excluded
-2.173828125,-2.17333984375,derivative_excluded
-2.17431640625,-2.173828125,derivative_excluded
-2.1748046875,-2.17431640625,derivative_excluded
-2.17529296875,-2.1748046875,derivative_excluded
-2.17578125,-2.17529296875,derivative_excluded
-2.17626953125,-2.17578125,derivative_excluded
-2.1767578125,-2.17626953125,derivative_excluded
-2.17724609375,-2.1767578125,derivative_excluded
-2.177734375,-2.17724609375,derivative_excluded
-2.17822265625,-2.177734375,derivative_excluded
-2.1787109375,-2.17822265625,derivative_excluded
-2.17919921875,-2.1787109375,derivative_excluded
-2.1796875,-2.17919921875,derivative_excluded
-2.18017578125,-2.1796875,derivative_excluded
-2.1806640625,-2.18017578125,derivative_excluded
-2.18115234375,-2.1806640625,derivative_excluded
-2.181640625,-2.18115234375,derivative_excluded
-2.18212890625,-2.181640625,derivative_excluded
-2.1826171875,-2.18212890625,derivative_excluded
-2.18310546875,-2.1826171875,derivative_excluded
-2.18359375,-2.18310546875,derivative_excluded
-2.18408203125,-2.18359375,derivative_excluded
-2.1845703125,-2.18408203125,derivative_excluded
-2.18505859375,-2.1845703125,derivative_excluded
-2.185546875,-2.18505859375,derivative_excluded
-2.18603515625,-2.185546875,derivative_excluded
-2.1865234375,-2.18603515625,derivative_excluded
-2.18701171875,-2.1865234375,derivative_excluded
-2.1875,-2.18701171875,derivative_excluded
-2.18798828125,-2.1875,derivative_excluded
-2.1884765625,-2.18798828125,derivative_excluded
-2.18896484375,-2.1884765625,derivative_excluded
-2.189453125,-2.18896484375,derivative_excluded
-2.18994140625,-2.189453125,derivative_excluded
-2.1904296875,-2.18994140625,derivative_excluded
-2.19091796875,-2.1904296875,derivative_excluded
-2.19140625,-2.19091796875,derivative_excluded
-2.19189453125,-2.19140625,derivative_excluded
-2.1923828125,-2.19189453125,derivative_excluded
-2.19287109375,-2.1923828125,derivative_excluded
-2.193359375,-2.19287109375,derivative_excluded
-2.19384765625,-2.193359375,derivative_excluded
-2.1943359375,-2.19384765625,derivative_excluded
-2.19482421875,-2.1943359375,derivative_excluded
-2.1953125,-2.19482421875,derivative_excluded
-2.19580078125,-2.1953125,derivative_excluded
-2.1962890625,-2.19580078125,derivative_excluded
-2.19677734375,-2.1962890625,derivative_excluded
-2.197265625,-2.19677734375,derivative_excluded
-2.19775390625,-2.197265625,derivative_excluded
-2.1982421875,-2.19775390625,derivative_excluded
-2.19873046875,-2.1982421875,derivative_excluded
-2.19921875,-2.19873046875,derivative_excluded
-2.19970703125,-2.19921875,derivative_excluded
-2.2001953125,-2.19970703125,derivative_excluded
-2.20068359375,-2.2001953125,derivative_excluded
-2.201171875,-2.20068359375,derivative_excluded
-2.20166015625,-2.201171875,derivative_excluded
-2.2021484375,-2.20166015625,derivative_excluded
-2.20263671875,-2.2021484375,derivative_excluded
-2.203125,-2.20263671875,derivative_excluded
-2.20361328125,-2.203125,derivative_excluded
-2.2041015625,-2.20361328125,derivative_excluded
-2.20458984375,-2.2041015625,derivative_excluded
-2.205078125,-2.20458984375,derivative_excluded
-2.20556640625,-2.205078125,derivative_excluded
-2.2060546875,-2.20556640625,derivative_excluded
-2.20654296875,-2.2060546875,derivative_excluded
-2.20703125,-2.20654296875,derivative_excluded
-2.20751953125,-2.20703125,derivative_excluded
-2.2080078125,-2.20751953125,derivative_excluded
-2.20849609375,-2.2080078125,derivative_excluded
-2.208984375,-2.20849609375,derivative_excluded
-2.20947265625,-2.208984375,derivative_excluded
-2.2099609375,-2.20947265625,derivative_excluded
-2.21044921875,-2.2099609375,derivative_excluded
-2.2109375,-2.21044921875,derivative_excluded
-2.21142578125,-2.2109375,derivative_excluded
-2.2119140625,-2.21142578125,derivative_excluded
-2.21240234375,-2.2119140625,derivative_excluded
-2.212890625,-2.21240234375,derivative_excluded
-2.21337890625,-2.212890625,derivative_excluded
-2.2138671875,-2.21337890625,derivative_excluded
-2.21435546875,-2.2138671875,derivative_excluded
-2.21484375,-2.21435546875,derivative_excluded
-2.21533203125,-2.21484375,derivative_excluded
-2.2158203125,-2.21533203125,derivative_excluded
-2.21630859375,-2.2158203125,derivative_excluded
-2.216796875,-2.21630859375,derivative_excluded
-2.21728515625,-2.216796875,derivative_excluded
-2.2177734375,-2.21728515625,derivative_excluded
-2.21826171875,-2.2177734375,derivative_excluded
-2.21875,-2.21826171875,derivative_excluded
-2.21923828125,-2.21875,derivative_excluded
-2.2197265625,-2.21923828125,derivative_excluded
-2.22021484375,-2.2197265625,derivative_excluded
-2.220703125,-2.22021484375,derivative_excluded
-2.22119140625,-2.220703125,derivative_excluded
-2.2216796875,-2.22119140625,derivative_excluded
-2.22216796875,-2.2216796875,derivative_excluded
-2.22265625,-2.22216796875,derivative_excluded
-2.22314453125,-2.22265625,derivative_excluded
-2.2236328125,-2.22314453125,derivative_excluded
-2.22412109375,-2.2236328125,derivative_excluded
-2.224609375,-2.22412109375,derivative_excluded
-2.22509765625,-2.224609375,derivative_excluded
-2.2255859375,-2.22509765625,derivative_excluded
-2.22607421875,-2.2255859375,derivative_excluded
-2.2265625,-2.22607421875,derivative_excluded
-2.22705078125,-2.2265625,derivative_excluded
-2.2275390625,-2.22705078125,derivative_excluded
-2.22802734375,-2.2275390625,derivative_excluded
-2.228515625,-2.22802734375,derivative_excluded
-2.22900390625,-2.228515625,derivative_excluded
-2.2294921875,-2.22900390625,derivative_excluded
-2.22998046875,-2.2294921875,derivative_excluded
-2.23046875,-2.22998046875,derivative_excluded
-2.23095703125,-2.23046875,derivative_excluded
-2.2314453125,-2.23095703125,derivative_excluded
-2.23193359375,-2.2314453125,derivative_excluded
-2.232421875,-2.23193359375,derivative_excluded
-2.23291015625,-2.232421875,derivative_excluded
-2.2333984375,-2.23291015625,derivative_excluded
-2.23388671875,-2.2333984375,derivative_excluded
-2.234375,-2.23388671875,derivative_excluded
-2.23486328125,-2.234375,derivative_excluded
-2.2353515625,-2.23486328125,derivative_excluded
-2.23583984375,-2.2353515625,derivative_excluded
-2.236328125,-2.23583984375,derivative_excluded
-2.23681640625,-2.236328125,derivative_excluded
-2.2373046875,-2.23681640625,derivative_excluded
-2.23779296875,-2.2373046875,derivative_excluded
-2.23828125,-2.23779296875,derivative_excluded
-2.23876953125,-2.23828125,derivative_excluded
-2.2392578125,-2.23876953125,derivative_excluded
-2.23974609375,-2.2392578125,derivative_excluded
-2.240234375,-2.23974609375,derivative_excluded
-2.24072265625,-2.240234375,derivative_excluded
-2.2412109375,-2.24072265625,derivative_excluded
-2.24169921875,-2.2412109375,derivative_excluded
-2.2421875,-2.24169921875,derivative_excluded
-2.24267578125,-2.2421875,derivative_excluded
-2.2431640625,-2.24267578125,derivative_excluded
-2.24365234375,-2.2431640625,derivative_excluded
-2.244140625,-2.24365234375,derivative_excluded
-2.24462890625,-2.244140625,derivative_excluded
-2.2451171875,-2.24462890625,derivative_excluded
-2.24560546875,-2.2451171875,derivative_excluded
-2.24609375,-2.24560546875,derivative_excluded
-2.24658203125,-2.24609375,derivative_excluded
-2.2470703125,-2.24658203125,derivative_excluded
-2.24755859375,-2.2470703125,derivative_excluded
-2.248046875,-2.24755859375,derivative_excluded
-2.24853515625,-2.248046875,derivative_excluded
-2.2490234375,-2.24853515625,derivative_excluded
-2.24951171875,-2.2490234375,derivative_excluded
-2.25,-2.24951171875,derivative_excluded
-2.2509765625,-2.25,derivative_excluded
-2.251953125,-2.2509765625,derivative_excluded
-2.2529296875,-2.251953125,derivative_excluded
-2.25390625,-2.2529296875,derivative_excluded
-2.2548828125,-2.25390625,derivative_excluded
-2.255859375,-2.2548828125,derivative_excluded
-2.2568359375,-2.255859375,derivative_excluded
-2.2578125,-2.2568359375,derivative_excluded
-2.2587890625,-2.2578125,derivative_excluded
-2.259765625,-2.2587890625,derivative_excluded
-2.2607421875,-2.259765625,derivative_excluded
-2.26171875,-2.2607421875,derivative_excluded
-2.2626953125,-2.26171875,derivative_excluded
-2.263671875,-2.2626953125,derivative_excluded
-2.2646484375,-2.263671875,derivative_excluded
-2.265625,-2.2646484375,derivative_excluded
-2.2666015625,-2.265625,derivative_excluded
-2.267578125,-2.2666015625,derivative_excluded
-2.2685546875,-2.267578125,derivative_excluded
-2.26953125,-2.2685546875,derivative_excluded
-2.2705078125,-2.26953125,derivative_excluded
-2.271484375,-2.2705078125,derivative_excluded
-2.2724609375,-2.271484375,derivative_excluded
-2.2734375,-2.2724609375,derivative_excluded
-2.2744140625,-2.2734375,derivative_excluded
-2.275390625,-2.2744140625,derivative_excluded
-2.2763671875,-2.275390625,derivative_excluded
-2.27734375,-2.2763671875,derivative_excluded
-2.2783203125,-2.27734375,derivative_excluded
-2.279296875,-2.2783203125,derivative_excluded
-2.2802734375,-2.279296875,derivative_excluded
-2.28125,-2.2802734375,derivative_excluded
-2.2822265625,-2.28125,derivative_excluded
-2.283203125,-2.2822265625,derivative_excluded
-2.2841796875,-2.283203125,derivative_excluded
-2.28515625,-2.2841796875,derivative_excluded
-2.2861328125,-2.28515625,derivative_excluded
-2.287109375,-2.2861328125,derivative_excluded
-2.2880859375,-2.287109375,derivative_excluded
-2.2890625,-2.2880859375,derivative_excluded
-2.2900390625,-2.2890625,derivative_excluded
-2.291015625,-2.2900390625,derivative_excluded
-2.2919921875,-2.291015625,derivative_excluded
-2.29296875,-2.2919921875,derivative_excluded
-2.2939453125,-2.29296875,derivative_excluded
-2.294921875,-2.2939453125,derivative_excluded
-2.2958984375,-2.294921875,derivative_excluded
-2.296875,-2.2958984375,derivative_excluded
-2.2978515625,-2.296875,derivative_excluded
-2.298828125,-2.2978515625,derivative_excluded
-2.2998046875,-2.298828125,derivative_excluded
-2.30078125,-2.2998046875,derivative_excluded
-2.3017578125,-2.30078125,derivative_excluded
-2.302734375,-2.3017578125,derivative_excluded
-2.3037109375,-2.302734375,derivative_excluded
-2.3046875,-2.3037109375,derivative_excluded
-2.3056640625,-2.3046875,derivative_excluded
-2.306640625,-2.3056640625,derivative_excluded
-2.3076171875,-2.306640625,derivative_excluded
-2.30859375,-2.3076171875,derivative_excluded
-2.3095703125,-2.30859375,derivative_excluded
-2.310546875,-2.3095703125,derivative_excluded
-2.3115234375,-2.310546875,derivative_excluded
-2.3125,-2.3115234375,derivative_excluded
-2.3134765625,-2.3125,derivative_excluded
-2.314453125,-2.3134765625,derivative_excluded
-2.3154296875,-2.314453125,derivative_excluded
-2.31640625,-2.3154296875,derivative_excluded
-2.3173828125,-2.31640625,derivative_excluded
-2.318359375,-2.3173828125,derivative_excluded
-2.3193359375,-2.318359375,derivative_excluded
-2.3203125,-2.3193359375,derivative_excluded
-2.3212890625,-2.3203125,derivative_excluded
-2.322265625,-2.3212890625,derivative_excluded
-2.3232421875,-2.322265625,derivative_excluded
-2.32421875,-2.3232421875,derivative_excluded
-2.3251953125,-2.32421875,derivative_excluded
-2.326171875,-2.3251953125,derivative_excluded
-2.3271484375,-2.326171875,derivative_excluded
-2.328125,-2.3271484375,derivative_excluded
-2.3291015625,-2.328125,derivative_excluded
-2.330078125,-2.3291015625,derivative_excluded
-2.3310546875,-2.330078125,derivative_excluded
-2.33203125,-2.3310546875,derivative_excluded
-2.3330078125,-2.33203125,derivative_excluded
-2.333984375,-2.3330078125,derivative_excluded
-2.3349609375,-2.333984375,derivative_excluded
-2.3359375,-2.3349609375,derivative_excluded
-2.3369140625,-2.3359375,derivative_excluded
-2.337890625,-2.3369140625,derivative_excluded
-2.3388671875,-2.337890625,derivative_excluded
-2.33984375,-2.3388671875,derivative_excluded
-2.3408203125,-2.33984375,derivative_excluded
-2.341796875,-2.3408203125,derivative_excluded
-2.3427734375,-2.341796875,derivative_excluded
-2.34375,-2.3427734375,derivative_excluded
-2.3447265625,-2.34375,derivative_excluded
-2.345703125,-2.3447265625,derivative_excluded
-2.3466796875,-2.345703125,derivative_excluded
-2.34765625,-2.3466796875,derivative_excluded
-2.3486328125,-2.34765625,derivative_excluded
-2.349609375,-2.3486328125,derivative_excluded
-2.3505859375,-2.349609375,derivative_excluded
-2.3515625,-2.3505859375,derivative_excluded
-2.3525390625,-2.3515625,derivative_excluded
-2.353515625,-2.3525390625,derivative_excluded
-2.3544921875,-2.353515625,derivative_excluded
-2.35546875,-2.3544921875,derivative_excluded
-2.3564453125,-2.35546875,derivative_excluded
-2.357421875,-2.3564453125,derivative_excluded
-2.3583984375,-2.357421875,derivative_excluded
-2.359375,-2.3583984375,derivative_excluded
-2.3603515625,-2.359375,derivative_excluded
-2.361328125,-2.3603515625,derivative_excluded
-2.3623046875,-2.361328125,derivative_excluded
-2.36328125,-2.3623046875,derivative_excluded
-2.3642578125,-2.36328125,derivative_excluded
-2.365234375,-2.3642578125,derivative_excluded
-2.3662109375,-2.365234375,derivative_excluded
-2.3671875,-2.3662109375,derivative_excluded
-2.3681640625,-2.3671875,derivative_excluded
-2.369140625,-2.3681640625,derivative_excluded
-2.3701171875,-2.369140625,derivative_excluded
-2.37109375,-2.3701171875,derivative_excluded
-2.3720703125,-2.37109375,derivative_excluded
-2.373046875,-2.3720703125,derivative_excluded
-2.3740234375,-2.373046875,derivative_excluded
-2.375,-2.3740234375,derivative_excluded
-2.3759765625,-2.375,derivative_excluded
-2.376953125,-2.3759765625,derivative_excluded
-2.3779296875,-2.376953125,derivative_excluded
-2.37890625,-2.3779296875,derivative_excluded
-2.3798828125,-2.37890625,derivative_excluded
-2.380859375,-2.3798828125,derivative_excluded
-2.3818359375,-2.380859375,derivative_excluded
-2.3828125,-2.3818359375,derivative_excluded
-2.3837890625,-2.3828125,derivative_excluded
-2.384765625,-2.3837890625,derivative_excluded
-2.3857421875,-2.384765625,derivative_excluded
-2.38671875,-2.3857421875,derivative_excluded
-2.3876953125,-2.38671875,derivative_excluded
-2.388671875,-2.3876953125,derivative_excluded
-2.3896484375,-2.388671875,derivative_excluded
-2.390625,-2.3896484375,derivative_excluded
-2.3916015625,-2.390625,derivative_excluded
-2.392578125,-2.3916015625,derivative_excluded
-2.3935546875,-2.392578125,derivative_excluded
-2.39453125,-2.3935546875,derivative_excluded
-2.3955078125,-2.39453125,derivative_excluded
-2.396484375,-2.3955078125,derivative_excluded
-2.3974609375,-2.396484375,derivative_excluded
-2.3984375,-2.3974609375,derivative_excluded
-2.3994140625,-2.3984375,derivative_excluded
-2.400390625,-2.3994140625,derivative_excluded
-2.4013671875,-2.400390625,derivative_excluded
-2.40234375,-2.4013671875,derivative_excluded
-2.4033203125,-2.40234375,derivative_excluded
-2.404296875,-2.4033203125,derivative_excluded
-2.4052734375,-2.404296875,derivative_excluded
-2.40625,-2.4052734375,derivative_excluded
-2.4072265625,-2.40625,derivative_excluded
-2.408203125,-2.4072265625,derivative_excluded
-2.4091796875,-2.408203125,derivative_excluded
-2.41015625,-2.4091796875,derivative_excluded
-2.4111328125,-2.41015625,derivative_excluded
-2.412109375,-2.4111328125,derivative_excluded
-2.4130859375,-2.412109375,derivative_excluded
-2.4140625,-2.4130859375,derivative_excluded
-2.4150390625,-2.4140625,derivative_excluded
-2.416015625,-2.4150390625,derivative_excluded
-2.4169921875,-2.416015625,derivative_excluded
-2.41796875,-2.4169921875,derivative_excluded
-2.4189453125,-2.41796875,derivative_excluded
-2.419921875,-2.4189453125,derivative_excluded
-2.4208984375,-2.419921875,derivative_excluded
-2.421875,-2.4208984375,derivative_excluded
-2.4228515625,-2.421875,derivative_excluded
-2.423828125,-2.4228515625,derivative_excluded
-2.4248046875,-2.423828125,derivative_excluded
-2.42578125,-2.4248046875,derivative_excluded
-2.4267578125,-2.42578125,derivative_excluded
-2.427734375,-2.4267578125,derivative_excluded
-2.4287109375,-2.427734375,derivative_excluded
-2.4296875,-2.4287109375,derivative_excluded
-2.4306640625,-2.4296875,derivative_excluded
-2.431640625,-2.4306640625,derivative_excluded
-2.4326171875,-2.431640625,derivative_excluded
-2.43359375,-2.4326171875,derivative_excluded
-2.4345703125,-2.43359375,derivative_excluded
-2.435546875,-2.4345703125,derivative_excluded
-2.4365234375,-2.435546875,derivative_excluded
-2.4375,-2.4365234375,derivative_excluded
-2.4384765625,-2.4375,derivative_excluded
-2.439453125,-2.4384765625,derivative_excluded
-2.4404296875,-2.439453125,derivative_excluded
-2.44140625,-2.4404296875,derivative_excluded
-2.4423828125,-2.44140625,derivative_excluded
-2.443359375,-2.4423828125,derivative_excluded
-2.4443359375,-2.443359375,derivative_excluded
-2.4453125,-2.4443359375,derivative_excluded
-2.4462890625,-2.4453125,derivative_excluded
-2.447265625,-2.4462890625,derivative_excluded
-2.4482421875,-2.447265625,derivative_excluded
-2.44921875,-2.4482421875,derivative_excluded
-2.4501953125,-2.44921875,derivative_excluded
-2.451171875,-2.4501953125,derivative_excluded
-2.4521484375,-2.451171875,derivative_excluded
-2.453125,-2.4521484375,derivative_excluded
-2.4541015625,-2.453125,derivative_excluded
-2.455078125,-2.4541015625,derivative_excluded
-2.4560546875,-2.455078125,derivative_excluded
-2.45703125,-2.4560546875,derivative_excluded
-2.4580078125,-2.45703125,derivative_excluded
-2.458984375,-2.4580078125,derivative_excluded
-2.4599609375,-2.458984375,derivative_excluded
-2.4609375,-2.4599609375,derivative_excluded
-2.4619140625,-2.4609375,derivative_excluded
-2.462890625,-2.4619140625,derivative_excluded
-2.4638671875,-2.462890625,derivative_excluded
-2.46484375,-2.4638671875,derivative_excluded
-2.4658203125,-2.46484375,derivative_excluded
-2.466796875,-2.4658203125,derivative_excluded
-2.4677734375,-2.466796875,derivative_excluded
-2.46875,-2.4677734375,derivative_excluded
-2.4697265625,-2.46875,derivative_excluded
-2.470703125,-2.4697265625,derivative_excluded
-2.4716796875,-2.470703125,derivative_excluded
-2.47265625,-2.4716796875,derivative_excluded
-2.4736328125,-2.47265625,derivative_excluded
-2.474609375,-2.4736328125,derivative_excluded
-2.4755859375,-2.474609375,derivative_excluded
-2.4765625,-2.4755859375,derivative_excluded
-2.4775390625,-2.4765625,derivative_excluded
-2.478515625,-2.4775390625,derivative_excluded
-2.4794921875,-2.478515625,derivative_excluded
-2.48046875,-2.4794921875,derivative_excluded
-2.4814453125,-2.48046875,derivative_excluded
-2.482421875,-2.4814453125,derivative_excluded
-2.4833984375,-2.482421875,derivative_excluded
-2.484375,-2.4833984375,derivative_excluded
-2.4853515625,-2.484375,derivative_excluded
-2.486328125,-2.4853515625,derivative_excluded
-2.4873046875,-2.486328125,derivative_excluded
-2.48828125,-2.4873046875,derivative_excluded
-2.4892578125,-2.48828125,derivative_excluded
-2.490234375,-2.4892578125,derivative_excluded
-2.4912109375,-2.490234375,derivative_excluded
-2.4921875,-2.4912109375,derivative_excluded
-2.4931640625,-2.4921875,derivative_excluded
-2.494140625,-2.4931640625,derivative_excluded
-2.4951171875,-2.494140625,derivative_excluded
-2.49609375,-2.4951171875,derivative_excluded
-2.4970703125,-2.49609375,derivative_excluded
-2.498046875,-2.4970703125,derivative_excluded
-2.4990234375,-2.498046875,derivative_excluded
-2.5,-2.4990234375,derivative_excluded
-2.5009765625,-2.5,derivative_excluded
-2.501953125,-2.5009765625,derivative_excluded
-2.5029296875,-2.501953125,derivative_excluded
-2.50390625,-2.5029296875,derivative_excluded
-2.5048828125,-2.50390625,derivative_excluded
-2.505859375,-2.5048828125,derivative_excluded
-2.5068359375,-2.505859375,derivative_excluded
-2.5078125,-2.5068359375,derivative_excluded
-2.5087890625,-2.5078125,derivative_excluded
-2.509765625,-2.5087890625,derivative_excluded
-2.5107421875,-2.509765625,derivative_excluded
-2.51171875,-2.5107421875,derivative_excluded
-2.5126953125,-2.51171875,derivative_excluded
-2.513671875,-2.5126953125,derivative_excluded
-2.5146484375,-2.513671875,derivative_excluded
-2.515625,-2.5146484375,derivative_excluded
-2.5166015625,-2.515625,derivative_excluded
-2.517578125,-2.5166015625,derivative_excluded
-2.5185546875,-2.517578125,derivative_excluded
-2.51953125,-2.5185546875,derivative_excluded
-2.5205078125,-2.51953125,derivative_excluded
-2.521484375,-2.5205078125,derivative_excluded
-2.5224609375,-2.521484375,derivative_excluded
-2.5234375,-2.5224609375,derivative_excluded
-2.5244140625,-2.5234375,derivative_excluded
-2.525390625,-2.5244140625,derivative_excluded
-2.5263671875,-2.525390625,derivative_excluded
-2.52734375,-2.5263671875,derivative_excluded
-2.5283203125,-2.52734375,derivative_excluded
-2.529296875,-2.5283203125,derivative_excluded
-2.5302734375,-2.529296875,derivative_excluded
-2.53125,-2.5302734375,derivative_excluded
-2.5322265625,-2.53125,derivative_excluded
-2.533203125,-2.5322265625,derivative_excluded
-2.5341796875,-2.533203125,derivative_excluded
-2.53515625,-2.5341796875,derivative_excluded
-2.5361328125,-2.53515625,derivative_excluded
-2.537109375,-2.5361328125,derivative_excluded
-2.5380859375,-2.537109375,derivative_excluded
-2.5390625,-2.5380859375,derivative_excluded
-2.5400390625,-2.5390625,derivative_excluded
-2.541015625,-2.5400390625,derivative_excluded
-2.5419921875,-2.541015625,derivative_excluded
-2.54296875,-2.5419921875,derivative_excluded
-2.5439453125,-2.54296875,derivative_excluded
-2.544921875,-2.5439453125,derivative_excluded
-2.5458984375,-2.544921875,derivative_excluded
-2.546875,-2.5458984375,derivative_excluded
-2.5478515625,-2.546875,derivative_excluded
-2.548828125,-2.5478515625,derivative_excluded
-2.5498046875,-2.548828125,derivative_excluded
-2.55078125,-2.5498046875,derivative_excluded
-2.5517578125,-2.55078125,derivative_excluded
-2.552734375,-2.5517578125,derivative_excluded
-2.5537109375,-2.552734375,derivative_excluded
-2.5546875,-2.5537109375,derivative_excluded
-2.5556640625,-2.5546875,derivative_excluded
-2.556640625,-2.5556640625,derivative_excluded
-2.5576171875,-2.556640625,derivative_excluded
-2.55859375,-2.5576171875,derivative_excluded
-2.5595703125,-2.55859375,derivative_excluded
-2.560546875,-2.5595703125,derivative_excluded
-2.5615234375,-2.560546875,derivative_excluded
-2.5625,-2.5615234375,derivative_excluded
-2.5634765625,-2.5625,derivative_excluded
-2.564453125,-2.5634765625,derivative_excluded
-2.5654296875,-2.564453125,derivative_excluded
-2.56640625,-2.5654296875,derivative_excluded
-2.5673828125,-2.56640625,derivative_excluded
-2.568359375,-2.5673828125,derivative_excluded
-2.5693359375,-2.568359375,derivative_excluded
-2.5703125,-2.5693359375,derivative_excluded
-2.5712890625,-2.5703125,derivative_excluded
-2.572265625,-2.5712890625,derivative_excluded
-2.5732421875,-2.572265625,derivative_excluded
-2.57421875,-2.5732421875,derivative_excluded
-2.5751953125,-2.57421875,derivative_excluded
-2.576171875,-2.5751953125,derivative_excluded
-2.5771484375,-2.576171875,derivative_excluded
-2.578125,-2.5771484375,derivative_excluded
-2.5791015625,-2.578125,derivative_excluded
-2.580078125,-2.5791015625,derivative_excluded
-2.5810546875,-2.580078125,derivative_excluded
-2.58203125,-2.5810546875,derivative_excluded
-2.5830078125,-2.58203125,derivative_excluded
-2.583984375,-2.5830078125,derivative_excluded
-2.5849609375,-2.583984375,derivative_excluded
-2.5859375,-2.5849609375,derivative_excluded
-2.5869140625,-2.5859375,derivative_excluded
-2.587890625,-2.5869140625,derivative_excluded
-2.5888671875,-2.587890625,derivative_excluded
-2.58984375,-2.5888671875,derivative_excluded
-2.5908203125,-2.58984375,derivative_excluded
-2.591796875,-2.5908203125,derivative_excluded
-2.5927734375,-2.591796875,derivative_excluded
-2.59375,-2.5927734375,derivative_excluded
-2.5947265625,-2.59375,derivative_excluded
-2.595703125,-2.5947265625,derivative_excluded
-2.5966796875,-2.595703125,derivative_excluded
-2.59765625,-2.5966796875,derivative_excluded
-2.5986328125,-2.59765625,derivative_excluded
-2.599609375,-2.5986328125,derivative_excluded
-2.6005859375,-2.599609375,derivative_excluded
-2.6015625,-2.6005859375,derivative_excluded
-2.6025390625,-2.6015625,derivative_excluded
-2.603515625,-2.6025390625,derivative_excluded
-2.6044921875,-2.603515625,derivative_excluded
-2.60546875,-2.6044921875,derivative_excluded
-2.6064453125,-2.60546875,derivative_excluded
-2.607421875,-2.6064453125,derivative_excluded
-2.6083984375,-2.607421875,derivative_excluded
-2.609375,-2.6083984375,derivative_excluded
-2.6103515625,-2.609375,derivative_excluded
-2.611328125,-2.6103515625,derivative_excluded
-2.6123046875,-2.611328125,derivative_excluded
-2.61328125,-2.6123046875,derivative_excluded
-2.6142578125,-2.61328125,derivative_excluded
-2.615234375,-2.6142578125,derivative_excluded
-2.6162109375,-2.615234375,derivative_excluded
-2.6171875,-2.6162109375,derivative_excluded
-2.6181640625,-2.6171875,derivative_excluded
-2.619140625,-2.6181640625,derivative_excluded
-2.6201171875,-2.619140625,derivative_excluded
-2.62109375,-2.6201171875,derivative_excluded
-2.6220703125,-2.62109375,derivative_excluded
-2.623046875,-2.6220703125,derivative_excluded
-2.6240234375,-2.623046875,derivative_excluded
-2.625,-2.6240234375,derivative_excluded
-2.6259765625,-2.625,derivative_excluded
-2.626953125,-2.6259765625,derivative_excluded
-2.6279296875,-2.626953125,derivative_excluded
-2.62890625,-2.6279296875,derivative_excluded
-2.6298828125,-2.62890625,derivative_excluded
-2.630859375,-2.6298828125,derivative_excluded
-2.6318359375,-2.630859375,derivative_excluded
-2.6328125,-2.6318359375,derivative_excluded
-2.6337890625,-2.6328125,derivative_excluded
-2.634765625,-2.6337890625,derivative_excluded
-2.6357421875,-2.634765625,derivative_excluded
-2.63671875,-2.6357421875,derivative_excluded
-2.6376953125,-2.63671875,derivative_excluded
-2.638671875,-2.6376953125,derivative_excluded
-2.6396484375,-2.638671875,derivative_excluded
-2.640625,-2.6396484375,derivative_excluded
-2.6416015625,-2.640625,derivative_excluded
-2.642578125,-2.6416015625,derivative_excluded
-2.6435546875,-2.642578125,derivative_excluded
-2.64453125,-2.6435546875,derivative_excluded
-2.6455078125,-2.64453125,derivative_excluded
-2.646484375,-2.6455078125,derivative_excluded
-2.6474609375,-2.646484375,derivative_excluded
-2.6484375,-2.6474609375,derivative_excluded
-2.6494140625,-2.6484375,derivative_excluded
-2.650390625,-2.6494140625,derivative_excluded
-2.6513671875,-2.650390625,derivative_excluded
-2.65234375,-2.6513671875,derivative_excluded
-2.6533203125,-2.65234375,derivative_excluded
-2.654296875,-2.6533203125,derivative_excluded
-2.6552734375,-2.654296875,derivative_excluded
-2.65625,-2.6552734375,derivative_excluded
-2.6572265625,-2.65625,derivative_excluded
-2.658203125,-2.6572265625,derivative_excluded
-2.6591796875,-2.658203125,derivative_excluded
-2.66015625,-2.6591796875,derivative_excluded
-2.6611328125,-2.66015625,derivative_excluded
-2.662109375,-2.6611328125,derivative_excluded
-2.6630859375,-2.662109375,derivative_excluded
-2.6640625,-2.6630859375,derivative_excluded
-2.6650390625,-2.6640625,derivative_excluded
-2.666015625,-2.6650390625,derivative_excluded
-2.6669921875,-2.666015625,derivative_excluded
-2.66796875,-2.6669921875,derivative_excluded
-2.6689453125,-2.66796875,derivative_excluded
-2.669921875,-2.6689453125,derivative_excluded
-2.6708984375,-2.669921875,derivative_excluded
-2.671875,-2.6708984375,derivative_excluded
-2.6728515625,-2.671875,derivative_excluded
-2.673828125,-2.6728515625,derivative_excluded
-2.6748046875,-2.673828125,derivative_excluded
-2.67578125,-2.6748046875,derivative_excluded
-2.6767578125,-2.67578125,derivative_excluded
-2.677734375,-2.6767578125,derivative_excluded
-2.6787109375,-2.677734375,derivative_excluded
-2.6796875,-2.6787109375,derivative_excluded
-2.6806640625,-2.6796875,derivative_excluded
-2.681640625,-2.6806640625,derivative_excluded
-2.6826171875,-2.681640625,derivative_excluded
-2.68359375,-2.6826171875,derivative_excluded
-2.6845703125,-2.68359375,derivative_excluded
-2.685546875,-2.6845703125,derivative_excluded
-2.6865234375,-2.685546875,derivative_excluded
-2.6875,-2.6865234375,derivative_excluded
-2.6884765625,-2.6875,derivative_excluded
-2.689453125,-2.6884765625,derivative_excluded
-2.6904296875,-2.689453125,derivative_excluded
-2.69140625,-2.6904296875,derivative_excluded
-2.6923828125,-2.69140625,derivative_excluded
-2.693359375,-2.6923828125,derivative_excluded
-2.6943359375,-2.693359375,derivative_excluded
-2.6953125,-2.6943359375,derivative_excluded
-2.6962890625,-2.6953125,derivative_excluded
-2.697265625,-2.6962890625,derivative_excluded
-2.6982421875,-2.697265625,derivative_excluded
-2.69921875,-2.6982421875,derivative_excluded
-2.7001953125,-2.69921875,derivative_excluded
-2.701171875,-2.7001953125,derivative_excluded
-2.7021484375,-2.701171875,derivative_excluded
-2.703125,-2.7021484375,derivative_excluded
-2.7041015625,-2.703125,derivative_excluded
-2.705078125,-2.7041015625,derivative_excluded
-2.7060546875,-2.705078125,derivative_excluded
-2.70703125,-2.7060546875,derivative_excluded
-2.7080078125,-2.70703125,derivative_excluded
-2.708984375,-2.7080078125,derivative_excluded
-2.7099609375,-2.708984375,derivative_excluded
-2.7109375,-2.7099609375,derivative_excluded
-2.7119140625,-2.7109375,derivative_excluded
-2.712890625,-2.7119140625,derivative_excluded
-2.7138671875,-2.712890625,derivative_excluded
-2.71484375,-2.7138671875,derivative_excluded
-2.7158203125,-2.71484375,derivative_excluded
-2.716796875,-2.7158203125,derivative_excluded
-2.7177734375,-2.716796875,derivative_excluded
-2.71875,-2.7177734375,derivative_excluded
-2.7197265625,-2.71875,derivative_excluded
-2.720703125,-2.7197265625,derivative_excluded
-2.7216796875,-2.720703125,derivative_excluded
-2.72265625,-2.7216796875,derivative_excluded
-2.7236328125,-2.72265625,derivative_excluded
-2.724609375,-2.7236328125,derivative_excluded
-2.7255859375,-2.724609375,derivative_excluded
-2.7265625,-2.7255859375,derivative_excluded
-2.7275390625,-2.7265625,derivative_excluded
-2.728515625,-2.7275390625,derivative_excluded
-2.7294921875,-2.728515625,derivative_excluded
-2.73046875,-2.7294921875,derivative_excluded
-2.7314453125,-2.73046875,derivative_excluded
-2.732421875,-2.7314453125,derivative_excluded
-2.7333984375,-2.732421875,derivative_excluded
-2.734375,-2.7333984375,derivative_excluded
-2.7353515625,-2.734375,derivative_excluded
-2.736328125,-2.7353515625,derivative_excluded
-2.7373046875,-2.736328125,derivative_excluded
-2.73828125,-2.7373046875,derivative_excluded
-2.7392578125,-2.73828125,derivative_excluded
-2.740234375,-2.7392578125,derivative_excluded
-2.7412109375,-2.740234375,derivative_excluded
-2.7421875,-2.7412109375,derivative_excluded
-2.7431640625,-2.7421875,derivative_excluded
-2.744140625,-2.7431640625,derivative_excluded
-2.7451171875,-2.744140625,derivative_excluded
-2.74609375,-2.7451171875,derivative_excluded
-2.7470703125,-2.74609375,derivative_excluded
-2.748046875,-2.7470703125,derivative_excluded
-2.7490234375,-2.748046875,derivative_excluded
-2.75,-2.7490234375,derivative_excluded
-2.7509765625,-2.75,derivative_excluded
-2.751953125,-2.7509765625,derivative_excluded
-2.7529296875,-2.751953125,derivative_excluded
-2.75390625,-2.7529296875,derivative_excluded
-2.7548828125,-2.75390625,derivative_excluded
-2.755859375,-2.7548828125,derivative_excluded
-2.7568359375,-2.755859375,derivative_excluded
-2.7578125,-2.7568359375,derivative_excluded
-2.7587890625,-2.7578125,derivative_excluded
-2.759765625,-2.7587890625,derivative_excluded
-2.7607421875,-2.759765625,derivative_excluded
-2.76171875,-2.7607421875,derivative_excluded
-2.7626953125,-2.76171875,derivative_excluded
-2.763671875,-2.7626953125,derivative_excluded
-2.7646484375,-2.763671875,derivative_excluded
-2.765625,-2.7646484375,derivative_excluded
-2.7666015625,-2.765625,derivative_excluded
-2.767578125,-2.7666015625,derivative_excluded
-2.7685546875,-2.767578125,derivative_excluded
-2.76953125,-2.7685546875,derivative_excluded
-2.7705078125,-2.76953125,derivative_excluded
-2.771484375,-2.7705078125,derivative_excluded
-2.7724609375,-2.771484375,derivative_excluded
-2.7734375,-2.7724609375,derivative_excluded
-2.7744140625,-2.7734375,derivative_excluded
-2.775390625,-2.7744140625,derivative_excluded
-2.7763671875,-2.775390625,derivative_excluded
-2.77734375,-2.7763671875,derivative_excluded
-2.7783203125,-2.77734375,derivative_excluded
-2.779296875,-2.7783203125,derivative_excluded
-2.7802734375,-2.779296875,derivative_excluded
-2.78125,-2.7802734375,derivative_excluded
-2.7822265625,-2.78125,derivative_excluded
-2.783203125,-2.7822265625,derivative_excluded
-2.7841796875,-2.783203125,derivative_excluded
-2.78515625,-2.7841796875,derivative_excluded
-2.7861328125,-2.78515625,derivative_excluded
-2.787109375,-2.7861328125,derivative_excluded
-2.7880859375,-2.787109375,derivative_excluded
-2.7890625,-2.7880859375,derivative_excluded
-2.7900390625,-2.7890625,derivative_excluded
-2.791015625,-2.7900390625,derivative_excluded
-2.7919921875,-2.791015625,derivative_excluded
-2.79296875,-2.7919921875,derivative_excluded
-2.7939453125,-2.79296875,derivative_excluded
-2.794921875,-2.7939453125,derivative_excluded
-2.7958984375,-2.794921875,derivative_excluded
-2.796875,-2.7958984375,derivative_excluded
-2.7978515625,-2.796875,derivative_excluded
-2.798828125,-2.7978515625,derivative_excluded
-2.7998046875,-2.798828125,derivative_excluded
-2.80078125,-2.7998046875,derivative_excluded
-2.8017578125,-2.80078125,derivative_excluded
-2.802734375,-2.8017578125,derivative_excluded
-2.8037109375,-2.802734375,derivative_excluded
-2.8046875,-2.8037109375,derivative_excluded
-2.8056640625,-2.8046875,derivative_excluded
-2.806640625,-2.8056640625,derivative_excluded
-2.8076171875,-2.806640625,derivative_excluded
-2.80859375,-2.8076171875,derivative_excluded
-2.8095703125,-2.80859375,derivative_excluded
-2.810546875,-2.8095703125,derivative_excluded
-2.8115234375,-2.810546875,derivative_excluded
-2.8125,-2.8115234375,derivative_excluded
-2.8134765625,-2.8125,derivative_excluded
-2.814453125,-2.8134765625,derivative_excluded
-2.8154296875,-2.814453125,derivative_excluded
-2.81640625,-2.8154296875,derivative_excluded
-2.8173828125,-2.81640625,derivative_excluded
-2.818359375,-2.8173828125,derivative_excluded
-2.8193359375,-2.818359375,derivative_excluded
-2.8203125,-2.8193359375,derivative_excluded
-2.8212890625,-2.8203125,derivative_excluded
-2.822265625,-2.8212890625,derivative_excluded
-2.8232421875,-2.822265625,derivative_excluded
-2.82421875,-2.8232421875,derivative_excluded
-2.8251953125,-2.82421875,derivative_excluded
-2.826171875,-2.8251953125,derivative_excluded
-2.8271484375,-2.826171875,derivative_excluded
-2.828125,-2.8271484375,derivative_excluded
-2.8291015625,-2.828125,derivative_excluded
-2.830078125,-2.8291015625,derivative_excluded
-2.8310546875,-2.830078125,derivative_excluded
-2.83203125,-2.8310546875,derivative_excluded
-2.8330078125,-2.83203125,derivative_excluded
-2.833984375,-2.8330078125,derivative_excluded
-2.8349609375,-2.833984375,derivative_excluded
-2.8359375,-2.8349609375,derivative_excluded
-2.8369140625,-2.8359375,derivative_excluded
-2.837890625,-2.8369140625,derivative_excluded
-2.8388671875,-2.837890625,derivative_excluded
-2.83984375,-2.8388671875,derivative_excluded
-2.8408203125,-2.83984375,derivative_excluded
-2.841796875,-2.8408203125,derivative_excluded
-2.8427734375,-2.841796875,derivative_excluded
-2.84375,-2.8427734375,derivative_excluded
-2.8447265625,-2.84375,derivative_excluded
-2.845703125,-2.8447265625,derivative_excluded
-2.8466796875,-2.845703125,derivative_excluded
-2.84765625,-2.8466796875,derivative_excluded
-2.8486328125,-2.84765625,derivative_excluded
-2.849609375,-2.8486328125,derivative_excluded
-2.8505859375,-2.849609375,derivative_excluded
-2.8515625,-2.8505859375,derivative_excluded
-2.8525390625,-2.8515625,derivative_excluded
-2.853515625,-2.8525390625,derivative_excluded
-2.8544921875,-2.853515625,derivative_excluded
-2.85546875,-2.8544921875,derivative_excluded
-2.8564453125,-2.85546875,derivative_excluded
-2.857421875,-2.8564453125,derivative_excluded
-2.8583984375,-2.857421875,derivative_excluded
-2.859375,-2.8583984375,derivative_excluded
-2.8603515625,-2.859375,derivative_excluded
-2.861328125,-2.8603515625,derivative_excluded
-2.8623046875,-2.861328125,derivative_excluded
-2.86328125,-2.8623046875,derivative_excluded
-2.8642578125,-2.86328125,derivative_excluded
-2.865234375,-2.8642578125,derivative_excluded
-2.8662109375,-2.865234375,derivative_excluded
-2.8671875,-2.8662109375,derivative_excluded
-2.8681640625,-2.8671875,derivative_excluded
-2.869140625,-2.8681640625,derivative_excluded
-2.8701171875,-2.869140625,derivative_excluded
-2.87109375,-2.8701171875,derivative_excluded
-2.8720703125,-2.87109375,derivative_excluded
-2.873046875,-2.8720703125,derivative_excluded
-2.8740234375,-2.873046875,derivative_excluded
-2.875,-2.8740234375,derivative_excluded
-2.8759765625,-2.875,derivative_excluded
-2.876953125,-2.8759765625,derivative_excluded
-2.8779296875,-2.876953125,derivative_excluded
-2.87890625,-2.8779296875,derivative_excluded
-2.8798828125,-2.87890625,derivative_excluded
-2.880859375,-2.8798828125,derivative_excluded
-2.8818359375,-2.880859375,derivative_excluded
-2.8828125,-2.8818359375,derivative_excluded
-2.8837890625,-2.8828125,derivative_excluded
-2.884765625,-2.8837890625,derivative_excluded
-2.88671875,-2.884765625,derivative_excluded
-2.888671875,-2.88671875,derivative_excluded
-2.890625,-2.888671875,derivative_excluded
-2.892578125,-2.890625,derivative_excluded
-2.89453125,-2.892578125,derivative_excluded
-2.896484375,-2.89453125,derivative_excluded
-2.8984375,-2.896484375,derivative_excluded
-2.900390625,-2.8984375,derivative_excluded
-2.90234375,-2.900390625,derivative_excluded
-2.904296875,-2.90234375,derivative_excluded
-2.90625,-2.904296875,derivative_excluded
-2.908203125,-2.90625,derivative_excluded
-2.91015625,-2.908203125,derivative_excluded
-2.912109375,-2.91015625,derivative_excluded
-2.9140625,-2.912109375,derivative_excluded
-2.916015625,-2.9140625,derivative_excluded
-2.91796875,-2.916015625,derivative_excluded
-2.919921875,-2.91796875,derivative_excluded
-2.921875,-2.919921875,derivative_excluded
-2.923828125,-2.921875,derivative_excluded
-2.92578125,-2.923828125,derivative_excluded
-2.927734375,-2.92578125,derivative_excluded
-2.9296875,-2.927734375,derivative_excluded
-2.931640625,-2.9296875,derivative_excluded
-2.93359375,-2.931640625,derivative_excluded
-2.935546875,-2.93359375,derivative_excluded
-2.9375,-2.935546875,derivative_excluded
-2.939453125,-2.9375,derivative_excluded
-2.94140625,-2.939453125,derivative_excluded
-2.943359375,-2.94140625,derivative_excluded
-2.9453125,-2.943359375,derivative_excluded
-2.947265625,-2.9453125,derivative_excluded
-2.94921875,-2.947265625,derivative_excluded
-2.951171875,-2.94921875,derivative_excluded
-2.953125,-2.951171875,derivative_excluded
-2.955078125,-2.953125,derivative_excluded
-2.95703125,-2.955078125,derivative_excluded
-2.958984375,-2.95703125,derivative_excluded
-2.9609375,-2.958984375,derivative_excluded
-2.962890625,-2.9609375,derivative_excluded
-2.96484375,-2.962890625,derivative_excluded
-2.966796875,-2.96484375,derivative_excluded
-2.96875,-2.966796875,derivative_excluded
-2.970703125,-2.96875,derivative_excluded
-2.97265625,-2.970703125,derivative_excluded
-2.974609375,-2.97265625,derivative_excluded
-2.9765625,-2.974609375,derivative_excluded
-2.978515625,-2.9765625,derivative_excluded
-2.98046875,-2.978515625,derivative_excluded
-2.982421875,-2.98046875,derivative_excluded
-2.984375,-2.982421875,derivative_excluded
-2.986328125,-2.984375,derivative_excluded
-2.98828125,-2.986328125,derivative_excluded
-2.990234375,-2.98828125,derivative_excluded
-2.9921875,-2.990234375,derivative_excluded
-2.994140625,-2.9921875,derivative_excluded
-2.99609375,-2.994140625,derivative_excluded
-2.998046875,-2.99609375,derivative_excluded
-3.0,-2.998046875,derivative_excluded
-3.001953125,-3.0,derivative_excluded
-3.00390625,-3.001953125,derivative_excluded
-3.005859375,-3.00390625,derivative_excluded
-3.0078125,-3.005859375,derivative_excluded
-3.009765625,-3.0078125,derivative_excluded
-3.01171875,-3.009765625,derivative_excluded
-3.013671875,-3.01171875,derivative_excluded
-3.015625,-3.013671875,derivative_excluded
-3.017578125,-3.015625,derivative_excluded
-3.01953125,-3.017578125,derivative_excluded
-3.021484375,-3.01953125,derivative_excluded
-3.0234375,-3.021484375,derivative_excluded
-3.025390625,-3.0234375,derivative_excluded
-3.02734375,-3.025390625,derivative_excluded
-3.029296875,-3.02734375,derivative_excluded
-3.03125,-3.029296875,derivative_excluded
-3.033203125,-3.03125,derivative_excluded
-3.03515625,-3.033203125,derivative_excluded
-3.037109375,-3.03515625,derivative_excluded
-3.0390625,-3.037109375,derivative_excluded
-3.041015625,-3.0390625,derivative_excluded
-3.04296875,-3.041015625,derivative_excluded
-3.044921875,-3.04296875,derivative_excluded
-3.046875,-3.044921875,derivative_excluded
-3.048828125,-3.046875,derivative_excluded
-3.05078125,-3.048828125,derivative_excluded
-3.052734375,-3.05078125,derivative_excluded
-3.0546875,-3.052734375,derivative_excluded
-3.056640625,-3.0546875,derivative_excluded
-3.05859375,-3.056640625,derivative_excluded
-3.060546875,-3.05859375,derivative_excluded
-3.0625,-3.060546875,derivative_excluded
-3.064453125,-3.0625,derivative_excluded
-3.06640625,-3.064453125,derivative_excluded
-3.068359375,-3.06640625,derivative_excluded
-3.0703125,-3.068359375,derivative_excluded
-3.072265625,-3.0703125,derivative_excluded
-3.07421875,-3.072265625,derivative_excluded
-3.076171875,-3.07421875,derivative_excluded
-3.078125,-3.076171875,derivative_excluded
-3.080078125,-3.078125,derivative_excluded
-3.08203125,-3.080078125,derivative_excluded
-3.083984375,-3.08203125,derivative_excluded
-3.0859375,-3.083984375,derivative_excluded
-3.087890625,-3.0859375,derivative_excluded
-3.08984375,-3.087890625,derivative_excluded
-3.091796875,-3.08984375,derivative_excluded
-3.09375,-3.091796875,derivative_excluded
-3.095703125,-3.09375,derivative_excluded
-3.09765625,-3.095703125,derivative_excluded
-3.099609375,-3.09765625,derivative_excluded
-3.1015625,-3.099609375,derivative_excluded
-3.103515625,-3.1015625,derivative_excluded
-3.10546875,-3.103515625,derivative_excluded
-3.107421875,-3.10546875,derivative_excluded
-3.109375,-3.107421875,derivative_excluded
-3.111328125,-3.109375,derivative_excluded
-3.11328125,-3.111328125,derivative_excluded
-3.115234375,-3.11328125,derivative_excluded
-3.1171875,-3.115234375,derivative_excluded
-3.119140625,-3.1171875,derivative_excluded
-3.12109375,-3.119140625,derivative_excluded
-3.123046875,-3.12109375,derivative_excluded
-3.125,-3.123046875,derivative_excluded
-3.126953125,-3.125,derivative_excluded
-3.12890625,-3.126953125,derivative_excluded
-3.130859375,-3.12890625,derivative_excluded
-3.1328125,-3.130859375,derivative_excluded
-3.134765625,-3.1328125,derivative_excluded
-3.13671875,-3.134765625,derivative_excluded
-3.138671875,-3.13671875,derivative_excluded
-3.140625,-3.138671875,derivative_excluded
-3.142578125,-3.140625,derivative_excluded
-3.14453125,-3.142578125,derivative_excluded
-3.146484375,-3.14453125,derivative_excluded
-3.1484375,-3.146484375,derivative_excluded
-3.150390625,-3.1484375,derivative_excluded
-3.15234375,-3.150390625,derivative_excluded
-3.154296875,-3.15234375,derivative_excluded
-3.15625,-3.154296875,derivative_excluded
-3.158203125,-3.15625,derivative_excluded
-3.16015625,-3.158203125,derivative_excluded
-3.162109375,-3.16015625,derivative_excluded
-3.1640625,-3.162109375,derivative_excluded
-3.166015625,-3.1640625,derivative_excluded
-3.16796875,-3.166015625,derivative_excluded
-3.169921875,-3.16796875,derivative_excluded
-3.171875,-3.169921875,derivative_excluded
-3.173828125,-3.171875,derivative_excluded
-3.17578125,-3.173828125,derivative_excluded
-3.177734375,-3.17578125,derivative_excluded
-3.1796875,-3.177734375,derivative_excluded
-3.181640625,-3.1796875,derivative_excluded
-3.18359375,-3.181640625,derivative_excluded
-3.185546875,-3.18359375,derivative_excluded
-3.1875,-3.185546875,derivative_excluded
-3.189453125,-3.1875,derivative_excluded
-3.19140625,-3.189453125,derivative_excluded
-3.193359375,-3.19140625,derivative_excluded
-3.1953125,-3.193359375,derivative_excluded
-3.197265625,-3.1953125,derivative_excluded
-3.19921875,-3.197265625,derivative_excluded
-3.201171875,-3.19921875,derivative_excluded
-3.203125,-3.201171875,derivative_excluded
-3.205078125,-3.203125,derivative_excluded
-3.20703125,-3.205078125,derivative_excluded
-3.208984375,-3.20703125,derivative_excluded
-3.2109375,-3.208984375,derivative_excluded
-3.212890625,-3.2109375,derivative_excluded
-3.21484375,-3.212890625,derivative_excluded
-3.216796875,-3.21484375,derivative_excluded
-3.21875,-3.216796875,derivative_excluded
-3.220703125,-3.21875,derivative_excluded
-3.22265625,-3.220703125,derivative_excluded
-3.224609375,-3.22265625,derivative_excluded
-3.2265625,-3.224609375,derivative_excluded
-3.228515625,-3.2265625,derivative_excluded
-3.23046875,-3.228515625,derivative_excluded
-3.232421875,-3.23046875,derivative_excluded
-3.234375,-3.232421875,derivative_excluded
-3.236328125,-3.234375,derivative_excluded
-3.23828125,-3.236328125,derivative_excluded
-3.240234375,-3.23828125,derivative_excluded
-3.2421875,-3.240234375,derivative_excluded
-3.244140625,-3.2421875,derivative_excluded
-3.24609375,-3.244140625,derivative_excluded
-3.248046875,-3.24609375,derivative_excluded
-3.25,-3.248046875,derivative_excluded
-3.251953125,-3.25,derivative_excluded
-3.25390625,-3.251953125,derivative_excluded
-3.255859375,-3.25390625,derivative_excluded
-3.2578125,-3.255859375,derivative_excluded
-3.259765625,-3.2578125,derivative_excluded
-3.26171875,-3.259765625,derivative_excluded
-3.263671875,-3.26171875,derivative_excluded
-3.265625,-3.263671875,derivative_excluded
-3.267578125,-3.265625,derivative_excluded
-3.26953125,-3.267578125,derivative_excluded
-3.271484375,-3.26953125,derivative_excluded
-3.2734375,-3.271484375,derivative_excluded
-3.275390625,-3.2734375,derivative_excluded
-3.27734375,-3.275390625,derivative_excluded
-3.279296875,-3.27734375,derivative_excluded
-3.28125,-3.279296875,derivative_excluded
-3.283203125,-3.28125,derivative_excluded
-3.28515625,-3.283203125,derivative_excluded
-3.287109375,-3.28515625,derivative_excluded
-3.2890625,-3.287109375,derivative_excluded
-3.291015625,-3.2890625,derivative_excluded
-3.29296875,-3.291015625,derivative_excluded
-3.294921875,-3.29296875,derivative_excluded
-3.296875,-3.294921875,derivative_excluded
-3.298828125,-3.296875,derivative_excluded
-3.30078125,-3.298828125,derivative_excluded
-3.302734375,-3.30078125,derivative_excluded
-3.3046875,-3.302734375,derivative_excluded
-3.306640625,-3.3046875,derivative_excluded
-3.30859375,-3.306640625,derivative_excluded
-3.310546875,-3.30859375,derivative_excluded
-3.3125,-3.310546875,derivative_excluded
-3.314453125,-3.3125,derivative_excluded
-3.31640625,-3.314453125,derivative_excluded
-3.318359375,-3.31640625,derivative_excluded
-3.3203125,-3.318359375,derivative_excluded
-3.322265625,-3.3203125,derivative_excluded
-3.32421875,-3.322265625,derivative_excluded
-3.326171875,-3.32421875,derivative_excluded
-3.328125,-3.326171875,derivative_excluded
-3.330078125,-3.328125,derivative_excluded
-3.33203125,-3.330078125,derivative_excluded
-3.333984375,-3.33203125,derivative_excluded
-3.3359375,-3.333984375,derivative_excluded
-3.337890625,-3.3359375,derivative_excluded
-3.33984375,-3.337890625,derivative_excluded
-3.341796875,-3.33984375,derivative_excluded
-3.34375,-3.341796875,derivative_excluded
-3.345703125,-3.34375,derivative_excluded
-3.34765625,-3.345703125,derivative_excluded
-3.349609375,-3.34765625,derivative_excluded
-3.3515625,-3.349609375,derivative_excluded
-3.353515625,-3.3515625,derivative_excluded
-3.35546875,-3.353515625,derivative_excluded
-3.357421875,-3.35546875,derivative_excluded
-3.359375,-3.357421875,derivative_excluded
-3.361328125,-3.359375,derivative_excluded
-3.36328125,-3.361328125,derivative_excluded
-3.365234375,-3.36328125,derivative_excluded
-3.3671875,-3.365234375,derivative_excluded
-3.369140625,-3.3671875,derivative_excluded
-3.37109375,-3.369140625,derivative_excluded
-3.373046875,-3.37109375,derivative_excluded
-3.375,-3.373046875,derivative_excluded
-3.376953125,-3.375,derivative_excluded
-3.37890625,-3.376953125,derivative_excluded
-3.380859375,-3.37890625,derivative_excluded
-3.3828125,-3.380859375,derivative_excluded
-3.384765625,-3.3828125,derivative_excluded
-3.38671875,-3.384765625,derivative_excluded
-3.388671875,-3.38671875,derivative_excluded
-3.390625,-3.388671875,derivative_excluded
-3.392578125,-3.390625,derivative_excluded
-3.39453125,-3.392578125,derivative_excluded
-3.396484375,-3.39453125,derivative_excluded
-3.3984375,-3.396484375,derivative_excluded
-3.400390625,-3.3984375,derivative_excluded
-3.40234375,-3.400390625,derivative_excluded
-3.404296875,-3.40234375,derivative_excluded
-3.40625,-3.404296875,derivative_excluded
-3.408203125,-3.40625,derivative_excluded
-3.41015625,-3.408203125,derivative_excluded
-3.412109375,-3.41015625,derivative_excluded
-3.4140625,-3.412109375,derivative_excluded
-3.416015625,-3.4140625,derivative_excluded
-3.41796875,-3.416015625,derivative_excluded
-3.419921875,-3.41796875,derivative_excluded
-3.421875,-3.419921875,derivative_excluded
-3.423828125,-3.421875,derivative_excluded
-3.42578125,-3.423828125,derivative_excluded
-3.427734375,-3.42578125,derivative_excluded
-3.4296875,-3.427734375,derivative_excluded
-3.431640625,-3.4296875,derivative_excluded
-3.43359375,-3.431640625,derivative_excluded
-3.435546875,-3.43359375,derivative_excluded
-3.4375,-3.435546875,derivative_excluded
-3.439453125,-3.4375,derivative_excluded
-3.44140625,-3.439453125,derivative_excluded
-3.443359375,-3.44140625,derivative_excluded
-3.4453125,-3.443359375,derivative_excluded
-3.447265625,-3.4453125,derivative_excluded
-3.44921875,-3.447265625,derivative_excluded
-3.451171875,-3.44921875,derivative_excluded
-3.453125,-3.451171875,derivative_excluded
-3.455078125,-3.453125,derivative_excluded
-3.45703125,-3.455078125,derivative_excluded
-3.458984375,-3.45703125,derivative_excluded
-3.4609375,-3.458984375,derivative_excluded
-3.462890625,-3.4609375,derivative_excluded
-3.46484375,-3.462890625,derivative_excluded
-3.466796875,-3.46484375,derivative_excluded
-3.46875,-3.466796875,derivative_excluded
-3.470703125,-3.46875,derivative_excluded
-3.47265625,-3.470703125,derivative_excluded
-3.474609375,-3.47265625,derivative_excluded
-3.4765625,-3.474609375,derivative_excluded
-3.478515625,-3.4765625,derivative_excluded
-3.48046875,-3.478515625,derivative_excluded
-3.482421875,-3.48046875,derivative_excluded
-3.484375,-3.482421875,derivative_excluded
-3.486328125,-3.484375,derivative_excluded
-3.48828125,-3.486328125,derivative_excluded
-3.490234375,-3.48828125,derivative_excluded
-3.4921875,-3.490234375,derivative_excluded
-3.494140625,-3.4921875,derivative_excluded
-3.49609375,-3.494140625,derivative_excluded
-3.498046875,-3.49609375,derivative_excluded
-3.5,-3.498046875,derivative_excluded
-3.501953125,-3.5,derivative_excluded
-3.50390625,-3.501953125,derivative_excluded
-3.505859375,-3.50390625,derivative_excluded
-3.5078125,-3.505859375,derivative_excluded
-3.509765625,-3.5078125,derivative_excluded
-3.51171875,-3.509765625,derivative_excluded
-3.513671875,-3.51171875,derivative_excluded
-3.515625,-3.513671875,derivative_excluded
-3.517578125,-3.515625,derivative_excluded
-3.51953125,-3.517578125,derivative_excluded
-3.521484375,-3.51953125,derivative_excluded
-3.5234375,-3.521484375,derivative_excluded
-3.525390625,-3.5234375,derivative_excluded
-3.52734375,-3.525390625,derivative_excluded
-3.529296875,-3.52734375,derivative_excluded
-3.53125,-3.529296875,derivative_excluded
-3.533203125,-3.53125,derivative_excluded
-3.53515625,-3.533203125,derivative_excluded
-3.537109375,-3.53515625,derivative_excluded
-3.5390625,-3.537109375,derivative_excluded
-3.541015625,-3.5390625,derivative_excluded
-3.54296875,-3.541015625,derivative_excluded
-3.544921875,-3.54296875,derivative_excluded
-3.546875,-3.544921875,derivative_excluded
-3.548828125,-3.546875,derivative_excluded
-3.55078125,-3.548828125,derivative_excluded
-3.552734375,-3.55078125,derivative_excluded
-3.5546875,-3.552734375,derivative_excluded
-3.556640625,-3.5546875,derivative_excluded
-3.55859375,-3.556640625,derivative_excluded
-3.560546875,-3.55859375,derivative_excluded
-3.5625,-3.560546875,derivative_excluded
-3.564453125,-3.5625,derivative_excluded
-3.56640625,-3.564453125,derivative_excluded
-3.568359375,-3.56640625,derivative_excluded
-3.5703125,-3.568359375,derivative_excluded
-3.572265625,-3.5703125,derivative_excluded
-3.57421875,-3.572265625,derivative_excluded
-3.576171875,-3.57421875,derivative_excluded
-3.578125,-3.576171875,derivative_excluded
-3.580078125,-3.578125,derivative_excluded
-3.58203125,-3.580078125,derivative_excluded
-3.583984375,-3.58203125,derivative_excluded
-3.5859375,-3.583984375,derivative_excluded
-3.587890625,-3.5859375,derivative_excluded
-3.58984375,-3.587890625,derivative_excluded
-3.591796875,-3.58984375,derivative_excluded
-3.59375,-3.591796875,derivative_excluded
-3.595703125,-3.59375,derivative_excluded
-3.59765625,-3.595703125,derivative_excluded
-3.599609375,-3.59765625,derivative_excluded
-3.6015625,-3.599609375,derivative_excluded
-3.603515625,-3.6015625,derivative_excluded
-3.60546875,-3.603515625,derivative_excluded
-3.607421875,-3.60546875,derivative_excluded
-3.609375,-3.607421875,derivative_excluded
-3.611328125,-3.609375,derivative_excluded
-3.61328125,-3.611328125,derivative_excluded
-3.615234375,-3.61328125,derivative_excluded
-3.6171875,-3.615234375,derivative_excluded
-3.619140625,-3.6171875,derivative_excluded
-3.62109375,-3.619140625,derivative_excluded
-3.623046875,-3.62109375,derivative_excluded
-3.625,-3.623046875,derivative_excluded
-3.626953125,-3.625,derivative_excluded
-3.62890625,-3.626953125,derivative_excluded
-3.630859375,-3.62890625,derivative_excluded
-3.6328125,-3.630859375,derivative_excluded
-3.634765625,-3.6328125,derivative_excluded
-3.63671875,-3.634765625,derivative_excluded
-3.638671875,-3.63671875,derivative_excluded
-3.640625,-3.638671875,derivative_excluded
-3.642578125,-3.640625,derivative_excluded
-3.64453125,-3.642578125,derivative_excluded
-3.646484375,-3.64453125,derivative_excluded
-3.6484375,-3.646484375,derivative_excluded
-3.650390625,-3.6484375,derivative_excluded
-3.65234375,-3.650390625,derivative_excluded
-3.654296875,-3.65234375,derivative_excluded
-3.65625,-3.654296875,derivative_excluded
-3.658203125,-3.65625,derivative_excluded
-3.66015625,-3.658203125,derivative_excluded
-3.662109375,-3.66015625,derivative_excluded
-3.6640625,-3.662109375,derivative_excluded
-3.666015625,-3.6640625,derivative_excluded
-3.66796875,-3.666015625,derivative_excluded
-3.669921875,-3.66796875,derivative_excluded
-3.671875,-3.669921875,derivative_excluded
-3.673828125,-3.671875,derivative_excluded
-3.67578125,-3.673828125,derivative_excluded
-3.677734375,-3.67578125,derivative_excluded
-3.6796875,-3.677734375,derivative_excluded
-3.681640625,-3.6796875,derivative_excluded
-3.68359375,-3.681640625,derivative_excluded
-3.685546875,-3.68359375,derivative_excluded
-3.6875,-3.685546875,derivative_excluded
-3.689453125,-3.6875,derivative_excluded
-3.69140625,-3.689453125,derivative_excluded
-3.693359375,-3.69140625,derivative_excluded
-3.6953125,-3.693359375,derivative_excluded
-3.697265625,-3.6953125,derivative_excluded
-3.69921875,-3.697265625,derivative_excluded
-3.701171875,-3.69921875,derivative_excluded
-3.703125,-3.701171875,derivative_excluded
-3.705078125,-3.703125,derivative_excluded
-3.70703125,-3.705078125,derivative_excluded
-3.708984375,-3.70703125,derivative_excluded
-3.7099609375,-3.708984375,derivative_excluded
-3.7109375,-3.7099609375,derivative_excluded
-3.7119140625,-3.7109375,derivative_excluded
-3.712890625,-3.7119140625,derivative_excluded
-3.7138671875,-3.712890625,derivative_excluded
-3.71484375,-3.7138671875,derivative_excluded
-3.7158203125,-3.71484375,derivative_excluded
-3.716796875,-3.7158203125,derivative_excluded
-3.7177734375,-3.716796875,derivative_excluded
-3.71875,-3.7177734375,derivative_excluded
-3.7197265625,-3.71875,derivative_excluded
-3.720703125,-3.7197265625,derivative_excluded
-3.7216796875,-3.720703125,derivative_excluded
-3.72265625,-3.7216796875,derivative_excluded
-3.7236328125,-3.72265625,derivative_excluded
-3.724609375,-3.7236328125,derivative_excluded
-3.7255859375,-3.724609375,derivative_excluded
-3.7265625,-3.7255859375,derivative_excluded
-3.7275390625,-3.7265625,derivative_excluded
-3.728515625,-3.7275390625,derivative_excluded
-3.7294921875,-3.728515625,derivative_excluded
-3.73046875,-3.7294921875,derivative_excluded
-3.7314453125,-3.73046875,derivative_excluded
-3.732421875,-3.7314453125,derivative_excluded
-3.7333984375,-3.732421875,derivative_excluded
-3.734375,-3.7333984375,derivative_excluded
-3.7353515625,-3.734375,derivative_excluded
-3.736328125,-3.7353515625,derivative_excluded
-3.7373046875,-3.736328125,derivative_excluded
-3.73828125,-3.7373046875,derivative_excluded
-3.7392578125,-3.73828125,derivative_excluded
-3.740234375,-3.7392578125,derivative_excluded
-3.7412109375,-3.740234375,derivative_excluded
-3.7421875,-3.7412109375,derivative_excluded
-3.7431640625,-3.7421875,derivative_excluded
-3.744140625,-3.7431640625,derivative_excluded
-3.7451171875,-3.744140625,derivative_excluded
-3.74609375,-3.7451171875,derivative_excluded
-3.7470703125,-3.74609375,derivative_excluded
-3.748046875,-3.7470703125,derivative_excluded
-3.7490234375,-3.748046875,derivative_excluded
-3.75,-3.7490234375,derivative_excluded
-3.7509765625,-3.75,derivative_excluded
-3.751953125,-3.7509765625,derivative_excluded
-3.7529296875,-3.751953125,derivative_excluded
-3.75390625,-3.7529296875,derivative_excluded
-3.7548828125,-3.75390625,derivative_excluded
-3.755859375,-3.7548828125,derivative_excluded
-3.7568359375,-3.755859375,derivative_excluded
-3.7578125,-3.7568359375,derivative_excluded
-3.7587890625,-3.7578125,derivative_excluded
-3.759765625,-3.7587890625,derivative_excluded
-3.7607421875,-3.759765625,derivative_excluded
-3.76171875,-3.7607421875,derivative_excluded
-3.7626953125,-3.76171875,derivative_excluded
-3.763671875,-3.7626953125,derivative_excluded
-3.7646484375,-3.763671875,derivative_excluded
-3.765625,-3.7646484375,derivative_excluded
-3.7666015625,-3.765625,derivative_excluded
-3.767578125,-3.7666015625,derivative_excluded
-3.7685546875,-3.767578125,derivative_excluded
-3.76953125,-3.7685546875,derivative_excluded
-3.7705078125,-3.76953125,derivative_excluded
-3.771484375,-3.7705078125,derivative_excluded
-3.7724609375,-3.771484375,derivative_excluded
-3.7734375,-3.7724609375,derivative_excluded
-3.7744140625,-3.7734375,derivative_excluded
-3.775390625,-3.7744140625,derivative_excluded
-3.7763671875,-3.775390625,derivative_excluded
-3.77734375,-3.7763671875,derivative_excluded
-3.7783203125,-3.77734375,derivative_excluded
-3.779296875,-3.7783203125,derivative_excluded
-3.7802734375,-3.779296875,derivative_excluded
-3.78125,-3.7802734375,derivative_excluded
-3.7822265625,-3.78125,derivative_excluded
-3.783203125,-3.7822265625,derivative_excluded
-3.7841796875,-3.783203125,derivative_excluded
-3.78515625,-3.7841796875,derivative_excluded
-3.7861328125,-3.78515625,derivative_excluded
-3.787109375,-3.7861328125,derivative_excluded
-3.7880859375,-3.787109375,derivative_excluded
-3.7890625,-3.7880859375,derivative_excluded
-3.7900390625,-3.7890625,derivative_excluded
-3.791015625,-3.7900390625,derivative_excluded
-3.7919921875,-3.791015625,derivative_excluded
-3.79296875,-3.7919921875,derivative_excluded
-3.7939453125,-3.79296875,derivative_excluded
-3.794921875,-3.7939453125,derivative_excluded
-3.7958984375,-3.794921875,derivative_excluded
-3.796875,-3.7958984375,derivative_excluded
-3.7978515625,-3.796875,derivative_excluded
-3.798828125,-3.7978515625,derivative_excluded
-3.7998046875,-3.798828125,derivative_excluded
-3.80078125,-3.7998046875,derivative_excluded
-3.8017578125,-3.80078125,derivative_excluded
-3.802734375,-3.8017578125,derivative_excluded
-3.8037109375,-3.802734375,derivative_excluded
-3.8046875,-3.8037109375,derivative_excluded
-3.8056640625,-3.8046875,derivative_excluded
-3.806640625,-3.8056640625,derivative_excluded
-3.8076171875,-3.806640625,derivative_excluded
-3.80859375,-3.8076171875,derivative_excluded
-3.8095703125,-3.80859375,derivative_excluded
-3.810546875,-3.8095703125,derivative_excluded
-3.8115234375,-3.810546875,derivative_excluded
-3.8125,-3.8115234375,derivative_excluded
-3.8134765625,-3.8125,derivative_excluded
-3.814453125,-3.8134765625,derivative_excluded
-3.8154296875,-3.814453125,derivative_excluded
-3.81640625,-3.8154296875,derivative_excluded
-3.8173828125,-3.81640625,derivative_excluded
-3.818359375,-3.8173828125,derivative_excluded
-3.8193359375,-3.818359375,derivative_excluded
-3.8203125,-3.8193359375,derivative_excluded
-3.8212890625,-3.8203125,derivative_excluded
-3.822265625,-3.8212890625,derivative_excluded
-3.8232421875,-3.822265625,derivative_excluded
-3.82421875,-3.8232421875,derivative_excluded
-3.8251953125,-3.82421875,derivative_excluded
-3.826171875,-3.8251953125,derivative_excluded
-3.8271484375,-3.826171875,derivative_excluded
-3.828125,-3.8271484375,derivative_excluded
-3.8291015625,-3.828125,derivative_excluded
-3.830078125,-3.8291015625,derivative_excluded
-3.8310546875,-3.830078125,derivative_excluded
-3.83203125,-3.8310546875,derivative_excluded
-3.8330078125,-3.83203125,derivative_excluded
-3.833984375,-3.8330078125,derivative_excluded
-3.8349609375,-3.833984375,derivative_excluded
-3.8359375,-3.8349609375,derivative_excluded
-3.8369140625,-3.8359375,derivative_excluded
-3.837890625,-3.8369140625,derivative_excluded
-3.8388671875,-3.837890625,derivative_excluded
-3.83984375,-3.8388671875,derivative_excluded
-3.8408203125,-3.83984375,derivative_excluded
-3.841796875,-3.8408203125,derivative_excluded
-3.8427734375,-3.841796875,derivative_excluded
-3.84375,-3.8427734375,derivative_excluded
-3.8447265625,-3.84375,derivative_excluded
-3.845703125,-3.8447265625,derivative_excluded
-3.8466796875,-3.845703125,derivative_excluded
-3.84765625,-3.8466796875,derivative_excluded
-3.8486328125,-3.84765625,derivative_excluded
-3.849609375,-3.8486328125,derivative_excluded
-3.8505859375,-3.849609375,derivative_excluded
-3.8515625,-3.8505859375,derivative_excluded
-3.8525390625,-3.8515625,derivative_excluded
-3.853515625,-3.8525390625,derivative_excluded
-3.8544921875,-3.853515625,derivative_excluded
-3.85546875,-3.8544921875,derivative_excluded
-3.8564453125,-3.85546875,derivative_excluded
-3.857421875,-3.8564453125,derivative_excluded
-3.8583984375,-3.857421875,derivative_excluded
-3.859375,-3.8583984375,derivative_excluded
-3.8603515625,-3.859375,derivative_excluded
-3.861328125,-3.8603515625,derivative_excluded
-3.8623046875,-3.861328125,derivative_excluded
-3.86328125,-3.8623046875,derivative_excluded
-3.8642578125,-3.86328125,derivative_excluded
-3.865234375,-3.8642578125,derivative_excluded
-3.8662109375,-3.865234375,derivative_excluded
-3.8671875,-3.8662109375,derivative_excluded
-3.8681640625,-3.8671875,derivative_excluded
-3.869140625,-3.8681640625,derivative_excluded
-3.8701171875,-3.869140625,derivative_excluded
-3.87109375,-3.8701171875,derivative_excluded
-3.8720703125,-3.87109375,derivative_excluded
-3.873046875,-3.8720703125,derivative_excluded
-3.8740234375,-3.873046875,derivative_excluded
-3.875,-3.8740234375,derivative_excluded
-3.8759765625,-3.875,derivative_excluded
-3.876953125,-3.8759765625,derivative_excluded
-3.8779296875,-3.876953125,derivative_excluded
-3.87890625,-3.8779296875,derivative_excluded
-3.8798828125,-3.87890625,derivative_excluded
-3.880859375,-3.8798828125,derivative_excluded
-3.8818359375,-3.880859375,derivative_excluded
-3.8828125,-3.8818359375,derivative_excluded
-3.8837890625,-3.8828125,derivative_excluded
-3.884765625,-3.8837890625,derivative_excluded
-3.8857421875,-3.884765625,derivative_excluded
-3.88671875,-3.8857421875,derivative_excluded
-3.8876953125,-3.88671875,derivative_excluded
-3.888671875,-3.8876953125,derivative_excluded
-3.8896484375,-3.888671875,derivative_excluded
-3.890625,-3.8896484375,derivative_excluded
-3.8916015625,-3.890625,derivative_excluded
-3.892578125,-3.8916015625,derivative_excluded
-3.8935546875,-3.892578125,derivative_excluded
-3.89453125,-3.8935546875,derivative_excluded
-3.8955078125,-3.89453125,derivative_excluded
-3.896484375,-3.8955078125,derivative_excluded
-3.8974609375,-3.896484375,derivative_excluded
-3.8984375,-3.8974609375,derivative_excluded
-3.8994140625,-3.8984375,derivative_excluded
-3.900390625,-3.8994140625,derivative_excluded
-3.9013671875,-3.900390625,derivative_excluded
-3.90234375,-3.9013671875,derivative_excluded
-3.9033203125,-3.90234375,derivative_excluded
-3.904296875,-3.9033203125,derivative_excluded
-3.9052734375,-3.904296875,derivative_excluded
-3.90625,-3.9052734375,derivative_excluded
-3.9072265625,-3.90625,derivative_excluded
-3.908203125,-3.9072265625,derivative_excluded
-3.9091796875,-3.908203125,derivative_excluded
-3.91015625,-3.9091796875,derivative_excluded
-3.9111328125,-3.91015625,derivative_excluded
-3.912109375,-3.9111328125,derivative_excluded
-3.9130859375,-3.912109375,derivative_excluded
-3.9140625,-3.9130859375,derivative_excluded
-3.9150390625,-3.9140625,derivative_excluded
-3.916015625,-3.9150390625,derivative_excluded
-3.9169921875,-3.916015625,derivative_excluded
-3.91796875,-3.9169921875,derivative_excluded
-3.9189453125,-3.91796875,derivative_excluded
-3.919921875,-3.9189453125,derivative_excluded
-3.9208984375,-3.919921875,derivative_excluded
-3.921875,-3.9208984375,derivative_excluded
-3.9228515625,-3.921875,derivative_excluded
-3.923828125,-3.9228515625,derivative_excluded
-3.9248046875,-3.923828125,derivative_excluded
-3.92578125,-3.9248046875,derivative_excluded
-3.9267578125,-3.92578125,derivative_excluded
-3.927734375,-3.9267578125,derivative_excluded
-3.9287109375,-3.927734375,derivative_excluded
-3.9296875,-3.9287109375,derivative_excluded
-3.9306640625,-3.9296875,derivative_excluded
-3.931640625,-3.9306640625,derivative_excluded
-3.9326171875,-3.931640625,derivative_excluded
-3.93359375,-3.9326171875,derivative_excluded
-3.9345703125,-3.93359375,derivative_excluded
-3.935546875,-3.9345703125,derivative_excluded
-3.9365234375,-3.935546875,derivative_excluded
-3.9375,-3.9365234375,derivative_excluded
-3.9384765625,-3.9375,derivative_excluded
-3.93896484375,-3.9384765625,derivative_excluded
-3.939453125,-3.93896484375,derivative_excluded
-3.93994140625,-3.939453125,derivative_excluded
-3.9404296875,-3.93994140625,derivative_excluded
-3.94091796875,-3.9404296875,derivative_excluded
-3.94140625,-3.94091796875,derivative_excluded
-3.94189453125,-3.94140625,derivative_excluded
-3.9423828125,-3.94189453125,derivative_excluded
-3.94287109375,-3.9423828125,derivative_excluded
-3.943359375,-3.94287109375,derivative_excluded
-3.94384765625,-3.943359375,derivative_excluded
-3.9443359375,-3.94384765625,derivative_excluded
-3.94482421875,-3.9443359375,derivative_excluded
-3.9453125,-3.94482421875,derivative_excluded
-3.94580078125,-3.9453125,derivative_excluded
-3.9462890625,-3.94580078125,derivative_excluded
-3.94677734375,-3.9462890625,derivative_excluded
-3.947265625,-3.94677734375,derivative_excluded
-3.94775390625,-3.947265625,derivative_excluded
-3.9482421875,-3.94775390625,derivative_excluded
-3.94873046875,-3.9482421875,derivative_excluded
-3.94921875,-3.94873046875,derivative_excluded
-3.94970703125,-3.94921875,derivative_excluded
-3.9501953125,-3.94970703125,derivative_excluded
-3.95068359375,-3.9501953125,derivative_excluded
-3.951171875,-3.95068359375,derivative_excluded
-3.95166015625,-3.951171875,derivative_excluded
-3.9521484375,-3.95166015625,derivative_excluded
-3.95263671875,-3.9521484375,derivative_excluded
-3.953125,-3.95263671875,derivative_excluded
-3.95361328125,-3.953125,derivative_excluded
-3.9541015625,-3.95361328125,derivative_excluded
-3.95458984375,-3.9541015625,derivative_excluded
-3.955078125,-3.95458984375,derivative_excluded
-3.95556640625,-3.955078125,derivative_excluded
-3.9560546875,-3.95556640625,derivative_excluded
-3.95654296875,-3.9560546875,derivative_excluded
-3.95703125,-3.95654296875,derivative_excluded
-3.95751953125,-3.95703125,derivative_excluded
-3.9580078125,-3.95751953125,derivative_excluded
-3.95849609375,-3.9580078125,derivative_excluded
-3.958984375,-3.95849609375,derivative_excluded
-3.95947265625,-3.958984375,derivative_excluded
-3.9599609375,-3.95947265625,derivative_excluded
-3.96044921875,-3.9599609375,derivative_excluded
-3.9609375,-3.96044921875,derivative_excluded
-3.96142578125,-3.9609375,derivative_excluded
-3.9619140625,-3.96142578125,derivative_excluded
-3.96240234375,-3.9619140625,derivative_excluded
-3.962890625,-3.96240234375,derivative_excluded
-3.96337890625,-3.962890625,derivative_excluded
-3.9638671875,-3.96337890625,derivative_excluded
-3.96435546875,-3.9638671875,derivative_excluded
-3.96484375,-3.96435546875,derivative_excluded
-3.96533203125,-3.96484375,derivative_excluded
-3.9658203125,-3.96533203125,derivative_excluded
-3.96630859375,-3.9658203125,derivative_excluded
-3.966796875,-3.96630859375,derivative_excluded
-3.96728515625,-3.966796875,derivative_excluded
-3.9677734375,-3.96728515625,derivative_excluded
-3.96826171875,-3.9677734375,derivative_excluded
-3.96875,-3.96826171875,derivative_excluded
-3.96923828125,-3.96875,derivative_excluded
-3.9697265625,-3.96923828125,derivative_excluded
-3.97021484375,-3.9697265625,derivative_excluded
-3.970703125,-3.97021484375,derivative_excluded
-3.97119140625,-3.970703125,derivative_excluded
-3.9716796875,-3.97119140625,derivative_excluded
-3.97216796875,-3.9716796875,derivative_excluded
-3.97265625,-3.97216796875,derivative_excluded
-3.97314453125,-3.97265625,derivative_excluded
-3.9736328125,-3.97314453125,derivative_excluded
-3.97412109375,-3.9736328125,derivative_excluded
-3.974609375,-3.97412109375,derivative_excluded
-3.97509765625,-3.974609375,derivative_excluded
-3.9755859375,-3.97509765625,derivative_excluded
-3.97607421875,-3.9755859375,derivative_excluded
-3.9765625,-3.97607421875,derivative_excluded
-3.97705078125,-3.9765625,derivative_excluded
-3.9775390625,-3.97705078125,derivative_excluded
-3.97802734375,-3.9775390625,derivative_excluded
-3.978515625,-3.97802734375,derivative_excluded
-3.97900390625,-3.978515625,derivative_excluded
-3.9794921875,-3.97900390625,derivative_excluded
-3.97998046875,-3.9794921875,derivative_excluded
-3.98046875,-3.97998046875,derivative_excluded
-3.98095703125,-3.98046875,derivative_excluded
-3.9814453125,-3.98095703125,derivative_excluded
-3.98193359375,-3.9814453125,derivative_excluded
-3.982421875,-3.98193359375,derivative_excluded
-3.98291015625,-3.982421875,derivative_excluded
-3.9833984375,-3.98291015625,derivative_excluded
-3.98388671875,-3.9833984375,derivative_excluded
-3.984375,-3.98388671875,derivative_excluded
-3.98486328125,-3.984375,derivative_excluded
-3.9853515625,-3.98486328125,derivative_excluded
-3.98583984375,-3.9853515625,derivative_excluded
-3.986328125,-3.98583984375,derivative_excluded
-3.98681640625,-3.986328125,derivative_excluded
-3.9873046875,-3.98681640625,derivative_excluded
-3.98779296875,-3.9873046875,derivative_excluded
-3.98828125,-3.98779296875,derivative_excluded
-3.98876953125,-3.98828125,derivative_excluded
-3.9892578125,-3.98876953125,derivative_excluded
-3.98974609375,-3.9892578125,derivative_excluded
-3.990234375,-3.98974609375,derivative_excluded
-3.99072265625,-3.990234375,derivative_excluded
-3.9912109375,-3.99072265625,derivative_excluded
-3.99169921875,-3.9912109375,derivative_excluded
-3.9921875,-3.99169921875,derivative_excluded
-3.99267578125,-3.9921875,derivative_excluded
-3.9931640625,-3.99267578125,derivative_excluded
-3.99365234375,-3.9931640625,derivative_excluded
-3.994140625,-3.99365234375,derivative_excluded
-3.99462890625,-3.994140625,derivative_excluded
-3.9951171875,-3.99462890625,derivative_excluded
-3.99560546875,-3.9951171875,derivative_excluded
-3.99609375,-3.99560546875,derivative_excluded
-3.99658203125,-3.99609375,derivative_excluded
-3.9970703125,-3.99658203125,derivative_excluded
-3.99755859375,-3.9970703125,derivative_excluded
-3.998046875,-3.99755859375,derivative_excluded
-3.99853515625,-3.998046875,derivative_excluded
-3.9990234375,-3.99853515625,derivative_excluded
-3.99951171875,-3.9990234375,derivative_excluded
-4.0,-3.99951171875,derivative_excluded
-4.00048828125,-4.0,derivative_excluded
-4.0009765625,-4.00048828125,derivative_excluded
-4.00146484375,-4.0009765625,derivative_excluded
-4.001953125,-4.00146484375,derivative_excluded
-4.00244140625,-4.001953125,derivative_excluded
-4.0029296875,-4.00244140625,derivative_excluded
-4.00341796875,-4.0029296875,derivative_excluded
-4.00390625,-4.00341796875,derivative_excluded
-4.00439453125,-4.00390625,derivative_excluded
-4.0048828125,-4.00439453125,derivative_excluded
-4.00537109375,-4.0048828125,derivative_excluded
-4.005859375,-4.00537109375,derivative_excluded
-4.00634765625,-4.005859375,derivative_excluded
-4.0068359375,-4.00634765625,derivative_excluded
-4.00732421875,-4.0068359375,derivative_excluded
-4.0078125,-4.00732421875,derivative_excluded
-4.00830078125,-4.0078125,derivative_excluded
-4.0087890625,-4.00830078125,derivative_excluded
-4.00927734375,-4.0087890625,derivative_excluded
-4.009765625,-4.00927734375,derivative_excluded
-4.01025390625,-4.009765625,derivative_excluded
-4.0107421875,-4.01025390625,derivative_excluded
-4.01123046875,-4.0107421875,derivative_excluded
-4.01171875,-4.01123046875,derivative_excluded
-4.01220703125,-4.01171875,derivative_excluded
-4.0126953125,-4.01220703125,derivative_excluded
-4.01318359375,-4.0126953125,derivative_excluded
-4.013671875,-4.01318359375,derivative_excluded
-4.01416015625,-4.013671875,derivative_excluded
-4.0146484375,-4.01416015625,derivative_excluded
-4.01513671875,-4.0146484375,derivative_excluded
-4.015625,-4.01513671875,derivative_excluded
-4.01611328125,-4.015625,derivative_excluded
-4.0166015625,-4.01611328125,derivative_excluded
-4.01708984375,-4.0166015625,derivative_excluded
-4.017578125,-4.01708984375,derivative_excluded
-4.017822265625,-4.017578125,derivative_excluded
-4.01806640625,-4.017822265625,derivative_excluded
-4.018310546875,-4.01806640625,derivative_excluded
-4.0185546875,-4.018310546875,derivative_excluded
-4.018798828125,-4.0185546875,derivative_excluded
-4.01904296875,-4.018798828125,derivative_excluded
-4.019287109375,-4.01904296875,derivative_excluded
-4.01953125,-4.019287109375,derivative_excluded
-4.019775390625,-4.01953125,derivative_excluded
-4.02001953125,-4.019775390625,derivative_excluded
-4.020263671875,-4.02001953125,derivative_excluded
-4.0205078125,-4.020263671875,derivative_excluded
-4.020751953125,-4.0205078125,derivative_excluded
-4.02099609375,-4.020751953125,derivative_excluded
-4.021240234375,-4.02099609375,derivative_excluded
-4.021484375,-4.021240234375,derivative_excluded
-4.021728515625,-4.021484375,derivative_excluded
-4.02197265625,-4.021728515625,derivative_excluded
-4.022216796875,-4.02197265625,derivative_excluded
-4.0224609375,-4.022216796875,derivative_excluded
-4.022705078125,-4.0224609375,derivative_excluded
-4.02294921875,-4.022705078125,derivative_excluded
-4.023193359375,-4.02294921875,derivative_excluded
-4.0234375,-4.023193359375,derivative_excluded
-4.023681640625,-4.0234375,derivative_excluded
-4.02392578125,-4.023681640625,derivative_excluded
-4.024169921875,-4.02392578125,derivative_excluded
-4.0244140625,-4.024169921875,derivative_excluded
-4.024658203125,-4.0244140625,derivative_excluded
-4.02490234375,-4.024658203125,derivative_excluded
-4.025146484375,-4.02490234375,derivative_excluded
-4.025390625,-4.025146484375,derivative_excluded
-4.025634765625,-4.025390625,derivative_excluded
-4.02587890625,-4.025634765625,derivative_excluded
-4.026123046875,-4.02587890625,derivative_excluded
-4.0263671875,-4.026123046875,derivative_excluded
-4.026611328125,-4.0263671875,derivative_excluded
-4.02685546875,-4.026611328125,derivative_excluded
-4.027099609375,-4.02685546875,derivative_excluded
-4.02734375,-4.027099609375,derivative_excluded
-4.027587890625,-4.02734375,derivative_excluded
-4.02783203125,-4.027587890625,derivative_excluded
-4.028076171875,-4.02783203125,derivative_excluded
-4.0283203125,-4.028076171875,derivative_excluded
-4.028564453125,-4.0283203125,derivative_excluded
-4.02880859375,-4.028564453125,derivative_excluded
-4.029052734375,-4.02880859375,derivative_excluded
-4.029296875,-4.029052734375,derivative_excluded
-4.029541015625,-4.029296875,derivative_excluded
-4.02978515625,-4.029541015625,derivative_excluded
-4.030029296875,-4.02978515625,derivative_excluded
-4.0302734375,-4.030029296875,derivative_excluded
-4.030517578125,-4.0302734375,derivative_excluded
-4.03076171875,-4.030517578125,derivative_excluded
-4.031005859375,-4.03076171875,derivative_excluded
-4.03125,-4.031005859375,derivative_excluded
-4.031494140625,-4.03125,derivative_excluded
-4.03173828125,-4.031494140625,derivative_excluded
-4.031982421875,-4.03173828125,derivative_excluded
-4.0322265625,-4.031982421875,derivative_excluded
-4.032470703125,-4.0322265625,derivative_excluded
-4.03271484375,-4.032470703125,derivative_excluded
-4.032958984375,-4.03271484375,derivative_excluded
-4.033203125,-4.032958984375,derivative_excluded
-4.033447265625,-4.033203125,derivative_excluded
-4.03369140625,-4.033447265625,derivative_excluded
-4.033935546875,-4.03369140625,derivative_excluded
-4.0341796875,-4.033935546875,derivative_excluded
-4.034423828125,-4.0341796875,derivative_excluded
-4.03466796875,-4.034423828125,derivative_excluded
-4.034912109375,-4.03466796875,derivative_excluded
-4.03515625,-4.034912109375,derivative_excluded
-4.035400390625,-4.03515625,derivative_excluded
-4.03564453125,-4.035400390625,derivative_excluded
-4.035888671875,-4.03564453125,derivative_excluded
-4.0361328125,-4.035888671875,derivative_excluded
-4.036376953125,-4.0361328125,derivative_excluded
-4.03662109375,-4.036376953125,derivative_excluded
-4.036865234375,-4.03662109375,derivative_excluded
-4.037109375,-4.036865234375,derivative_excluded
-4.037353515625,-4.037109375,derivative_excluded
-4.03759765625,-4.037353515625,derivative_excluded
-4.037841796875,-4.03759765625,derivative_excluded
-4.0380859375,-4.037841796875,derivative_excluded
-4.038330078125,-4.0380859375,derivative_excluded
-4.03857421875,-4.038330078125,derivative_excluded
-4.038818359375,-4.03857421875,derivative_excluded
-4.0390625,-4.038818359375,derivative_excluded
-4.039306640625,-4.0390625,derivative_excluded
-4.03955078125,-4.039306640625,derivative_excluded
-4.039794921875,-4.03955078125,derivative_excluded
-4.0400390625,-4.039794921875,derivative_excluded
-4.040283203125,-4.0400390625,derivative_excluded
-4.04052734375,-4.040283203125,derivative_excluded
-4.040771484375,-4.04052734375,derivative_excluded
-4.041015625,-4.040771484375,derivative_excluded
-4.041259765625,-4.041015625,derivative_excluded
-4.04150390625,-4.041259765625,derivative_excluded
-4.041748046875,-4.04150390625,derivative_excluded
-4.0419921875,-4.041748046875,derivative_excluded
-4.042236328125,-4.0419921875,derivative_excluded
-4.04248046875,-4.042236328125,derivative_excluded
-4.042724609375,-4.04248046875,derivative_excluded
-4.04296875,-4.042724609375,derivative_excluded
-4.043212890625,-4.04296875,derivative_excluded
-4.04345703125,-4.043212890625,derivative_excluded
-4.043701171875,-4.04345703125,derivative_excluded
-4.0439453125,-4.043701171875,derivative_excluded
-4.044189453125,-4.0439453125,derivative_excluded
-4.04443359375,-4.044189453125,derivative_excluded
-4.044677734375,-4.04443359375,derivative_excluded
-4.044921875,-4.044677734375,derivative_excluded
-4.045166015625,-4.044921875,derivative_excluded
-4.04541015625,-4.045166015625,derivative_excluded
-4.045654296875,-4.04541015625,derivative_excluded
-4.0458984375,-4.045654296875,derivative_excluded
-4.046142578125,-4.0458984375,derivative_excluded
-4.04638671875,-4.046142578125,derivative_excluded
-4.046630859375,-4.04638671875,derivative_excluded
-4.046875,-4.046630859375,derivative_excluded
-4.047119140625,-4.046875,derivative_excluded
-4.04736328125,-4.047119140625,derivative_excluded
-4.047607421875,-4.04736328125,derivative_excluded
-4.0478515625,-4.047607421875,derivative_excluded
-4.048095703125,-4.0478515625,derivative_excluded
-4.04833984375,-4.048095703125,derivative_excluded
-4.048583984375,-4.04833984375,derivative_excluded
-4.048828125,-4.048583984375,derivative_excluded
-4.049072265625,-4.048828125,derivative_excluded
-4.04931640625,-4.049072265625,derivative_excluded
-4.049560546875,-4.04931640625,derivative_excluded
-4.0498046875,-4.049560546875,derivative_excluded
-4.050048828125,-4.0498046875,derivative_excluded
-4.05029296875,-4.050048828125,derivative_excluded
-4.050537109375,-4.05029296875,derivative_excluded
-4.05078125,-4.050537109375,derivative_excluded
-4.051025390625,-4.05078125,derivative_excluded
-4.05126953125,-4.051025390625,derivative_excluded
-4.051513671875,-4.05126953125,derivative_excluded
-4.0517578125,-4.051513671875,derivative_excluded
-4.052001953125,-4.0517578125,derivative_excluded
-4.0521240234375,-4.052001953125,derivative_excluded
-4.05224609375,-4.0521240234375,derivative_excluded
-4.0523681640625,-4.05224609375,derivative_excluded
-4.052490234375,-4.0523681640625,derivative_excluded
-4.0526123046875,-4.052490234375,derivative_excluded
-4.052734375,-4.0526123046875,derivative_excluded
-4.0528564453125,-4.052734375,derivative_excluded
-4.052978515625,-4.0528564453125,derivative_excluded
-4.0531005859375,-4.052978515625,derivative_excluded
-4.05322265625,-4.0531005859375,derivative_excluded
-4.0533447265625,-4.05322265625,derivative_excluded
-4.053466796875,-4.0533447265625,derivative_excluded
-4.0535888671875,-4.053466796875,derivative_excluded
-4.0537109375,-4.0535888671875,derivative_excluded
-4.0538330078125,-4.0537109375,derivative_excluded
-4.053955078125,-4.0538330078125,derivative_excluded
-4.0540771484375,-4.053955078125,derivative_excluded
-4.05419921875,-4.0540771484375,derivative_excluded
-4.0543212890625,-4.05419921875,derivative_excluded
-4.054443359375,-4.0543212890625,derivative_excluded
-4.0545654296875,-4.054443359375,derivative_excluded
-4.0546875,-4.0545654296875,derivative_excluded
-4.0548095703125,-4.0546875,derivative_excluded
-4.054931640625,-4.0548095703125,derivative_excluded
-4.0550537109375,-4.054931640625,derivative_excluded
-4.05517578125,-4.0550537109375,derivative_excluded
-4.0552978515625,-4.05517578125,derivative_excluded
-4.055419921875,-4.0552978515625,derivative_excluded
-4.0555419921875,-4.055419921875,derivative_excluded
-4.0556640625,-4.0555419921875,derivative_excluded
-4.0557861328125,-4.0556640625,derivative_excluded
-4.055908203125,-4.0557861328125,derivative_excluded
-4.0560302734375,-4.055908203125,derivative_excluded
-4.05615234375,-4.0560302734375,derivative_excluded
-4.0562744140625,-4.05615234375,derivative_excluded
-4.056396484375,-4.0562744140625,derivative_excluded
-4.0565185546875,-4.056396484375,derivative_excluded
-4.056640625,-4.0565185546875,derivative_excluded
-4.0567626953125,-4.056640625,derivative_excluded
-4.056884765625,-4.0567626953125,derivative_excluded
-4.0570068359375,-4.056884765625,derivative_excluded
-4.05712890625,-4.0570068359375,derivative_excluded
-4.0572509765625,-4.05712890625,derivative_excluded
-4.057373046875,-4.0572509765625,derivative_excluded
-4.0574951171875,-4.057373046875,derivative_excluded
-4.0576171875,-4.0574951171875,derivative_excluded
-4.0577392578125,-4.0576171875,derivative_excluded
-4.057861328125,-4.0577392578125,derivative_excluded
-4.0579833984375,-4.057861328125,derivative_excluded
-4.05810546875,-4.0579833984375,derivative_excluded
-4.0582275390625,-4.05810546875,derivative_excluded
-4.058349609375,-4.0582275390625,derivative_excluded
-4.0584716796875,-4.058349609375,derivative_excluded
-4.05859375,-4.0584716796875,derivative_excluded
-4.0587158203125,-4.05859375,derivative_excluded
-4.058837890625,-4.0587158203125,derivative_excluded
-4.0589599609375,-4.058837890625,derivative_excluded
-4.05908203125,-4.0589599609375,derivative_excluded
-4.0592041015625,-4.05908203125,derivative_excluded
-4.059326171875,-4.0592041015625,derivative_excluded
-4.0594482421875,-4.059326171875,derivative_excluded
-4.0595703125,-4.0594482421875,derivative_excluded
-4.0596923828125,-4.0595703125,derivative_excluded
-4.059814453125,-4.0596923828125,derivative_excluded
-4.0599365234375,-4.059814453125,derivative_excluded
-4.06005859375,-4.0599365234375,derivative_excluded
-4.0601806640625,-4.06005859375,derivative_excluded
-4.060302734375,-4.0601806640625,derivative_excluded
-4.0604248046875,-4.060302734375,derivative_excluded
-4.060546875,-4.0604248046875,derivative_excluded
-4.0606689453125,-4.060546875,derivative_excluded
-4.060791015625,-4.0606689453125,derivative_excluded
-4.0609130859375,-4.060791015625,derivative_excluded
-4.06103515625,-4.0609130859375,derivative_excluded
-4.0611572265625,-4.06103515625,derivative_excluded
-4.061279296875,-4.0611572265625,derivative_excluded
-4.0614013671875,-4.061279296875,derivative_excluded
-4.0615234375,-4.0614013671875,derivative_excluded
-4.0616455078125,-4.0615234375,derivative_excluded
-4.061767578125,-4.0616455078125,derivative_excluded
-4.0618896484375,-4.061767578125,derivative_excluded
-4.06201171875,-4.0618896484375,derivative_excluded
-4.0621337890625,-4.06201171875,derivative_excluded
-4.062255859375,-4.0621337890625,derivative_excluded
-4.0623779296875,-4.062255859375,derivative_excluded
-4.0625,-4.0623779296875,derivative_excluded
-4.0626220703125,-4.0625,derivative_excluded
-4.062744140625,-4.0626220703125,derivative_excluded
-4.0628662109375,-4.062744140625,derivative_excluded
-4.06298828125,-4.0628662109375,derivative_excluded
-4.0631103515625,-4.06298828125,derivative_excluded
-4.063232421875,-4.0631103515625,derivative_excluded
-4.0633544921875,-4.063232421875,derivative_excluded
-4.0634765625,-4.0633544921875,derivative_excluded
-4.0635986328125,-4.0634765625,derivative_excluded
-4.063720703125,-4.0635986328125,derivative_excluded
-4.0638427734375,-4.063720703125,derivative_excluded
-4.06396484375,-4.0638427734375,derivative_excluded
-4.0640869140625,-4.06396484375,derivative_excluded
-4.064208984375,-4.0640869140625,derivative_excluded
-4.0643310546875,-4.064208984375,derivative_excluded
-4.064453125,-4.0643310546875,derivative_excluded
-4.0645751953125,-4.064453125,derivative_excluded
-4.064697265625,-4.0645751953125,derivative_excluded
-4.0648193359375,-4.064697265625,derivative_excluded
-4.06494140625,-4.0648193359375,derivative_excluded
-4.0650634765625,-4.06494140625,derivative_excluded
-4.065185546875,-4.0650634765625,derivative_excluded
-4.0653076171875,-4.065185546875,derivative_excluded
-4.0654296875,-4.0653076171875,derivative_excluded
-4.0655517578125,-4.0654296875,derivative_excluded
-4.065673828125,-4.0655517578125,derivative_excluded
-4.0657958984375,-4.065673828125,derivative_excluded
-4.06591796875,-4.0657958984375,derivative_excluded
-4.0660400390625,-4.06591796875,derivative_excluded
-4.066162109375,-4.0660400390625,derivative_excluded
-4.0662841796875,-4.066162109375,derivative_excluded
-4.06640625,-4.0662841796875,derivative_excluded
-4.0665283203125,-4.06640625,derivative_excluded
-4.066650390625,-4.0665283203125,derivative_excluded
-4.0667724609375,-4.066650390625,derivative_excluded
-4.06689453125,-4.0667724609375,derivative_excluded
-4.0670166015625,-4.06689453125,derivative_excluded
-4.067138671875,-4.0670166015625,derivative_excluded
-4.0672607421875,-4.067138671875,derivative_excluded
-4.0673828125,-4.0672607421875,derivative_excluded
-4.0675048828125,-4.0673828125,derivative_excluded
-4.067626953125,-4.0675048828125,derivative_excluded
-4.0677490234375,-4.067626953125,derivative_excluded
-4.06787109375,-4.0677490234375,derivative_excluded
-4.0679931640625,-4.06787109375,derivative_excluded
-4.068115234375,-4.0679931640625,derivative_excluded
-4.0682373046875,-4.068115234375,derivative_excluded
-4.068359375,-4.0682373046875,derivative_excluded
-4.06842041015625,-4.068359375,derivative_excluded
-4.0684814453125,-4.06842041015625,derivative_excluded
-4.06854248046875,-4.0684814453125,derivative_excluded
-4.068603515625,-4.06854248046875,derivative_excluded
-4.06866455078125,-4.068603515625,derivative_excluded
-4.0687255859375,-4.06866455078125,derivative_excluded
-4.06878662109375,-4.0687255859375,derivative_excluded
-4.06884765625,-4.06878662109375,derivative_excluded
-4.06890869140625,-4.06884765625,derivative_excluded
-4.0689697265625,-4.06890869140625,derivative_excluded
-4.06903076171875,-4.0689697265625,derivative_excluded
-4.069091796875,-4.06903076171875,derivative_excluded
-4.06915283203125,-4.069091796875,derivative_excluded
-4.0692138671875,-4.06915283203125,derivative_excluded
-4.06927490234375,-4.0692138671875,derivative_excluded
-4.0693359375,-4.06927490234375,derivative_excluded
-4.06939697265625,-4.0693359375,derivative_excluded
-4.0694580078125,-4.06939697265625,derivative_excluded
-4.06951904296875,-4.0694580078125,derivative_excluded
-4.069580078125,-4.06951904296875,derivative_excluded
-4.06964111328125,-4.069580078125,derivative_excluded
-4.0697021484375,-4.06964111328125,derivative_excluded
-4.06976318359375,-4.0697021484375,derivative_excluded
-4.06982421875,-4.06976318359375,derivative_excluded
-4.06988525390625,-4.06982421875,derivative_excluded
-4.0699462890625,-4.06988525390625,derivative_excluded
-4.07000732421875,-4.0699462890625,derivative_excluded
-4.070068359375,-4.07000732421875,derivative_excluded
-4.07012939453125,-4.070068359375,derivative_excluded
-4.0701904296875,-4.07012939453125,derivative_excluded
-4.07025146484375,-4.0701904296875,derivative_excluded
-4.0703125,-4.07025146484375,derivative_excluded
-4.07037353515625,-4.0703125,derivative_excluded
-4.0704345703125,-4.07037353515625,derivative_excluded
-4.07049560546875,-4.0704345703125,derivative_excluded
-4.070556640625,-4.07049560546875,derivative_excluded
-4.07061767578125,-4.070556640625,derivative_excluded
-4.0706787109375,-4.07061767578125,derivative_excluded
-4.07073974609375,-4.0706787109375,derivative_excluded
-4.07080078125,-4.07073974609375,derivative_excluded
-4.07086181640625,-4.07080078125,derivative_excluded
-4.0709228515625,-4.07086181640625,derivative_excluded
-4.07098388671875,-4.0709228515625,derivative_excluded
-4.071044921875,-4.07098388671875,derivative_excluded
-4.07110595703125,-4.071044921875,derivative_excluded
-4.0711669921875,-4.07110595703125,derivative_excluded
-4.07122802734375,-4.0711669921875,derivative_excluded
-4.0712890625,-4.07122802734375,derivative_excluded
-4.07135009765625,-4.0712890625,derivative_excluded
-4.0714111328125,-4.07135009765625,derivative_excluded
-4.07147216796875,-4.0714111328125,derivative_excluded
-4.071533203125,-4.07147216796875,derivative_excluded
-4.07159423828125,-4.071533203125,derivative_excluded
-4.0716552734375,-4.07159423828125,derivative_excluded
-4.07171630859375,-4.0716552734375,derivative_excluded
-4.07177734375,-4.07171630859375,derivative_excluded
-4.07183837890625,-4.07177734375,derivative_excluded
-4.0718994140625,-4.07183837890625,derivative_excluded
-4.07196044921875,-4.0718994140625,derivative_excluded
-4.072021484375,-4.07196044921875,derivative_excluded
-4.07208251953125,-4.072021484375,derivative_excluded
-4.0721435546875,-4.07208251953125,derivative_excluded
-4.07220458984375,-4.0721435546875,derivative_excluded
-4.072265625,-4.07220458984375,derivative_excluded
-4.07232666015625,-4.072265625,derivative_excluded
-4.0723876953125,-4.07232666015625,derivative_excluded
-4.07244873046875,-4.0723876953125,derivative_excluded
-4.072509765625,-4.07244873046875,derivative_excluded
-4.07257080078125,-4.072509765625,derivative_excluded
-4.0726318359375,-4.07257080078125,derivative_excluded
-4.07269287109375,-4.0726318359375,derivative_excluded
-4.07275390625,-4.07269287109375,derivative_excluded
-4.07281494140625,-4.07275390625,derivative_excluded
-4.0728759765625,-4.07281494140625,derivative_excluded
-4.07293701171875,-4.0728759765625,derivative_excluded
-4.072998046875,-4.07293701171875,derivative_excluded
-4.07305908203125,-4.072998046875,derivative_excluded
-4.0731201171875,-4.07305908203125,derivative_excluded
-4.07318115234375,-4.0731201171875,derivative_excluded
-4.0732421875,-4.07318115234375,derivative_excluded
-4.07330322265625,-4.0732421875,derivative_excluded
-4.0733642578125,-4.07330322265625,derivative_excluded
-4.07342529296875,-4.0733642578125,derivative_excluded
-4.073486328125,-4.07342529296875,derivative_excluded
-4.07354736328125,-4.073486328125,derivative_excluded
-4.0736083984375,-4.07354736328125,derivative_excluded
-4.07366943359375,-4.0736083984375,derivative_excluded
-4.07373046875,-4.07366943359375,derivative_excluded
-4.07379150390625,-4.07373046875,derivative_excluded
-4.0738525390625,-4.07379150390625,derivative_excluded
-4.07391357421875,-4.0738525390625,derivative_excluded
-4.073974609375,-4.07391357421875,derivative_excluded
-4.07403564453125,-4.073974609375,derivative_excluded
-4.0740966796875,-4.07403564453125,derivative_excluded
-4.07415771484375,-4.0740966796875,derivative_excluded
-4.07421875,-4.07415771484375,derivative_excluded
-4.07427978515625,-4.07421875,derivative_excluded
-4.0743408203125,-4.07427978515625,derivative_excluded
-4.07440185546875,-4.0743408203125,derivative_excluded
-4.074462890625,-4.07440185546875,derivative_excluded
-4.07452392578125,-4.074462890625,derivative_excluded
-4.0745849609375,-4.07452392578125,derivative_excluded
-4.07464599609375,-4.0745849609375,derivative_excluded
-4.07470703125,-4.07464599609375,derivative_excluded
-4.07476806640625,-4.07470703125,derivative_excluded
-4.0748291015625,-4.07476806640625,derivative_excluded
-4.07489013671875,-4.0748291015625,derivative_excluded
-4.074951171875,-4.07489013671875,derivative_excluded
-4.07501220703125,-4.074951171875,derivative_excluded
-4.0750732421875,-4.07501220703125,derivative_excluded
-4.07513427734375,-4.0750732421875,derivative_excluded
-4.0751953125,-4.07513427734375,derivative_excluded
-4.07525634765625,-4.0751953125,derivative_excluded
-4.0753173828125,-4.07525634765625,derivative_excluded
-4.07537841796875,-4.0753173828125,derivative_excluded
-4.075439453125,-4.07537841796875,derivative_excluded
-4.07550048828125,-4.075439453125,derivative_excluded
-4.0755615234375,-4.07550048828125,derivative_excluded
-4.07562255859375,-4.0755615234375,derivative_excluded
-4.07568359375,-4.07562255859375,derivative_excluded
-4.07574462890625,-4.07568359375,derivative_excluded
-4.0758056640625,-4.07574462890625,derivative_excluded
-4.07586669921875,-4.0758056640625,derivative_excluded
-4.075927734375,-4.07586669921875,derivative_excluded
-4.07598876953125,-4.075927734375,derivative_excluded
-4.0760498046875,-4.07598876953125,derivative_excluded
-4.07611083984375,-4.0760498046875,derivative_excluded
-4.076171875,-4.07611083984375,derivative_excluded
-4.07623291015625,-4.076171875,derivative_excluded
-4.0762939453125,-4.07623291015625,derivative_excluded
-4.07635498046875,-4.0762939453125,derivative_excluded
-4.076385498046875,-4.07635498046875,derivative_excluded
-4.076416015625,-4.076385498046875,derivative_excluded
-4.076446533203125,-4.076416015625,derivative_excluded
-4.07647705078125,-4.076446533203125,derivative_excluded
-4.076507568359375,-4.07647705078125,derivative_excluded
-4.0765380859375,-4.076507568359375,derivative_excluded
-4.076568603515625,-4.0765380859375,derivative_excluded
-4.07659912109375,-4.076568603515625,derivative_excluded
-4.076629638671875,-4.07659912109375,derivative_excluded
-4.07666015625,-4.076629638671875,derivative_excluded
-4.076690673828125,-4.07666015625,derivative_excluded
-4.07672119140625,-4.076690673828125,derivative_excluded
-4.076751708984375,-4.07672119140625,derivative_excluded
-4.0767822265625,-4.076751708984375,derivative_excluded
-4.076812744140625,-4.0767822265625,derivative_excluded
-4.07684326171875,-4.076812744140625,derivative_excluded
-4.076873779296875,-4.07684326171875,derivative_excluded
-4.076904296875,-4.076873779296875,derivative_excluded
-4.076934814453125,-4.076904296875,derivative_excluded
-4.07696533203125,-4.076934814453125,derivative_excluded
-4.076995849609375,-4.07696533203125,derivative_excluded
-4.0770263671875,-4.076995849609375,derivative_excluded
-4.077056884765625,-4.0770263671875,derivative_excluded
-4.07708740234375,-4.077056884765625,derivative_excluded
-4.077117919921875,-4.07708740234375,derivative_excluded
-4.0771484375,-4.077117919921875,derivative_excluded
-4.077178955078125,-4.0771484375,derivative_excluded
-4.07720947265625,-4.077178955078125,derivative_excluded
-4.077239990234375,-4.07720947265625,derivative_excluded
-4.0772705078125,-4.077239990234375,derivative_excluded
-4.077301025390625,-4.0772705078125,derivative_excluded
-4.07733154296875,-4.077301025390625,derivative_excluded
-4.077362060546875,-4.07733154296875,derivative_excluded
-4.077392578125,-4.077362060546875,derivative_excluded
-4.077423095703125,-4.077392578125,derivative_excluded
-4.07745361328125,-4.077423095703125,derivative_excluded
-4.077484130859375,-4.07745361328125,derivative_excluded
-4.0775146484375,-4.077484130859375,derivative_excluded
-4.077545166015625,-4.0775146484375,derivative_excluded
-4.07757568359375,-4.077545166015625,derivative_excluded
-4.077606201171875,-4.07757568359375,derivative_excluded
-4.07763671875,-4.077606201171875,derivative_excluded
-4.077667236328125,-4.07763671875,derivative_excluded
-4.07769775390625,-4.077667236328125,derivative_excluded
-4.077728271484375,-4.07769775390625,derivative_excluded
-4.0777587890625,-4.077728271484375,derivative_excluded
-4.077789306640625,-4.0777587890625,derivative_excluded
-4.07781982421875,-4.077789306640625,derivative_excluded
-4.077850341796875,-4.07781982421875,derivative_excluded
-4.077880859375,-4.077850341796875,derivative_excluded
-4.077911376953125,-4.077880859375,derivative_excluded
-4.07794189453125,-4.077911376953125,derivative_excluded
-4.077972412109375,-4.07794189453125,derivative_excluded
-4.0780029296875,-4.077972412109375,derivative_excluded
-4.078033447265625,-4.0780029296875,derivative_excluded
-4.07806396484375,-4.078033447265625,derivative_excluded
-4.078094482421875,-4.07806396484375,derivative_excluded
-4.078125,-4.078094482421875,derivative_excluded
-4.078155517578125,-4.078125,derivative_excluded
-4.07818603515625,-4.078155517578125,derivative_excluded
-4.078216552734375,-4.07818603515625,derivative_excluded
-4.0782470703125,-4.078216552734375,derivative_excluded
-4.078277587890625,-4.0782470703125,derivative_excluded
-4.07830810546875,-4.078277587890625,derivative_excluded
-4.078338623046875,-4.07830810546875,derivative_excluded
-4.078369140625,-4.078338623046875,derivative_excluded
-4.078399658203125,-4.078369140625,derivative_excluded
-4.07843017578125,-4.078399658203125,derivative_excluded
-4.078460693359375,-4.07843017578125,derivative_excluded
-4.0784912109375,-4.078460693359375,derivative_excluded
-4.078521728515625,-4.0784912109375,derivative_excluded
-4.07855224609375,-4.078521728515625,derivative_excluded
-4.078582763671875,-4.07855224609375,derivative_excluded
-4.07861328125,-4.078582763671875,derivative_excluded
-4.078643798828125,-4.07861328125,derivative_excluded
-4.07867431640625,-4.078643798828125,derivative_excluded
-4.078704833984375,-4.07867431640625,derivative_excluded
-4.0787353515625,-4.078704833984375,derivative_excluded
-4.078765869140625,-4.0787353515625,derivative_excluded
-4.07879638671875,-4.078765869140625,derivative_excluded
-4.078826904296875,-4.07879638671875,derivative_excluded
-4.078857421875,-4.078826904296875,derivative_excluded
-4.078887939453125,-4.078857421875,derivative_excluded
-4.07891845703125,-4.078887939453125,derivative_excluded
-4.078948974609375,-4.07891845703125,derivative_excluded
-4.0789794921875,-4.078948974609375,derivative_excluded
-4.079010009765625,-4.0789794921875,derivative_excluded
-4.07904052734375,-4.079010009765625,derivative_excluded
-4.079071044921875,-4.07904052734375,derivative_excluded
-4.0791015625,-4.079071044921875,derivative_excluded
-4.079132080078125,-4.0791015625,derivative_excluded
-4.07916259765625,-4.079132080078125,derivative_excluded
-4.079193115234375,-4.07916259765625,derivative_excluded
-4.0792236328125,-4.079193115234375,derivative_excluded
-4.079254150390625,-4.0792236328125,derivative_excluded
-4.07928466796875,-4.079254150390625,derivative_excluded
-4.079315185546875,-4.07928466796875,derivative_excluded
-4.079345703125,-4.079315185546875,derivative_excluded
-4.079376220703125,-4.079345703125,derivative_excluded
-4.07940673828125,-4.079376220703125,derivative_excluded
-4.079437255859375,-4.07940673828125,derivative_excluded
-4.0794677734375,-4.079437255859375,derivative_excluded
-4.079498291015625,-4.0794677734375,derivative_excluded
-4.07952880859375,-4.079498291015625,derivative_excluded
-4.079559326171875,-4.07952880859375,derivative_excluded
-4.07958984375,-4.079559326171875,derivative_excluded
-4.079620361328125,-4.07958984375,derivative_excluded
-4.07965087890625,-4.079620361328125,derivative_excluded
-4.079681396484375,-4.07965087890625,derivative_excluded
-4.0797119140625,-4.079681396484375,derivative_excluded
-4.079742431640625,-4.0797119140625,derivative_excluded
-4.07977294921875,-4.079742431640625,derivative_excluded
-4.079803466796875,-4.07977294921875,derivative_excluded
-4.079833984375,-4.079803466796875,derivative_excluded
-4.079864501953125,-4.079833984375,derivative_excluded
-4.07989501953125,-4.079864501953125,derivative_excluded
-4.079925537109375,-4.07989501953125,derivative_excluded
-4.0799560546875,-4.079925537109375,derivative_excluded
-4.079986572265625,-4.0799560546875,derivative_excluded
-4.08001708984375,-4.079986572265625,derivative_excluded
-4.080047607421875,-4.08001708984375,derivative_excluded
-4.080078125,-4.080047607421875,derivative_excluded
-4.080108642578125,-4.080078125,derivative_excluded
-4.08013916015625,-4.080108642578125,derivative_excluded
-4.080169677734375,-4.08013916015625,derivative_excluded
-4.0802001953125,-4.080169677734375,derivative_excluded
-4.080230712890625,-4.0802001953125,derivative_excluded
-4.08026123046875,-4.080230712890625,derivative_excluded
-4.080291748046875,-4.08026123046875,derivative_excluded
-4.080322265625,-4.080291748046875,derivative_excluded
-4.0803375244140625,-4.080322265625,derivative_excluded
-4.080352783203125,-4.0803375244140625,derivative_excluded
-4.0803680419921875,-4.080352783203125,derivative_excluded
-4.08038330078125,-4.0803680419921875,derivative_excluded
-4.0803985595703125,-4.08038330078125,derivative_excluded
-4.080413818359375,-4.0803985595703125,derivative_excluded
-4.0804290771484375,-4.080413818359375,derivative_excluded
-4.0804443359375,-4.0804290771484375,derivative_excluded
-4.0804595947265625,-4.0804443359375,derivative_excluded
-4.080474853515625,-4.0804595947265625,derivative_excluded
-4.0804901123046875,-4.080474853515625,derivative_excluded
-4.08050537109375,-4.0804901123046875,derivative_excluded
-4.0805206298828125,-4.08050537109375,derivative_excluded
-4.080535888671875,-4.0805206298828125,derivative_excluded
-4.0805511474609375,-4.080535888671875,derivative_excluded
-4.08056640625,-4.0805511474609375,derivative_excluded
-4.0805816650390625,-4.08056640625,derivative_excluded
-4.080596923828125,-4.0805816650390625,derivative_excluded
-4.0806121826171875,-4.080596923828125,derivative_excluded
-4.08062744140625,-4.0806121826171875,derivative_excluded
-4.0806427001953125,-4.08062744140625,derivative_excluded
-4.080657958984375,-4.0806427001953125,derivative_excluded
-4.0806732177734375,-4.080657958984375,derivative_excluded
-4.0806884765625,-4.0806732177734375,derivative_excluded
-4.0807037353515625,-4.0806884765625,derivative_excluded
-4.080718994140625,-4.0807037353515625,derivative_excluded
-4.0807342529296875,-4.080718994140625,derivative_excluded
-4.08074951171875,-4.0807342529296875,derivative_excluded
-4.0807647705078125,-4.08074951171875,derivative_excluded
-4.080780029296875,-4.0807647705078125,derivative_excluded
-4.0807952880859375,-4.080780029296875,derivative_excluded
-4.080810546875,-4.0807952880859375,derivative_excluded
-4.0808258056640625,-4.080810546875,derivative_excluded
-4.080841064453125,-4.0808258056640625,derivative_excluded
-4.0808563232421875,-4.080841064453125,derivative_excluded
-4.08087158203125,-4.0808563232421875,derivative_excluded
-4.0808868408203125,-4.08087158203125,derivative_excluded
-4.080902099609375,-4.0808868408203125,derivative_excluded
-4.0809173583984375,-4.080902099609375,derivative_excluded
-4.0809326171875,-4.0809173583984375,derivative_excluded
-4.0809478759765625,-4.0809326171875,derivative_excluded
-4.080963134765625,-4.0809478759765625,derivative_excluded
-4.0809783935546875,-4.080963134765625,derivative_excluded
-4.08099365234375,-4.0809783935546875,derivative_excluded
-4.0810089111328125,-4.08099365234375,derivative_excluded
-4.081024169921875,-4.0810089111328125,derivative_excluded
-4.0810394287109375,-4.081024169921875,derivative_excluded
-4.0810546875,-4.0810394287109375,derivative_excluded
-4.0810699462890625,-4.0810546875,derivative_excluded
-4.081085205078125,-4.0810699462890625,derivative_excluded
-4.0811004638671875,-4.081085205078125,derivative_excluded
-4.08111572265625,-4.0811004638671875,derivative_excluded
-4.0811309814453125,-4.08111572265625,derivative_excluded
-4.081146240234375,-4.0811309814453125,derivative_excluded
-4.0811614990234375,-4.081146240234375,derivative_excluded
-4.0811767578125,-4.0811614990234375,derivative_excluded
-4.0811920166015625,-4.0811767578125,derivative_excluded
-4.081207275390625,-4.0811920166015625,derivative_excluded
-4.0812225341796875,-4.081207275390625,derivative_excluded
-4.08123779296875,-4.0812225341796875,derivative_excluded
-4.0812530517578125,-4.08123779296875,derivative_excluded
-4.081268310546875,-4.0812530517578125,derivative_excluded
-4.0812835693359375,-4.081268310546875,derivative_excluded
-4.081298828125,-4.0812835693359375,derivative_excluded
-4.0813140869140625,-4.081298828125,derivative_excluded
-4.081329345703125,-4.0813140869140625,derivative_excluded
-4.0813446044921875,-4.081329345703125,derivative_excluded
-4.08135986328125,-4.0813446044921875,derivative_excluded
-4.0813751220703125,-4.08135986328125,derivative_excluded
-4.081390380859375,-4.0813751220703125,derivative_excluded
-4.0814056396484375,-4.081390380859375,derivative_excluded
-4.0814208984375,-4.0814056396484375,derivative_excluded
-4.0814361572265625,-4.0814208984375,derivative_excluded
-4.081451416015625,-4.0814361572265625,derivative_excluded
-4.0814666748046875,-4.081451416015625,derivative_excluded
-4.08148193359375,-4.0814666748046875,derivative_excluded
-4.0814971923828125,-4.08148193359375,derivative_excluded
-4.081512451171875,-4.0814971923828125,derivative_excluded
-4.0815277099609375,-4.081512451171875,derivative_excluded
-4.08154296875,-4.0815277099609375,derivative_excluded
-4.0815582275390625,-4.08154296875,derivative_excluded
-4.081573486328125,-4.0815582275390625,derivative_excluded
-4.0815887451171875,-4.081573486328125,derivative_excluded
-4.08160400390625,-4.0815887451171875,derivative_excluded
-4.0816192626953125,-4.08160400390625,derivative_excluded
-4.081634521484375,-4.0816192626953125,derivative_excluded
-4.0816497802734375,-4.081634521484375,derivative_excluded
-4.0816650390625,-4.0816497802734375,derivative_excluded
-4.0816802978515625,-4.0816650390625,derivative_excluded
-4.081695556640625,-4.0816802978515625,derivative_excluded
-4.0817108154296875,-4.081695556640625,derivative_excluded
-4.08172607421875,-4.0817108154296875,derivative_excluded
-4.0817413330078125,-4.08172607421875,derivative_excluded
-4.081756591796875,-4.0817413330078125,derivative_excluded
-4.0817718505859375,-4.081756591796875,derivative_excluded
-4.081787109375,-4.0817718505859375,derivative_excluded
-4.0818023681640625,-4.081787109375,derivative_excluded
-4.081817626953125,-4.0818023681640625,derivative_excluded
-4.0818328857421875,-4.081817626953125,derivative_excluded
-4.08184814453125,-4.0818328857421875,derivative_excluded
-4.0818634033203125,-4.08184814453125,derivative_excluded
-4.081878662109375,-4.0818634033203125,derivative_excluded
-4.0818939208984375,-4.081878662109375,derivative_excluded
-4.0819091796875,-4.0818939208984375,derivative_excluded
-4.0819244384765625,-4.0819091796875,derivative_excluded
-4.081939697265625,-4.0819244384765625,derivative_excluded
-4.0819549560546875,-4.081939697265625,derivative_excluded
-4.08197021484375,-4.0819549560546875,derivative_excluded
-4.0819854736328125,-4.08197021484375,derivative_excluded
-4.082000732421875,-4.0819854736328125,derivative_excluded
-4.0820159912109375,-4.082000732421875,derivative_excluded
-4.08203125,-4.0820159912109375,derivative_excluded
-4.0820465087890625,-4.08203125,derivative_excluded
-4.082061767578125,-4.0820465087890625,derivative_excluded
-4.0820770263671875,-4.082061767578125,derivative_excluded
-4.08209228515625,-4.0820770263671875,derivative_excluded
-4.0821075439453125,-4.08209228515625,derivative_excluded
-4.082122802734375,-4.0821075439453125,derivative_excluded
-4.0821380615234375,-4.082122802734375,derivative_excluded
-4.0821533203125,-4.0821380615234375,derivative_excluded
-4.0821685791015625,-4.0821533203125,derivative_excluded
-4.082183837890625,-4.0821685791015625,derivative_excluded
-4.0821990966796875,-4.082183837890625,derivative_excluded
-4.08221435546875,-4.0821990966796875,derivative_excluded
-4.0822296142578125,-4.08221435546875,derivative_excluded
-4.082244873046875,-4.0822296142578125,derivative_excluded
-4.0822601318359375,-4.082244873046875,derivative_excluded
-4.082275390625,-4.0822601318359375,derivative_excluded
-4.082283020019531,-4.082275390625,derivative_excluded
-4.0822906494140625,-4.082283020019531,derivative_excluded
-4.082298278808594,-4.0822906494140625,derivative_excluded
-4.082305908203125,-4.082298278808594,derivative_excluded
-4.082313537597656,-4.082305908203125,derivative_excluded
-4.0823211669921875,-4.082313537597656,derivative_excluded
-4.082328796386719,-4.0823211669921875,derivative_excluded
-4.08233642578125,-4.082328796386719,derivative_excluded
-4.082344055175781,-4.08233642578125,derivative_excluded
-4.0823516845703125,-4.082344055175781,derivative_excluded
-4.082359313964844,-4.0823516845703125,derivative_excluded
-4.082366943359375,-4.082359313964844,derivative_excluded
-4.082374572753906,-4.082366943359375,derivative_excluded
-4.0823822021484375,-4.082374572753906,derivative_excluded
-4.082389831542969,-4.0823822021484375,derivative_excluded
-4.0823974609375,-4.082389831542969,derivative_excluded
-4.082405090332031,-4.0823974609375,derivative_excluded
-4.0824127197265625,-4.082405090332031,derivative_excluded
-4.082420349121094,-4.0824127197265625,derivative_excluded
-4.082427978515625,-4.082420349121094,derivative_excluded
-4.082435607910156,-4.082427978515625,derivative_excluded
-4.0824432373046875,-4.082435607910156,derivative_excluded
-4.082450866699219,-4.0824432373046875,derivative_excluded
-4.08245849609375,-4.082450866699219,derivative_excluded
-4.082466125488281,-4.08245849609375,derivative_excluded
-4.0824737548828125,-4.082466125488281,derivative_excluded
-4.082481384277344,-4.0824737548828125,derivative_excluded
-4.082489013671875,-4.082481384277344,derivative_excluded
-4.082496643066406,-4.082489013671875,derivative_excluded
-4.0825042724609375,-4.082496643066406,derivative_excluded
-4.082511901855469,-4.0825042724609375,derivative_excluded
-4.08251953125,-4.082511901855469,derivative_excluded
-4.082527160644531,-4.08251953125,derivative_excluded
-4.0825347900390625,-4.082527160644531,derivative_excluded
-4.082542419433594,-4.0825347900390625,derivative_excluded
-4.082550048828125,-4.082542419433594,derivative_excluded
-4.082557678222656,-4.082550048828125,derivative_excluded
-4.0825653076171875,-4.082557678222656,derivative_excluded
-4.082572937011719,-4.0825653076171875,derivative_excluded
-4.08258056640625,-4.082572937011719,derivative_excluded
-4.082588195800781,-4.08258056640625,derivative_excluded
-4.0825958251953125,-4.082588195800781,derivative_excluded
-4.082603454589844,-4.0825958251953125,derivative_excluded
-4.082611083984375,-4.082603454589844,derivative_excluded
-4.082618713378906,-4.082611083984375,derivative_excluded
-4.0826263427734375,-4.082618713378906,derivative_excluded
-4.082633972167969,-4.0826263427734375,derivative_excluded
-4.0826416015625,-4.082633972167969,derivative_excluded
-4.082649230957031,-4.0826416015625,derivative_excluded
-4.0826568603515625,-4.082649230957031,derivative_excluded
-4.082664489746094,-4.0826568603515625,derivative_excluded
-4.082672119140625,-4.082664489746094,derivative_excluded
-4.082679748535156,-4.082672119140625,derivative_excluded
-4.0826873779296875,-4.082679748535156,derivative_excluded
-4.082695007324219,-4.0826873779296875,derivative_excluded
-4.08270263671875,-4.082695007324219,derivative_excluded
-4.082710266113281,-4.08270263671875,derivative_excluded
-4.0827178955078125,-4.082710266113281,derivative_excluded
-4.082725524902344,-4.0827178955078125,derivative_excluded
-4.082733154296875,-4.082725524902344,derivative_excluded
-4.082740783691406,-4.082733154296875,derivative_excluded
-4.0827484130859375,-4.082740783691406,derivative_excluded
-4.082756042480469,-4.0827484130859375,derivative_excluded
-4.082763671875,-4.082756042480469,derivative_excluded
-4.082771301269531,-4.082763671875,derivative_excluded
-4.0827789306640625,-4.082771301269531,derivative_excluded
-4.082786560058594,-4.0827789306640625,derivative_excluded
-4.082794189453125,-4.082786560058594,derivative_excluded
-4.082801818847656,-4.082794189453125,derivative_excluded
-4.0828094482421875,-4.082801818847656,derivative_excluded
-4.082817077636719,-4.0828094482421875,derivative_excluded
-4.08282470703125,-4.082817077636719,derivative_excluded
-4.082832336425781,-4.08282470703125,derivative_excluded
-4.0828399658203125,-4.082832336425781,derivative_excluded
-4.082847595214844,-4.0828399658203125,derivative_excluded
-4.082855224609375,-4.082847595214844,derivative_excluded
-4.082862854003906,-4.082855224609375,derivative_excluded
-4.0828704833984375,-4.082862854003906,derivative_excluded
-4.082878112792969,-4.0828704833984375,derivative_excluded
-4.0828857421875,-4.082878112792969,derivative_excluded
-4.082893371582031,-4.0828857421875,derivative_excluded
-4.0829010009765625,-4.082893371582031,derivative_excluded
-4.082908630371094,-4.0829010009765625,derivative_excluded
-4.082916259765625,-4.082908630371094,derivative_excluded
-4.082923889160156,-4.082916259765625,derivative_excluded
-4.0829315185546875,-4.082923889160156,derivative_excluded
-4.082939147949219,-4.0829315185546875,derivative_excluded
-4.08294677734375,-4.082939147949219,derivative_excluded
-4.082954406738281,-4.08294677734375,derivative_excluded
-4.0829620361328125,-4.082954406738281,derivative_excluded
-4.082969665527344,-4.0829620361328125,derivative_excluded
-4.082977294921875,-4.082969665527344,derivative_excluded
-4.082984924316406,-4.082977294921875,derivative_excluded
-4.0829925537109375,-4.082984924316406,derivative_excluded
-4.083000183105469,-4.0829925537109375,derivative_excluded
-4.0830078125,-4.083000183105469,derivative_excluded
-4.083015441894531,-4.0830078125,derivative_excluded
-4.0830230712890625,-4.083015441894531,derivative_excluded
-4.083030700683594,-4.0830230712890625,derivative_excluded
-4.083038330078125,-4.083030700683594,derivative_excluded
-4.083045959472656,-4.083038330078125,derivative_excluded
-4.0830535888671875,-4.083045959472656,derivative_excluded
-4.083061218261719,-4.0830535888671875,derivative_excluded
-4.08306884765625,-4.083061218261719,derivative_excluded
-4.083076477050781,-4.08306884765625,derivative_excluded
-4.0830841064453125,-4.083076477050781,derivative_excluded
-4.083091735839844,-4.0830841064453125,derivative_excluded
-4.083099365234375,-4.083091735839844,derivative_excluded
-4.083106994628906,-4.083099365234375,derivative_excluded
-4.0831146240234375,-4.083106994628906,derivative_excluded
-4.083122253417969,-4.0831146240234375,derivative_excluded
-4.0831298828125,-4.083122253417969,derivative_excluded
-4.083137512207031,-4.0831298828125,derivative_excluded
-4.0831451416015625,-4.083137512207031,derivative_excluded
-4.083152770996094,-4.0831451416015625,derivative_excluded
-4.083160400390625,-4.083152770996094,derivative_excluded
-4.083168029785156,-4.083160400390625,derivative_excluded
-4.0831756591796875,-4.083168029785156,derivative_excluded
-4.083183288574219,-4.0831756591796875,derivative_excluded
-4.08319091796875,-4.083183288574219,derivative_excluded
-4.083198547363281,-4.08319091796875,derivative_excluded
-4.0832061767578125,-4.083198547363281,derivative_excluded
-4.083213806152344,-4.0832061767578125,derivative_excluded
-4.083221435546875,-4.083213806152344,derivative_excluded
-4.083229064941406,-4.083221435546875,derivative_excluded
-4.0832366943359375,-4.083229064941406,derivative_excluded
-4.083244323730469,-4.0832366943359375,derivative_excluded
-4.083251953125,-4.083244323730469,derivative_excluded
-4.083255767822266,-4.083251953125,derivative_excluded
-4.083259582519531,-4.083255767822266,derivative_excluded
-4.083263397216797,-4.083259582519531,derivative_excluded
-4.0832672119140625,-4.083263397216797,derivative_excluded
-4.083271026611328,-4.0832672119140625,derivative_excluded
-4.083274841308594,-4.083271026611328,derivative_excluded
-4.083278656005859,-4.083274841308594,derivative_excluded
-4.083282470703125,-4.083278656005859,derivative_excluded
-4.083286285400391,-4.083282470703125,derivative_excluded
-4.083290100097656,-4.083286285400391,derivative_excluded
-4.083293914794922,-4.083290100097656,derivative_excluded
-4.0832977294921875,-4.083293914794922,derivative_excluded
-4.083301544189453,-4.0832977294921875,derivative_excluded
-4.083305358886719,-4.083301544189453,derivative_excluded
-4.083309173583984,-4.083305358886719,derivative_excluded
-4.08331298828125,-4.083309173583984,derivative_excluded
-4.083316802978516,-4.08331298828125,derivative_excluded
-4.083320617675781,-4.083316802978516,derivative_excluded
-4.083324432373047,-4.083320617675781,derivative_excluded
-4.0833282470703125,-4.083324432373047,derivative_excluded
-4.083332061767578,-4.0833282470703125,derivative_excluded
-4.083335876464844,-4.083332061767578,derivative_excluded
-4.083339691162109,-4.083335876464844,derivative_excluded
-4.083343505859375,-4.083339691162109,derivative_excluded
-4.083347320556641,-4.083343505859375,derivative_excluded
-4.083351135253906,-4.083347320556641,derivative_excluded
-4.083354949951172,-4.083351135253906,derivative_excluded
-4.0833587646484375,-4.083354949951172,derivative_excluded
-4.083362579345703,-4.0833587646484375,derivative_excluded
-4.083366394042969,-4.083362579345703,derivative_excluded
-4.083370208740234,-4.083366394042969,derivative_excluded
-4.0833740234375,-4.083370208740234,derivative_excluded
-4.083377838134766,-4.0833740234375,derivative_excluded
-4.083381652832031,-4.083377838134766,derivative_excluded
-4.083385467529297,-4.083381652832031,derivative_excluded
-4.0833892822265625,-4.083385467529297,derivative_excluded
-4.083393096923828,-4.0833892822265625,derivative_excluded
-4.083396911621094,-4.083393096923828,derivative_excluded
-4.083400726318359,-4.083396911621094,derivative_excluded
-4.083404541015625,-4.083400726318359,derivative_excluded
-4.083408355712891,-4.083404541015625,derivative_excluded
-4.083412170410156,-4.083408355712891,derivative_excluded
-4.083415985107422,-4.083412170410156,derivative_excluded
-4.0834197998046875,-4.083415985107422,derivative_excluded
-4.083423614501953,-4.0834197998046875,derivative_excluded
-4.083427429199219,-4.083423614501953,derivative_excluded
-4.083431243896484,-4.083427429199219,derivative_excluded
-4.08343505859375,-4.083431243896484,derivative_excluded
-4.083438873291016,-4.08343505859375,derivative_excluded
-4.083442687988281,-4.083438873291016,derivative_excluded
-4.083446502685547,-4.083442687988281,derivative_excluded
-4.0834503173828125,-4.083446502685547,derivative_excluded
-4.083454132080078,-4.0834503173828125,derivative_excluded
-4.083457946777344,-4.083454132080078,derivative_excluded
-4.083461761474609,-4.083457946777344,derivative_excluded
-4.083465576171875,-4.083461761474609,derivative_excluded
-4.083469390869141,-4.083465576171875,derivative_excluded
-4.083473205566406,-4.083469390869141,derivative_excluded
-4.083477020263672,-4.083473205566406,derivative_excluded
-4.0834808349609375,-4.083477020263672,derivative_excluded
-4.083484649658203,-4.0834808349609375,derivative_excluded
-4.083488464355469,-4.083484649658203,derivative_excluded
-4.083492279052734,-4.083488464355469,derivative_excluded
-4.08349609375,-4.083492279052734,derivative_excluded
-4.083499908447266,-4.08349609375,derivative_excluded
-4.083503723144531,-4.083499908447266,derivative_excluded
-4.083507537841797,-4.083503723144531,derivative_excluded
-4.0835113525390625,-4.083507537841797,derivative_excluded
-4.083515167236328,-4.0835113525390625,derivative_excluded
-4.083518981933594,-4.083515167236328,derivative_excluded
-4.083522796630859,-4.083518981933594,derivative_excluded
-4.083526611328125,-4.083522796630859,derivative_excluded
-4.083530426025391,-4.083526611328125,derivative_excluded
-4.083534240722656,-4.083530426025391,derivative_excluded
-4.083538055419922,-4.083534240722656,derivative_excluded
-4.0835418701171875,-4.083538055419922,derivative_excluded
-4.083545684814453,-4.0835418701171875,derivative_excluded
-4.083549499511719,-4.083545684814453,derivative_excluded
-4.083553314208984,-4.083549499511719,derivative_excluded
-4.08355712890625,-4.083553314208984,derivative_excluded
-4.083560943603516,-4.08355712890625,derivative_excluded
-4.083564758300781,-4.083560943603516,derivative_excluded
-4.083568572998047,-4.083564758300781,derivative_excluded
-4.0835723876953125,-4.083568572998047,derivative_excluded
-4.083576202392578,-4.0835723876953125,derivative_excluded
-4.083580017089844,-4.083576202392578,derivative_excluded
-4.083583831787109,-4.083580017089844,derivative_excluded
-4.083587646484375,-4.083583831787109,derivative_excluded
-4.083591461181641,-4.083587646484375,derivative_excluded
-4.083595275878906,-4.083591461181641,derivative_excluded
-4.083599090576172,-4.083595275878906,derivative_excluded
-4.0836029052734375,-4.083599090576172,derivative_excluded
-4.083606719970703,-4.0836029052734375,derivative_excluded
-4.083610534667969,-4.083606719970703,derivative_excluded
-4.083614349365234,-4.083610534667969,derivative_excluded
-4.0836181640625,-4.083614349365234,derivative_excluded
-4.083621978759766,-4.0836181640625,derivative_excluded
-4.083625793457031,-4.083621978759766,derivative_excluded
-4.083629608154297,-4.083625793457031,derivative_excluded
-4.0836334228515625,-4.083629608154297,derivative_excluded
-4.083637237548828,-4.0836334228515625,derivative_excluded
-4.083641052246094,-4.083637237548828,derivative_excluded
-4.083644866943359,-4.083641052246094,derivative_excluded
-4.083648681640625,-4.083644866943359,derivative_excluded
-4.083652496337891,-4.083648681640625,derivative_excluded
-4.083656311035156,-4.083652496337891,derivative_excluded
-4.083660125732422,-4.083656311035156,derivative_excluded
-4.0836639404296875,-4.083660125732422,derivative_excluded
-4.083667755126953,-4.0836639404296875,derivative_excluded
-4.083671569824219,-4.083667755126953,derivative_excluded
-4.083675384521484,-4.083671569824219,derivative_excluded
-4.08367919921875,-4.083675384521484,derivative_excluded
-4.083683013916016,-4.08367919921875,derivative_excluded
-4.083686828613281,-4.083683013916016,derivative_excluded
-4.083690643310547,-4.083686828613281,derivative_excluded
-4.0836944580078125,-4.083690643310547,derivative_excluded
-4.083698272705078,-4.0836944580078125,derivative_excluded
-4.083702087402344,-4.083698272705078,derivative_excluded
-4.083705902099609,-4.083702087402344,derivative_excluded
-4.083709716796875,-4.083705902099609,derivative_excluded
-4.083713531494141,-4.083709716796875,derivative_excluded
-4.083717346191406,-4.083713531494141,derivative_excluded
-4.083721160888672,-4.083717346191406,derivative_excluded
-4.0837249755859375,-4.083721160888672,derivative_excluded
-4.083728790283203,-4.0837249755859375,derivative_excluded
-4.083732604980469,-4.083728790283203,derivative_excluded
-4.083736419677734,-4.083732604980469,derivative_excluded
-4.083740234375,-4.083736419677734,derivative_excluded
-4.083742141723633,-4.083740234375,derivative_excluded
-4.083744049072266,-4.083742141723633,derivative_excluded
-4.083745956420898,-4.083744049072266,derivative_excluded
-4.083747863769531,-4.083745956420898,derivative_excluded
-4.083749771118164,-4.083747863769531,derivative_excluded
-4.083751678466797,-4.083749771118164,derivative_excluded
-4.08375358581543,-4.083751678466797,derivative_excluded
-4.0837554931640625,-4.08375358581543,derivative_excluded
-4.083757400512695,-4.0837554931640625,derivative_excluded
-4.083759307861328,-4.083757400512695,derivative_excluded
-4.083761215209961,-4.083759307861328,derivative_excluded
-4.083763122558594,-4.083761215209961,derivative_excluded
-4.083765029907227,-4.083763122558594,derivative_excluded
-4.083766937255859,-4.083765029907227,derivative_excluded
-4.083768844604492,-4.083766937255859,derivative_excluded
-4.083770751953125,-4.083768844604492,derivative_excluded
-4.083772659301758,-4.083770751953125,derivative_excluded
-4.083774566650391,-4.083772659301758,derivative_excluded
-4.083776473999023,-4.083774566650391,derivative_excluded
-4.083778381347656,-4.083776473999023,derivative_excluded
-4.083780288696289,-4.083778381347656,derivative_excluded
-4.083782196044922,-4.083780288696289,derivative_excluded
-4.083784103393555,-4.083782196044922,derivative_excluded
-4.0837860107421875,-4.083784103393555,derivative_excluded
-4.08378791809082,-4.0837860107421875,derivative_excluded
-4.083789825439453,-4.08378791809082,derivative_excluded
-4.083791732788086,-4.083789825439453,derivative_excluded
-4.083793640136719,-4.083791732788086,derivative_excluded
-4.083795547485352,-4.083793640136719,derivative_excluded
-4.083797454833984,-4.083795547485352,derivative_excluded
-4.083799362182617,-4.083797454833984,derivative_excluded
-4.08380126953125,-4.083799362182617,derivative_excluded
-4.083803176879883,-4.08380126953125,derivative_excluded
-4.083805084228516,-4.083803176879883,derivative_excluded
-4.083806991577148,-4.083805084228516,derivative_excluded
-4.083808898925781,-4.083806991577148,derivative_excluded
-4.083810806274414,-4.083808898925781,derivative_excluded
-4.083812713623047,-4.083810806274414,derivative_excluded
-4.08381462097168,-4.083812713623047,derivative_excluded
-4.0838165283203125,-4.08381462097168,derivative_excluded
-4.083818435668945,-4.0838165283203125,derivative_excluded
-4.083820343017578,-4.083818435668945,derivative_excluded
-4.083822250366211,-4.083820343017578,derivative_excluded
-4.083824157714844,-4.083822250366211,derivative_excluded
-4.083826065063477,-4.083824157714844,derivative_excluded
-4.083827972412109,-4.083826065063477,derivative_excluded
-4.083829879760742,-4.083827972412109,derivative_excluded
-4.083831787109375,-4.083829879760742,derivative_excluded
-4.083833694458008,-4.083831787109375,derivative_excluded
-4.083835601806641,-4.083833694458008,derivative_excluded
-4.083837509155273,-4.083835601806641,derivative_excluded
-4.083839416503906,-4.083837509155273,derivative_excluded
-4.083841323852539,-4.083839416503906,derivative_excluded
-4.083843231201172,-4.083841323852539,derivative_excluded
-4.083845138549805,-4.083843231201172,derivative_excluded
-4.0838470458984375,-4.083845138549805,derivative_excluded
-4.08384895324707,-4.0838470458984375,derivative_excluded
-4.083850860595703,-4.08384895324707,derivative_excluded
-4.083852767944336,-4.083850860595703,derivative_excluded
-4.083854675292969,-4.083852767944336,derivative_excluded
-4.083856582641602,-4.083854675292969,derivative_excluded
-4.083858489990234,-4.083856582641602,derivative_excluded
-4.083860397338867,-4.083858489990234,derivative_excluded
-4.0838623046875,-4.083860397338867,derivative_excluded
-4.083864212036133,-4.0838623046875,derivative_excluded
-4.083866119384766,-4.083864212036133,derivative_excluded
-4.083868026733398,-4.083866119384766,derivative_excluded
-4.083869934082031,-4.083868026733398,derivative_excluded
-4.083871841430664,-4.083869934082031,derivative_excluded
-4.083873748779297,-4.083871841430664,derivative_excluded
-4.08387565612793,-4.083873748779297,derivative_excluded
-4.0838775634765625,-4.08387565612793,derivative_excluded
-4.083879470825195,-4.0838775634765625,derivative_excluded
-4.083881378173828,-4.083879470825195,derivative_excluded
-4.083883285522461,-4.083881378173828,derivative_excluded
-4.083885192871094,-4.083883285522461,derivative_excluded
-4.083887100219727,-4.083885192871094,derivative_excluded
-4.083889007568359,-4.083887100219727,derivative_excluded
-4.083890914916992,-4.083889007568359,derivative_excluded
-4.083892822265625,-4.083890914916992,derivative_excluded
-4.083894729614258,-4.083892822265625,derivative_excluded
-4.083896636962891,-4.083894729614258,derivative_excluded
-4.083898544311523,-4.083896636962891,derivative_excluded
-4.083900451660156,-4.083898544311523,derivative_excluded
-4.083902359008789,-4.083900451660156,derivative_excluded
-4.083904266357422,-4.083902359008789,derivative_excluded
-4.083906173706055,-4.083904266357422,derivative_excluded
-4.0839080810546875,-4.083906173706055,derivative_excluded
-4.08390998840332,-4.0839080810546875,derivative_excluded
-4.083911895751953,-4.08390998840332,derivative_excluded
-4.083913803100586,-4.083911895751953,derivative_excluded
-4.083915710449219,-4.083913803100586,derivative_excluded
-4.083917617797852,-4.083915710449219,derivative_excluded
-4.083919525146484,-4.083917617797852,derivative_excluded
-4.083921432495117,-4.083919525146484,derivative_excluded
-4.08392333984375,-4.083921432495117,derivative_excluded
-4.083925247192383,-4.08392333984375,derivative_excluded
-4.083927154541016,-4.083925247192383,derivative_excluded
-4.083929061889648,-4.083927154541016,derivative_excluded
-4.083930969238281,-4.083929061889648,derivative_excluded
-4.083932876586914,-4.083930969238281,derivative_excluded
-4.083934783935547,-4.083932876586914,derivative_excluded
-4.08393669128418,-4.083934783935547,derivative_excluded
-4.0839385986328125,-4.08393669128418,derivative_excluded
-4.083940505981445,-4.0839385986328125,derivative_excluded
-4.083942413330078,-4.083940505981445,derivative_excluded
-4.083944320678711,-4.083942413330078,derivative_excluded
-4.083946228027344,-4.083944320678711,derivative_excluded
-4.083948135375977,-4.083946228027344,derivative_excluded
-4.083950042724609,-4.083948135375977,derivative_excluded
-4.083951950073242,-4.083950042724609,derivative_excluded
-4.083953857421875,-4.083951950073242,derivative_excluded
-4.083955764770508,-4.083953857421875,derivative_excluded
-4.083957672119141,-4.083955764770508,derivative_excluded
-4.083959579467773,-4.083957672119141,derivative_excluded
-4.083961486816406,-4.083959579467773,derivative_excluded
-4.083963394165039,-4.083961486816406,derivative_excluded
-4.083965301513672,-4.083963394165039,derivative_excluded
-4.083967208862305,-4.083965301513672,derivative_excluded
-4.0839691162109375,-4.083967208862305,derivative_excluded
-4.08397102355957,-4.0839691162109375,derivative_excluded
-4.083972930908203,-4.08397102355957,derivative_excluded
-4.083974838256836,-4.083972930908203,derivative_excluded
-4.083976745605469,-4.083974838256836,derivative_excluded
-4.083978652954102,-4.083976745605469,derivative_excluded
-4.083980560302734,-4.083978652954102,derivative_excluded
-4.083982467651367,-4.083980560302734,derivative_excluded
-4.083984375,-4.083982467651367,derivative_excluded
-4.0859375,-4.083984375,unique_root
-4.085945129394531,-4.0859375,derivative_excluded
-4.0859527587890625,-4.085945129394531,derivative_excluded
-4.085960388183594,-4.0859527587890625,derivative_excluded
-4.085968017578125,-4.085960388183594,derivative_excluded
-4.085975646972656,-4.085968017578125,derivative_excluded
-4.0859832763671875,-4.085975646972656,derivative_excluded
-4.085990905761719,-4.0859832763671875,derivative_excluded
-4.08599853515625,-4.085990905761719,derivative_excluded
-4.086006164550781,-4.08599853515625,derivative_excluded
-4.0860137939453125,-4.086006164550781,derivative_excluded
-4.086021423339844,-4.0860137939453125,derivative_excluded
-4.086029052734375,-4.086021423339844,derivative_excluded
-4.086036682128906,-4.086029052734375,derivative_excluded
-4.0860443115234375,-4.086036682128906,derivative_excluded
-4.086051940917969,-4.0860443115234375,derivative_excluded
-4.0860595703125,-4.086051940917969,derivative_excluded
-4.086067199707031,-4.0860595703125,derivative_excluded
-4.0860748291015625,-4.086067199707031,derivative_excluded
-4.086082458496094,-4.0860748291015625,derivative_excluded
-4.086090087890625,-4.086082458496094,derivative_excluded
-4.086097717285156,-4.086090087890625,derivative_excluded
-4.0861053466796875,-4.086097717285156,derivative_excluded
-4.086112976074219,-4.0861053466796875,derivative_excluded
-4.08612060546875,-4.086112976074219,derivative_excluded
-4.086128234863281,-4.08612060546875,derivative_excluded
-4.0861358642578125,-4.086128234863281,derivative_excluded
-4.086143493652344,-4.0861358642578125,derivative_excluded
-4.086151123046875,-4.086143493652344,derivative_excluded
-4.086158752441406,-4.086151123046875,derivative_excluded
-4.0861663818359375,-4.086158752441406,derivative_excluded
-4.086181640625,-4.0861663818359375,derivative_excluded
-4.0861968994140625,-4.086181640625,derivative_excluded
-4.086212158203125,-4.0861968994140625,derivative_excluded
-4.0862274169921875,-4.086212158203125,derivative_excluded
-4.08624267578125,-4.0862274169921875,derivative_excluded
-4.0862579345703125,-4.08624267578125,derivative_excluded
-4.086273193359375,-4.0862579345703125,derivative_excluded
-4.0862884521484375,-4.086273193359375,derivative_excluded
-4.0863037109375,-4.0862884521484375,derivative_excluded
-4.0863189697265625,-4.0863037109375,derivative_excluded
-4.086334228515625,-4.0863189697265625,derivative_excluded
-4.0863494873046875,-4.086334228515625,derivative_excluded
-4.08636474609375,-4.0863494873046875,derivative_excluded
-4.0863800048828125,-4.08636474609375,derivative_excluded
-4.086395263671875,-4.0863800048828125,derivative_excluded
-4.0864105224609375,-4.086395263671875,derivative_excluded
-4.08642578125,-4.0864105224609375,derivative_excluded
-4.0864410400390625,-4.08642578125,derivative_excluded
-4.086456298828125,-4.0864410400390625,derivative_excluded
-4.0864715576171875,-4.086456298828125,derivative_excluded
-4.08648681640625,-4.0864715576171875,derivative_excluded
-4.0865020751953125,-4.08648681640625,derivative_excluded
-4.086517333984375,-4.0865020751953125,derivative_excluded
-4.0865325927734375,-4.086517333984375,derivative_excluded
-4.0865478515625,-4.0865325927734375,derivative_excluded
-4.0865631103515625,-4.0865478515625,derivative_excluded
-4.086578369140625,-4.0865631103515625,derivative_excluded
-4.0865936279296875,-4.086578369140625,derivative_excluded
-4.08660888671875,-4.0865936279296875,derivative_excluded
-4.0866241455078125,-4.08660888671875,derivative_excluded
-4.086639404296875,-4.0866241455078125,derivative_excluded
-4.0866546630859375,-4.086639404296875,derivative_excluded
-4.086669921875,-4.0866546630859375,derivative_excluded
-4.0866851806640625,-4.086669921875,derivative_excluded
-4.086700439453125,-4.0866851806640625,derivative_excluded
-4.0867156982421875,-4.086700439453125,derivative_excluded
-4.08673095703125,-4.0867156982421875,derivative_excluded
-4.0867462158203125,-4.08673095703125,derivative_excluded
-4.086761474609375,-4.0867462158203125,derivative_excluded
-4.0867767333984375,-4.086761474609375,derivative_excluded
-4.0867919921875,-4.0867767333984375,derivative_excluded
-4.0868072509765625,-4.0867919921875,derivative_excluded
-4.086822509765625,-4.0868072509765625,derivative_excluded
-4.0868377685546875,-4.086822509765625,derivative_excluded
-4.08685302734375,-4.0868377685546875,derivative_excluded
-4.0868682861328125,-4.08685302734375,derivative_excluded
-4.086883544921875,-4.0868682861328125,derivative_excluded
-4.0868988037109375,-4.086883544921875,derivative_excluded
-4.0869140625,-4.0868988037109375,derivative_excluded
-4.0869293212890625,-4.0869140625,derivative_excluded
-4.086944580078125,-4.0869293212890625,derivative_excluded
-4.0869598388671875,-4.086944580078125,derivative_excluded
-4.08697509765625,-4.0869598388671875,derivative_excluded
-4.0869903564453125,-4.08697509765625,derivative_excluded
-4.087005615234375,-4.0869903564453125,derivative_excluded
-4.0870208740234375,-4.087005615234375,derivative_excluded
-4.0870361328125,-4.0870208740234375,derivative_excluded
-4.0870513916015625,-4.0870361328125,derivative_excluded
-4.087066650390625,-4.0870513916015625,derivative_excluded
-4.0870819091796875,-4.087066650390625,derivative_excluded
-4.08709716796875,-4.0870819091796875,derivative_excluded
-4.0871124267578125,-4.08709716796875,derivative_excluded
-4.087127685546875,-4.0871124267578125,derivative_excluded
-4.0871429443359375,-4.087127685546875,derivative_excluded
-4.087158203125,-4.0871429443359375,derivative_excluded
-4.0871734619140625,-4.087158203125,derivative_excluded
-4.087188720703125,-4.0871734619140625,derivative_excluded
-4.0872039794921875,-4.087188720703125,derivative_excluded
-4.08721923828125,-4.0872039794921875,derivative_excluded
-4.0872344970703125,-4.08721923828125,derivative_excluded
-4.087249755859375,-4.0872344970703125,derivative_excluded
-4.0872650146484375,-4.087249755859375,derivative_excluded
-4.0872802734375,-4.0872650146484375,derivative_excluded
-4.0872955322265625,-4.0872802734375,derivative_excluded
-4.087310791015625,-4.0872955322265625,derivative_excluded
-4.0873260498046875,-4.087310791015625,derivative_excluded
-4.08734130859375,-4.0873260498046875,derivative_excluded
-4.0873565673828125,-4.08734130859375,derivative_excluded
-4.087371826171875,-4.0873565673828125,derivative_excluded
-4.0873870849609375,-4.087371826171875,derivative_excluded
-4.08740234375,-4.0873870849609375,derivative_excluded
-4.0874176025390625,-4.08740234375,derivative_excluded
-4.087432861328125,-4.0874176025390625,derivative_excluded
-4.0874481201171875,-4.087432861328125,derivative_excluded
-4.08746337890625,-4.0874481201171875,derivative_excluded
-4.0874786376953125,-4.08746337890625,derivative_excluded
-4.087493896484375,-4.0874786376953125,derivative_excluded
-4.0875091552734375,-4.087493896484375,derivative_excluded
-4.0875244140625,-4.0875091552734375,derivative_excluded
-4.0875396728515625,-4.0875244140625,derivative_excluded
-4.087554931640625,-4.0875396728515625,derivative_excluded
-4.0875701904296875,-4.087554931640625,derivative_excluded
-4.08758544921875,-4.0875701904296875,derivative_excluded
-4.0876007080078125,-4.08758544921875,derivative_excluded
-4.087615966796875,-4.0876007080078125,derivative_excluded
-4.0876312255859375,-4.087615966796875,derivative_excluded
-4.087646484375,-4.0876312255859375,derivative_excluded
-4.0876617431640625,-4.087646484375,derivative_excluded
-4.087677001953125,-4.0876617431640625,derivative_excluded
-4.0876922607421875,-4.087677001953125,derivative_excluded
-4.08770751953125,-4.0876922607421875,derivative_excluded
-4.0877227783203125,-4.08770751953125,derivative_excluded
-4.087738037109375,-4.0877227783203125,derivative_excluded
-4.0877532958984375,-4.087738037109375,derivative_excluded
-4.0877685546875,-4.0877532958984375,derivative_excluded
-4.0877838134765625,-4.0877685546875,derivative_excluded
-4.087799072265625,-4.0877838134765625,derivative_excluded
-4.0878143310546875,-4.087799072265625,derivative_excluded
-4.08782958984375,-4.0878143310546875,derivative_excluded
-4.0878448486328125,-4.08782958984375,derivative_excluded
-4.087860107421875,-4.0878448486328125,derivative_excluded
-4.0878753662109375,-4.087860107421875,derivative_excluded
-4.087890625,-4.0878753662109375,derivative_excluded
-4.0879058837890625,-4.087890625,derivative_excluded
-4.087921142578125,-4.0879058837890625,derivative_excluded
-4.0879364013671875,-4.087921142578125,derivative_excluded
-4.08795166015625,-4.0879364013671875,derivative_excluded
-4.0879669189453125,-4.08795166015625,derivative_excluded
-4.087982177734375,-4.0879669189453125,derivative_excluded
-4.0879974365234375,-4.087982177734375,derivative_excluded
-4.0880126953125,-4.0879974365234375,derivative_excluded
-4.0880279541015625,-4.0880126953125,derivative_excluded
-4.088043212890625,-4.0880279541015625,derivative_excluded
-4.0880584716796875,-4.088043212890625,derivative_excluded
-4.08807373046875,-4.0880584716796875,derivative_excluded
-4.0880889892578125,-4.08807373046875,derivative_excluded
-4.088104248046875,-4.0880889892578125,derivative_excluded
-4.088134765625,-4.088104248046875,derivative_excluded
-4.088165283203125,-4.088134765625,derivative_excluded
-4.08819580078125,-4.088165283203125,derivative_excluded
-4.088226318359375,-4.08819580078125,derivative_excluded
-4.0882568359375,-4.088226318359375,derivative_excluded
-4.088287353515625,-4.0882568359375,derivative_excluded
-4.08831787109375,-4.088287353515625,derivative_excluded
-4.088348388671875,-4.08831787109375,derivative_excluded
-4.08837890625,-4.088348388671875,derivative_excluded
-4.088409423828125,-4.08837890625,derivative_excluded
-4.08843994140625,-4.088409423828125,derivative_excluded
-4.088470458984375,-4.08843994140625,derivative_excluded
-4.0885009765625,-4.088470458984375,derivative_excluded
-4.088531494140625,-4.0885009765625,derivative_excluded
-4.08856201171875,-4.088531494140625,derivative_excluded
-4.088592529296875,-4.08856201171875,derivative_excluded
-4.088623046875,-4.088592529296875,derivative_excluded
-4.088653564453125,-4.088623046875,derivative_excluded
-4.08868408203125,-4.088653564453125,derivative_excluded
-4.088714599609375,-4.08868408203125,derivative_excluded
-4.0887451171875,-4.088714599609375,derivative_excluded
-4.088775634765625,-4.0887451171875,derivative_excluded
-4.08880615234375,-4.088775634765625,derivative_excluded
-4.088836669921875,-4.08880615234375,derivative_excluded
-4.0888671875,-4.088836669921875,derivative_excluded
-4.088897705078125,-4.0888671875,derivative_excluded
-4.08892822265625,-4.088897705078125,derivative_excluded
-4.088958740234375,-4.08892822265625,derivative_excluded
-4.0889892578125,-4.088958740234375,derivative_excluded
-4.089019775390625,-4.0889892578125,derivative_excluded
-4.08905029296875,-4.089019775390625,derivative_excluded
-4.089080810546875,-4.08905029296875,derivative_excluded
-4.089111328125,-4.089080810546875,derivative_excluded
-4.089141845703125,-4.089111328125,derivative_excluded
-4.08917236328125,-4.089141845703125,derivative_excluded
-4.089202880859375,-4.08917236328125,derivative_excluded
-4.0892333984375,-4.089202880859375,derivative_excluded
-4.089263916015625,-4.0892333984375,derivative_excluded
-4.08929443359375,-4.089263916015625,derivative_excluded
-4.089324951171875,-4.08929443359375,derivative_excluded
-4.08935546875,-4.089324951171875,derivative_excluded
-4.089385986328125,-4.08935546875,derivative_excluded
-4.08941650390625,-4.089385986328125,derivative_excluded
-4.089447021484375,-4.08941650390625,derivative_excluded
-4.0894775390625,-4.089447021484375,derivative_excluded
-4.089508056640625,-4.0894775390625,derivative_excluded
-4.08953857421875,-4.089508056640625,derivative_excluded
-4.089569091796875,-4.08953857421875,derivative_excluded
-4.089599609375,-4.089569091796875,derivative_excluded
-4.089630126953125,-4.089599609375,derivative_excluded
-4.08966064453125,-4.089630126953125,derivative_excluded
-4.089691162109375,-4.08966064453125,derivative_excluded
-4.0897216796875,-4.089691162109375,derivative_excluded
-4.089752197265625,-4.0897216796875,derivative_excluded
-4.08978271484375,-4.089752197265625,derivative_excluded
-4.089813232421875,-4.08978271484375,derivative_excluded
-4.08984375,-4.089813232421875,derivative_excluded
-4.089874267578125,-4.08984375,derivative_excluded
-4.08990478515625,-4.089874267578125,derivative_excluded
-4.089935302734375,-4.08990478515625,derivative_excluded
-4.0899658203125,-4.089935302734375,derivative_excluded
-4.089996337890625,-4.0899658203125,derivative_excluded
-4.09002685546875,-4.089996337890625,derivative_excluded
-4.090057373046875,-4.09002685546875,derivative_excluded
-4.090087890625,-4.090057373046875,derivative_excluded
-4.090118408203125,-4.090087890625,derivative_excluded
-4.09014892578125,-4.090118408203125,derivative_excluded
-4.090179443359375,-4.09014892578125,derivative_excluded
-4.0902099609375,-4.090179443359375,derivative_excluded
-4.090240478515625,-4.0902099609375,derivative_excluded
-4.09027099609375,-4.090240478515625,derivative_excluded
-4.090301513671875,-4.09027099609375,derivative_excluded
-4.09033203125,-4.090301513671875,derivative_excluded
-4.090362548828125,-4.09033203125,derivative_excluded
-4.09039306640625,-4.090362548828125,derivative_excluded
-4.090423583984375,-4.09039306640625,derivative_excluded
-4.0904541015625,-4.090423583984375,derivative_excluded
-4.090484619140625,-4.0904541015625,derivative_excluded
-4.09051513671875,-4.090484619140625,derivative_excluded
-4.090545654296875,-4.09051513671875,derivative_excluded
-4.090576171875,-4.090545654296875,derivative_excluded
-4.090606689453125,-4.090576171875,derivative_excluded
-4.09063720703125,-4.090606689453125,derivative_excluded
-4.090667724609375,-4.09063720703125,derivative_excluded
-4.0906982421875,-4.090667724609375,derivative_excluded
-4.090728759765625,-4.0906982421875,derivative_excluded
-4.09075927734375,-4.090728759765625,derivative_excluded
-4.090789794921875,-4.09075927734375,derivative_excluded
-4.0908203125,-4.090789794921875,derivative_excluded
-4.090850830078125,-4.0908203125,derivative_excluded
-4.09088134765625,-4.090850830078125,derivative_excluded
-4.090911865234375,-4.09088134765625,derivative_excluded
-4.0909423828125,-4.090911865234375,derivative_excluded
-4.090972900390625,-4.0909423828125,derivative_excluded
-4.09100341796875,-4.090972900390625,derivative_excluded
-4.091033935546875,-4.09100341796875,derivative_excluded
-4.091064453125,-4.091033935546875,derivative_excluded
-4.091094970703125,-4.091064453125,derivative_excluded
-4.09112548828125,-4.091094970703125,derivative_excluded
-4.091156005859375,-4.09112548828125,derivative_excluded
-4.0911865234375,-4.091156005859375,derivative_excluded
-4.091217041015625,-4.0911865234375,derivative_excluded
-4.09124755859375,-4.091217041015625,derivative_excluded
-4.091278076171875,-4.09124755859375,derivative_excluded
-4.09130859375,-4.091278076171875,derivative_excluded
-4.091339111328125,-4.09130859375,derivative_excluded
-4.09136962890625,-4.091339111328125,derivative_excluded
-4.091400146484375,-4.09136962890625,derivative_excluded
-4.0914306640625,-4.091400146484375,derivative_excluded
-4.091461181640625,-4.0914306640625,derivative_excluded
-4.09149169921875,-4.091461181640625,derivative_excluded
-4.091522216796875,-4.09149169921875,derivative_excluded
-4.091552734375,-4.091522216796875,derivative_excluded
-4.091583251953125,-4.091552734375,derivative_excluded
-4.09161376953125,-4.091583251953125,derivative_excluded
-4.091644287109375,-4.09161376953125,derivative_excluded
-4.0916748046875,-4.091644287109375,derivative_excluded
-4.091705322265625,-4.0916748046875,derivative_excluded
-4.09173583984375,-4.091705322265625,derivative_excluded
-4.091766357421875,-4.09173583984375,derivative_excluded
-4.091796875,-4.091766357421875,derivative_excluded
-4.091827392578125,-4.091796875,derivative_excluded
-4.09185791015625,-4.091827392578125,derivative_excluded
-4.091888427734375,-4.09185791015625,derivative_excluded
-4.0919189453125,-4.091888427734375,derivative_excluded
-4.091949462890625,-4.0919189453125,derivative_excluded
-4.09197998046875,-4.091949462890625,derivative_excluded
-4.092041015625,-4.09197998046875,derivative_excluded
-4.09210205078125,-4.092041015625,derivative_excluded
-4.0921630859375,-4.09210205078125,derivative_excluded
-4.09222412109375,-4.0921630859375,derivative_excluded
-4.09228515625,-4.09222412109375,derivative_excluded
-4.09234619140625,-4.09228515625,derivative_excluded
-4.0924072265625,-4.09234619140625,derivative_excluded
-4.09246826171875,-4.0924072265625,derivative_excluded
-4.092529296875,-4.09246826171875,derivative_excluded
-4.09259033203125,-4.092529296875,derivative_excluded
-4.0926513671875,-4.09259033203125,derivative_excluded
-4.09271240234375,-4.0926513671875,derivative_excluded
-4.0927734375,-4.09271240234375,derivative_excluded
-4.09283447265625,-4.0927734375,derivative_excluded
-4.0928955078125,-4.09283447265625,derivative_excluded
-4.09295654296875,-4.0928955078125,derivative_excluded
-4.093017578125,-4.09295654296875,derivative_excluded
-4.09307861328125,-4.093017578125,derivative_excluded
-4.0931396484375,-4.09307861328125,derivative_excluded
-4.09320068359375,-4.0931396484375,derivative_excluded
-4.09326171875,-4.09320068359375,derivative_excluded
-4.09332275390625,-4.09326171875,derivative_excluded
-4.0933837890625,-4.09332275390625,derivative_excluded
-4.09344482421875,-4.0933837890625,derivative_excluded
-4.093505859375,-4.09344482421875,derivative_excluded
-4.09356689453125,-4.093505859375,derivative_excluded
-4.0936279296875,-4.09356689453125,derivative_excluded
-4.09368896484375,-4.0936279296875,derivative_excluded
-4.09375,-4.09368896484375,derivative_excluded
-4.09381103515625,-4.09375,derivative_excluded
-4.0938720703125,-4.09381103515625,derivative_excluded
-4.09393310546875,-4.0938720703125,derivative_excluded
-4.093994140625,-4.09393310546875,derivative_excluded
-4.09405517578125,-4.093994140625,derivative_excluded
-4.0941162109375,-4.09405517578125,derivative_excluded
-4.09417724609375,-4.0941162109375,derivative_excluded
-4.09423828125,-4.09417724609375,derivative_excluded
-4.09429931640625,-4.09423828125,derivative_excluded
-4.0943603515625,-4.09429931640625,derivative_excluded
-4.09442138671875,-4.0943603515625,derivative_excluded
-4.094482421875,-4.09442138671875,derivative_excluded
-4.09454345703125,-4.094482421875,derivative_excluded
-4.0946044921875,-4.09454345703125,derivative_excluded
-4.09466552734375,-4.0946044921875,derivative_excluded
-4.0947265625,-4.09466552734375,derivative_excluded
-4.09478759765625,-4.0947265625,derivative_excluded
-4.0948486328125,-4.09478759765625,derivative_excluded
-4.09490966796875,-4.0948486328125,derivative_excluded
-4.094970703125,-4.09490966796875,derivative_excluded
-4.09503173828125,-4.094970703125,derivative_excluded
-4.0950927734375,-4.09503173828125,derivative_excluded
-4.09515380859375,-4.0950927734375,derivative_excluded
-4.09521484375,-4.09515380859375,derivative_excluded
-4.09527587890625,-4.09521484375,derivative_excluded
-4.0953369140625,-4.09527587890625,derivative_excluded
-4.09539794921875,-4.0953369140625,derivative_excluded
-4.095458984375,-4.09539794921875,derivative_excluded
-4.09552001953125,-4.095458984375,derivative_excluded
-4.0955810546875,-4.09552001953125,derivative_excluded
-4.09564208984375,-4.0955810546875,derivative_excluded
-4.095703125,-4.09564208984375,derivative_excluded
-4.09576416015625,-4.095703125,derivative_excluded
-4.0958251953125,-4.09576416015625,derivative_excluded
-4.09588623046875,-4.0958251953125,derivative_excluded
-4.095947265625,-4.09588623046875,derivative_excluded
-4.09600830078125,-4.095947265625,derivative_excluded
-4.0960693359375,-4.09600830078125,derivative_excluded
-4.09613037109375,-4.0960693359375,derivative_excluded
-4.09619140625,-4.09613037109375,derivative_excluded
-4.09625244140625,-4.09619140625,derivative_excluded
-4.0963134765625,-4.09625244140625,derivative_excluded
-4.09637451171875,-4.0963134765625,derivative_excluded
-4.096435546875,-4.09637451171875,derivative_excluded
-4.09649658203125,-4.096435546875,derivative_excluded
-4.0965576171875,-4.09649658203125,derivative_excluded
-4.09661865234375,-4.0965576171875,derivative_excluded
-4.0966796875,-4.09661865234375,derivative_excluded
-4.09674072265625,-4.0966796875,derivative_excluded
-4.0968017578125,-4.09674072265625,derivative_excluded
-4.09686279296875,-4.0968017578125,derivative_excluded
-4.096923828125,-4.09686279296875,derivative_excluded
-4.09698486328125,-4.096923828125,derivative_excluded
-4.0970458984375,-4.09698486328125,derivative_excluded
-4.09710693359375,-4.0970458984375,derivative_excluded
-4.09716796875,-4.09710693359375,derivative_excluded
-4.09722900390625,-4.09716796875,derivative_excluded
-4.0972900390625,-4.09722900390625,derivative_excluded
-4.09735107421875,-4.0972900390625,derivative_excluded
-4.097412109375,-4.09735107421875,derivative_excluded
-4.09747314453125,-4.097412109375,derivative_excluded
-4.0975341796875,-4.09747314453125,derivative_excluded
-4.09759521484375,-4.0975341796875,derivative_excluded
-4.09765625,-4.09759521484375,derivative_excluded
-4.09771728515625,-4.09765625,derivative_excluded
-4.0977783203125,-4.09771728515625,derivative_excluded
-4.09783935546875,-4.0977783203125,derivative_excluded
-4.097900390625,-4.09783935546875,derivative_excluded
-4.09796142578125,-4.097900390625,derivative_excluded
-4.0980224609375,-4.09796142578125,derivative_excluded
-4.09808349609375,-4.0980224609375,derivative_excluded
-4.09814453125,-4.09808349609375,derivative_excluded
-4.09820556640625,-4.09814453125,derivative_excluded
-4.0982666015625,-4.09820556640625,derivative_excluded
-4.09832763671875,-4.0982666015625,derivative_excluded
-4.098388671875,-4.09832763671875,derivative_excluded
-4.09844970703125,-4.098388671875,derivative_excluded
-4.0985107421875,-4.09844970703125,derivative_excluded
-4.09857177734375,-4.0985107421875,derivative_excluded
-4.0986328125,-4.09857177734375,derivative_excluded
-4.09869384765625,-4.0986328125,derivative_excluded
-4.0987548828125,-4.09869384765625,derivative_excluded
-4.09881591796875,-4.0987548828125,derivative_excluded
-4.098876953125,-4.09881591796875,derivative_excluded
-4.09893798828125,-4.098876953125,derivative_excluded
-4.0989990234375,-4.09893798828125,derivative_excluded
-4.09906005859375,-4.0989990234375,derivative_excluded
-4.09912109375,-4.09906005859375,derivative_excluded
-4.09918212890625,-4.09912109375,derivative_excluded
-4.0992431640625,-4.09918212890625,derivative_excluded
-4.09930419921875,-4.0992431640625,derivative_excluded
-4.099365234375,-4.09930419921875,derivative_excluded
-4.09942626953125,-4.099365234375,derivative_excluded
-4.0994873046875,-4.09942626953125,derivative_excluded
-4.09954833984375,-4.0994873046875,derivative_excluded
-4.099609375,-4.09954833984375,derivative_excluded
-4.0997314453125,-4.099609375,derivative_excluded
-4.099853515625,-4.0997314453125,derivative_excluded
-4.0999755859375,-4.099853515625,derivative_excluded
-4.10009765625,-4.0999755859375,derivative_excluded
-4.1002197265625,-4.10009765625,derivative_excluded
-4.100341796875,-4.1002197265625,derivative_excluded
-4.1004638671875,-4.100341796875,derivative_excluded
-4.1005859375,-4.1004638671875,derivative_excluded
-4.1007080078125,-4.1005859375,derivative_excluded
-4.100830078125,-4.1007080078125,derivative_excluded
-4.1009521484375,-4.100830078125,derivative_excluded
-4.10107421875,-4.1009521484375,derivative_excluded
-4.1011962890625,-4.10107421875,derivative_excluded
-4.101318359375,-4.1011962890625,derivative_excluded
-4.1014404296875,-4.101318359375,derivative_excluded
-4.1015625,-4.1014404296875,derivative_excluded
-4.1016845703125,-4.1015625,derivative_excluded
-4.101806640625,-4.1016845703125,derivative_excluded
-4.1019287109375,-4.101806640625,derivative_excluded
-4.10205078125,-4.1019287109375,derivative_excluded
-4.1021728515625,-4.10205078125,derivative_excluded
-4.102294921875,-4.1021728515625,derivative_excluded
-4.1024169921875,-4.102294921875,derivative_excluded
-4.1025390625,-4.1024169921875,derivative_excluded
-4.1026611328125,-4.1025390625,derivative_excluded
-4.102783203125,-4.1026611328125,derivative_excluded
-4.1029052734375,-4.102783203125,derivative_excluded
-4.10302734375,-4.1029052734375,derivative_excluded
-4.1031494140625,-4.10302734375,derivative_excluded
-4.103271484375,-4.1031494140625,derivative_excluded
-4.1033935546875,-4.103271484375,derivative_excluded
-4.103515625,-4.1033935546875,derivative_excluded
-4.1036376953125,-4.103515625,derivative_excluded
-4.103759765625,-4.1036376953125,derivative_excluded
-4.1038818359375,-4.103759765625,derivative_excluded
-4.10400390625,-4.1038818359375,derivative_excluded
-4.1041259765625,-4.10400390625,derivative_excluded
-4.104248046875,-4.1041259765625,derivative_excluded
-4.1043701171875,-4.104248046875,derivative_excluded
-4.1044921875,-4.1043701171875,derivative_excluded
-4.1046142578125,-4.1044921875,derivative_excluded
-4.104736328125,-4.1046142578125,derivative_excluded
-4.1048583984375,-4.104736328125,derivative_excluded
-4.10498046875,-4.1048583984375,derivative_excluded
-4.1051025390625,-4.10498046875,derivative_excluded
-4.105224609375,-4.1051025390625,derivative_excluded
-4.1053466796875,-4.105224609375,derivative_excluded
-4.10546875,-4.1053466796875,derivative_excluded
-4.1055908203125,-4.10546875,derivative_excluded
-4.105712890625,-4.1055908203125,derivative_excluded
-4.1058349609375,-4.105712890625,derivative_excluded
-4.10595703125,-4.1058349609375,derivative_excluded
-4.1060791015625,-4.10595703125,derivative_excluded
-4.106201171875,-4.1060791015625,derivative_excluded
-4.1063232421875,-4.106201171875,derivative_excluded
-4.1064453125,-4.1063232421875,derivative_excluded
-4.1065673828125,-4.1064453125,derivative_excluded
-4.106689453125,-4.1065673828125,derivative_excluded
-4.1068115234375,-4.106689453125,derivative_excluded
-4.10693359375,-4.1068115234375,derivative_excluded
-4.1070556640625,-4.10693359375,derivative_excluded
-4.107177734375,-4.1070556640625,derivative_excluded
-4.1072998046875,-4.107177734375,derivative_excluded
-4.107421875,-4.1072998046875,derivative_excluded
-4.1075439453125,-4.107421875,derivative_excluded
-4.107666015625,-4.1075439453125,derivative_excluded
-4.1077880859375,-4.107666015625,derivative_excluded
-4.10791015625,-4.1077880859375,derivative_excluded
-4.1080322265625,-4.10791015625,derivative_excluded
-4.108154296875,-4.1080322265625,derivative_excluded
-4.1082763671875,-4.108154296875,derivative_excluded
-4.1083984375,-4.1082763671875,derivative_excluded
-4.1085205078125,-4.1083984375,derivative_excluded
-4.108642578125,-4.1085205078125,derivative_excluded
-4.1087646484375,-4.108642578125,derivative_excluded
-4.10888671875,-4.1087646484375,derivative_excluded
-4.1090087890625,-4.10888671875,derivative_excluded
-4.109130859375,-4.1090087890625,derivative_excluded
-4.1092529296875,-4.109130859375,derivative_excluded
-4.109375,-4.1092529296875,derivative_excluded
-4.1094970703125,-4.109375,derivative_excluded
-4.109619140625,-4.1094970703125,derivative_excluded
-4.1097412109375,-4.109619140625,derivative_excluded
-4.10986328125,-4.1097412109375,derivative_excluded
-4.1099853515625,-4.10986328125,derivative_excluded
-4.110107421875,-4.1099853515625,derivative_excluded
-4.1102294921875,-4.110107421875,derivative_excluded
-4.1103515625,-4.1102294921875,derivative_excluded
-4.1104736328125,-4.1103515625,derivative_excluded
-4.110595703125,-4.1104736328125,derivative_excluded
-4.1107177734375,-4.110595703125,derivative_excluded
-4.11083984375,-4.1107177734375,derivative_excluded
-4.1109619140625,-4.11083984375,derivative_excluded
-4.111083984375,-4.1109619140625,derivative_excluded
-4.1112060546875,-4.111083984375,derivative_excluded
-4.111328125,-4.1112060546875,derivative_excluded
-4.1114501953125,-4.111328125,derivative_excluded
-4.111572265625,-4.1114501953125,derivative_excluded
-4.1116943359375,-4.111572265625,derivative_excluded
-4.11181640625,-4.1116943359375,derivative_excluded
-4.1119384765625,-4.11181640625,derivative_excluded
-4.112060546875,-4.1119384765625,derivative_excluded
-4.1121826171875,-4.112060546875,derivative_excluded
-4.1123046875,-4.1121826171875,derivative_excluded
-4.1124267578125,-4.1123046875,derivative_excluded
-4.112548828125,-4.1124267578125,derivative_excluded
-4.1126708984375,-4.112548828125,derivative_excluded
-4.11279296875,-4.1126708984375,derivative_excluded
-4.1129150390625,-4.11279296875,derivative_excluded
-4.113037109375,-4.1129150390625,derivative_excluded
-4.1131591796875,-4.113037109375,derivative_excluded
-4.11328125,-4.1131591796875,derivative_excluded
-4.1134033203125,-4.11328125,derivative_excluded
-4.113525390625,-4.1134033203125,derivative_excluded
-4.1136474609375,-4.113525390625,derivative_excluded
-4.11376953125,-4.1136474609375,derivative_excluded
-4.1138916015625,-4.11376953125,derivative_excluded
-4.114013671875,-4.1138916015625,derivative_excluded
-4.1141357421875,-4.114013671875,derivative_excluded
-4.1142578125,-4.1141357421875,derivative_excluded
-4.1143798828125,-4.1142578125,derivative_excluded
-4.114501953125,-4.1143798828125,derivative_excluded
-4.11474609375,-4.114501953125,derivative_excluded
-4.114990234375,-4.11474609375,derivative_excluded
-4.115234375,-4.114990234375,derivative_excluded
-4.115478515625,-4.115234375,derivative_excluded
-4.11572265625,-4.115478515625,derivative_excluded
-4.115966796875,-4.11572265625,derivative_excluded
-4.1162109375,-4.115966796875,derivative_excluded
-4.116455078125,-4.1162109375,derivative_excluded
-4.11669921875,-4.116455078125,derivative_excluded
-4.116943359375,-4.11669921875,derivative_excluded
-4.1171875,-4.116943359375,derivative_excluded
-4.117431640625,-4.1171875,derivative_excluded
-4.11767578125,-4.117431640625,derivative_excluded
-4.117919921875,-4.11767578125,derivative_excluded
-4.1181640625,-4.117919921875,derivative_excluded
-4.118408203125,-4.1181640625,derivative_excluded
-4.11865234375,-4.118408203125,derivative_excluded
-4.118896484375,-4.11865234375,derivative_excluded
-4.119140625,-4.118896484375,derivative_excluded
-4.119384765625,-4.119140625,derivative_excluded
-4.11962890625,-4.119384765625,derivative_excluded
-4.119873046875,-4.11962890625,derivative_excluded
-4.1201171875,-4.119873046875,derivative_excluded
-4.120361328125,-4.1201171875,derivative_excluded
-4.12060546875,-4.120361328125,derivative_excluded
-4.120849609375,-4.12060546875,derivative_excluded
-4.12109375,-4.120849609375,derivative_excluded
-4.121337890625,-4.12109375,derivative_excluded
-4.12158203125,-4.121337890625,derivative_excluded
-4.121826171875,-4.12158203125,derivative_excluded
-4.1220703125,-4.121826171875,derivative_excluded
-4.122314453125,-4.1220703125,derivative_excluded
-4.12255859375,-4.122314453125,derivative_excluded
-4.122802734375,-4.12255859375,derivative_excluded
-4.123046875,-4.122802734375,derivative_excluded
-4.123291015625,-4.123046875,derivative_excluded
-4.12353515625,-4.123291015625,derivative_excluded
-4.123779296875,-4.12353515625,derivative_excluded
-4.1240234375,-4.123779296875,derivative_excluded
-4.124267578125,-4.1240234375,derivative_excluded
-4.12451171875,-4.124267578125,derivative_excluded
-4.124755859375,-4.12451171875,derivative_excluded
-4.125,-4.124755859375,derivative_excluded
-4.125244140625,-4.125,derivative_excluded
-4.12548828125,-4.125244140625,derivative_excluded
-4.125732421875,-4.12548828125,derivative_excluded
-4.1259765625,-4.125732421875,derivative_excluded
-4.126220703125,-4.1259765625,derivative_excluded
-4.12646484375,-4.126220703125,derivative_excluded
-4.126708984375,-4.12646484375,derivative_excluded
-4.126953125,-4.126708984375,derivative_excluded
-4.127197265625,-4.126953125,derivative_excluded
-4.12744140625,-4.127197265625,derivative_excluded
-4.127685546875,-4.12744140625,derivative_excluded
-4.1279296875,-4.127685546875,derivative_excluded
-4.128173828125,-4.1279296875,derivative_excluded
-4.12841796875,-4.128173828125,derivative_excluded
-4.128662109375,-4.12841796875,derivative_excluded
-4.12890625,-4.128662109375,derivative_excluded
-4.129150390625,-4.12890625,derivative_excluded
-4.12939453125,-4.129150390625,derivative_excluded
-4.129638671875,-4.12939453125,derivative_excluded
-4.1298828125,-4.129638671875,derivative_excluded
-4.130126953125,-4.1298828125,derivative_excluded
-4.13037109375,-4.130126953125,derivative_excluded
-4.130615234375,-4.13037109375,derivative_excluded
-4.130859375,-4.130615234375,derivative_excluded
-4.131103515625,-4.130859375,derivative_excluded
-4.13134765625,-4.131103515625,derivative_excluded
-4.131591796875,-4.13134765625,derivative_excluded
-4.1318359375,-4.131591796875,derivative_excluded
-4.132080078125,-4.1318359375,derivative_excluded
-4.13232421875,-4.132080078125,derivative_excluded
-4.132568359375,-4.13232421875,derivative_excluded
-4.1328125,-4.132568359375,derivative_excluded
-4.133056640625,-4.1328125,derivative_excluded
-4.13330078125,-4.133056640625,derivative_excluded
-4.133544921875,-4.13330078125,derivative_excluded
-4.1337890625,-4.133544921875,derivative_excluded
-4.134033203125,-4.1337890625,derivative_excluded
-4.13427734375,-4.134033203125,derivative_excluded
-4.134521484375,-4.13427734375,derivative_excluded
-4.134765625,-4.134521484375,derivative_excluded
-4.135009765625,-4.134765625,derivative_excluded
-4.13525390625,-4.135009765625,derivative_excluded
-4.135498046875,-4.13525390625,derivative_excluded
-4.1357421875,-4.135498046875,derivative_excluded
-4.135986328125,-4.1357421875,derivative_excluded
-4.13623046875,-4.135986328125,derivative_excluded
-4.136474609375,-4.13623046875,derivative_excluded
-4.13671875,-4.136474609375,derivative_excluded
-4.136962890625,-4.13671875,derivative_excluded
-4.13720703125,-4.136962890625,derivative_excluded
-4.137451171875,-4.13720703125,derivative_excluded
-4.1376953125,-4.137451171875,derivative_excluded
-4.137939453125,-4.1376953125,derivative_excluded
-4.13818359375,-4.137939453125,derivative_excluded
-4.138427734375,-4.13818359375,derivative_excluded
-4.138671875,-4.138427734375,derivative_excluded
-4.138916015625,-4.138671875,derivative_excluded
-4.13916015625,-4.138916015625,derivative_excluded
-4.139404296875,-4.13916015625,derivative_excluded
-4.1396484375,-4.139404296875,derivative_excluded
-4.139892578125,-4.1396484375,derivative_excluded
-4.14013671875,-4.139892578125,derivative_excluded
-4.140380859375,-4.14013671875,derivative_excluded
-4.140625,-4.140380859375,derivative_excluded
-4.140869140625,-4.140625,derivative_excluded
-4.14111328125,-4.140869140625,derivative_excluded
-4.141357421875,-4.14111328125,derivative_excluded
-4.1416015625,-4.141357421875,derivative_excluded
-4.141845703125,-4.1416015625,derivative_excluded
-4.14208984375,-4.141845703125,derivative_excluded
-4.142333984375,-4.14208984375,derivative_excluded
-4.142578125,-4.142333984375,derivative_excluded
-4.142822265625,-4.142578125,derivative_excluded
-4.14306640625,-4.142822265625,derivative_excluded
-4.1435546875,-4.14306640625,derivative_excluded
-4.14404296875,-4.1435546875,derivative_excluded
-4.14453125,-4.14404296875,derivative_excluded
-4.14501953125,-4.14453125,derivative_excluded
-4.1455078125,-4.14501953125,derivative_excluded
-4.14599609375,-4.1455078125,derivative_excluded
-4.146484375,-4.14599609375,derivative_excluded
-4.14697265625,-4.146484375,derivative_excluded
-4.1474609375,-4.14697265625,derivative_excluded
-4.14794921875,-4.1474609375,derivative_excluded
-4.1484375,-4.14794921875,derivative_excluded
-4.14892578125,-4.1484375,derivative_excluded
-4.1494140625,-4.14892578125,derivative_excluded
-4.14990234375,-4.1494140625,derivative_excluded
-4.150390625,-4.14990234375,derivative_excluded
-4.15087890625,-4.150390625,derivative_excluded
-4.1513671875,-4.15087890625,derivative_excluded
-4.15185546875,-4.1513671875,derivative_excluded
-4.15234375,-4.15185546875,derivative_excluded
-4.15283203125,-4.15234375,derivative_excluded
-4.1533203125,-4.15283203125,derivative_excluded
-4.15380859375,-4.1533203125,derivative_excluded
-4.154296875,-4.15380859375,derivative_excluded
-4.15478515625,-4.154296875,derivative_excluded
-4.1552734375,-4.15478515625,derivative_excluded
-4.15576171875,-4.1552734375,derivative_excluded
-4.15625,-4.15576171875,derivative_excluded
-4.15673828125,-4.15625,derivative_excluded
-4.1572265625,-4.15673828125,derivative_excluded
-4.15771484375,-4.1572265625,derivative_excluded
-4.158203125,-4.15771484375,derivative_excluded
-4.15869140625,-4.158203125,derivative_excluded
-4.1591796875,-4.15869140625,derivative_excluded
-4.15966796875,-4.1591796875,derivative_excluded
-4.16015625,-4.15966796875,derivative_excluded
-4.16064453125,-4.16015625,derivative_excluded
-4.1611328125,-4.16064453125,derivative_excluded
-4.16162109375,-4.1611328125,derivative_excluded
-4.162109375,-4.16162109375,derivative_excluded
-4.16259765625,-4.162109375,derivative_excluded
-4.1630859375,-4.16259765625,derivative_excluded
-4.16357421875,-4.1630859375,derivative_excluded
-4.1640625,-4.16357421875,derivative_excluded
-4.16455078125,-4.1640625,derivative_excluded
-4.1650390625,-4.16455078125,derivative_excluded
-4.16552734375,-4.1650390625,derivative_excluded
-4.166015625,-4.16552734375,derivative_excluded
-4.16650390625,-4.166015625,derivative_excluded
-4.1669921875,-4.16650390625,derivative_excluded
-4.16748046875,-4.1669921875,derivative_excluded
-4.16796875,-4.16748046875,derivative_excluded
-4.16845703125,-4.16796875,derivative_excluded
-4.1689453125,-4.16845703125,derivative_excluded
-4.16943359375,-4.1689453125,derivative_excluded
-4.169921875,-4.16943359375,derivative_excluded
-4.17041015625,-4.169921875,derivative_excluded
-4.1708984375,-4.17041015625,derivative_excluded
-4.17138671875,-4.1708984375,derivative_excluded
-4.171875,-4.17138671875,derivative_excluded
-4.17236328125,-4.171875,derivative_excluded
-4.1728515625,-4.17236328125,derivative_excluded
-4.17333984375,-4.1728515625,derivative_excluded
-4.173828125,-4.17333984375,derivative_excluded
-4.17431640625,-4.173828125,derivative_excluded
-4.1748046875,-4.17431640625,derivative_excluded
-4.17529296875,-4.1748046875,derivative_excluded
-4.17578125,-4.17529296875,derivative_excluded
-4.17626953125,-4.17578125,derivative_excluded
-4.1767578125,-4.17626953125,derivative_excluded
-4.17724609375,-4.1767578125,derivative_excluded
-4.177734375,-4.17724609375,derivative_excluded
-4.17822265625,-4.177734375,derivative_excluded
-4.1787109375,-4.17822265625,derivative_excluded
-4.17919921875,-4.1787109375,derivative_excluded
-4.1796875,-4.17919921875,derivative_excluded
-4.18017578125,-4.1796875,derivative_excluded
-4.1806640625,-4.18017578125,derivative_excluded
-4.18115234375,-4.1806640625,derivative_excluded
-4.181640625,-4.18115234375,derivative_excluded
-4.18212890625,-4.181640625,derivative_excluded
-4.1826171875,-4.18212890625,derivative_excluded
-4.18310546875,-4.1826171875,derivative_excluded
-4.18359375,-4.18310546875,derivative_excluded
-4.18408203125,-4.18359375,derivative_excluded
-4.1845703125,-4.18408203125,derivative_excluded
-4.18505859375,-4.1845703125,derivative_excluded
-4.185546875,-4.18505859375,derivative_excluded
-4.18603515625,-4.185546875,derivative_excluded
-4.1865234375,-4.18603515625,derivative_excluded
-4.18701171875,-4.1865234375,derivative_excluded
-4.1875,-4.18701171875,derivative_excluded
-4.18798828125,-4.1875,derivative_excluded
-4.1884765625,-4.18798828125,derivative_excluded
-4.18896484375,-4.1884765625,derivative_excluded
-4.189453125,-4.18896484375,derivative_excluded
-4.18994140625,-4.189453125,derivative_excluded
-4.1904296875,-4.18994140625,derivative_excluded
-4.19091796875,-4.1904296875,derivative_excluded
-4.19140625,-4.19091796875,derivative_excluded
-4.19189453125,-4.19140625,derivative_excluded
-4.1923828125,-4.19189453125,derivative_excluded
-4.19287109375,-4.1923828125,derivative_excluded
-4.193359375,-4.19287109375,derivative_excluded
-4.19384765625,-4.193359375,derivative_excluded
-4.1943359375,-4.19384765625,derivative_excluded
-4.19482421875,-4.1943359375,derivative_excluded
-4.1953125,-4.19482421875,derivative_excluded
-4.1962890625,-4.1953125,derivative_excluded
-4.197265625,-4.1962890625,derivative_excluded
-4.1982421875,-4.197265625,derivative_excluded
-4.19921875,-4.1982421875,derivative_excluded
-4.2001953125,-4.19921875,derivative_excluded
-4.201171875,-4.2001953125,derivative_excluded
-4.2021484375,-4.201171875,derivative_excluded
-4.203125,-4.2021484375,derivative_excluded
-4.2041015625,-4.203125,derivative_excluded
-4.205078125,-4.2041015625,derivative_excluded
-4.2060546875,-4.205078125,derivative_excluded
-4.20703125,-4.2060546875,derivative_excluded
-4.2080078125,-4.20703125,derivative_excluded
-4.208984375,-4.2080078125,derivative_excluded
-4.2099609375,-4.208984375,derivative_excluded
-4.2109375,-4.2099609375,derivative_excluded
-4.2119140625,-4.2109375,derivative_excluded
-4.212890625,-4.2119140625,derivative_excluded
-4.2138671875,-4.212890625,derivative_excluded
-4.21484375,-4.2138671875,derivative_excluded
-4.2158203125,-4.21484375,derivative_excluded
-4.216796875,-4.2158203125,derivative_excluded
-4.2177734375,-4.216796875,derivative_excluded
-4.21875,-4.2177734375,derivative_excluded
-4.2197265625,-4.21875,derivative_excluded
-4.220703125,-4.2197265625,derivative_excluded
-4.2216796875,-4.220703125,derivative_excluded
-4.22265625,-4.2216796875,derivative_excluded
-4.2236328125,-4.22265625,derivative_excluded
-4.224609375,-4.2236328125,derivative_excluded
-4.2255859375,-4.224609375,derivative_excluded
-4.2265625,-4.2255859375,derivative_excluded
-4.2275390625,-4.2265625,derivative_excluded
-4.228515625,-4.2275390625,derivative_excluded
-4.2294921875,-4.228515625,derivative_excluded
-4.23046875,-4.2294921875,derivative_excluded
-4.2314453125,-4.23046875,derivative_excluded
-4.232421875,-4.2314453125,derivative_excluded
-4.2333984375,-4.232421875,derivative_excluded
-4.234375,-4.2333984375,derivative_excluded
-4.2353515625,-4.234375,derivative_excluded
-4.236328125,-4.2353515625,derivative_excluded
-4.2373046875,-4.236328125,derivative_excluded
-4.23828125,-4.2373046875,derivative_excluded
-4.2392578125,-4.23828125,derivative_excluded
-4.240234375,-4.2392578125,derivative_excluded
-4.2412109375,-4.240234375,derivative_excluded
-4.2421875,-4.2412109375,derivative_excluded
-4.2431640625,-4.2421875,derivative_excluded
-4.244140625,-4.2431640625,derivative_excluded
-4.2451171875,-4.244140625,derivative_excluded
-4.24609375,-4.2451171875,derivative_excluded
-4.2470703125,-4.24609375,derivative_excluded
-4.248046875,-4.2470703125,derivative_excluded
-4.2490234375,-4.248046875,derivative_excluded
-4.25,-4.2490234375,derivative_excluded
-4.2509765625,-4.25,derivative_excluded
-4.251953125,-4.2509765625,derivative_excluded
-4.2529296875,-4.251953125,derivative_excluded
-4.25390625,-4.2529296875,derivative_excluded
-4.2548828125,-4.25390625,derivative_excluded
-4.255859375,-4.2548828125,derivative_excluded
-4.2568359375,-4.255859375,derivative_excluded
-4.2578125,-4.2568359375,derivative_excluded
-4.2587890625,-4.2578125,derivative_excluded
-4.259765625,-4.2587890625,derivative_excluded
-4.2607421875,-4.259765625,derivative_excluded
-4.26171875,-4.2607421875,derivative_excluded
-4.2626953125,-4.26171875,derivative_excluded
-4.263671875,-4.2626953125,derivative_excluded
-4.2646484375,-4.263671875,derivative_excluded
-4.265625,-4.2646484375,derivative_excluded
-4.2666015625,-4.265625,derivative_excluded
-4.267578125,-4.2666015625,derivative_excluded
-4.2685546875,-4.267578125,derivative_excluded
-4.26953125,-4.2685546875,derivative_excluded
-4.2705078125,-4.26953125,derivative_excluded
-4.271484375,-4.2705078125,derivative_excluded
-4.2724609375,-4.271484375,derivative_excluded
-4.2734375,-4.2724609375,derivative_excluded
-4.2744140625,-4.2734375,derivative_excluded
-4.275390625,-4.2744140625,derivative_excluded
-4.2763671875,-4.275390625,derivative_excluded
-4.27734375,-4.2763671875,derivative_excluded
-4.2783203125,-4.27734375,derivative_excluded
-4.279296875,-4.2783203125,derivative_excluded
-4.2802734375,-4.279296875,derivative_excluded
-4.28125,-4.2802734375,derivative_excluded
-4.2822265625,-4.28125,derivative_excluded
-4.283203125,-4.2822265625,derivative_excluded
-4.2841796875,-4.283203125,derivative_excluded
-4.28515625,-4.2841796875,derivative_excluded
-4.2861328125,-4.28515625,derivative_excluded
-4.287109375,-4.2861328125,derivative_excluded
-4.2890625,-4.287109375,derivative_excluded
-4.291015625,-4.2890625,derivative_excluded
-4.29296875,-4.291015625,derivative_excluded
-4.294921875,-4.29296875,derivative_excluded
-4.296875,-4.294921875,derivative_excluded
-4.298828125,-4.296875,derivative_excluded
-4.30078125,-4.298828125,derivative_excluded
-4.302734375,-4.30078125,derivative_excluded
-4.3046875,-4.302734375,derivative_excluded
-4.306640625,-4.3046875,derivative_excluded
-4.30859375,-4.306640625,derivative_excluded
-4.310546875,-4.30859375,derivative_excluded
-4.3125,-4.310546875,derivative_excluded
-4.314453125,-4.3125,derivative_excluded
-4.31640625,-4.314453125,derivative_excluded
-4.318359375,-4.31640625,derivative_excluded
-4.3203125,-4.318359375,derivative_excluded
-4.322265625,-4.3203125,derivative_excluded
-4.32421875,-4.322265625,derivative_excluded
-4.326171875,-4.32421875,derivative_excluded
-4.328125,-4.326171875,derivative_excluded
-4.330078125,-4.328125,derivative_excluded
-4.33203125,-4.330078125,derivative_excluded
-4.333984375,-4.33203125,derivative_excluded
-4.3359375,-4.333984375,derivative_excluded
-4.337890625,-4.3359375,derivative_excluded
-4.33984375,-4.337890625,derivative_excluded
-4.341796875,-4.33984375,derivative_excluded
-4.34375,-4.341796875,derivative_excluded
-4.345703125,-4.34375,derivative_excluded
-4.34765625,-4.345703125,derivative_excluded
-4.349609375,-4.34765625,derivative_excluded
-4.3515625,-4.349609375,derivative_excluded
-4.353515625,-4.3515625,derivative_excluded
-4.35546875,-4.353515625,derivative_excluded
-4.357421875,-4.35546875,derivative_excluded
-4.359375,-4.357421875,derivative_excluded
-4.361328125,-4.359375,derivative_excluded
-4.36328125,-4.361328125,derivative_excluded
-4.365234375,-4.36328125,derivative_excluded
-4.3671875,-4.365234375,derivative_excluded
-4.369140625,-4.3671875,derivative_excluded
-4.37109375,-4.369140625,derivative_excluded
-4.373046875,-4.37109375,derivative_excluded
-4.375,-4.373046875,derivative_excluded
-4.376953125,-4.375,derivative_excluded
-4.37890625,-4.376953125,derivative_excluded
-4.380859375,-4.37890625,derivative_excluded
-4.3828125,-4.380859375,derivative_excluded
-4.384765625,-4.3828125,derivative_excluded
-4.38671875,-4.384765625,derivative_excluded
-4.388671875,-4.38671875,derivative_excluded
-4.390625,-4.388671875,derivative_excluded
-4.392578125,-4.390625,derivative_excluded
-4.39453125,-4.392578125,derivative_excluded
-4.396484375,-4.39453125,derivative_excluded
-4.3984375,-4.396484375,derivative_excluded
-4.400390625,-4.3984375,derivative_excluded
-4.40234375,-4.400390625,derivative_excluded
-4.404296875,-4.40234375,derivative_excluded
-4.40625,-4.404296875,derivative_excluded
-4.408203125,-4.40625,derivative_excluded
-4.41015625,-4.408203125,derivative_excluded
-4.412109375,-4.41015625,derivative_excluded
-4.4140625,-4.412109375,derivative_excluded
-4.416015625,-4.4140625,derivative_excluded
-4.41796875,-4.416015625,derivative_excluded
-4.419921875,-4.41796875,derivative_excluded
-4.421875,-4.419921875,derivative_excluded
-4.423828125,-4.421875,derivative_excluded
-4.42578125,-4.423828125,derivative_excluded
-4.427734375,-4.42578125,derivative_excluded
-4.4296875,-4.427734375,derivative_excluded
-4.431640625,-4.4296875,derivative_excluded
-4.43359375,-4.431640625,derivative_excluded
-4.435546875,-4.43359375,derivative_excluded
-4.4375,-4.435546875,derivative_excluded
-4.44140625,-4.4375,derivative_excluded
-4.4453125,-4.44140625,derivative_excluded
-4.44921875,-4.4453125,derivative_excluded
-4.453125,-4.44921875,derivative_excluded
-4.45703125,-4.453125,derivative_excluded
-4.4609375,-4.45703125,derivative_excluded
-4.46484375,-4.4609375,derivative_excluded
-4.46875,-4.46484375,derivative_excluded
-4.47265625,-4.46875,derivative_excluded
-4.4765625,-4.47265625,derivative_excluded
-4.48046875,-4.4765625,derivative_excluded
-4.484375,-4.48046875,derivative_excluded
-4.48828125,-4.484375,derivative_excluded
-4.4921875,-4.48828125,derivative_excluded
-4.49609375,-4.4921875,derivative_excluded
-4.5,-4.49609375,derivative_excluded
-4.50390625,-4.5,derivative_excluded
-4.5078125,-4.50390625,derivative_excluded
-4.51171875,-4.5078125,derivative_excluded
-4.515625,-4.51171875,derivative_excluded
-4.51953125,-4.515625,derivative_excluded
-4.5234375,-4.51953125,derivative_excluded
-4.52734375,-4.5234375,derivative_excluded
-4.53125,-4.52734375,derivative_excluded
-4.53515625,-4.53125,derivative_excluded
-4.5390625,-4.53515625,derivative_excluded
-4.54296875,-4.5390625,derivative_excluded
-4.546875,-4.54296875,derivative_excluded
-4.55078125,-4.546875,derivative_excluded
-4.5546875,-4.55078125,derivative_excluded
-4.55859375,-4.5546875,derivative_excluded
-4.5625,-4.55859375,derivative_excluded
-4.56640625,-4.5625,derivative_excluded
-4.5703125,-4.56640625,derivative_excluded
-4.57421875,-4.5703125,derivative_excluded
-4.578125,-4.57421875,derivative_excluded
-4.58203125,-4.578125,derivative_excluded
-4.5859375,-4.58203125,derivative_excluded
-4.58984375,-4.5859375,derivative_excluded
-4.59375,-4.58984375,derivative_excluded
-4.59765625,-4.59375,derivative_excluded
-4.6015625,-4.59765625,derivative_excluded
-4.60546875,-4.6015625,derivative_excluded
-4.609375,-4.60546875,derivative_excluded
-4.61328125,-4.609375,derivative_excluded
-4.6171875,-4.61328125,derivative_excluded
-4.62109375,-4.6171875,derivative_excluded
-4.625,-4.62109375,derivative_excluded
-4.62890625,-4.625,derivative_excluded
-4.6328125,-4.62890625,derivative_excluded
-4.63671875,-4.6328125,derivative_excluded
-4.640625,-4.63671875,derivative_excluded
-4.64453125,-4.640625,derivative_excluded
-4.6484375,-4.64453125,derivative_excluded
-4.65234375,-4.6484375,derivative_excluded
-4.65625,-4.65234375,derivative_excluded
-4.6640625,-4.65625,derivative_excluded
-4.671875,-4.6640625,derivative_excluded
-4.6796875,-4.671875,derivative_excluded
-4.6875,-4.6796875,derivative_excluded
-4.6953125,-4.6875,derivative_excluded
-4.703125,-4.6953125,derivative_excluded
-4.7109375,-4.703125,derivative_excluded
-4.71875,-4.7109375,derivative_excluded
-4.7265625,-4.71875,derivative_excluded
-4.734375,-4.7265625,derivative_excluded
-4.7421875,-4.734375,derivative_excluded
-4.75,-4.7421875,derivative_excluded
-4.7578125,-4.75,derivative_excluded
-4.765625,-4.7578125,derivative_excluded
-4.7734375,-4.765625,derivative_excluded
-4.78125,-4.7734375,derivative_excluded
-4.7890625,-4.78125,derivative_excluded
-4.796875,-4.7890625,derivative_excluded
-4.8046875,-4.796875,derivative_excluded
-4.8125,-4.8046875,derivative_excluded
-4.8203125,-4.8125,derivative_excluded
-4.828125,-4.8203125,derivative_excluded
-4.8359375,-4.828125,derivative_excluded
-4.84375,-4.8359375,derivative_excluded
-4.8515625,-4.84375,derivative_excluded
-4.859375,-4.8515625,derivative_excluded
-4.8671875,-4.859375,derivative_excluded
-4.875,-4.8671875,derivative_excluded
-4.8828125,-4.875,derivative_excluded
-4.890625,-4.8828125,derivative_excluded
-4.8984375,-4.890625,derivative_excluded
-4.90625,-4.8984375,derivative_excluded
-4.9140625,-4.90625,derivative_excluded
-4.921875,-4.9140625,derivative_excluded
-4.9296875,-4.921875,derivative_excluded
-4.9375,-4.9296875,derivative_excluded
-4.9453125,-4.9375,derivative_excluded
-4.953125,-4.9453125,derivative_excluded
-4.9609375,-4.953125,derivative_excluded
-4.96875,-4.9609375,derivative_excluded
-4.984375,-4.96875,derivative_excluded
-5.0,-4.984375,derivative_excluded
-5.015625,-5.0,derivative_excluded
-5.03125,-5.015625,derivative_excluded
-5.046875,-5.03125,derivative_excluded
-5.0625,-5.046875,derivative_excluded
-5.078125,-5.0625,derivative_excluded
-5.09375,-5.078125,derivative_excluded
-5.109375,-5.09375,derivative_excluded
-5.125,-5.109375,derivative_excluded
-5.140625,-5.125,derivative_excluded
-5.15625,-5.140625,derivative_excluded
-5.171875,-5.15625,derivative_excluded
-5.1875,-5.171875,derivative_excluded
-5.203125,-5.1875,derivative_excluded
-5.21875,-5.203125,derivative_excluded
-5.234375,-5.21875,derivative_excluded
-5.25,-5.234375,derivative_excluded
-5.265625,-5.25,derivative_excluded
-5.28125,-5.265625,derivative_excluded
-5.296875,-5.28125,derivative_excluded
-5.3125,-5.296875,derivative_excluded
-5.328125,-5.3125,derivative_excluded
-5.34375,-5.328125,derivative_excluded
-5.375,-5.34375,derivative_excluded
-5.40625,-5.375,derivative_excluded
-5.4375,-5.40625,derivative_excluded
-5.46875,-5.4375,derivative_excluded
-5.5,-5.46875,derivative_excluded
-5.53125,-5.5,derivative_excluded
-5.5625,-5.53125,derivative_excluded
-5.59375,-5.5625,derivative_excluded
-5.625,-5.59375,derivative_excluded
-5.65625,-5.625,derivative_excluded
-5.6875,-5.65625,derivative_excluded
-5.71875,-5.6875,derivative_excluded
-5.75,-5.71875,derivative_excluded
-5.78125,-5.75,derivative_excluded
-5.8125,-5.78125,derivative_excluded
-5.875,-5.8125,derivative_excluded
-5.9375,-5.875,derivative_excluded
-6.0,-5.9375,derivative_excluded
-6.0625,-6.0,derivative_excluded
-6.125,-6.0625,derivative_excluded
-6.1875,-6.125,derivative_excluded
-6.25,-6.1875,derivative_excluded
-6.3125,-6.25,derivative_excluded
-6.375,-6.3125,derivative_excluded
-6.5,-6.375,derivative_excluded
-6.625,-6.5,derivative_excluded
-6.75,-6.625,derivative_excluded
-6.875,-6.75,derivative_excluded
-7.0,-6.875,derivative_excluded
-7.25,-7.0,derivative_excluded
-7.5,-7.25,derivative_excluded
-7.75,-7.5,derivative_excluded
-8.0,-7.75,derivative_excluded
-8.25,-8.0,derivative_excluded
-8.5,-8.25,derivative_excluded
-8.75,-8.5,derivative_excluded
-9.0,-8.75,derivative_excluded
-9.25,-9.0,derivative_excluded
-9.5,-9.25,derivative_excluded
-9.75,-9.5,derivative_excluded
-10.0,-9.75,derivative_excluded
-10.25,-10.0,derivative_excluded
-10.5,-10.25,derivative_excluded
-10.75,-10.5,derivative_excluded
-11.0,-10.75,derivative_excluded
-11.25,-11.0,derivative_excluded
-11.5,-11.25,derivative_excluded
-11.625,-11.5,derivative_excluded
-11.6875,-11.625,derivative_excluded
-11.71875,-11.6875,derivative_excluded
-11.75,-11.71875,derivative_excluded
-12.0,-11.75,unique_root
-12.125,-12.0,derivative_excluded
-12.25,-12.125,derivative_excluded
-12.5,-12.25,derivative_excluded
-12.75,-12.5,derivative_excluded
-13.0,-12.75,derivative_excluded
-13.25,-13.0,derivative_excluded
-13.5,-13.25,derivative_excluded
-13.75,-13.5,derivative_excluded
-14.0,-13.75,derivative_excluded
-14.25,-14.0,derivative_excluded
-14.5,-14.25,derivative_excluded
-14.625,-14.5,derivative_excluded
-14.6875,-14.625,derivative_excluded
-14.75,-14.6875,derivative_excluded
-15.0,-14.75,unique_root
-15.0625,-15.0,derivative_excluded
-15.125,-15.0625,derivative_excluded
-15.25,-15.125,derivative_excluded
-15.5,-15.25,derivative_excluded
-15.75,-15.5,derivative_excluded
-16.0,-15.75,derivative_excluded
-16.25,-16.0,derivative_excluded
-16.5,-16.25,derivative_excluded
-16.75,-16.5,derivative_excluded
-17.0,-16.75,derivative_excluded
-17.25,-17.0,derivative_excluded
-17.5,-17.25,derivative_excluded
-17.75,-17.5,derivative_excluded
-18.0,-17.75,derivative_excluded
-18.125,-18.0,derivative_excluded
-18.25,-18.125,derivative_excluded
-18.3125,-18.25,derivative_excluded
-18.375,-18.3125,derivative_excluded
-18.40625,-18.375,derivative_excluded
-18.4375,-18.40625,derivative_excluded
-18.453125,-18.4375,derivative_excluded
-18.46875,-18.453125,derivative_excluded
-18.484375,-18.46875,derivative_excluded
-18.4921875,-18.484375,derivative_excluded
-18.5,-18.4921875,derivative_excluded
-18.75,-18.5,unique_root
-18.8125,-18.75,derivative_excluded
-18.875,-18.8125,derivative_excluded
-19.0,-18.875,derivative_excluded
-19.25,-19.0,derivative_excluded
-19.5,-19.25,derivative_excluded
-19.75,-19.5,derivative_excluded
-20.0,-19.75,derivative_excluded
-20.25,-20.0,derivative_excluded
-20.5,-20.25,derivative_excluded
-20.75,-20.5,derivative_excluded
-21.0,-20.75,derivative_excluded
-21.125,-21.0,derivative_excluded
-21.25,-21.125,derivative_excluded
-21.375,-21.25,derivative_excluded
-21.4375,-21.375,derivative_excluded
-21.46875,-21.4375,derivative_excluded
-21.5,-21.46875,derivative_excluded
-21.75,-21.5,unique_root
-21.8125,-21.75,derivative_excluded
-21.875,-21.8125,derivative_excluded
-22.0,-21.875,derivative_excluded
-22.125,-22.0,derivative_excluded
-22.25,-22.125,derivative_excluded
-22.5,-22.25,derivative_excluded
-22.75,-22.5,derivative_excluded
-23.0,-22.75,derivative_excluded
-23.25,-23.0,derivative_excluded
-23.5,-23.25,derivative_excluded
-23.75,-23.5,derivative_excluded
-24.0,-23.75,derivative_excluded
-24.25,-24.0,derivative_excluded
-24.375,-24.25,derivative_excluded
-24.5,-24.375,derivative_excluded
-24.625,-24.5,derivative_excluded
-24.6875,-24.625,derivative_excluded
-24.75,-24.6875,derivative_excluded
-24.8125,-24.75,derivative_excluded
-24.84375,-24.8125,derivative_excluded
-24.875,-24.84375,derivative_excluded
-24.90625,-24.875,derivative_excluded
-24.921875,-24.90625,derivative_excluded
-24.9375,-24.921875,derivative_excluded
-24.953125,-24.9375,derivative_excluded
-24.96875,-24.953125,derivative_excluded
-24.9765625,-24.96875,derivative_excluded
-24.984375,-24.9765625,derivative_excluded
-24.98828125,-24.984375,derivative_excluded
-24.9921875,-24.98828125,derivative_excluded
-24.99609375,-24.9921875,derivative_excluded
-25.0,-24.99609375,derivative_excluded
-25.25,-25.0,unique_root
-25.3125,-25.25,derivative_excluded
-25.375,-25.3125,derivative_excluded
-25.5,-25.375,derivative_excluded
-25.625,-25.5,derivative_excluded
-25.75,-25.625,derivative_excluded
-26.0,-25.75,derivative_excluded
-26.25,-26.0,derivative_excluded
-26.5,-26.25,derivative_excluded
-26.75,-26.5,derivative_excluded
-27.0,-26.75,derivative_excluded
-27.25,-27.0,derivative_excluded
-27.5,-27.25,derivative_excluded
-27.625,-27.5,derivative_excluded
-27.75,-27.625,derivative_excluded
-27.8125,-27.75,derivative_excluded
-27.875,-27.8125,derivative_excluded
-27.9375,-27.875,derivative_excluded
-27.96875,-27.9375,derivative_excluded
-28.0,-27.96875,derivative_excluded
-28.25,-28.0,unique_root
-28.3125,-28.25,derivative_excluded
-28.375,-28.3125,derivative_excluded
-28.5,-28.375,derivative_excluded
-28.625,-28.5,derivative_excluded
-28.75,-28.625,derivative_excluded
-29.0,-28.75,derivative_excluded
-29.25,-29.0,derivative_excluded
-29.5,-29.25,derivative_excluded
-29.75,-29.5,derivative_excluded
-30.0,-29.75,derivative_excluded
-30.25,-30.0,derivative_excluded
-30.5,-30.25,derivative_excluded
-30.625,-30.5,derivative_excluded
-30.75,-30.625,derivative_excluded
-30.875,-30.75,derivative_excluded
-31.0,-30.875,derivative_excluded
-31.0625,-31.0,derivative_excluded
-31.125,-31.0625,derivative_excluded
-31.1875,-31.125,derivative_excluded
-31.21875,-31.1875,derivative_excluded
-31.25,-31.21875,derivative_excluded
-31.5,-31.25,unique_root
-31.515625,-31.5,derivative_excluded
-31.53125,-31.515625,derivative_excluded
-31.5625,-31.53125,derivative_excluded
-31.59375,-31.5625,derivative_excluded
-31.625,-31.59375,derivative_excluded
-31.6875,-31.625,derivative_excluded
-31.75,-31.6875,derivative_excluded
-31.8125,-31.75,derivative_excluded
-31.875,-31.8125,derivative_excluded
-32.0,-31.875,derivative_excluded
-32.125,-32.0,derivative_excluded
-32.25,-32.125,derivative_excluded
-32.5,-32.25,derivative_excluded
-32.75,-32.5,derivative_excluded
-33.0,-32.75,derivative_excluded
-33.25,-33.0,derivative_excluded
-33.5,-33.25,derivative_excluded
-33.75,-33.5,derivative_excluded
-33.875,-33.75,derivative_excluded
-34.0,-33.875,derivative_excluded
-34.125,-34.0,derivative_excluded
-34.1875,-34.125,derivative_excluded
-34.25,-34.1875,derivative_excluded
-34.5,-34.25,unique_root
-34.5009765625,-34.5,derivative_excluded
-34.501953125,-34.5009765625,derivative_excluded
-34.50390625,-34.501953125,derivative_excluded
-34.505859375,-34.50390625,derivative_excluded
-34.5078125,-34.505859375,derivative_excluded
-34.51171875,-34.5078125,derivative_excluded
-34.515625,-34.51171875,derivative_excluded
-34.5234375,-34.515625,derivative_excluded
-34.53125,-34.5234375,derivative_excluded
-34.5390625,-34.53125,derivative_excluded
-34.546875,-34.5390625,derivative_excluded
-34.5625,-34.546875,derivative_excluded
-34.578125,-34.5625,derivative_excluded
-34.59375,-34.578125,derivative_excluded
-34.625,-34.59375,derivative_excluded
-34.65625,-34.625,derivative_excluded
-34.6875,-34.65625,derivative_excluded
-34.75,-34.6875,derivative_excluded
-34.8125,-34.75,derivative_excluded
-34.875,-34.8125,derivative_excluded
-35.0,-34.875,derivative_excluded
-35.125,-35.0,derivative_excluded
-35.25,-35.125,derivative_excluded
-35.5,-35.25,derivative_excluded
-35.75,-35.5,derivative_excluded
-36.0,-35.75,derivative_excluded
-36.25,-36.0,derivative_excluded
-36.5,-36.25,derivative_excluded
-36.625,-36.5,derivative_excluded
-36.75,-36.625,derivative_excluded
-36.875,-36.75,derivative_excluded
-37.0,-36.875,derivative_excluded
-37.125,-37.0,derivative_excluded
-37.25,-37.125,derivative_excluded
-37.3125,-37.25,derivative_excluded
-37.375,-37.3125,derivative_excluded
-37.4375,-37.375,derivative_excluded
-37.5,-37.4375,derivative_excluded
-37.53125,-37.5,derivative_excluded
-37.5625,-37.53125,derivative_excluded
-37.59375,-37.5625,derivative_excluded
-37.625,-37.59375,derivative_excluded
-37.65625,-37.625,derivative_excluded
-37.671875,-37.65625,derivative_excluded
-37.6875,-37.671875,derivative_excluded
-37.703125,-37.6875,derivative_excluded
-37.71875,-37.703125,derivative_excluded
-37.7265625,-37.71875,derivative_excluded
-37.734375,-37.7265625,derivative_excluded
-37.7421875,-37.734375,derivative_excluded
-37.75,-37.7421875,derivative_excluded
-38.0,-37.75,unique_root
-38.03125,-38.0,derivative_excluded
-38.0625,-38.03125,derivative_excluded
-38.125,-38.0625,derivative_excluded
-38.1875,-38.125,derivative_excluded
-38.25,-38.1875,derivative_excluded
-38.375,-38.25,derivative_excluded
-38.5,-38.375,derivative_excluded
-38.625,-38.5,derivative_excluded
-38.75,-38.625,derivative_excluded
-38.875,-38.75,derivative_excluded
-39.0,-38.875,derivative_excluded
-39.25,-39.0,derivative_excluded
-39.5,-39.25,derivative_excluded
-39.75,-39.5,derivative_excluded
-40.0,-39.75,derivative_excluded
-40.125,-40.0,derivative_excluded
-40.25,-40.125,derivative_excluded
-40.375,-40.25,derivative_excluded
-40.4375,-40.375,derivative_excluded
-40.5,-40.4375,derivative_excluded
-40.5625,-40.5,derivative_excluded
-40.625,-40.5625,derivative_excluded
-40.65625,-40.625,derivative_excluded
-40.6875,-40.65625,derivative_excluded
-40.71875,-40.6875,derivative_excluded
-40.75,-40.71875,derivative_excluded
-41.0,-40.75,unique_root
-41.03125,-41.0,derivative_excluded
-41.0625,-41.03125,derivative_excluded
-41.125,-41.0625,derivative_excluded
-41.1875,-41.125,derivative_excluded
-41.25,-41.1875,derivative_excluded
-41.375,-41.25,derivative_excluded
-41.5,-41.375,derivative_excluded
-41.625,-41.5,derivative_excluded
-41.75,-41.625,derivative_excluded
-42.0,-41.75,derivative_excluded
-42.25,-42.0,derivative_excluded
-42.5,-42.25,derivative_excluded
-42.75,-42.5,derivative_excluded
-42.875,-42.75,derivative_excluded
-43.0,-42.875,derivative_excluded
-43.125,-43.0,derivative_excluded
-43.25,-43.125,derivative_excluded
-43.375,-43.25,derivative_excluded
-43.5,-43.375,derivative_excluded
-43.5625,-43.5,derivative_excluded
-43.625,-43.5625,derivative_excluded
-43.6875,-43.625,derivative_excluded
-43.75,-43.6875,derivative_excluded
-43.8125,-43.75,derivative_excluded
-43.84375,-43.8125,derivative_excluded
-43.875,-43.84375,derivative_excluded
-43.90625,-43.875,derivative_excluded
-43.9375,-43.90625,derivative_excluded
-43.96875,-43.9375,derivative_excluded
-43.984375,-43.96875,derivative_excluded
-44.0,-43.984375,derivative_excluded
-44.25,-44.0,unique_root
-44.265625,-44.25,derivative_excluded
-44.28125,-44.265625,derivative_excluded
-44.3125,-44.28125,derivative_excluded
-44.34375,-44.3125,derivative_excluded
-44.375,-44.34375,derivative_excluded
-44.40625,-44.375,derivative_excluded
-44.4375,-44.40625,derivative_excluded
-44.5,-44.4375,derivative_excluded
-44.5625,-44.5,derivative_excluded
-44.625,-44.5625,derivative_excluded
-44.6875,-44.625,derivative_excluded
-44.75,-44.6875,derivative_excluded
-44.875,-44.75,derivative_excluded
-45.0,-44.875,derivative_excluded
-45.125,-45.0,derivative_excluded
-45.25,-45.125,derivative_excluded
-45.375,-45.25,derivative_excluded
-45.5,-45.375,derivative_excluded
-45.75,-45.5,derivative_excluded
-46.0,-45.75,derivative_excluded
-46.125,-46.0,derivative_excluded
-46.25,-46.125,derivative_excluded
-46.375,-46.25,derivative_excluded
-46.5,-46.375,derivative_excluded
-46.625,-46.5,derivative_excluded
-46.75,-46.625,derivative_excluded
-46.8125,-46.75,derivative_excluded
-46.875,-46.8125,derivative_excluded
-46.9375,-46.875,derivative_excluded
-47.0,-46.9375,derivative_excluded
-47.03125,-47.0,derivative_excluded
-47.0625,-47.03125,derivative_excluded
-47.09375,-47.0625,derivative_excluded
-47.109375,-47.09375,derivative_excluded
-47.125,-47.109375,derivative_excluded
-47.25,-47.125,unique_root
-47.2578125,-47.25,derivative_excluded
-47.265625,-47.2578125,derivative_excluded
-47.2734375,-47.265625,derivative_excluded
-47.28125,-47.2734375,derivative_excluded
-47.296875,-47.28125,derivative_excluded
-47.3125,-47.296875,derivative_excluded
-47.328125,-47.3125,derivative_excluded
-47.34375,-47.328125,derivative_excluded
-47.375,-47.34375,derivative_excluded
-47.40625,-47.375,derivative_excluded
-47.4375,-47.40625,derivative_excluded
-47.5,-47.4375,derivative_excluded
-47.5625,-47.5,derivative_excluded
-47.625,-47.5625,derivative_excluded
-47.6875,-47.625,derivative_excluded
-47.75,-47.6875,derivative_excluded
-47.875,-47.75,derivative_excluded
-48.0,-47.875,derivative_excluded
-48.125,-48.0,derivative_excluded
-48.25,-48.125,derivative_excluded
-48.5,-48.25,derivative_excluded
-48.75,-48.5,derivative_excluded
-48.875,-48.75,derivative_excluded
-49.0,-48.875,derivative_excluded
-49.125,-49.0,derivative_excluded
-49.25,-49.125,derivative_excluded
-49.375,-49.25,derivative_excluded
-49.5,-49.375,derivative_excluded
-49.625,-49.5,derivative_excluded
-49.75,-49.625,derivative_excluded
-49.8125,-49.75,derivative_excluded
-49.875,-49.8125,derivative_excluded
-49.9375,-49.875,derivative_excluded
-50.0,-49.9375,derivative_excluded
-50.0625,-50.0,derivative_excluded
-50.125,-50.0625,derivative_excluded
-50.15625,-50.125,derivative_excluded
-50.1875,-50.15625,derivative_excluded
-50.21875,-50.1875,derivative_excluded
-50.25,-50.21875,derivative_excluded
-50.28125,-50.25,derivative_excluded
-50.296875,-50.28125,derivative_excluded
-50.3125,-50.296875,derivative_excluded
-50.328125,-50.3125,derivative_excluded
-50.34375,-50.328125,derivative_excluded
-50.359375,-50.34375,derivative_excluded
-50.375,-50.359375,derivative_excluded
-50.5,-50.375,unique_root
-50.5078125,-50.5,derivative_excluded
-50.515625,-50.5078125,derivative_excluded
-50.5234375,-50.515625,derivative_excluded
-50.53125,-50.5234375,derivative_excluded
-50.546875,-50.53125,derivative_excluded
-50.5625,-50.546875,derivative_excluded
-50.578125,-50.5625,derivative_excluded
-50.59375,-50.578125,derivative_excluded
-50.609375,-50.59375,derivative_excluded
-50.625,-50.609375,derivative_excluded
-50.65625,-50.625,derivative_excluded
-50.6875,-50.65625,derivative_excluded
-50.71875,-50.6875,derivative_excluded
-50.75,-50.71875,derivative_excluded
-50.78125,-50.75,derivative_excluded
-50.8125,-50.78125,derivative_excluded
-50.875,-50.8125,derivative_excluded
-50.9375,-50.875,derivative_excluded
-51.0,-50.9375,derivative_excluded
-51.0625,-51.0,derivative_excluded
-51.125,-51.0625,derivative_excluded
-51.25,-51.125,derivative_excluded
-51.375,-51.25,derivative_excluded
-51.5,-51.375,derivative_excluded
-51.625,-51.5,derivative_excluded
-51.75,-51.625,derivative_excluded
-51.875,-51.75,derivative_excluded
-52.0,-51.875,derivative_excluded
-52.125,-52.0,derivative_excluded
-52.25,-52.125,derivative_excluded
-52.375,-52.25,derivative_excluded
-52.5,-52.375,derivative_excluded
-52.625,-52.5,derivative_excluded
-52.75,-52.625,derivative_excluded
-52.875,-52.75,derivative_excluded
-53.0,-52.875,derivative_excluded
-53.0625,-53.0,derivative_excluded
-53.125,-53.0625,derivative_excluded
-53.1875,-53.125,derivative_excluded
-53.25,-53.1875,derivative_excluded
-53.3125,-53.25,derivative_excluded
-53.34375,-53.3125,derivative_excluded
-53.375,-53.34375,derivative_excluded
-53.40625,-53.375,derivative_excluded
-53.4375,-53.40625,derivative_excluded
-53.453125,-53.4375,derivative_excluded
-53.46875,-53.453125,derivative_excluded
-53.484375,-53.46875,derivative_excluded
-53.4921875,-53.484375,derivative_excluded
-53.5,-53.4921875,derivative_excluded
-53.625,-53.5,unique_root
-53.640625,-53.625,derivative_excluded
-53.65625,-53.640625,derivative_excluded
-53.671875,-53.65625,derivative_excluded
-53.6875,-53.671875,derivative_excluded
-53.71875,-53.6875,derivative_excluded
-53.75,-53.71875,derivative_excluded
-53.78125,-53.75,derivative_excluded
-53.8125,-53.78125,derivative_excluded
-53.875,-53.8125,derivative_excluded
-53.9375,-53.875,derivative_excluded
-54.0,-53.9375,derivative_excluded
-54.0625,-54.0,derivative_excluded
-54.125,-54.0625,derivative_excluded
-54.25,-54.125,derivative_excluded
-54.375,-54.25,derivative_excluded
-54.5,-54.375,derivative_excluded
-54.625,-54.5,derivative_excluded
-54.75,-54.625,derivative_excluded
-55.0,-54.75,derivative_excluded
-55.125,-55.0,derivative_excluded
-55.25,-55.125,derivative_excluded
-55.375,-55.25,derivative_excluded
-55.5,-55.375,derivative_excluded
-55.625,-55.5,derivative_excluded
-55.75,-55.625,derivative_excluded
-55.875,-55.75,derivative_excluded
-56.0,-55.875,derivative_excluded
-56.0625,-56.0,derivative_excluded
-56.125,-56.0625,derivative_excluded
-56.1875,-56.125,derivative_excluded
-56.25,-56.1875,derivative_excluded
-56.3125,-56.25,derivative_excluded
-56.375,-56.3125,derivative_excluded
-56.40625,-56.375,derivative_excluded
-56.4375,-56.40625,derivative_excluded
-56.46875,-56.4375,derivative_excluded
-56.5,-56.46875,derivative_excluded
-56.53125,-56.5,derivative_excluded
-56.5625,-56.53125,derivative_excluded
-56.59375,-56.5625,derivative_excluded
-56.609375,-56.59375,derivative_excluded
-56.625,-56.609375,derivative_excluded
-56.640625,-56.625,derivative_excluded
-56.65625,-56.640625,derivative_excluded
-56.671875,-56.65625,derivative_excluded
-56.6875,-56.671875,derivative_excluded
-56.6953125,-56.6875,derivative_excluded
-56.703125,-56.6953125,derivative_excluded
-56.7109375,-56.703125,derivative_excluded
-56.71875,-56.7109375,derivative_excluded
-56.7265625,-56.71875,derivative_excluded
-56.73046875,-56.7265625,derivative_excluded
-56.734375,-56.73046875,derivative_excluded
-56.73828125,-56.734375,derivative_excluded
-56.7421875,-56.73828125,derivative_excluded
-56.74609375,-56.7421875,derivative_excluded
-56.75,-56.74609375,derivative_excluded
-56.875,-56.75,unique_root
-56.890625,-56.875,derivative_excluded
-56.90625,-56.890625,derivative_excluded
-56.921875,-56.90625,derivative_excluded
-56.9375,-56.921875,derivative_excluded
-56.953125,-56.9375,derivative_excluded
-56.96875,-56.953125,derivative_excluded
-57.0,-56.96875,derivative_excluded
-57.03125,-57.0,derivative_excluded
-57.0625,-57.03125,derivative_excluded
-57.09375,-57.0625,derivative_excluded
-57.125,-57.09375,derivative_excluded
-57.1875,-57.125,derivative_excluded
-57.25,-57.1875,derivative_excluded
-57.3125,-57.25,derivative_excluded
-57.375,-57.3125,derivative_excluded
-57.4375,-57.375,derivative_excluded
-57.5,-57.4375,derivative_excluded
-57.625,-57.5,derivative_excluded
-57.75,-57.625,derivative_excluded
-57.875,-57.75,derivative_excluded
-58.0,-57.875,derivative_excluded
-58.125,-58.0,derivative_excluded
-58.25,-58.125,derivative_excluded
-58.375,-58.25,derivative_excluded
-58.5,-58.375,derivative_excluded
-58.625,-58.5,derivative_excluded
-58.75,-58.625,derivative_excluded
-58.875,-58.75,derivative_excluded
-59.0,-58.875,derivative_excluded
-59.125,-59.0,derivative_excluded
-59.25,-59.125,derivative_excluded
-59.3125,-59.25,derivative_excluded
-59.375,-59.3125,derivative_excluded
-59.4375,-59.375,derivative_excluded
-59.5,-59.4375,derivative_excluded
-59.5625,-59.5,derivative_excluded
-59.59375,-59.5625,derivative_excluded
-59.625,-59.59375,derivative_excluded
-59.65625,-59.625,derivative_excluded
-59.6875,-59.65625,derivative_excluded
-59.71875,-59.6875,derivative_excluded
-59.75,-59.71875,derivative_excluded
-59.765625,-59.75,derivative_excluded
-59.78125,-59.765625,derivative_excluded
-59.796875,-59.78125,derivative_excluded
-59.8125,-59.796875,derivative_excluded
-59.8203125,-59.8125,derivative_excluded
-59.828125,-59.8203125,derivative_excluded
-59.8359375,-59.828125,derivative_excluded
-59.84375,-59.8359375,derivative_excluded
-59.84765625,-59.84375,derivative_excluded
-59.8515625,-59.84765625,derivative_excluded
-59.85546875,-59.8515625,derivative_excluded
-59.859375,-59.85546875,derivative_excluded
-59.86328125,-59.859375,derivative_excluded
-59.865234375,-59.86328125,derivative_excluded
-59.8671875,-59.865234375,derivative_excluded
-59.869140625,-59.8671875,derivative_excluded
-59.87109375,-59.869140625,derivative_excluded
-59.873046875,-59.87109375,derivative_excluded
-59.8740234375,-59.873046875,derivative_excluded
-59.875,-59.8740234375,derivative_excluded
-60.0,-59.875,unique_root
-60.015625,-60.0,derivative_excluded
-60.03125,-60.015625,derivative_excluded
-60.0625,-60.03125,derivative_excluded
-60.09375,-60.0625,derivative_excluded
-60.125,-60.09375,derivative_excluded
-60.15625,-60.125,derivative_excluded
-60.1875,-60.15625,derivative_excluded
-60.25,-60.1875,derivative_excluded
-60.3125,-60.25,derivative_excluded
-60.375,-60.3125,derivative_excluded
-60.5,-60.375,derivative_excluded
-60.625,-60.5,derivative_excluded
-60.75,-60.625,derivative_excluded
-60.875,-60.75,derivative_excluded
-61.0,-60.875,derivative_excluded
-61.125,-61.0,derivative_excluded
-61.25,-61.125,derivative_excluded
-61.375,-61.25,derivative_excluded
-61.5,-61.375,derivative_excluded
-61.625,-61.5,derivative_excluded
-61.75,-61.625,derivative_excluded
-61.875,-61.75,derivative_excluded
-62.0,-61.875,derivative_excluded
-62.125,-62.0,derivative_excluded
-62.25,-62.125,derivative_excluded
-62.3125,-62.25,derivative_excluded
-62.375,-62.3125,derivative_excluded
-62.4375,-62.375,derivative_excluded
-62.5,-62.4375,derivative_excluded
-62.5625,-62.5,derivative_excluded
-62.625,-62.5625,derivative_excluded
-62.6875,-62.625,derivative_excluded
-62.71875,-62.6875,derivative_excluded
-62.75,-62.71875,derivative_excluded
-62.78125,-62.75,derivative_excluded
-62.8125,-62.78125,derivative_excluded
-62.84375,-62.8125,derivative_excluded
-62.875,-62.84375,derivative_excluded
-62.890625,-62.875,derivative_excluded
-62.90625,-62.890625,derivative_excluded
-62.921875,-62.90625,derivative_excluded
-62.9375,-62.921875,derivative_excluded
-62.953125,-62.9375,derivative_excluded
-62.96875,-62.953125,derivative_excluded
-62.984375,-62.96875,derivative_excluded
-62.9921875,-62.984375,derivative_excluded
-63.0,-62.9921875,derivative_excluded
-63.125,-63.0,unique_root
-63.12890625,-63.125,derivative_excluded
-63.1328125,-63.12890625,derivative_excluded
-63.13671875,-63.1328125,derivative_excluded
-63.140625,-63.13671875,derivative_excluded
-63.1484375,-63.140625,derivative_excluded
-63.15625,-63.1484375,derivative_excluded
-63.1640625,-63.15625,derivative_excluded
-63.171875,-63.1640625,derivative_excluded
-63.1796875,-63.171875,derivative_excluded
-63.1875,-63.1796875,derivative_excluded
-63.203125,-63.1875,derivative_excluded
-63.21875,-63.203125,derivative_excluded
-63.234375,-63.21875,derivative_excluded
-63.25,-63.234375,derivative_excluded
-63.265625,-63.25,derivative_excluded
-63.28125,-63.265625,derivative_excluded
-63.3125,-63.28125,derivative_excluded
-63.34375,-63.3125,derivative_excluded
-63.375,-63.34375,derivative_excluded
-63.40625,-63.375,derivative_excluded
-63.4375,-63.40625,derivative_excluded
-63.46875,-63.4375,derivative_excluded
-63.5,-63.46875,derivative_excluded
-63.5625,-63.5,derivative_excluded
-63.625,-63.5625,derivative_excluded
-63.6875,-63.625,derivative_excluded
-63.75,-63.6875,derivative_excluded
-63.8125,-63.75,derivative_excluded
-63.875,-63.8125,derivative_excluded
-64.0,-63.875,derivative_excluded
-64.125,-64.0,derivative_excluded
-64.25,-64.125,derivative_excluded
-64.375,-64.25,derivative_excluded
-64.5,-64.375,derivative_excluded
-64.625,-64.5,derivative_excluded
-64.75,-64.625,derivative_excluded
-64.875,-64.75,derivative_excluded
-65.0,-64.875,derivative_excluded
-65.125,-65.0,derivative_excluded
-65.25,-65.125,derivative_excluded
-65.375,-65.25,derivative_excluded
-65.5,-65.375,derivative_excluded
-65.5625,-65.5,derivative_excluded
-65.625,-65.5625,derivative_excluded
-65.6875,-65.625,derivative_excluded
-65.75,-65.6875,derivative_excluded
-65.8125,-65.75,derivative_excluded
-65.875,-65.8125,derivative_excluded
-65.90625,-65.875,derivative_excluded
-65.9375,-65.90625,derivative_excluded
-65.96875,-65.9375,derivative_excluded
-66.0,-65.96875,derivative_excluded
-66.03125,-66.0,derivative_excluded
-66.046875,-66.03125,derivative_excluded
-66.0625,-66.046875,derivative_excluded
-66.078125,-66.0625,derivative_excluded
-66.09375,-66.078125,derivative_excluded
-66.109375,-66.09375,derivative_excluded
-66.125,-66.109375,derivative_excluded
-66.25,-66.125,unique_root
-66.2578125,-66.25,derivative_excluded
-66.265625,-66.2578125,derivative_excluded
-66.2734375,-66.265625,derivative_excluded
-66.28125,-66.2734375,derivative_excluded
-66.296875,-66.28125,derivative_excluded
-66.3125,-66.296875,derivative_excluded
-66.328125,-66.3125,derivative_excluded
-66.34375,-66.328125,derivative_excluded
-66.359375,-66.34375,derivative_excluded
-66.375,-66.359375,derivative_excluded
-66.40625,-66.375,derivative_excluded
-66.4375,-66.40625,derivative_excluded
-66.46875,-66.4375,derivative_excluded
-66.5,-66.46875,derivative_excluded
-66.5625,-66.5,derivative_excluded
-66.625,-66.5625,derivative_excluded
-66.6875,-66.625,derivative_excluded
-66.75,-66.6875,derivative_excluded
-66.8125,-66.75,derivative_excluded
-66.875,-66.8125,derivative_excluded
-67.0,-66.875,derivative_excluded
-67.125,-67.0,derivative_excluded
-67.25,-67.125,derivative_excluded
-67.375,-67.25,derivative_excluded
-67.5,-67.375,derivative_excluded
-67.625,-67.5,derivative_excluded
-67.75,-67.625,derivative_excluded
-67.875,-67.75,derivative_excluded
-68.0,-67.875,derivative_excluded
-68.125,-68.0,derivative_excluded
-68.25,-68.125,derivative_excluded
-68.375,-68.25,derivative_excluded
-68.5,-68.375,derivative_excluded
-68.5625,-68.5,derivative_excluded
-68.625,-68.5625,derivative_excluded
-68.6875,-68.625,derivative_excluded
-68.75,-68.6875,derivative_excluded
-68.8125,-68.75,derivative_excluded
-68.875,-68.8125,derivative_excluded
-68.9375,-68.875,derivative_excluded
-68.96875,-68.9375,derivative_excluded
-69.0,-68.96875,derivative_excluded
-69.03125,-69.0,derivative_excluded
-69.0625,-69.03125,derivative_excluded
-69.09375,-69.0625,derivative_excluded
-69.125,-69.09375,derivative_excluded
-69.15625,-69.125,derivative_excluded
-69.1875,-69.15625,derivative_excluded
-69.203125,-69.1875,derivative_excluded
-69.21875,-69.203125,derivative_excluded
-69.234375,-69.21875,derivative_excluded
-69.25,-69.234375,derivative_excluded
-69.265625,-69.25,derivative_excluded
-69.28125,-69.265625,derivative_excluded
-69.296875,-69.28125,derivative_excluded
-69.3046875,-69.296875,derivative_excluded
-69.3125,-69.3046875,derivative_excluded
-69.3203125,-69.3125,derivative_excluded
-69.328125,-69.3203125,derivative_excluded
-69.3359375,-69.328125,derivative_excluded
-69.34375,-69.3359375,derivative_excluded
-69.34765625,-69.34375,derivative_excluded
-69.3515625,-69.34765625,derivative_excluded
-69.35546875,-69.3515625,derivative_excluded
-69.359375,-69.35546875,derivative_excluded
-69.36328125,-69.359375,derivative_excluded
-69.3671875,-69.36328125,derivative_excluded
-69.37109375,-69.3671875,derivative_excluded
-69.373046875,-69.37109375,derivative_excluded
-69.375,-69.373046875,derivative_excluded
-69.5,-69.375,unique_root
-69.5078125,-69.5,derivative_excluded
-69.515625,-69.5078125,derivative_excluded
-69.53125,-69.515625,derivative_excluded
-69.546875,-69.53125,derivative_excluded
-69.5625,-69.546875,derivative_excluded
-69.578125,-69.5625,derivative_excluded
-69.59375,-69.578125,derivative_excluded
-69.609375,-69.59375,derivative_excluded
-69.625,-69.609375,derivative_excluded
-69.65625,-69.625,derivative_excluded
-69.6875,-69.65625,derivative_excluded
-69.71875,-69.6875,derivative_excluded
-69.75,-69.71875,derivative_excluded
-69.78125,-69.75,derivative_excluded
-69.8125,-69.78125,derivative_excluded
-69.875,-69.8125,derivative_excluded
-69.9375,-69.875,derivative_excluded
-70.0,-69.9375,derivative_excluded
-70.0625,-70.0,derivative_excluded
-70.125,-70.0625,derivative_excluded
-70.1875,-70.125,derivative_excluded
-70.25,-70.1875,derivative_excluded
-70.375,-70.25,derivative_excluded
-70.5,-70.375,derivative_excluded
-70.625,-70.5,derivative_excluded
-70.75,-70.625,derivative_excluded
-70.875,-70.75,derivative_excluded
-71.0,-70.875,derivative_excluded
-71.125,-71.0,derivative_excluded
-71.25,-71.125,derivative_excluded
-71.375,-71.25,derivative_excluded
-71.5,-71.375,derivative_excluded
-71.625,-71.5,derivative_excluded
-71.75,-71.625,derivative_excluded
-71.875,-71.75,derivative_excluded
-71.9375,-71.875,derivative_excluded
-72.0,-71.9375,derivative_excluded
-72.0625,-72.0,derivative_excluded
-72.125,-72.0625,derivative_excluded
-72.1875,-72.125,derivative_excluded
-72.21875,-72.1875,derivative_excluded
-72.25,-72.21875,derivative_excluded
-72.28125,-72.25,derivative_excluded
-72.3125,-72.28125,derivative_excluded
-72.34375,-72.3125,derivative_excluded
-72.359375,-72.34375,derivative_excluded
-72.375,-72.359375,derivative_excluded
-72.390625,-72.375,derivative_excluded
-72.40625,-72.390625,derivative_excluded
-72.421875,-72.40625,derivative_excluded
-72.4375,-72.421875,derivative_excluded
-72.4453125,-72.4375,derivative_excluded
-72.453125,-72.4453125,derivative_excluded
-72.4609375,-72.453125,derivative_excluded
-72.46875,-72.4609375,derivative_excluded
-72.4765625,-72.46875,derivative_excluded
-72.48046875,-72.4765625,derivative_excluded
-72.484375,-72.48046875,derivative_excluded
-72.48828125,-72.484375,derivative_excluded
-72.4921875,-72.48828125,derivative_excluded
-72.49609375,-72.4921875,derivative_excluded
-72.498046875,-72.49609375,derivative_excluded
-72.5,-72.498046875,derivative_excluded
-72.625,-72.5,unique_root
-72.640625,-72.625,derivative_excluded
-72.65625,-72.640625,derivative_excluded
-72.671875,-72.65625,derivative_excluded
-72.6875,-72.671875,derivative_excluded
-72.71875,-72.6875,derivative_excluded
-72.75,-72.71875,derivative_excluded
-72.78125,-72.75,derivative_excluded
-72.8125,-72.78125,derivative_excluded
-72.84375,-72.8125,derivative_excluded
-72.875,-72.84375,derivative_excluded
-72.9375,-72.875,derivative_excluded
-73.0,-72.9375,derivative_excluded
-73.0625,-73.0,derivative_excluded
-73.125,-73.0625,derivative_excluded
-73.1875,-73.125,derivative_excluded
-73.25,-73.1875,derivative_excluded
-73.375,-73.25,derivative_excluded
-73.5,-73.375,derivative_excluded
-73.625,-73.5,derivative_excluded
-73.75,-73.625,derivative_excluded
-73.875,-73.75,derivative_excluded
-74.0,-73.875,derivative_excluded
-74.125,-74.0,derivative_excluded
-74.25,-74.125,derivative_excluded
-74.375,-74.25,derivative_excluded
-74.5,-74.375,derivative_excluded
-74.625,-74.5,derivative_excluded
-74.75,-74.625,derivative_excluded
-74.8125,-74.75,derivative_excluded
-74.875,-74.8125,derivative_excluded
-74.9375,-74.875,derivative_excluded
-75.0,-74.9375,derivative_excluded
-75.0625,-75.0,derivative_excluded
-75.125,-75.0625,derivative_excluded
-75.1875,-75.125,derivative_excluded
-75.25,-75.1875,derivative_excluded
-75.28125,-75.25,derivative_excluded
-75.3125,-75.28125,derivative_excluded
-75.34375,-75.3125,derivative_excluded
-75.375,-75.34375,derivative_excluded
-75.40625,-75.375,derivative_excluded
-75.4375,-75.40625,derivative_excluded
-75.46875,-75.4375,derivative_excluded
-75.484375,-75.46875,derivative_excluded
-75.5,-75.484375,derivative_excluded
-75.515625,-75.5,derivative_excluded
-75.53125,-75.515625,derivative_excluded
-75.546875,-75.53125,derivative_excluded
-75.5625,-75.546875,derivative_excluded
-75.578125,-75.5625,derivative_excluded
-75.59375,-75.578125,derivative_excluded
-75.6015625,-75.59375,derivative_excluded
-75.609375,-75.6015625,derivative_excluded
-75.6171875,-75.609375,derivative_excluded
-75.625,-75.6171875,derivative_excluded
-75.75,-75.625,unique_root
-75.75390625,-75.75,derivative_excluded
-75.7578125,-75.75390625,derivative_excluded
-75.76171875,-75.7578125,derivative_excluded
-75.765625,-75.76171875,derivative_excluded
-75.7734375,-75.765625,derivative_excluded
-75.78125,-75.7734375,derivative_excluded
-75.7890625,-75.78125,derivative_excluded
-75.796875,-75.7890625,derivative_excluded
-75.8046875,-75.796875,derivative_excluded
-75.8125,-75.8046875,derivative_excluded
-75.828125,-75.8125,derivative_excluded
-75.84375,-75.828125,derivative_excluded
-75.859375,-75.84375,derivative_excluded
-75.875,-75.859375,derivative_excluded
-75.890625,-75.875,derivative_excluded
-75.90625,-75.890625,derivative_excluded
-75.921875,-75.90625,derivative_excluded
-75.9375,-75.921875,derivative_excluded
-75.96875,-75.9375,derivative_excluded
-76.0,-75.96875,derivative_excluded
-76.03125,-76.0,derivative_excluded
-76.0625,-76.03125,derivative_excluded
-76.09375,-76.0625,derivative_excluded
-76.125,-76.09375,derivative_excluded
-76.15625,-76.125,derivative_excluded
-76.1875,-76.15625,derivative_excluded
-76.25,-76.1875,derivative_excluded
-76.3125,-76.25,derivative_excluded
-76.375,-76.3125,derivative_excluded
-76.4375,-76.375,derivative_excluded
-76.5,-76.4375,derivative_excluded
-76.5625,-76.5,derivative_excluded
-76.625,-76.5625,derivative_excluded
-76.75,-76.625,derivative_excluded
-76.875,-76.75,derivative_excluded
-77.0,-76.875,derivative_excluded
-77.125,-77.0,derivative_excluded
-77.25,-77.125,derivative_excluded
-77.375,-77.25,derivative_excluded
-77.5,-77.375,derivative_excluded
-77.625,-77.5,derivative_excluded
-77.75,-77.625,derivative_excluded
-77.875,-77.75,derivative_excluded
-78.0,-77.875,derivative_excluded
-78.125,-78.0,derivative_excluded
-78.1875,-78.125,derivative_excluded
-78.25,-78.1875,derivative_excluded
-78.3125,-78.25,derivative_excluded
-78.375,-78.3125,derivative_excluded
-78.4375,-78.375,derivative_excluded
-78.5,-78.4375,derivative_excluded
-78.53125,-78.5,derivative_excluded
-78.5625,-78.53125,derivative_excluded
-78.59375,-78.5625,derivative_excluded
-78.625,-78.59375,derivative_excluded
-78.65625,-78.625,derivative_excluded
-78.671875,-78.65625,derivative_excluded
-78.6875,-78.671875,derivative_excluded
-78.703125,-78.6875,derivative_excluded
-78.71875,-78.703125,derivative_excluded
-78.734375,-78.71875,derivative_excluded
-78.7421875,-78.734375,derivative_excluded
-78.75,-78.7421875,derivative_excluded
-78.875,-78.75,unique_root
-78.8828125,-78.875,derivative_excluded
-78.890625,-78.8828125,derivative_excluded
-78.8984375,-78.890625,derivative_excluded
-78.90625,-78.8984375,derivative_excluded
-78.9140625,-78.90625,derivative_excluded
-78.921875,-78.9140625,derivative_excluded
-78.9375,-78.921875,derivative_excluded
-78.953125,-78.9375,derivative_excluded
-78.96875,-78.953125,derivative_excluded
-78.984375,-78.96875,derivative_excluded
-79.0,-78.984375,derivative_excluded
-79.03125,-79.0,derivative_excluded
-79.0625,-79.03125,derivative_excluded
-79.09375,-79.0625,derivative_excluded
-79.125,-79.09375,derivative_excluded
-79.15625,-79.125,derivative_excluded
-79.1875,-79.15625,derivative_excluded
-79.25,-79.1875,derivative_excluded
-79.3125,-79.25,derivative_excluded
-79.375,-79.3125,derivative_excluded
-79.4375,-79.375,derivative_excluded
-79.5,-79.4375,derivative_excluded
-79.625,-79.5,derivative_excluded
-79.75,-79.625,derivative_excluded
-79.875,-79.75,derivative_excluded
-80.0,-79.875,derivative_excluded
-80.125,-80.0,derivative_excluded
-80.25,-80.125,derivative_excluded
-80.375,-80.25,derivative_excluded
-80.5,-80.375,derivative_excluded
-80.625,-80.5,derivative_excluded
-80.75,-80.625,derivative_excluded
-80.875,-80.75,derivative_excluded
-81.0,-80.875,derivative_excluded
-81.0625,-81.0,derivative_excluded
-81.125,-81.0625,derivative_excluded
-81.1875,-81.125,derivative_excluded
-81.25,-81.1875,derivative_excluded
-81.3125,-81.25,derivative_excluded
-81.375,-81.3125,derivative_excluded
-81.4375,-81.375,derivative_excluded
-81.5,-81.4375,derivative_excluded
-81.53125,-81.5,derivative_excluded
-81.5625,-81.53125,derivative_excluded
-81.59375,-81.5625,derivative_excluded
-81.625,-81.59375,derivative_excluded
-81.65625,-81.625,derivative_excluded
-81.6875,-81.65625,derivative_excluded
-81.71875,-81.6875,derivative_excluded
-81.75,-81.71875,derivative_excluded
-81.78125,-81.75,derivative_excluded
-81.796875,-81.78125,derivative_excluded
-81.8125,-81.796875,derivative_excluded
-81.828125,-81.8125,derivative_excluded
-81.84375,-81.828125,derivative_excluded
-81.859375,-81.84375,derivative_excluded
-81.875,-81.859375,derivative_excluded
-81.890625,-81.875,derivative_excluded
-81.8984375,-81.890625,derivative_excluded
-81.90625,-81.8984375,derivative_excluded
-81.9140625,-81.90625,derivative_excluded
-81.921875,-81.9140625,derivative_excluded
-81.9296875,-81.921875,derivative_excluded
-81.9375,-81.9296875,derivative_excluded
-81.9453125,-81.9375,derivative_excluded
-81.953125,-81.9453125,derivative_excluded
-81.95703125,-81.953125,derivative_excluded
-81.9609375,-81.95703125,derivative_excluded
-81.96484375,-81.9609375,derivative_excluded
-81.96875,-81.96484375,derivative_excluded
-81.97265625,-81.96875,derivative_excluded
-81.9765625,-81.97265625,derivative_excluded
-81.98046875,-81.9765625,derivative_excluded
-81.982421875,-81.98046875,derivative_excluded
-81.984375,-81.982421875,derivative_excluded
-81.986328125,-81.984375,derivative_excluded
-81.98828125,-81.986328125,derivative_excluded
-81.990234375,-81.98828125,derivative_excluded
-81.9921875,-81.990234375,derivative_excluded
-81.994140625,-81.9921875,derivative_excluded
-81.99609375,-81.994140625,derivative_excluded
-81.9970703125,-81.99609375,derivative_excluded
-81.998046875,-81.9970703125,derivative_excluded
-81.9990234375,-81.998046875,derivative_excluded
-82.0,-81.9990234375,derivative_excluded
-82.125,-82.0,unique_root
-82.140625,-82.125,derivative_excluded
-82.15625,-82.140625,derivative_excluded
-82.171875,-82.15625,derivative_excluded
-82.1875,-82.171875,derivative_excluded
-82.203125,-82.1875,derivative_excluded
-82.21875,-82.203125,derivative_excluded
-82.234375,-82.21875,derivative_excluded
-82.25,-82.234375,derivative_excluded
-82.28125,-82.25,derivative_excluded
-82.3125,-82.28125,derivative_excluded
-82.34375,-82.3125,derivative_excluded
-82.375,-82.34375,derivative_excluded
-82.40625,-82.375,derivative_excluded
-82.4375,-82.40625,derivative_excluded
-82.46875,-82.4375,derivative_excluded
-82.5,-82.46875,derivative_excluded
-82.5625,-82.5,derivative_excluded
-82.625,-82.5625,derivative_excluded
-82.6875,-82.625,derivative_excluded
-82.75,-82.6875,derivative_excluded
-82.8125,-82.75,derivative_excluded
-82.875,-82.8125,derivative_excluded
-82.9375,-82.875,derivative_excluded
-83.0,-82.9375,derivative_excluded
-83.125,-83.0,derivative_excluded
-83.25,-83.125,derivative_excluded
-83.375,-83.25,derivative_excluded
-83.5,-83.375,derivative_excluded
-83.625,-83.5,derivative_excluded
-83.75,-83.625,derivative_excluded
-83.875,-83.75,derivative_excluded
-84.0,-83.875,derivative_excluded
-84.125,-84.0,derivative_excluded
-84.25,-84.125,derivative_excluded
-84.375,-84.25,derivative_excluded
-84.4375,-84.375,derivative_excluded
-84.5,-84.4375,derivative_excluded
-84.5625,-84.5,derivative_excluded
-84.625,-84.5625,derivative_excluded
-84.6875,-84.625,derivative_excluded
-84.75,-84.6875,derivative_excluded
-84.8125,-84.75,derivative_excluded
-84.84375,-84.8125,derivative_excluded
-84.875,-84.84375,derivative_excluded
-84.90625,-84.875,derivative_excluded
-84.9375,-84.90625,derivative_excluded
-84.96875,-84.9375,derivative_excluded
-84.984375,-84.96875,derivative_excluded
-85.0,-84.984375,derivative_excluded
-85.015625,-85.0,derivative_excluded
-85.03125,-85.015625,derivative_excluded
-85.046875,-85.03125,derivative_excluded
-85.0546875,-85.046875,derivative_excluded
-85.0625,-85.0546875,derivative_excluded
-85.0703125,-85.0625,derivative_excluded
-85.078125,-85.0703125,derivative_excluded
-85.0859375,-85.078125,derivative_excluded
-85.09375,-85.0859375,derivative_excluded
-85.09765625,-85.09375,derivative_excluded
-85.1015625,-85.09765625,derivative_excluded
-85.10546875,-85.1015625,derivative_excluded
-85.109375,-85.10546875,derivative_excluded
-85.11328125,-85.109375,derivative_excluded
-85.115234375,-85.11328125,derivative_excluded
-85.1171875,-85.115234375,derivative_excluded
-85.119140625,-85.1171875,derivative_excluded
-85.12109375,-85.119140625,derivative_excluded
-85.123046875,-85.12109375,derivative_excluded
-85.125,-85.123046875,derivative_excluded
-85.25,-85.125,unique_root
-85.265625,-85.25,derivative_excluded
-85.28125,-85.265625,derivative_excluded
-85.296875,-85.28125,derivative_excluded
-85.3125,-85.296875,derivative_excluded
-85.34375,-85.3125,derivative_excluded
-85.375,-85.34375,derivative_excluded
-85.40625,-85.375,derivative_excluded
-85.4375,-85.40625,derivative_excluded
-85.46875,-85.4375,derivative_excluded
-85.5,-85.46875,derivative_excluded
-85.5625,-85.5,derivative_excluded
-85.625,-85.5625,derivative_excluded
-85.6875,-85.625,derivative_excluded
-85.75,-85.6875,derivative_excluded
-85.8125,-85.75,derivative_excluded
-85.875,-85.8125,derivative_excluded
-86.0,-85.875,derivative_excluded
-86.125,-86.0,derivative_excluded
-86.25,-86.125,derivative_excluded
-86.375,-86.25,derivative_excluded
-86.5,-86.375,derivative_excluded
-86.625,-86.5,derivative_excluded
-86.75,-86.625,derivative_excluded
-86.875,-86.75,derivative_excluded
-87.0,-86.875,derivative_excluded
-87.125,-87.0,derivative_excluded
-87.25,-87.125,derivative_excluded
-87.3125,-87.25,derivative_excluded
-87.375,-87.3125,derivative_excluded
-87.4375,-87.375,derivative_excluded
-87.5,-87.4375,derivative_excluded
-87.5625,-87.5,derivative_excluded
-87.625,-87.5625,derivative_excluded
-87.6875,-87.625,derivative_excluded
-87.75,-87.6875,derivative_excluded
-87.8125,-87.75,derivative_excluded
-87.84375,-87.8125,derivative_excluded
-87.875,-87.84375,derivative_excluded
-87.90625,-87.875,derivative_excluded
-87.9375,-87.90625,derivative_excluded
-87.96875,-87.9375,derivative_excluded
-88.0,-87.96875,derivative_excluded
-88.03125,-88.0,derivative_excluded
-88.0625,-88.03125,derivative_excluded
-88.078125,-88.0625,derivative_excluded
-88.09375,-88.078125,derivative_excluded
-88.109375,-88.09375,derivative_excluded
-88.125,-88.109375,derivative_excluded
-88.140625,-88.125,derivative_excluded
-88.15625,-88.140625,derivative_excluded
-88.171875,-88.15625,derivative_excluded
-88.1875,-88.171875,derivative_excluded
-88.1953125,-88.1875,derivative_excluded
-88.203125,-88.1953125,derivative_excluded
-88.2109375,-88.203125,derivative_excluded
-88.21875,-88.2109375,derivative_excluded
-88.2265625,-88.21875,derivative_excluded
-88.234375,-88.2265625,derivative_excluded
-88.2421875,-88.234375,derivative_excluded
-88.25,-88.2421875,derivative_excluded
-88.375,-88.25,unique_root
-88.3828125,-88.375,derivative_excluded
-88.390625,-88.3828125,derivative_excluded
-88.3984375,-88.390625,derivative_excluded
-88.40625,-88.3984375,derivative_excluded
-88.4140625,-88.40625,derivative_excluded
-88.421875,-88.4140625,derivative_excluded
-88.4296875,-88.421875,derivative_excluded
-88.4375,-88.4296875,derivative_excluded
-88.453125,-88.4375,derivative_excluded
-88.46875,-88.453125,derivative_excluded
-88.484375,-88.46875,derivative_excluded
-88.5,-88.484375,derivative_excluded
-88.515625,-88.5,derivative_excluded
-88.53125,-88.515625,derivative_excluded
-88.546875,-88.53125,derivative_excluded
-88.5625,-88.546875,derivative_excluded
-88.59375,-88.5625,derivative_excluded
-88.625,-88.59375,derivative_excluded
-88.65625,-88.625,derivative_excluded
-88.6875,-88.65625,derivative_excluded
-88.71875,-88.6875,derivative_excluded
-88.75,-88.71875,derivative_excluded
-88.78125,-88.75,derivative_excluded
-88.8125,-88.78125,derivative_excluded
-88.875,-88.8125,derivative_excluded
-88.9375,-88.875,derivative_excluded
-89.0,-88.9375,derivative_excluded
-89.0625,-89.0,derivative_excluded
-89.125,-89.0625,derivative_excluded
-89.1875,-89.125,derivative_excluded
-89.25,-89.1875,derivative_excluded
-89.3125,-89.25,derivative_excluded
-89.375,-89.3125,derivative_excluded
-89.5,-89.375,derivative_excluded
-89.625,-89.5,derivative_excluded
-89.75,-89.625,derivative_excluded
-89.875,-89.75,derivative_excluded
-90.0,-89.875,derivative_excluded
-90.125,-90.0,derivative_excluded
-90.25,-90.125,derivative_excluded
-90.375,-90.25,derivative_excluded
-90.5,-90.375,derivative_excluded
-90.625,-90.5,derivative_excluded
-90.6875,-90.625,derivative_excluded
-90.75,-90.6875,derivative_excluded
-90.8125,-90.75,derivative_excluded
-90.875,-90.8125,derivative_excluded
-90.9375,-90.875,derivative_excluded
-91.0,-90.9375,derivative_excluded
-91.0625,-91.0,derivative_excluded
-91.09375,-91.0625,derivative_excluded
-91.125,-91.09375,derivative_excluded
-91.15625,-91.125,derivative_excluded
-91.1875,-91.15625,derivative_excluded
-91.21875,-91.1875,derivative_excluded
-91.25,-91.21875,derivative_excluded
-91.265625,-91.25,derivative_excluded
-91.28125,-91.265625,derivative_excluded
-91.296875,-91.28125,derivative_excluded
-91.3125,-91.296875,derivative_excluded
-91.328125,-91.3125,derivative_excluded
-91.34375,-91.328125,derivative_excluded
-91.3515625,-91.34375,derivative_excluded
-91.359375,-91.3515625,derivative_excluded
-91.3671875,-91.359375,derivative_excluded
-91.375,-91.3671875,derivative_excluded
-91.5,-91.375,unique_root
-91.5078125,-91.5,derivative_excluded
-91.515625,-91.5078125,derivative_excluded
-91.5234375,-91.515625,derivative_excluded
-91.53125,-91.5234375,derivative_excluded
-91.546875,-91.53125,derivative_excluded
-91.5625,-91.546875,derivative_excluded
-91.578125,-91.5625,derivative_excluded
-91.59375,-91.578125,derivative_excluded
-91.609375,-91.59375,derivative_excluded
-91.625,-91.609375,derivative_excluded
-91.65625,-91.625,derivative_excluded
-91.6875,-91.65625,derivative_excluded
-91.71875,-91.6875,derivative_excluded
-91.75,-91.71875,derivative_excluded
-91.78125,-91.75,derivative_excluded
-91.8125,-91.78125,derivative_excluded
-91.875,-91.8125,derivative_excluded
-91.9375,-91.875,derivative_excluded
-92.0,-91.9375,derivative_excluded
-92.0625,-92.0,derivative_excluded
-92.125,-92.0625,derivative_excluded
-92.1875,-92.125,derivative_excluded
-92.25,-92.1875,derivative_excluded
-92.375,-92.25,derivative_excluded
-92.5,-92.375,derivative_excluded
-92.625,-92.5,derivative_excluded
-92.75,-92.625,derivative_excluded
-92.875,-92.75,derivative_excluded
-93.0,-92.875,derivative_excluded
-93.125,-93.0,derivative_excluded
-93.25,-93.125,derivative_excluded
-93.375,-93.25,derivative_excluded
-93.5,-93.375,derivative_excluded
-93.5625,-93.5,derivative_excluded
-93.625,-93.5625,derivative_excluded
-93.6875,-93.625,derivative_excluded
-93.75,-93.6875,derivative_excluded
-93.8125,-93.75,derivative_excluded
-93.875,-93.8125,derivative_excluded
-93.9375,-93.875,derivative_excluded
-94.0,-93.9375,derivative_excluded
-94.0625,-94.0,derivative_excluded
-94.09375,-94.0625,derivative_excluded
-94.125,-94.09375,derivative_excluded
-94.15625,-94.125,derivative_excluded
-94.1875,-94.15625,derivative_excluded
-94.21875,-94.1875,derivative_excluded
-94.25,-94.21875,derivative_excluded
-94.28125,-94.25,derivative_excluded
-94.3125,-94.28125,derivative_excluded
-94.34375,-94.3125,derivative_excluded
-94.359375,-94.34375,derivative_excluded
-94.375,-94.359375,derivative_excluded
-94.390625,-94.375,derivative_excluded
-94.40625,-94.390625,derivative_excluded
-94.421875,-94.40625,derivative_excluded
-94.4375,-94.421875,derivative_excluded
-94.453125,-94.4375,derivative_excluded
-94.46875,-94.453125,derivative_excluded
-94.484375,-94.46875,derivative_excluded
-94.4921875,-94.484375,derivative_excluded
-94.5,-94.4921875,derivative_excluded
-94.625,-94.5,unique_root
-94.6259765625,-94.625,derivative_excluded
-94.626953125,-94.6259765625,derivative_excluded
-94.6279296875,-94.626953125,derivative_excluded
-94.62890625,-94.6279296875,derivative_excluded
-94.630859375,-94.62890625,derivative_excluded
-94.6328125,-94.630859375,derivative_excluded
-94.634765625,-94.6328125,derivative_excluded
-94.63671875,-94.634765625,derivative_excluded
-94.638671875,-94.63671875,derivative_excluded
-94.640625,-94.638671875,derivative_excluded
-94.642578125,-94.640625,derivative_excluded
-94.64453125,-94.642578125,derivative_excluded
-94.6484375,-94.64453125,derivative_excluded
-94.65234375,-94.6484375,derivative_excluded
-94.65625,-94.65234375,derivative_excluded
-94.66015625,-94.65625,derivative_excluded
-94.6640625,-94.66015625,derivative_excluded
-94.66796875,-94.6640625,derivative_excluded
-94.671875,-94.66796875,derivative_excluded
-94.67578125,-94.671875,derivative_excluded
-94.6796875,-94.67578125,derivative_excluded
-94.6875,-94.6796875,derivative_excluded
-94.6953125,-94.6875,derivative_excluded
-94.703125,-94.6953125,derivative_excluded
-94.7109375,-94.703125,derivative_excluded
-94.71875,-94.7109375,derivative_excluded
-94.7265625,-94.71875,derivative_excluded
-94.734375,-94.7265625,derivative_excluded
-94.75,-94.734375,derivative_excluded
-94.765625,-94.75,derivative_excluded
-94.78125,-94.765625,derivative_excluded
-94.796875,-94.78125,derivative_excluded
-94.8125,-94.796875,derivative_excluded
-94.828125,-94.8125,derivative_excluded
-94.84375,-94.828125,derivative_excluded
-94.859375,-94.84375,derivative_excluded
-94.875,-94.859375,derivative_excluded
-94.90625,-94.875,derivative_excluded
-94.9375,-94.90625,derivative_excluded
-94.96875,-94.9375,derivative_excluded
-95.0,-94.96875,derivative_excluded
-95.03125,-95.0,derivative_excluded
-95.0625,-95.03125,derivative_excluded
-95.09375,-95.0625,derivative_excluded
-95.125,-95.09375,derivative_excluded
-95.1875,-95.125,derivative_excluded
-95.25,-95.1875,derivative_excluded
-95.3125,-95.25,derivative_excluded
-95.375,-95.3125,derivative_excluded
-95.4375,-95.375,derivative_excluded
-95.5,-95.4375,derivative_excluded
-95.5625,-95.5,derivative_excluded
-95.625,-95.5625,derivative_excluded
-95.6875,-95.625,derivative_excluded
-95.75,-95.6875,derivative_excluded
-95.875,-95.75,derivative_excluded
-96.0,-95.875,derivative_excluded
-96.125,-96.0,derivative_excluded
-96.25,-96.125,derivative_excluded
-96.375,-96.25,derivative_excluded
-96.5,-96.375,derivative_excluded
-96.625,-96.5,derivative_excluded
-96.75,-96.625,derivative_excluded
-96.875,-96.75,derivative_excluded
-96.9375,-96.875,derivative_excluded
-97.0,-96.9375,derivative_excluded
-97.0625,-97.0,derivative_excluded
-97.125,-97.0625,derivative_excluded
-97.1875,-97.125,derivative_excluded
-97.25,-97.1875,derivative_excluded
-97.3125,-97.25,derivative_excluded
-97.375,-97.3125,derivative_excluded
-97.40625,-97.375,derivative_excluded
-97.4375,-97.40625,derivative_excluded
-97.46875,-97.4375,derivative_excluded
-97.5,-97.46875,derivative_excluded
-97.53125,-97.5,derivative_excluded
-97.5625,-97.53125,derivative_excluded
-97.578125,-97.5625,derivative_excluded
-97.59375,-97.578125,derivative_excluded
-97.609375,-97.59375,derivative_excluded
-97.625,-97.609375,derivative_excluded
-97.75,-97.625,unique_root
-97.75048828125,-97.75,derivative_excluded
-97.7509765625,-97.75048828125,derivative_excluded
-97.75146484375,-97.7509765625,derivative_excluded
-97.751953125,-97.75146484375,derivative_excluded
-97.75244140625,-97.751953125,derivative_excluded
-97.7529296875,-97.75244140625,derivative_excluded
-97.75390625,-97.7529296875,derivative_excluded
-97.7548828125,-97.75390625,derivative_excluded
-97.755859375,-97.7548828125,derivative_excluded
-97.7568359375,-97.755859375,derivative_excluded
-97.7578125,-97.7568359375,derivative_excluded
-97.759765625,-97.7578125,derivative_excluded
-97.76171875,-97.759765625,derivative_excluded
-97.763671875,-97.76171875,derivative_excluded
-97.765625,-97.763671875,derivative_excluded
-97.767578125,-97.765625,derivative_excluded
-97.76953125,-97.767578125,derivative_excluded
-97.7734375,-97.76953125,derivative_excluded
-97.77734375,-97.7734375,derivative_excluded
-97.78125,-97.77734375,derivative_excluded
-97.78515625,-97.78125,derivative_excluded
-97.7890625,-97.78515625,derivative_excluded
-97.79296875,-97.7890625,derivative_excluded
-97.796875,-97.79296875,derivative_excluded
-97.8046875,-97.796875,derivative_excluded
-97.8125,-97.8046875,derivative_excluded
-97.8203125,-97.8125,derivative_excluded
-97.828125,-97.8203125,derivative_excluded
-97.8359375,-97.828125,derivative_excluded
-97.84375,-97.8359375,derivative_excluded
-97.859375,-97.84375,derivative_excluded
-97.875,-97.859375,derivative_excluded
-97.890625,-97.875,derivative_excluded
-97.90625,-97.890625,derivative_excluded
-97.921875,-97.90625,derivative_excluded
-97.9375,-97.921875,derivative_excluded
-97.96875,-97.9375,derivative_excluded
-98.0,-97.96875,derivative_excluded
-98.03125,-98.0,derivative_excluded
-98.0625,-98.03125,derivative_excluded
-98.09375,-98.0625,derivative_excluded
-98.125,-98.09375,derivative_excluded
-98.1875,-98.125,derivative_excluded
-98.25,-98.1875,derivative_excluded
-98.3125,-98.25,derivative_excluded
-98.375,-98.3125,derivative_excluded
-98.4375,-98.375,derivative_excluded
-98.5,-98.4375,derivative_excluded
-98.625,-98.5,derivative_excluded
-98.75,-98.625,derivative_excluded
-98.875,-98.75,derivative_excluded
-99.0,-98.875,derivative_excluded
-99.125,-99.0,derivative_excluded
-99.25,-99.125,derivative_excluded
-99.375,-99.25,derivative_excluded
-99.5,-99.375,derivative_excluded
-99.625,-99.5,derivative_excluded
-99.75,-99.625,derivative_excluded
-99.8125,-99.75,derivative_excluded
-99.875,-99.8125,derivative_excluded
-99.9375,-99.875,derivative_excluded
-100.0,-99.9375,derivative_excluded
-100.0625,-100.0,derivative_excluded
-100.125,-100.0625,derivative_excluded
-100.1875,-100.125,derivative_excluded
-100.25,-100.1875,derivative_excluded
-100.3125,-100.25,derivative_excluded
-100.375,-100.3125,derivative_excluded
-100.40625,-100.375,derivative_excluded
-100.4375,-100.40625,derivative_excluded
-100.46875,-100.4375,derivative_excluded
-100.5,-100.46875,derivative_excluded
-100.53125,-100.5,derivative_excluded
-100.5625,-100.53125,derivative_excluded
-100.59375,-100.5625,derivative_excluded
-100.625,-100.59375,derivative_excluded
-100.65625,-100.625,derivative_excluded
-100.671875,-100.65625,derivative_excluded
-100.6875,-100.671875,derivative_excluded
-100.703125,-100.6875,derivative_excluded
-100.71875,-100.703125,derivative_excluded
-100.734375,-100.71875,derivative_excluded
-100.75,-100.734375,derivative_excluded
-100.765625,-100.75,derivative_excluded
-100.78125,-100.765625,derivative_excluded
-100.7890625,-100.78125,derivative_excluded
-100.796875,-100.7890625,derivative_excluded
-100.8046875,-100.796875,derivative_excluded
-100.8125,-100.8046875,derivative_excluded
-100.8203125,-100.8125,derivative_excluded
-100.828125,-100.8203125,derivative_excluded
-100.8359375,-100.828125,derivative_excluded
-100.84375,-100.8359375,derivative_excluded
-100.84765625,-100.84375,derivative_excluded
-100.8515625,-100.84765625,derivative_excluded
-100.85546875,-100.8515625,derivative_excluded
-100.859375,-100.85546875,derivative_excluded
-100.86328125,-100.859375,derivative_excluded
-100.8671875,-100.86328125,derivative_excluded
-100.87109375,-100.8671875,derivative_excluded
-100.875,-100.87109375,derivative_excluded
-101.0,-100.875,unique_root
-101.0078125,-101.0,derivative_excluded
-101.015625,-101.0078125,derivative_excluded
-101.0234375,-101.015625,derivative_excluded
-101.03125,-101.0234375,derivative_excluded
-101.0390625,-101.03125,derivative_excluded
-101.046875,-101.0390625,derivative_excluded
-101.0625,-101.046875,derivative_excluded
-101.078125,-101.0625,derivative_excluded
-101.09375,-101.078125,derivative_excluded
-101.109375,-101.09375,derivative_excluded
-101.125,-101.109375,derivative_excluded
-101.140625,-101.125,derivative_excluded
-101.15625,-101.140625,derivative_excluded
-101.171875,-101.15625,derivative_excluded
-101.1875,-101.171875,derivative_excluded
-101.21875,-101.1875,derivative_excluded
-101.25,-101.21875,derivative_excluded
-101.28125,-101.25,derivative_excluded
-101.3125,-101.28125,derivative_excluded
-101.34375,-101.3125,derivative_excluded
-101.375,-101.34375,derivative_excluded
-101.40625,-101.375,derivative_excluded
-101.4375,-101.40625,derivative_excluded
-101.5,-101.4375,derivative_excluded
-101.5625,-101.5,derivative_excluded
-101.625,-101.5625,derivative_excluded
-101.6875,-101.625,derivative_excluded
-101.75,-101.6875,derivative_excluded
-101.8125,-101.75,derivative_excluded
-101.875,-101.8125,derivative_excluded
-101.9375,-101.875,derivative_excluded
-102.0,-101.9375,derivative_excluded
-102.125,-102.0,derivative_excluded
-102.25,-102.125,derivative_excluded
-102.375,-102.25,derivative_excluded
-102.5,-102.375,derivative_excluded
-102.625,-102.5,derivative_excluded
-102.75,-102.625,derivative_excluded
-102.875,-102.75,derivative_excluded
-103.0,-102.875,derivative_excluded
-103.125,-103.0,derivative_excluded
-103.25,-103.125,derivative_excluded
-103.3125,-103.25,derivative_excluded
-103.375,-103.3125,derivative_excluded
-103.4375,-103.375,derivative_excluded
-103.5,-103.4375,derivative_excluded
-103.5625,-103.5,derivative_excluded
-103.625,-103.5625,derivative_excluded
-103.65625,-103.625,derivative_excluded
-103.6875,-103.65625,derivative_excluded
-103.71875,-103.6875,derivative_excluded
-103.75,-103.71875,derivative_excluded
-103.78125,-103.75,derivative_excluded
-103.8125,-103.78125,derivative_excluded
-103.84375,-103.8125,derivative_excluded
-103.859375,-103.84375,derivative_excluded
-103.875,-103.859375,derivative_excluded
-103.890625,-103.875,derivative_excluded
-103.90625,-103.890625,derivative_excluded
-103.921875,-103.90625,derivative_excluded
-103.9375,-103.921875,derivative_excluded
-103.953125,-103.9375,derivative_excluded
-103.9609375,-103.953125,derivative_excluded
-103.96875,-103.9609375,derivative_excluded
-103.9765625,-103.96875,derivative_excluded
-103.984375,-103.9765625,derivative_excluded
-103.9921875,-103.984375,derivative_excluded
-104.0,-103.9921875,derivative_excluded
-104.125,-104.0,unique_root
-104.1328125,-104.125,derivative_excluded
-104.140625,-104.1328125,derivative_excluded
-104.15625,-104.140625,derivative_excluded
-104.171875,-104.15625,derivative_excluded
-104.1875,-104.171875,derivative_excluded
-104.203125,-104.1875,derivative_excluded
-104.21875,-104.203125,derivative_excluded
-104.234375,-104.21875,derivative_excluded
-104.25,-104.234375,derivative_excluded
-104.28125,-104.25,derivative_excluded
-104.3125,-104.28125,derivative_excluded
-104.34375,-104.3125,derivative_excluded
-104.375,-104.34375,derivative_excluded
-104.40625,-104.375,derivative_excluded
-104.4375,-104.40625,derivative_excluded
-104.5,-104.4375,derivative_excluded
-104.5625,-104.5,derivative_excluded
-104.625,-104.5625,derivative_excluded
-104.6875,-104.625,derivative_excluded
-104.75,-104.6875,derivative_excluded
-104.8125,-104.75,derivative_excluded
-104.875,-104.8125,derivative_excluded
-105.0,-104.875,derivative_excluded
-105.125,-105.0,derivative_excluded
-105.25,-105.125,derivative_excluded
-105.375,-105.25,derivative_excluded
-105.5,-105.375,derivative_excluded
-105.625,-105.5,derivative_excluded
-105.75,-105.625,derivative_excluded
-105.875,-105.75,derivative_excluded
-106.0,-105.875,derivative_excluded
-106.0625,-106.0,derivative_excluded
-106.125,-106.0625,derivative_excluded
-106.1875,-106.125,derivative_excluded
-106.25,-106.1875,derivative_excluded
-106.3125,-106.25,derivative_excluded
-106.375,-106.3125,derivative_excluded
-106.4375,-106.375,derivative_excluded
-106.5,-106.4375,derivative_excluded
-106.5625,-106.5,derivative_excluded
-106.625,-106.5625,derivative_excluded
-106.65625,-106.625,derivative_excluded
-106.6875,-106.65625,derivative_excluded
-106.71875,-106.6875,derivative_excluded
-106.75,-106.71875,derivative_excluded
-106.78125,-106.75,derivative_excluded
-106.8125,-106.78125,derivative_excluded
-106.84375,-106.8125,derivative_excluded
-106.875,-106.84375,derivative_excluded
-106.90625,-106.875,derivative_excluded
-106.9375,-106.90625,derivative_excluded
-106.953125,-106.9375,derivative_excluded
-106.96875,-106.953125,derivative_excluded
-106.984375,-106.96875,derivative_excluded
-107.0,-106.984375,derivative_excluded
-107.015625,-107.0,derivative_excluded
-107.03125,-107.015625,derivative_excluded
-107.046875,-107.03125,derivative_excluded
-107.0625,-107.046875,derivative_excluded
-107.078125,-107.0625,derivative_excluded
-107.0859375,-107.078125,derivative_excluded
-107.09375,-107.0859375,derivative_excluded
-107.1015625,-107.09375,derivative_excluded
-107.109375,-107.1015625,derivative_excluded
-107.1171875,-107.109375,derivative_excluded
-107.125,-107.1171875,derivative_excluded
-107.25,-107.125,unique_root
-107.25390625,-107.25,derivative_excluded
-107.2578125,-107.25390625,derivative_excluded
-107.26171875,-107.2578125,derivative_excluded
-107.265625,-107.26171875,derivative_excluded
-107.26953125,-107.265625,derivative_excluded
-107.2734375,-107.26953125,derivative_excluded
-107.27734375,-107.2734375,derivative_excluded
-107.28125,-107.27734375,derivative_excluded
-107.2890625,-107.28125,derivative_excluded
-107.296875,-107.2890625,derivative_excluded
-107.3046875,-107.296875,derivative_excluded
-107.3125,-107.3046875,derivative_excluded
-107.3203125,-107.3125,derivative_excluded
-107.328125,-107.3203125,derivative_excluded
-107.3359375,-107.328125,derivative_excluded
-107.34375,-107.3359375,derivative_excluded
-107.359375,-107.34375,derivative_excluded
-107.375,-107.359375,derivative_excluded
-107.390625,-107.375,derivative_excluded
-107.40625,-107.390625,derivative_excluded
-107.421875,-107.40625,derivative_excluded
-107.4375,-107.421875,derivative_excluded
-107.453125,-107.4375,derivative_excluded
-107.46875,-107.453125,derivative_excluded
-107.5,-107.46875,derivative_excluded
-107.53125,-107.5,derivative_excluded
-107.5625,-107.53125,derivative_excluded
-107.59375,-107.5625,derivative_excluded
-107.625,-107.59375,derivative_excluded
-107.65625,-107.625,derivative_excluded
-107.6875,-107.65625,derivative_excluded
-107.71875,-107.6875,derivative_excluded
-107.75,-107.71875,derivative_excluded
-107.8125,-107.75,derivative_excluded
-107.875,-107.8125,derivative_excluded
-107.9375,-107.875,derivative_excluded
-108.0,-107.9375,derivative_excluded
-108.0625,-108.0,derivative_excluded
-108.125,-108.0625,derivative_excluded
-108.1875,-108.125,derivative_excluded
-108.25,-108.1875,derivative_excluded
-108.375,-108.25,derivative_excluded
-108.5,-108.375,derivative_excluded
-108.625,-108.5,derivative_excluded
-108.75,-108.625,derivative_excluded
-108.875,-108.75,derivative_excluded
-109.0,-108.875,derivative_excluded
-109.125,-109.0,derivative_excluded
-109.25,-109.125,derivative_excluded
-109.375,-109.25,derivative_excluded
-109.5,-109.375,derivative_excluded
-109.5625,-109.5,derivative_excluded
-109.625,-109.5625,derivative_excluded
-109.6875,-109.625,derivative_excluded
-109.75,-109.6875,derivative_excluded
-109.8125,-109.75,derivative_excluded
-109.875,-109.8125,derivative_excluded
-109.9375,-109.875,derivative_excluded
-109.96875,-109.9375,derivative_excluded
-110.0,-109.96875,derivative_excluded
-110.03125,-110.0,derivative_excluded
-110.0625,-110.03125,derivative_excluded
-110.09375,-110.0625,derivative_excluded
-110.125,-110.09375,derivative_excluded
-110.15625,-110.125,derivative_excluded
-110.171875,-110.15625,derivative_excluded
-110.1875,-110.171875,derivative_excluded
-110.203125,-110.1875,derivative_excluded
-110.21875,-110.203125,derivative_excluded
-110.234375,-110.21875,derivative_excluded
-110.25,-110.234375,derivative_excluded
-110.375,-110.25,unique_root
-110.376953125,-110.375,derivative_excluded
-110.37890625,-110.376953125,derivative_excluded
-110.3828125,-110.37890625,derivative_excluded
-110.38671875,-110.3828125,derivative_excluded
-110.390625,-110.38671875,derivative_excluded
-110.39453125,-110.390625,derivative_excluded
-110.3984375,-110.39453125,derivative_excluded
-110.40234375,-110.3984375,derivative_excluded
-110.40625,-110.40234375,derivative_excluded
-110.4140625,-110.40625,derivative_excluded
-110.421875,-110.4140625,derivative_excluded
-110.4296875,-110.421875,derivative_excluded
-110.4375,-110.4296875,derivative_excluded
-110.4453125,-110.4375,derivative_excluded
-110.453125,-110.4453125,derivative_excluded
-110.46875,-110.453125,derivative_excluded
-110.484375,-110.46875,derivative_excluded
-110.5,-110.484375,derivative_excluded
-110.515625,-110.5,derivative_excluded
-110.53125,-110.515625,derivative_excluded
-110.546875,-110.53125,derivative_excluded
-110.5625,-110.546875,derivative_excluded
-110.59375,-110.5625,derivative_excluded
-110.625,-110.59375,derivative_excluded
-110.65625,-110.625,derivative_excluded
-110.6875,-110.65625,derivative_excluded
-110.71875,-110.6875,derivative_excluded
-110.75,-110.71875,derivative_excluded
-110.8125,-110.75,derivative_excluded
-110.875,-110.8125,derivative_excluded
-110.9375,-110.875,derivative_excluded
-111.0,-110.9375,derivative_excluded
-111.0625,-111.0,derivative_excluded
-111.125,-111.0625,derivative_excluded
-111.25,-111.125,derivative_excluded
-111.375,-111.25,derivative_excluded
-111.5,-111.375,derivative_excluded
-111.625,-111.5,derivative_excluded
-111.75,-111.625,derivative_excluded
-111.875,-111.75,derivative_excluded
-112.0,-111.875,derivative_excluded
-112.125,-112.0,derivative_excluded
-112.25,-112.125,derivative_excluded
-112.3125,-112.25,derivative_excluded
-112.375,-112.3125,derivative_excluded
-112.4375,-112.375,derivative_excluded
-112.5,-112.4375,derivative_excluded
-112.5625,-112.5,derivative_excluded
-112.625,-112.5625,derivative_excluded
-112.6875,-112.625,derivative_excluded
-112.75,-112.6875,derivative_excluded
-112.8125,-112.75,derivative_excluded
-112.875,-112.8125,derivative_excluded
-112.9375,-112.875,derivative_excluded
-112.96875,-112.9375,derivative_excluded
-113.0,-112.96875,derivative_excluded
-113.03125,-113.0,derivative_excluded
-113.0625,-113.03125,derivative_excluded
-113.09375,-113.0625,derivative_excluded
-113.125,-113.09375,derivative_excluded
-113.15625,-113.125,derivative_excluded
-113.1875,-113.15625,derivative_excluded
-113.21875,-113.1875,derivative_excluded
-113.234375,-113.21875,derivative_excluded
-113.25,-113.234375,derivative_excluded
-113.265625,-113.25,derivative_excluded
-113.28125,-113.265625,derivative_excluded
-113.296875,-113.28125,derivative_excluded
-113.3125,-113.296875,derivative_excluded
-113.328125,-113.3125,derivative_excluded
-113.34375,-113.328125,derivative_excluded
-113.359375,-113.34375,derivative_excluded
-113.3671875,-113.359375,derivative_excluded
-113.375,-113.3671875,derivative_excluded
-113.3828125,-113.375,derivative_excluded
-113.390625,-113.3828125,derivative_excluded
-113.3984375,-113.390625,derivative_excluded
-113.40625,-113.3984375,derivative_excluded
-113.4140625,-113.40625,derivative_excluded
-113.421875,-113.4140625,derivative_excluded
-113.4296875,-113.421875,derivative_excluded
-113.4375,-113.4296875,derivative_excluded
-113.44140625,-113.4375,derivative_excluded
-113.4453125,-113.44140625,derivative_excluded
-113.44921875,-113.4453125,derivative_excluded
-113.453125,-113.44921875,derivative_excluded
-113.45703125,-113.453125,derivative_excluded
-113.4609375,-113.45703125,derivative_excluded
-113.46484375,-113.4609375,derivative_excluded
-113.46875,-113.46484375,derivative_excluded
-113.47265625,-113.46875,derivative_excluded
-113.474609375,-113.47265625,derivative_excluded
-113.4765625,-113.474609375,derivative_excluded
-113.478515625,-113.4765625,derivative_excluded
-113.48046875,-113.478515625,derivative_excluded
-113.482421875,-113.48046875,derivative_excluded
-113.484375,-113.482421875,derivative_excluded
-113.486328125,-113.484375,derivative_excluded
-113.48828125,-113.486328125,derivative_excluded
-113.490234375,-113.48828125,derivative_excluded
-113.4921875,-113.490234375,derivative_excluded
-113.4931640625,-113.4921875,derivative_excluded
-113.494140625,-113.4931640625,derivative_excluded
-113.4951171875,-113.494140625,derivative_excluded
-113.49609375,-113.4951171875,derivative_excluded
-113.4970703125,-113.49609375,derivative_excluded
-113.498046875,-113.4970703125,derivative_excluded
-113.4990234375,-113.498046875,derivative_excluded
-113.5,-113.4990234375,derivative_excluded
-113.625,-113.5,unique_root
-113.6328125,-113.625,derivative_excluded
-113.640625,-113.6328125,derivative_excluded
-113.6484375,-113.640625,derivative_excluded
-113.65625,-113.6484375,derivative_excluded
-113.671875,-113.65625,derivative_excluded
-113.6875,-113.671875,derivative_excluded
-113.703125,-113.6875,derivative_excluded
-113.71875,-113.703125,derivative_excluded
-113.734375,-113.71875,derivative_excluded
-113.75,-113.734375,derivative_excluded
-113.765625,-113.75,derivative_excluded
-113.78125,-113.765625,derivative_excluded
-113.8125,-113.78125,derivative_excluded
-113.84375,-113.8125,derivative_excluded
-113.875,-113.84375,derivative_excluded
-113.90625,-113.875,derivative_excluded
-113.9375,-113.90625,derivative_excluded
-113.96875,-113.9375,derivative_excluded
-114.0,-113.96875,derivative_excluded
-114.03125,-114.0,derivative_excluded
-114.0625,-114.03125,derivative_excluded
-114.125,-114.0625,derivative_excluded
-114.1875,-114.125,derivative_excluded
-114.25,-114.1875,derivative_excluded
-114.3125,-114.25,derivative_excluded
-114.375,-114.3125,derivative_excluded
-114.4375,-114.375,derivative_excluded
-114.5,-114.4375,derivative_excluded
-114.5625,-114.5,derivative_excluded
-114.625,-114.5625,derivative_excluded
-114.75,-114.625,derivative_excluded
-114.875,-114.75,derivative_excluded
-115.0,-114.875,derivative_excluded
-115.125,-115.0,derivative_excluded
-115.25,-115.125,derivative_excluded
-115.375,-115.25,derivative_excluded
-115.5,-115.375,derivative_excluded
-115.625,-115.5,derivative_excluded
-115.75,-115.625,derivative_excluded
-115.8125,-115.75,derivative_excluded
-115.875,-115.8125,derivative_excluded
-115.9375,-115.875,derivative_excluded
-116.0,-115.9375,derivative_excluded
-116.0625,-116.0,derivative_excluded
-116.125,-116.0625,derivative_excluded
-116.1875,-116.125,derivative_excluded
-116.25,-116.1875,derivative_excluded
-116.28125,-116.25,derivative_excluded
-116.3125,-116.28125,derivative_excluded
-116.34375,-116.3125,derivative_excluded
-116.375,-116.34375,derivative_excluded
-116.40625,-116.375,derivative_excluded
-116.4375,-116.40625,derivative_excluded
-116.453125,-116.4375,derivative_excluded
-116.46875,-116.453125,derivative_excluded
-116.484375,-116.46875,derivative_excluded
-116.5,-116.484375,derivative_excluded
-116.515625,-116.5,derivative_excluded
-116.53125,-116.515625,derivative_excluded
-116.546875,-116.53125,derivative_excluded
-116.5546875,-116.546875,derivative_excluded
-116.5625,-116.5546875,derivative_excluded
-116.5703125,-116.5625,derivative_excluded
-116.578125,-116.5703125,derivative_excluded
-116.5859375,-116.578125,derivative_excluded
-116.59375,-116.5859375,derivative_excluded
-116.6015625,-116.59375,derivative_excluded
-116.60546875,-116.6015625,derivative_excluded
-116.609375,-116.60546875,derivative_excluded
-116.61328125,-116.609375,derivative_excluded
-116.6171875,-116.61328125,derivative_excluded
-116.62109375,-116.6171875,derivative_excluded
-116.625,-116.62109375,derivative_excluded
-116.75,-116.625,unique_root
-116.765625,-116.75,derivative_excluded
-116.78125,-116.765625,derivative_excluded
-116.796875,-116.78125,derivative_excluded
-116.8125,-116.796875,derivative_excluded
-116.828125,-116.8125,derivative_excluded
-116.84375,-116.828125,derivative_excluded
-116.875,-116.84375,derivative_excluded
-116.90625,-116.875,derivative_excluded
-116.9375,-116.90625,derivative_excluded
-116.96875,-116.9375,derivative_excluded
-117.0,-116.96875,derivative_excluded
-117.03125,-117.0,derivative_excluded
-117.0625,-117.03125,derivative_excluded
-117.125,-117.0625,derivative_excluded
-117.1875,-117.125,derivative_excluded
-117.25,-117.1875,derivative_excluded
-117.3125,-117.25,derivative_excluded
-117.375,-117.3125,derivative_excluded
-117.4375,-117.375,derivative_excluded
-117.5,-117.4375,derivative_excluded
-117.625,-117.5,derivative_excluded
-117.75,-117.625,derivative_excluded
-117.875,-117.75,derivative_excluded
-118.0,-117.875,derivative_excluded
-118.125,-118.0,derivative_excluded
-118.25,-118.125,derivative_excluded
-118.375,-118.25,derivative_excluded
-118.5,-118.375,derivative_excluded
-118.625,-118.5,derivative_excluded
-118.75,-118.625,derivative_excluded
-118.875,-118.75,derivative_excluded
-118.9375,-118.875,derivative_excluded
-119.0,-118.9375,derivative_excluded
-119.0625,-119.0,derivative_excluded
-119.125,-119.0625,derivative_excluded
-119.1875,-119.125,derivative_excluded
-119.25,-119.1875,derivative_excluded
-119.3125,-119.25,derivative_excluded
-119.34375,-119.3125,derivative_excluded
-119.375,-119.34375,derivative_excluded
-119.40625,-119.375,derivative_excluded
-119.4375,-119.40625,derivative_excluded
-119.46875,-119.4375,derivative_excluded
-119.5,-119.46875,derivative_excluded
-119.53125,-119.5,derivative_excluded
-119.5625,-119.53125,derivative_excluded
-119.578125,-119.5625,derivative_excluded
-119.59375,-119.578125,derivative_excluded
-119.609375,-119.59375,derivative_excluded
-119.625,-119.609375,derivative_excluded
-119.640625,-119.625,derivative_excluded
-119.65625,-119.640625,derivative_excluded
-119.671875,-119.65625,derivative_excluded
-119.6875,-119.671875,derivative_excluded
-119.6953125,-119.6875,derivative_excluded
-119.703125,-119.6953125,derivative_excluded
-119.7109375,-119.703125,derivative_excluded
-119.71875,-119.7109375,derivative_excluded
-119.7265625,-119.71875,derivative_excluded
-119.734375,-119.7265625,derivative_excluded
-119.7421875,-119.734375,derivative_excluded
-119.75,-119.7421875,derivative_excluded
-119.875,-119.75,unique_root
-119.8828125,-119.875,derivative_excluded
-119.890625,-119.8828125,derivative_excluded
-119.8984375,-119.890625,derivative_excluded
-119.90625,-119.8984375,derivative_excluded
-119.9140625,-119.90625,derivative_excluded
-119.921875,-119.9140625,derivative_excluded
-119.9375,-119.921875,derivative_excluded
-119.953125,-119.9375,derivative_excluded
-119.96875,-119.953125,derivative_excluded
-119.984375,-119.96875,derivative_excluded
-120.0,-119.984375,derivative_excluded
-120.015625,-120.0,derivative_excluded
-120.03125,-120.015625,derivative_excluded
-120.046875,-120.03125,derivative_excluded
-120.0625,-120.046875,derivative_excluded
-120.09375,-120.0625,derivative_excluded
-120.125,-120.09375,derivative_excluded
-120.15625,-120.125,derivative_excluded
-120.1875,-120.15625,derivative_excluded
-120.21875,-120.1875,derivative_excluded
-120.25,-120.21875,derivative_excluded
-120.28125,-120.25,derivative_excluded
-120.3125,-120.28125,derivative_excluded
-120.375,-120.3125,derivative_excluded
-120.4375,-120.375,derivative_excluded
-120.5,-120.4375,derivative_excluded
-120.5625,-120.5,derivative_excluded
-120.625,-120.5625,derivative_excluded
-120.6875,-120.625,derivative_excluded
-120.75,-120.6875,derivative_excluded
-120.875,-120.75,derivative_excluded
-121.0,-120.875,derivative_excluded
-121.125,-121.0,derivative_excluded
-121.25,-121.125,derivative_excluded
-121.375,-121.25,derivative_excluded
-121.5,-121.375,derivative_excluded
-121.625,-121.5,derivative_excluded
-121.75,-121.625,derivative_excluded
-121.875,-121.75,derivative_excluded
-122.0,-121.875,derivative_excluded
-122.0625,-122.0,derivative_excluded
-122.125,-122.0625,derivative_excluded
-122.1875,-122.125,derivative_excluded
-122.25,-122.1875,derivative_excluded
-122.3125,-122.25,derivative_excluded
-122.375,-122.3125,derivative_excluded
-122.4375,-122.375,derivative_excluded
-122.5,-122.4375,derivative_excluded
-122.5625,-122.5,derivative_excluded
-122.59375,-122.5625,derivative_excluded
-122.625,-122.59375,derivative_excluded
-122.65625,-122.625,derivative_excluded
-122.6875,-122.65625,derivative_excluded
-122.71875,-122.6875,derivative_excluded
-122.75,-122.71875,derivative_excluded
-122.765625,-122.75,derivative_excluded
-122.78125,-122.765625,derivative_excluded
-122.796875,-122.78125,derivative_excluded
-122.8125,-122.796875,derivative_excluded
-122.828125,-122.8125,derivative_excluded
-122.84375,-122.828125,derivative_excluded
-122.859375,-122.84375,derivative_excluded
-122.8671875,-122.859375,derivative_excluded
-122.875,-122.8671875,derivative_excluded
-123.0,-122.875,unique_root
-123.0078125,-123.0,derivative_excluded
-123.015625,-123.0078125,derivative_excluded
-123.0234375,-123.015625,derivative_excluded
-123.03125,-123.0234375,derivative_excluded
-123.0390625,-123.03125,derivative_excluded
-123.046875,-123.0390625,derivative_excluded
-123.0625,-123.046875,derivative_excluded
-123.078125,-123.0625,derivative_excluded
-123.09375,-123.078125,derivative_excluded
-123.109375,-123.09375,derivative_excluded
-123.125,-123.109375,derivative_excluded
-123.140625,-123.125,derivative_excluded
-123.15625,-123.140625,derivative_excluded
-123.1875,-123.15625,derivative_excluded
-123.21875,-123.1875,derivative_excluded
-123.25,-123.21875,derivative_excluded
-123.28125,-123.25,derivative_excluded
-123.3125,-123.28125,derivative_excluded
-123.375,-123.3125,derivative_excluded
-123.4375,-123.375,derivative_excluded
-123.5,-123.4375,derivative_excluded
-123.5625,-123.5,derivative_excluded
-123.625,-123.5625,derivative_excluded
-123.75,-123.625,derivative_excluded
-123.875,-123.75,derivative_excluded
-124.0,-123.875,derivative_excluded
-124.125,-124.0,derivative_excluded
-124.25,-124.125,derivative_excluded
-124.375,-124.25,derivative_excluded
-124.5,-124.375,derivative_excluded
-124.5625,-124.5,derivative_excluded
-124.625,-124.5625,derivative_excluded
-124.6875,-124.625,derivative_excluded
-124.75,-124.6875,derivative_excluded
-124.8125,-124.75,derivative_excluded
-124.875,-124.8125,derivative_excluded
-124.9375,-124.875,derivative_excluded
-125.0,-124.9375,derivative_excluded
-125.0625,-125.0,derivative_excluded
-125.125,-125.0625,derivative_excluded
-125.1875,-125.125,derivative_excluded
-125.25,-125.1875,derivative_excluded
-125.3125,-125.25,derivative_excluded
-125.375,-125.3125,derivative_excluded
-125.40625,-125.375,derivative_excluded
-125.4375,-125.40625,derivative_excluded
-125.46875,-125.4375,derivative_excluded
-125.5,-125.46875,derivative_excluded
-125.53125,-125.5,derivative_excluded
-125.5625,-125.53125,derivative_excluded
-125.59375,-125.5625,derivative_excluded
-125.625,-125.59375,derivative_excluded
-125.65625,-125.625,derivative_excluded
-125.6875,-125.65625,derivative_excluded
-125.71875,-125.6875,derivative_excluded
-125.75,-125.71875,derivative_excluded
-125.78125,-125.75,derivative_excluded
-125.796875,-125.78125,derivative_excluded
-125.8125,-125.796875,derivative_excluded
-125.828125,-125.8125,derivative_excluded
-125.84375,-125.828125,derivative_excluded
-125.859375,-125.84375,derivative_excluded
-125.875,-125.859375,derivative_excluded
-125.890625,-125.875,derivative_excluded
-125.90625,-125.890625,derivative_excluded
-125.921875,-125.90625,derivative_excluded
-125.9375,-125.921875,derivative_excluded
-125.9453125,-125.9375,derivative_excluded
-125.953125,-125.9453125,derivative_excluded
-125.9609375,-125.953125,derivative_excluded
-125.96875,-125.9609375,derivative_excluded
-125.9765625,-125.96875,derivative_excluded
-125.984375,-125.9765625,derivative_excluded
-125.9921875,-125.984375,derivative_excluded
-126.0,-125.9921875,derivative_excluded
-126.125,-126.0,unique_root
-126.126953125,-126.125,derivative_excluded
-126.12890625,-126.126953125,derivative_excluded
-126.130859375,-126.12890625,derivative_excluded
-126.1328125,-126.130859375,derivative_excluded
-126.134765625,-126.1328125,derivative_excluded
-126.13671875,-126.134765625,derivative_excluded
-126.138671875,-126.13671875,derivative_excluded
-126.140625,-126.138671875,derivative_excluded
-126.142578125,-126.140625,derivative_excluded
-126.14453125,-126.142578125,derivative_excluded
-126.1484375,-126.14453125,derivative_excluded
-126.15234375,-126.1484375,derivative_excluded
-126.15625,-126.15234375,derivative_excluded
-126.16015625,-126.15625,derivative_excluded
-126.1640625,-126.16015625,derivative_excluded
-126.16796875,-126.1640625,derivative_excluded
-126.171875,-126.16796875,derivative_excluded
-126.17578125,-126.171875,derivative_excluded
-126.1796875,-126.17578125,derivative_excluded
-126.18359375,-126.1796875,derivative_excluded
-126.1875,-126.18359375,derivative_excluded
-126.1953125,-126.1875,derivative_excluded
-126.203125,-126.1953125,derivative_excluded
-126.2109375,-126.203125,derivative_excluded
-126.21875,-126.2109375,derivative_excluded
-126.2265625,-126.21875,derivative_excluded
-126.234375,-126.2265625,derivative_excluded
-126.2421875,-126.234375,derivative_excluded
-126.25,-126.2421875,derivative_excluded
-126.2578125,-126.25,derivative_excluded
-126.265625,-126.2578125,derivative_excluded
-126.28125,-126.265625,derivative_excluded
-126.296875,-126.28125,derivative_excluded
-126.3125,-126.296875,derivative_excluded
-126.328125,-126.3125,derivative_excluded
-126.34375,-126.328125,derivative_excluded
-126.359375,-126.34375,derivative_excluded
-126.375,-126.359375,derivative_excluded
-126.390625,-126.375,derivative_excluded
-126.40625,-126.390625,derivative_excluded
-126.4375,-126.40625,derivative_excluded
-126.46875,-126.4375,derivative_excluded
-126.5,-126.46875,derivative_excluded
-126.53125,-126.5,derivative_excluded
-126.5625,-126.53125,derivative_excluded
-126.59375,-126.5625,derivative_excluded
-126.625,-126.59375,derivative_excluded
-126.65625,-126.625,derivative_excluded
-126.6875,-126.65625,derivative_excluded
-126.75,-126.6875,derivative_excluded
-126.8125,-126.75,derivative_excluded
-126.875,-126.8125,derivative_excluded
-126.9375,-126.875,derivative_excluded
-127.0,-126.9375,derivative_excluded
-127.0625,-127.0,derivative_excluded
-127.125,-127.0625,derivative_excluded
-127.25,-127.125,derivative_excluded
-127.375,-127.25,derivative_excluded
-127.5,-127.375,derivative_excluded
-127.625,-127.5,derivative_excluded
-127.75,-127.625,derivative_excluded
-127.875,-127.75,derivative_excluded
-128.0,-127.875,derivative_excluded
-128.125,-128.0,derivative_excluded
-128.1875,-128.125,derivative_excluded
-128.25,-128.1875,derivative_excluded
-128.3125,-128.25,derivative_excluded
-128.375,-128.3125,derivative_excluded
-128.4375,-128.375,derivative_excluded
-128.5,-128.4375,derivative_excluded
-128.5625,-128.5,derivative_excluded
-128.625,-128.5625,derivative_excluded
-128.6875,-128.625,derivative_excluded
-128.71875,-128.6875,derivative_excluded
-128.75,-128.71875,derivative_excluded
-128.78125,-128.75,derivative_excluded
-128.8125,-128.78125,derivative_excluded
-128.84375,-128.8125,derivative_excluded
-128.875,-128.84375,derivative_excluded
-128.90625,-128.875,derivative_excluded
-128.9375,-128.90625,derivative_excluded
-128.96875,-128.9375,derivative_excluded
-129.0,-128.96875,derivative_excluded
